
  Memory set to   1.863 GiB by Python driver.
  Threads set to 4 by Python driver.

Scratch directory: /tmp/
   => Libint2 <=

    Primary   basis highest AM E, G, H:  6, 6, 3
    Auxiliary basis highest AM E, G, H:  7, 7, 4
    Onebody   basis highest AM E, G, H:  -, -, -
    Solid Harmonics ordering:            Gaussian

*** tstart() called on Angelinas-MacBook-Pro-574.local
*** at Thu Feb 12 13:23:09 2026

   => Loading Basis Set <=

    Name: CC-PVTZ
    Role: ORBITAL
    Keyword: BASIS
    atoms 1-2 entry H          line    23 file /opt/anaconda3/envs/psi4/share/psi4/basis/cc-pvtz.gbs 


         ---------------------------------------------------------
                                   SCF
               by Justin Turney, Rob Parrish, Andy Simmonett
                          and Daniel G. A. Smith
                              UHF Reference
                        4 Threads,   1907 MiB Core
         ---------------------------------------------------------

  ==> Geometry <==

    Molecular point group: c1
    Full point group: D_inf_h

    Geometry (in Angstrom), charge = 1, multiplicity = 2:

       Center              X                  Y                   Z               Mass       
    ------------   -----------------  -----------------  -----------------  -----------------
         H            0.000000000000     0.000000000000    -0.100000000000     1.007825032230
         H            0.000000000000     0.000000000000     0.100000000000     1.007825032230

  Running in c1 symmetry.

  Rotational constants: A = ************  B =    836.33709  C =    836.33709 [cm^-1]
  Rotational constants: A = ************  B = 25072755.32386  C = 25072755.32386 [MHz]
  Nuclear repulsion =    2.645886053350000

  Charge       = 1
  Multiplicity = 2
  Electrons    = 1
  Nalpha       = 1
  Nbeta        = 0

  ==> Algorithm <==

  SCF Algorithm Type is DF.
  DIIS enabled.
  MOM disabled.
  Fractional occupation disabled.
  Guess Type is SAD.
  Energy threshold   = 1.00e-10
  Density threshold  = 1.00e-10
  Integral threshold = 1.00e-12

  ==> Primary Basis <==

  Basis Set: CC-PVTZ
    Blend: CC-PVTZ
    Number of shells: 12
    Number of basis functions: 28
    Number of Cartesian functions: 30
    Spherical Harmonics?: true
    Max angular momentum: 2

   => Loading Basis Set <=

    Name: (CC-PVTZ AUX)
    Role: JKFIT
    Keyword: DF_BASIS_SCF
    atoms 1-2 entry H          line    51 file /opt/anaconda3/envs/psi4/share/psi4/basis/cc-pvtz-jkfit.gbs 

  ==> Integral Setup <==

  DFHelper Memory: AOs need 0.001 GiB; user supplied 1.397 GiB. 
  SCF_SUBTYPE=INCORE selected. In-core MEM_DF algorithm will be used.
  Using in-core AOs.

  ==> MemDFJK: Density-Fitted J/K Matrices <==

    J tasked:                   Yes
    K tasked:                   Yes
    wK tasked:                   No
    OpenMP threads:               4
    Memory [MiB]:              1430
    Algorithm:                 Core
    Schwarz Cutoff:           1E-12
    Mask sparsity (%):       0.0000
    Fitting Condition:        1E-10

   => Auxiliary Basis Set <=

  Basis Set: (CC-PVTZ AUX)
    Blend: CC-PVTZ-JKFIT
    Number of shells: 20
    Number of basis functions: 60
    Number of Cartesian functions: 70
    Spherical Harmonics?: true
    Max angular momentum: 3

  Minimum eigenvalue in the overlap matrix is 8.3161057204E-05.
  Reciprocal condition number of the overlap matrix is 1.8480420484E-05.
    Using symmetric orthogonalization.

  ==> Pre-Iterations <==

  SCF Guess: Superposition of Atomic Densities via on-the-fly atomic UHF (no occupation information).

   -------------------------
    Irrep   Nso     Nmo    
   -------------------------
     A         28      28 
   -------------------------
    Total      28      28
   -------------------------

  ==> Iterations <==

                           Total Energy        Delta E     RMS |[F,P]|

   @DF-UHF iter SAD:     0.12158556349076    1.21586e-01   0.00000e+00 
   @DF-UHF iter   1:     0.96401164080059    8.42426e-01   1.43673e-02 DIIS/ADIIS
   @DF-UHF iter   2:     0.84614519808191   -1.17866e-01   3.72400e-03 DIIS/ADIIS
   @DF-UHF iter   3:     0.83889522954802   -7.24997e-03   1.70544e-04 DIIS/ADIIS
   @DF-UHF iter   4:     0.83888587935371   -9.35019e-06   2.47006e-06 DIIS
   @DF-UHF iter   5:     0.83888587797468   -1.37903e-09   1.83955e-07 DIIS
   @DF-UHF iter   6:     0.83888587796935   -5.32796e-12   6.22553e-09 DIIS
   @DF-UHF iter   7:     0.83888587796931   -4.00791e-14   4.08050e-10 DIIS
   @DF-UHF iter   8:     0.83888587796929   -2.15383e-14   4.45623e-13 DIIS
  Energy and wave function converged.


  ==> Post-Iterations <==

   @Spin Contamination Metric:   0.000000000E+00
   @S^2 Expected:                7.500000000E-01
   @S^2 Observed:                7.500000000E-01
   @S   Expected:                5.000000000E-01
   @S   Observed:                5.000000000E-01

    Orbital Energies [Eh]
    ---------------------

    Alpha Occupied:                                                       

       1A     -1.807000  

    Alpha Virtual:                                                        

       2A     -0.111189     3A     -0.110606     4A      0.212278  
       5A      0.212278     6A      0.299570     7A      0.693120  
       8A      0.705174     9A      0.705174    10A      1.229361  
      11A      1.278414    12A      2.691913    13A      2.691913  
      14A      2.776078    15A      2.776078    16A      2.997712  
      17A      2.997712    18A      3.318132    19A      3.782962  
      20A      3.918769    21A      3.918769    22A      3.946095  
      23A      3.946095    24A      3.983412    25A      6.234039  
      26A      7.518841    27A      7.518841    28A     17.719966  

    Beta Occupied:                                                        

    

    Beta Virtual:                                                         

       1A     -0.745908     2A     -0.095666     3A     -0.060669  
       4A      0.276260     5A      0.276260     6A      0.340868  
       7A      0.714241     8A      0.714241     9A      0.735370  
      10A      1.350558    11A      1.368369    12A      2.745644  
      13A      2.745644    14A      2.931288    15A      2.931288  
      16A      3.030053    17A      3.030053    18A      3.364074  
      19A      3.900718    20A      3.940475    21A      3.940475  
      22A      3.973645    23A      3.973645    24A      4.012007  
      25A      6.306345    26A      7.580619    27A      7.580619  
      28A     17.848832  

    Final Occupation by Irrep:
              A 
    DOCC [     0 ]
    SOCC [     1 ]
    NA   [     1 ]
    NB   [     0 ]

  @DF-UHF Final Energy:     0.83888587796929

   => Energetics <=

    Nuclear Repulsion Energy =              2.6458860533499999
    One-Electron Energy =                  -1.8070001753807070
    Two-Electron Energy =                  -0.0000000000000001
    Total Energy =                          0.8388858779692928

  UHF NO Occupations:
  HONO-0 :    1  A 1.0000000
  LUNO+0 :    2  A 0.0000000
  LUNO+1 :    3  A 0.0000000
  LUNO+2 :    4  A 0.0000000
  LUNO+3 :    5  A 0.0000000


Computation Completed


Properties will be evaluated at   0.000000,   0.000000,   0.000000 [a0]

Properties computed using the SCF density matrix


 Multipole Moments:

 ------------------------------------------------------------------------------------
     Multipole            Electronic (a.u.)      Nuclear  (a.u.)        Total (a.u.)
 ------------------------------------------------------------------------------------

 L = 1.  Multiply by 2.5417464519 to convert [e a0] to [Debye]
 Dipole X            :         -0.0000000            0.0000000           -0.0000000
 Dipole Y            :         -0.0000000            0.0000000           -0.0000000
 Dipole Z            :         -0.0000000            0.0000000           -0.0000000
 Magnitude           :                                                    0.0000000

 ------------------------------------------------------------------------------------

*** tstop() called on Angelinas-MacBook-Pro-574.local at Thu Feb 12 13:23:09 2026
Module time:
	user time   =       0.08 seconds =       0.00 minutes
	system time =       0.00 seconds =       0.00 minutes
	total time  =          0 seconds =       0.00 minutes
Total time:
	user time   =      62.75 seconds =       1.05 minutes
	system time =      16.45 seconds =       0.27 minutes
	total time  =      61581 seconds =    1026.35 minutes

Scratch directory: /tmp/
   => Libint2 <=

    Primary   basis highest AM E, G, H:  6, 6, 3
    Auxiliary basis highest AM E, G, H:  7, 7, 4
    Onebody   basis highest AM E, G, H:  -, -, -
    Solid Harmonics ordering:            Gaussian

*** tstart() called on Angelinas-MacBook-Pro-574.local
*** at Thu Feb 12 13:23:09 2026

   => Loading Basis Set <=

    Name: CC-PVTZ
    Role: ORBITAL
    Keyword: BASIS
    atoms 1-2 entry H          line    23 file /opt/anaconda3/envs/psi4/share/psi4/basis/cc-pvtz.gbs 


         ---------------------------------------------------------
                                   SCF
               by Justin Turney, Rob Parrish, Andy Simmonett
                          and Daniel G. A. Smith
                              UHF Reference
                        4 Threads,   1907 MiB Core
         ---------------------------------------------------------

  ==> Geometry <==

    Molecular point group: c1
    Full point group: D_inf_h

    Geometry (in Angstrom), charge = 1, multiplicity = 2:

       Center              X                  Y                   Z               Mass       
    ------------   -----------------  -----------------  -----------------  -----------------
         H            0.000000000000     0.000000000000    -0.119191919192     1.007825032230
         H            0.000000000000     0.000000000000     0.119191919192     1.007825032230

  Running in c1 symmetry.

  Rotational constants: A = ************  B =    588.69146  C =    588.69146 [cm^-1]
  Rotational constants: A = ************  B = 17648525.92137  C = 17648525.92137 [MHz]
  Nuclear repulsion =    2.219853553234322

  Charge       = 1
  Multiplicity = 2
  Electrons    = 1
  Nalpha       = 1
  Nbeta        = 0

  ==> Algorithm <==

  SCF Algorithm Type is DF.
  DIIS enabled.
  MOM disabled.
  Fractional occupation disabled.
  Guess Type is SAD.
  Energy threshold   = 1.00e-10
  Density threshold  = 1.00e-10
  Integral threshold = 1.00e-12

  ==> Primary Basis <==

  Basis Set: CC-PVTZ
    Blend: CC-PVTZ
    Number of shells: 12
    Number of basis functions: 28
    Number of Cartesian functions: 30
    Spherical Harmonics?: true
    Max angular momentum: 2

   => Loading Basis Set <=

    Name: (CC-PVTZ AUX)
    Role: JKFIT
    Keyword: DF_BASIS_SCF
    atoms 1-2 entry H          line    51 file /opt/anaconda3/envs/psi4/share/psi4/basis/cc-pvtz-jkfit.gbs 

  ==> Integral Setup <==

  DFHelper Memory: AOs need 0.001 GiB; user supplied 1.397 GiB. 
  SCF_SUBTYPE=INCORE selected. In-core MEM_DF algorithm will be used.
  Using in-core AOs.

  ==> MemDFJK: Density-Fitted J/K Matrices <==

    J tasked:                   Yes
    K tasked:                   Yes
    wK tasked:                   No
    OpenMP threads:               4
    Memory [MiB]:              1430
    Algorithm:                 Core
    Schwarz Cutoff:           1E-12
    Mask sparsity (%):       0.0000
    Fitting Condition:        1E-10

   => Auxiliary Basis Set <=

  Basis Set: (CC-PVTZ AUX)
    Blend: CC-PVTZ-JKFIT
    Number of shells: 20
    Number of basis functions: 60
    Number of Cartesian functions: 70
    Spherical Harmonics?: true
    Max angular momentum: 3

  Minimum eigenvalue in the overlap matrix is 1.0768979379E-04.
  Reciprocal condition number of the overlap matrix is 2.3980524843E-05.
    Using symmetric orthogonalization.

  ==> Pre-Iterations <==

  SCF Guess: Superposition of Atomic Densities via on-the-fly atomic UHF (no occupation information).

   -------------------------
    Irrep   Nso     Nmo    
   -------------------------
     A         28      28 
   -------------------------
    Total      28      28
   -------------------------

  ==> Iterations <==

                           Total Energy        Delta E     RMS |[F,P]|

   @DF-UHF iter SAD:    -0.26226013873393   -2.62260e-01   0.00000e+00 
   @DF-UHF iter   1:     0.58124663147928    8.43507e-01   1.40240e-02 DIIS/ADIIS
   @DF-UHF iter   2:     0.46583929358243   -1.15407e-01   3.67022e-03 DIIS/ADIIS
   @DF-UHF iter   3:     0.45859559331147   -7.24370e-03   1.65593e-04 DIIS/ADIIS
   @DF-UHF iter   4:     0.45858668090629   -8.91241e-06   2.43660e-06 DIIS
   @DF-UHF iter   5:     0.45858667958729   -1.31900e-09   1.85415e-07 DIIS
   @DF-UHF iter   6:     0.45858667958242   -4.87554e-12   4.94814e-09 DIIS
   @DF-UHF iter   7:     0.45858667958243    1.43219e-14   8.22689e-11 DIIS
  Energy and wave function converged.


  ==> Post-Iterations <==

   @Spin Contamination Metric:   0.000000000E+00
   @S^2 Expected:                7.500000000E-01
   @S^2 Observed:                7.500000000E-01
   @S   Expected:                5.000000000E-01
   @S   Observed:                5.000000000E-01

    Orbital Energies [Eh]
    ---------------------

    Alpha Occupied:                                                       

       1A     -1.761267  

    Alpha Virtual:                                                        

       2A     -0.113465     3A     -0.106993     4A      0.209484  
       5A      0.209484     6A      0.291303     7A      0.692679  
       8A      0.701833     9A      0.701833    10A      1.256505  
      11A      1.258337    12A      2.680930    13A      2.680930  
      14A      2.776209    15A      2.776209    16A      2.980702  
      17A      2.980702    18A      3.282661    19A      3.656422  
      20A      3.900908    21A      3.900908    22A      3.928511  
      23A      3.928511    24A      4.014529    25A      6.178292  
      26A      7.415184    27A      7.415184    28A     16.274598  

    Beta Occupied:                                                        

    

    Beta Virtual:                                                         

       1A     -0.727805     2A     -0.097106     3A     -0.055945  
       4A      0.275529     5A      0.275529     6A      0.335061  
       7A      0.711583     8A      0.711583     9A      0.732817  
      10A      1.329416    11A      1.399355    12A      2.735273  
      13A      2.735273    14A      2.928242    15A      2.928242  
      16A      3.013905    17A      3.013905    18A      3.328905  
      19A      3.769548    20A      3.923360    21A      3.923360  
      22A      3.956474    23A      3.956474    24A      4.045309  
      25A      6.252356    26A      7.476196    27A      7.476196  
      28A     16.398972  

    Final Occupation by Irrep:
              A 
    DOCC [     0 ]
    SOCC [     1 ]
    NA   [     1 ]
    NB   [     0 ]

  @DF-UHF Final Energy:     0.45858667958243

   => Energetics <=

    Nuclear Repulsion Energy =              2.2198535532343224
    One-Electron Energy =                  -1.7612668736518913
    Two-Electron Energy =                   0.0000000000000000
    Total Energy =                          0.4585866795824312

  UHF NO Occupations:
  HONO-0 :    1  A 1.0000000
  LUNO+0 :    2  A 0.0000000
  LUNO+1 :    3  A 0.0000000
  LUNO+2 :    4  A 0.0000000
  LUNO+3 :    5  A 0.0000000


Computation Completed


Properties will be evaluated at   0.000000,   0.000000,   0.000000 [a0]

Properties computed using the SCF density matrix


 Multipole Moments:

 ------------------------------------------------------------------------------------
     Multipole            Electronic (a.u.)      Nuclear  (a.u.)        Total (a.u.)
 ------------------------------------------------------------------------------------

 L = 1.  Multiply by 2.5417464519 to convert [e a0] to [Debye]
 Dipole X            :         -0.0000000            0.0000000           -0.0000000
 Dipole Y            :         -0.0000000            0.0000000           -0.0000000
 Dipole Z            :         -0.0000000            0.0000000           -0.0000000
 Magnitude           :                                                    0.0000000

 ------------------------------------------------------------------------------------

*** tstop() called on Angelinas-MacBook-Pro-574.local at Thu Feb 12 13:23:09 2026
Module time:
	user time   =       0.05 seconds =       0.00 minutes
	system time =       0.01 seconds =       0.00 minutes
	total time  =          0 seconds =       0.00 minutes
Total time:
	user time   =      62.81 seconds =       1.05 minutes
	system time =      16.46 seconds =       0.27 minutes
	total time  =      61581 seconds =    1026.35 minutes

Scratch directory: /tmp/
   => Libint2 <=

    Primary   basis highest AM E, G, H:  6, 6, 3
    Auxiliary basis highest AM E, G, H:  7, 7, 4
    Onebody   basis highest AM E, G, H:  -, -, -
    Solid Harmonics ordering:            Gaussian

*** tstart() called on Angelinas-MacBook-Pro-574.local
*** at Thu Feb 12 13:23:09 2026

   => Loading Basis Set <=

    Name: CC-PVTZ
    Role: ORBITAL
    Keyword: BASIS
    atoms 1-2 entry H          line    23 file /opt/anaconda3/envs/psi4/share/psi4/basis/cc-pvtz.gbs 


         ---------------------------------------------------------
                                   SCF
               by Justin Turney, Rob Parrish, Andy Simmonett
                          and Daniel G. A. Smith
                              UHF Reference
                        4 Threads,   1907 MiB Core
         ---------------------------------------------------------

  ==> Geometry <==

    Molecular point group: c1
    Full point group: D_inf_h

    Geometry (in Angstrom), charge = 1, multiplicity = 2:

       Center              X                  Y                   Z               Mass       
    ------------   -----------------  -----------------  -----------------  -----------------
         H            0.000000000000     0.000000000000    -0.138383838384     1.007825032230
         H            0.000000000000     0.000000000000     0.138383838384     1.007825032230

  Running in c1 symmetry.

  Rotational constants: A = ************  B =    436.72758  C =    436.72758 [cm^-1]
  Rotational constants: A = ************  B = 13092763.32938  C = 13092763.32938 [MHz]
  Nuclear repulsion =    1.911990651690876

  Charge       = 1
  Multiplicity = 2
  Electrons    = 1
  Nalpha       = 1
  Nbeta        = 0

  ==> Algorithm <==

  SCF Algorithm Type is DF.
  DIIS enabled.
  MOM disabled.
  Fractional occupation disabled.
  Guess Type is SAD.
  Energy threshold   = 1.00e-10
  Density threshold  = 1.00e-10
  Integral threshold = 1.00e-12

  ==> Primary Basis <==

  Basis Set: CC-PVTZ
    Blend: CC-PVTZ
    Number of shells: 12
    Number of basis functions: 28
    Number of Cartesian functions: 30
    Spherical Harmonics?: true
    Max angular momentum: 2

   => Loading Basis Set <=

    Name: (CC-PVTZ AUX)
    Role: JKFIT
    Keyword: DF_BASIS_SCF
    atoms 1-2 entry H          line    51 file /opt/anaconda3/envs/psi4/share/psi4/basis/cc-pvtz-jkfit.gbs 

  ==> Integral Setup <==

  DFHelper Memory: AOs need 0.001 GiB; user supplied 1.397 GiB. 
  SCF_SUBTYPE=INCORE selected. In-core MEM_DF algorithm will be used.
  Using in-core AOs.

  ==> MemDFJK: Density-Fitted J/K Matrices <==

    J tasked:                   Yes
    K tasked:                   Yes
    wK tasked:                   No
    OpenMP threads:               4
    Memory [MiB]:              1430
    Algorithm:                 Core
    Schwarz Cutoff:           1E-12
    Mask sparsity (%):       0.0000
    Fitting Condition:        1E-10

   => Auxiliary Basis Set <=

  Basis Set: (CC-PVTZ AUX)
    Blend: CC-PVTZ-JKFIT
    Number of shells: 20
    Number of basis functions: 60
    Number of Cartesian functions: 70
    Spherical Harmonics?: true
    Max angular momentum: 3

  Minimum eigenvalue in the overlap matrix is 1.3081746774E-04.
  Reciprocal condition number of the overlap matrix is 2.9200669847E-05.
    Using symmetric orthogonalization.

  ==> Pre-Iterations <==

  SCF Guess: Superposition of Atomic Densities via on-the-fly atomic UHF (no occupation information).

   -------------------------
    Irrep   Nso     Nmo    
   -------------------------
     A         28      28 
   -------------------------
    Total      28      28
   -------------------------

  ==> Iterations <==

                           Total Energy        Delta E     RMS |[F,P]|

   @DF-UHF iter SAD:    -0.52506294300552   -5.25063e-01   0.00000e+00 
   @DF-UHF iter   1:     0.31631915670683    8.41382e-01   1.36693e-02 DIIS/ADIIS
   @DF-UHF iter   2:     0.20355589547383   -1.12763e-01   3.61224e-03 DIIS/ADIIS
   @DF-UHF iter   3:     0.19633016542576   -7.22573e-03   1.60248e-04 DIIS/ADIIS
   @DF-UHF iter   4:     0.19632172243053   -8.44300e-06   2.41296e-06 DIIS
   @DF-UHF iter   5:     0.19632172114647   -1.28407e-09   1.92695e-07 DIIS
   @DF-UHF iter   6:     0.19632172114134   -5.12856e-12   6.55412e-09 DIIS
   @DF-UHF iter   7:     0.19632172114132   -1.48770e-14   2.71282e-10 DIIS
   @DF-UHF iter   8:     0.19632172114131   -1.22125e-14   6.81392e-13 DIIS
  Energy and wave function converged.


  ==> Post-Iterations <==

   @Spin Contamination Metric:   0.000000000E+00
   @S^2 Expected:                7.500000000E-01
   @S^2 Observed:                7.500000000E-01
   @S   Expected:                5.000000000E-01
   @S   Observed:                5.000000000E-01

    Orbital Energies [Eh]
    ---------------------

    Alpha Occupied:                                                       

       1A     -1.715669  

    Alpha Virtual:                                                        

       2A     -0.116797     3A     -0.102615     4A      0.206796  
       5A      0.206796     6A      0.282518     7A      0.691654  
       8A      0.698757     9A      0.698757    10A      1.232287  
      11A      1.293422    12A      2.669125    13A      2.669125  
      14A      2.776699    15A      2.776699    16A      2.966985  
      17A      2.966985    18A      3.249080    19A      3.505142  
      20A      3.880609    21A      3.880609    22A      3.908291  
      23A      3.908291    24A      4.062128    25A      6.154981  
      26A      7.288841    27A      7.288841    28A     15.055471  

    Beta Occupied:                                                        

    

    Beta Virtual:                                                         

       1A     -0.709894     2A     -0.098762     3A     -0.051037  
       4A      0.274835     5A      0.274835     6A      0.328987  
       7A      0.709263     8A      0.709263     9A      0.730258  
      10A      1.305358    11A      1.435698    12A      2.723981  
      13A      2.723981    14A      2.925314    15A      2.925314  
      16A      3.001047    17A      3.001047    18A      3.295934  
      19A      3.614284    20A      3.903805    21A      3.903805  
      22A      3.936649    23A      3.936649    24A      4.094078  
      25A      6.230180    26A      7.348898    27A      7.348898  
      28A     15.175073  

    Final Occupation by Irrep:
              A 
    DOCC [     0 ]
    SOCC [     1 ]
    NA   [     1 ]
    NB   [     0 ]

  @DF-UHF Final Energy:     0.19632172114131

   => Energetics <=

    Nuclear Repulsion Energy =              1.9119906516908758
    One-Electron Energy =                  -1.7156689305495638
    Two-Electron Energy =                   0.0000000000000000
    Total Energy =                          0.1963217211413120

  UHF NO Occupations:
  HONO-0 :    1  A 1.0000000
  LUNO+0 :    2  A 0.0000000
  LUNO+1 :    3  A 0.0000000
  LUNO+2 :    4  A 0.0000000
  LUNO+3 :    5  A 0.0000000


Computation Completed


Properties will be evaluated at   0.000000,   0.000000,   0.000000 [a0]

Properties computed using the SCF density matrix


 Multipole Moments:

 ------------------------------------------------------------------------------------
     Multipole            Electronic (a.u.)      Nuclear  (a.u.)        Total (a.u.)
 ------------------------------------------------------------------------------------

 L = 1.  Multiply by 2.5417464519 to convert [e a0] to [Debye]
 Dipole X            :         -0.0000000            0.0000000           -0.0000000
 Dipole Y            :          0.0000000            0.0000000            0.0000000
 Dipole Z            :         -0.0000000            0.0000000           -0.0000000
 Magnitude           :                                                    0.0000000

 ------------------------------------------------------------------------------------

*** tstop() called on Angelinas-MacBook-Pro-574.local at Thu Feb 12 13:23:09 2026
Module time:
	user time   =       0.06 seconds =       0.00 minutes
	system time =       0.00 seconds =       0.00 minutes
	total time  =          0 seconds =       0.00 minutes
Total time:
	user time   =      62.88 seconds =       1.05 minutes
	system time =      16.46 seconds =       0.27 minutes
	total time  =      61581 seconds =    1026.35 minutes

Scratch directory: /tmp/
   => Libint2 <=

    Primary   basis highest AM E, G, H:  6, 6, 3
    Auxiliary basis highest AM E, G, H:  7, 7, 4
    Onebody   basis highest AM E, G, H:  -, -, -
    Solid Harmonics ordering:            Gaussian

*** tstart() called on Angelinas-MacBook-Pro-574.local
*** at Thu Feb 12 13:23:09 2026

   => Loading Basis Set <=

    Name: CC-PVTZ
    Role: ORBITAL
    Keyword: BASIS
    atoms 1-2 entry H          line    23 file /opt/anaconda3/envs/psi4/share/psi4/basis/cc-pvtz.gbs 


         ---------------------------------------------------------
                                   SCF
               by Justin Turney, Rob Parrish, Andy Simmonett
                          and Daniel G. A. Smith
                              UHF Reference
                        4 Threads,   1907 MiB Core
         ---------------------------------------------------------

  ==> Geometry <==

    Molecular point group: c1
    Full point group: D_inf_h

    Geometry (in Angstrom), charge = 1, multiplicity = 2:

       Center              X                  Y                   Z               Mass       
    ------------   -----------------  -----------------  -----------------  -----------------
         H            0.000000000000     0.000000000000    -0.157575757576     1.007825032230
         H            0.000000000000     0.000000000000     0.157575757576     1.007825032230

  Running in c1 symmetry.

  Rotational constants: A = ************  B =    336.82363  C =    336.82363 [cm^-1]
  Rotational constants: A = ************  B = 10097718.39781  C = 10097718.39781 [MHz]
  Nuclear repulsion =    1.679119995395192

  Charge       = 1
  Multiplicity = 2
  Electrons    = 1
  Nalpha       = 1
  Nbeta        = 0

  ==> Algorithm <==

  SCF Algorithm Type is DF.
  DIIS enabled.
  MOM disabled.
  Fractional occupation disabled.
  Guess Type is SAD.
  Energy threshold   = 1.00e-10
  Density threshold  = 1.00e-10
  Integral threshold = 1.00e-12

  ==> Primary Basis <==

  Basis Set: CC-PVTZ
    Blend: CC-PVTZ
    Number of shells: 12
    Number of basis functions: 28
    Number of Cartesian functions: 30
    Spherical Harmonics?: true
    Max angular momentum: 2

   => Loading Basis Set <=

    Name: (CC-PVTZ AUX)
    Role: JKFIT
    Keyword: DF_BASIS_SCF
    atoms 1-2 entry H          line    51 file /opt/anaconda3/envs/psi4/share/psi4/basis/cc-pvtz-jkfit.gbs 

  ==> Integral Setup <==

  DFHelper Memory: AOs need 0.001 GiB; user supplied 1.397 GiB. 
  SCF_SUBTYPE=INCORE selected. In-core MEM_DF algorithm will be used.
  Using in-core AOs.

  ==> MemDFJK: Density-Fitted J/K Matrices <==

    J tasked:                   Yes
    K tasked:                   Yes
    wK tasked:                   No
    OpenMP threads:               4
    Memory [MiB]:              1430
    Algorithm:                 Core
    Schwarz Cutoff:           1E-12
    Mask sparsity (%):       0.0000
    Fitting Condition:        1E-10

   => Auxiliary Basis Set <=

  Basis Set: (CC-PVTZ AUX)
    Blend: CC-PVTZ-JKFIT
    Number of shells: 20
    Number of basis functions: 60
    Number of Cartesian functions: 70
    Spherical Harmonics?: true
    Max angular momentum: 3

  Minimum eigenvalue in the overlap matrix is 1.5216140079E-04.
  Reciprocal condition number of the overlap matrix is 3.4058635054E-05.
    Using symmetric orthogonalization.

  ==> Pre-Iterations <==

  SCF Guess: Superposition of Atomic Densities via on-the-fly atomic UHF (no occupation information).

   -------------------------
    Irrep   Nso     Nmo    
   -------------------------
     A         28      28 
   -------------------------
    Total      28      28
   -------------------------

  ==> Iterations <==

                           Total Energy        Delta E     RMS |[F,P]|

   @DF-UHF iter SAD:    -0.71087596321014   -7.10876e-01   0.00000e+00 
   @DF-UHF iter   1:     0.12536412035136    8.36240e-01   1.33098e-02 DIIS/ADIIS
   @DF-UHF iter   2:     0.01537907712722   -1.09985e-01   3.55125e-03 DIIS/ADIIS
   @DF-UHF iter   3:     0.00818258101953   -7.19650e-03   1.54604e-04 DIIS/ADIIS
   @DF-UHF iter   4:     0.00817463028222   -7.95074e-06   2.39892e-06 DIIS
   @DF-UHF iter   5:     0.00817462900110   -1.28112e-09   2.06931e-07 DIIS
   @DF-UHF iter   6:     0.00817462899456   -6.54266e-12   9.95724e-09 DIIS
   @DF-UHF iter   7:     0.00817462899454   -1.68754e-14   4.48239e-10 DIIS
   @DF-UHF iter   8:     0.00817462899452   -1.65423e-14   8.19255e-13 DIIS
  Energy and wave function converged.


  ==> Post-Iterations <==

   @Spin Contamination Metric:   0.000000000E+00
   @S^2 Expected:                7.500000000E-01
   @S^2 Observed:                7.500000000E-01
   @S   Expected:                5.000000000E-01
   @S   Observed:                5.000000000E-01

    Orbital Energies [Eh]
    ---------------------

    Alpha Occupied:                                                       

       1A     -1.670945  

    Alpha Virtual:                                                        

       2A     -0.120607     3A     -0.098111     4A      0.204274  
       5A      0.204274     6A      0.273773     7A      0.690278  
       8A      0.696223     9A      0.696223    10A      1.206647  
      11A      1.334388    12A      2.656794    13A      2.656794  
      14A      2.777430    15A      2.777430    16A      2.959070  
      17A      2.959070    18A      3.218493    19A      3.328010  
      20A      3.858061    21A      3.858061    22A      3.885537  
      23A      3.885537    24A      4.128672    25A      6.155490  
      26A      7.139763    27A      7.139763    28A     13.942535  

    Beta Occupied:                                                        

    

    Beta Virtual:                                                         

       1A     -0.692425     2A     -0.100619     3A     -0.046003  
       4A      0.274198     5A      0.274198     6A      0.323225  
       7A      0.707568     8A      0.707568     9A      0.727916  
      10A      1.278935    11A      1.477251    12A      2.712039  
      13A      2.712039    14A      2.922449    15A      2.922449  
      16A      2.993967    17A      2.993967    18A      3.266276  
      19A      3.433381    20A      3.881978    21A      3.881978  
      22A      3.914264    23A      3.914264    24A      4.161251  
      25A      6.231010    26A      7.198665    27A      7.198665  
      28A     14.057456  

    Final Occupation by Irrep:
              A 
    DOCC [     0 ]
    SOCC [     1 ]
    NA   [     1 ]
    NB   [     0 ]

  @DF-UHF Final Energy:     0.00817462899452

   => Energetics <=

    Nuclear Repulsion Energy =              1.6791199953951923
    One-Electron Energy =                  -1.6709453664006688
    Two-Electron Energy =                   0.0000000000000000
    Total Energy =                          0.0081746289945235

  UHF NO Occupations:
  HONO-0 :    1  A 1.0000000
  LUNO+0 :    2  A 0.0000000
  LUNO+1 :    3  A 0.0000000
  LUNO+2 :    4  A 0.0000000
  LUNO+3 :    5  A 0.0000000


Computation Completed


Properties will be evaluated at   0.000000,   0.000000,   0.000000 [a0]

Properties computed using the SCF density matrix


 Multipole Moments:

 ------------------------------------------------------------------------------------
     Multipole            Electronic (a.u.)      Nuclear  (a.u.)        Total (a.u.)
 ------------------------------------------------------------------------------------

 L = 1.  Multiply by 2.5417464519 to convert [e a0] to [Debye]
 Dipole X            :          0.0000000            0.0000000            0.0000000
 Dipole Y            :          0.0000000            0.0000000            0.0000000
 Dipole Z            :         -0.0000000            0.0000000           -0.0000000
 Magnitude           :                                                    0.0000000

 ------------------------------------------------------------------------------------

*** tstop() called on Angelinas-MacBook-Pro-574.local at Thu Feb 12 13:23:09 2026
Module time:
	user time   =       0.06 seconds =       0.00 minutes
	system time =       0.01 seconds =       0.00 minutes
	total time  =          0 seconds =       0.00 minutes
Total time:
	user time   =      62.95 seconds =       1.05 minutes
	system time =      16.47 seconds =       0.27 minutes
	total time  =      61581 seconds =    1026.35 minutes

Scratch directory: /tmp/
   => Libint2 <=

    Primary   basis highest AM E, G, H:  6, 6, 3
    Auxiliary basis highest AM E, G, H:  7, 7, 4
    Onebody   basis highest AM E, G, H:  -, -, -
    Solid Harmonics ordering:            Gaussian

*** tstart() called on Angelinas-MacBook-Pro-574.local
*** at Thu Feb 12 13:23:09 2026

   => Loading Basis Set <=

    Name: CC-PVTZ
    Role: ORBITAL
    Keyword: BASIS
    atoms 1-2 entry H          line    23 file /opt/anaconda3/envs/psi4/share/psi4/basis/cc-pvtz.gbs 


         ---------------------------------------------------------
                                   SCF
               by Justin Turney, Rob Parrish, Andy Simmonett
                          and Daniel G. A. Smith
                              UHF Reference
                        4 Threads,   1907 MiB Core
         ---------------------------------------------------------

  ==> Geometry <==

    Molecular point group: c1
    Full point group: D_inf_h

    Geometry (in Angstrom), charge = 1, multiplicity = 2:

       Center              X                  Y                   Z               Mass       
    ------------   -----------------  -----------------  -----------------  -----------------
         H            0.000000000000     0.000000000000    -0.176767676768     1.007825032230
         H            0.000000000000     0.000000000000     0.176767676768     1.007825032230

  Running in c1 symmetry.

  Rotational constants: A = ************  B =    267.65518  C =    267.65518 [cm^-1]
  Rotational constants: A = ************  B = 8024100.40585  C = 8024100.40585 [MHz]
  Nuclear repulsion =    1.496815538752286

  Charge       = 1
  Multiplicity = 2
  Electrons    = 1
  Nalpha       = 1
  Nbeta        = 0

  ==> Algorithm <==

  SCF Algorithm Type is DF.
  DIIS enabled.
  MOM disabled.
  Fractional occupation disabled.
  Guess Type is SAD.
  Energy threshold   = 1.00e-10
  Density threshold  = 1.00e-10
  Integral threshold = 1.00e-12

  ==> Primary Basis <==

  Basis Set: CC-PVTZ
    Blend: CC-PVTZ
    Number of shells: 12
    Number of basis functions: 28
    Number of Cartesian functions: 30
    Spherical Harmonics?: true
    Max angular momentum: 2

   => Loading Basis Set <=

    Name: (CC-PVTZ AUX)
    Role: JKFIT
    Keyword: DF_BASIS_SCF
    atoms 1-2 entry H          line    51 file /opt/anaconda3/envs/psi4/share/psi4/basis/cc-pvtz-jkfit.gbs 

  ==> Integral Setup <==

  DFHelper Memory: AOs need 0.001 GiB; user supplied 1.397 GiB. 
  SCF_SUBTYPE=INCORE selected. In-core MEM_DF algorithm will be used.
  Using in-core AOs.

  ==> MemDFJK: Density-Fitted J/K Matrices <==

    J tasked:                   Yes
    K tasked:                   Yes
    wK tasked:                   No
    OpenMP threads:               4
    Memory [MiB]:              1430
    Algorithm:                 Core
    Schwarz Cutoff:           1E-12
    Mask sparsity (%):       0.0000
    Fitting Condition:        1E-10

   => Auxiliary Basis Set <=

  Basis Set: (CC-PVTZ AUX)
    Blend: CC-PVTZ-JKFIT
    Number of shells: 20
    Number of basis functions: 60
    Number of Cartesian functions: 70
    Spherical Harmonics?: true
    Max angular momentum: 3

  Minimum eigenvalue in the overlap matrix is 1.7300169811E-04.
  Reciprocal condition number of the overlap matrix is 3.8844108238E-05.
    Using symmetric orthogonalization.

  ==> Pre-Iterations <==

  SCF Guess: Superposition of Atomic Densities via on-the-fly atomic UHF (no occupation information).

   -------------------------
    Irrep   Nso     Nmo    
   -------------------------
     A         28      28 
   -------------------------
    Total      28      28
   -------------------------

  ==> Iterations <==

                           Total Energy        Delta E     RMS |[F,P]|

   @DF-UHF iter SAD:    -0.84485388535295   -8.44854e-01   0.00000e+00 
   @DF-UHF iter   1:    -0.01645572352313    8.28398e-01   1.29506e-02 DIIS/ADIIS
   @DF-UHF iter   2:    -0.12356986901075   -1.07114e-01   3.48820e-03 DIIS/ADIIS
   @DF-UHF iter   3:    -0.13072670439171   -7.15684e-03   1.48755e-04 DIIS/ADIIS
   @DF-UHF iter   4:    -0.13073414952229   -7.44513e-06   2.39669e-06 DIIS
   @DF-UHF iter   5:    -0.13073415083982   -1.31753e-09   2.28622e-07 DIIS
   @DF-UHF iter   6:    -0.13073415084927   -9.45855e-12   1.36686e-08 DIIS
   @DF-UHF iter   7:    -0.13073415084933   -5.07372e-14   5.02163e-10 DIIS
   @DF-UHF iter   8:    -0.13073415084933   -4.99600e-15   9.67858e-13 DIIS
  Energy and wave function converged.


  ==> Post-Iterations <==

   @Spin Contamination Metric:   0.000000000E+00
   @S^2 Expected:                7.500000000E-01
   @S^2 Observed:                7.500000000E-01
   @S   Expected:                5.000000000E-01
   @S   Observed:                5.000000000E-01

    Orbital Energies [Eh]
    ---------------------

    Alpha Occupied:                                                       

       1A     -1.627550  

    Alpha Virtual:                                                        

       2A     -0.124901     3A     -0.093523     4A      0.201957  
       5A      0.201957     6A      0.265801     7A      0.688687  
       8A      0.694427     9A      0.694427    10A      1.181052  
      11A      1.380191    12A      2.644232    13A      2.644232  
      14A      2.778248    15A      2.778248    16A      2.959220  
      17A      2.959220    18A      3.124597    19A      3.191343  
      20A      3.833449    21A      3.833449    22A      3.860366  
      23A      3.860366    24A      4.214493    25A      6.167702  
      26A      6.969614    27A      6.969614    28A     12.854213  

    Beta Occupied:                                                        

    

    Beta Virtual:                                                         

       1A     -0.675544     2A     -0.102657     3A     -0.040892  
       4A      0.273632     5A      0.273632     6A      0.318579  
       7A      0.706698     8A      0.706698     9A      0.725840  
      10A      1.251207    11A      1.523031    12A      2.699731  
      13A      2.699731    14A      2.919542    15A      2.919542  
      16A      2.994924    17A      2.994924    18A      3.226403  
      19A      3.240368    20A      3.858051    21A      3.858051  
      22A      3.889435    23A      3.889435    24A      4.247299  
      25A      6.242660    26A      7.027169    27A      7.027169  
      28A     12.964839  

    Final Occupation by Irrep:
              A 
    DOCC [     0 ]
    SOCC [     1 ]
    NA   [     1 ]
    NB   [     0 ]

  @DF-UHF Final Energy:    -0.13073415084933

   => Energetics <=

    Nuclear Repulsion Energy =              1.4968155387522859
    One-Electron Energy =                  -1.6275496896016159
    Two-Electron Energy =                  -0.0000000000000001
    Total Energy =                         -0.1307341508493302

  UHF NO Occupations:
  HONO-0 :    1  A 1.0000000
  LUNO+0 :    2  A 0.0000000
  LUNO+1 :    3  A 0.0000000
  LUNO+2 :    4  A 0.0000000
  LUNO+3 :    5  A 0.0000000


Computation Completed


Properties will be evaluated at   0.000000,   0.000000,   0.000000 [a0]

Properties computed using the SCF density matrix


 Multipole Moments:

 ------------------------------------------------------------------------------------
     Multipole            Electronic (a.u.)      Nuclear  (a.u.)        Total (a.u.)
 ------------------------------------------------------------------------------------

 L = 1.  Multiply by 2.5417464519 to convert [e a0] to [Debye]
 Dipole X            :          0.0000000            0.0000000            0.0000000
 Dipole Y            :         -0.0000000            0.0000000           -0.0000000
 Dipole Z            :         -0.0000000            0.0000000           -0.0000000
 Magnitude           :                                                    0.0000000

 ------------------------------------------------------------------------------------

*** tstop() called on Angelinas-MacBook-Pro-574.local at Thu Feb 12 13:23:09 2026
Module time:
	user time   =       0.06 seconds =       0.00 minutes
	system time =       0.01 seconds =       0.00 minutes
	total time  =          0 seconds =       0.00 minutes
Total time:
	user time   =      63.02 seconds =       1.05 minutes
	system time =      16.48 seconds =       0.27 minutes
	total time  =      61581 seconds =    1026.35 minutes

Scratch directory: /tmp/
   => Libint2 <=

    Primary   basis highest AM E, G, H:  6, 6, 3
    Auxiliary basis highest AM E, G, H:  7, 7, 4
    Onebody   basis highest AM E, G, H:  -, -, -
    Solid Harmonics ordering:            Gaussian

*** tstart() called on Angelinas-MacBook-Pro-574.local
*** at Thu Feb 12 13:23:09 2026

   => Loading Basis Set <=

    Name: CC-PVTZ
    Role: ORBITAL
    Keyword: BASIS
    atoms 1-2 entry H          line    23 file /opt/anaconda3/envs/psi4/share/psi4/basis/cc-pvtz.gbs 


         ---------------------------------------------------------
                                   SCF
               by Justin Turney, Rob Parrish, Andy Simmonett
                          and Daniel G. A. Smith
                              UHF Reference
                        4 Threads,   1907 MiB Core
         ---------------------------------------------------------

  ==> Geometry <==

    Molecular point group: c1
    Full point group: D_inf_h

    Geometry (in Angstrom), charge = 1, multiplicity = 2:

       Center              X                  Y                   Z               Mass       
    ------------   -----------------  -----------------  -----------------  -----------------
         H            0.000000000000     0.000000000000    -0.195959595960     1.007825032230
         H            0.000000000000     0.000000000000     0.195959595960     1.007825032230

  Running in c1 symmetry.

  Rotational constants: A = ************  B =    217.79519  C =    217.79519 [cm^-1]
  Rotational constants: A = ************  B = 6529335.60764  C = 6529335.60764 [MHz]
  Nuclear repulsion =    1.350220202482732

  Charge       = 1
  Multiplicity = 2
  Electrons    = 1
  Nalpha       = 1
  Nbeta        = 0

  ==> Algorithm <==

  SCF Algorithm Type is DF.
  DIIS enabled.
  MOM disabled.
  Fractional occupation disabled.
  Guess Type is SAD.
  Energy threshold   = 1.00e-10
  Density threshold  = 1.00e-10
  Integral threshold = 1.00e-12

  ==> Primary Basis <==

  Basis Set: CC-PVTZ
    Blend: CC-PVTZ
    Number of shells: 12
    Number of basis functions: 28
    Number of Cartesian functions: 30
    Spherical Harmonics?: true
    Max angular momentum: 2

   => Loading Basis Set <=

    Name: (CC-PVTZ AUX)
    Role: JKFIT
    Keyword: DF_BASIS_SCF
    atoms 1-2 entry H          line    51 file /opt/anaconda3/envs/psi4/share/psi4/basis/cc-pvtz-jkfit.gbs 

  ==> Integral Setup <==

  DFHelper Memory: AOs need 0.001 GiB; user supplied 1.397 GiB. 
  SCF_SUBTYPE=INCORE selected. In-core MEM_DF algorithm will be used.
  Using in-core AOs.

  ==> MemDFJK: Density-Fitted J/K Matrices <==

    J tasked:                   Yes
    K tasked:                   Yes
    wK tasked:                   No
    OpenMP threads:               4
    Memory [MiB]:              1430
    Algorithm:                 Core
    Schwarz Cutoff:           1E-12
    Mask sparsity (%):       0.0000
    Fitting Condition:        1E-10

   => Auxiliary Basis Set <=

  Basis Set: (CC-PVTZ AUX)
    Blend: CC-PVTZ-JKFIT
    Number of shells: 20
    Number of basis functions: 60
    Number of Cartesian functions: 70
    Spherical Harmonics?: true
    Max angular momentum: 3

  Minimum eigenvalue in the overlap matrix is 1.9668095434E-04.
  Reciprocal condition number of the overlap matrix is 4.4314981540E-05.
    Using symmetric orthogonalization.

  ==> Pre-Iterations <==

  SCF Guess: Superposition of Atomic Densities via on-the-fly atomic UHF (no occupation information).

   -------------------------
    Irrep   Nso     Nmo    
   -------------------------
     A         28      28 
   -------------------------
    Total      28      28
   -------------------------

  ==> Iterations <==

                           Total Energy        Delta E     RMS |[F,P]|

   @DF-UHF iter SAD:    -0.94243904010033   -9.42439e-01   0.00000e+00 
   @DF-UHF iter   1:    -0.12422690906580    8.18212e-01   1.25951e-02 DIIS/ADIIS
   @DF-UHF iter   2:    -0.22841586587294   -1.04189e-01   3.42400e-03 DIIS/ADIIS
   @DF-UHF iter   3:    -0.23552417226362   -7.10831e-03   1.42815e-04 DIIS/ADIIS
   @DF-UHF iter   4:    -0.23553111106313   -6.93880e-06   2.41109e-06 DIIS
   @DF-UHF iter   5:    -0.23553111246413   -1.40100e-09   2.57435e-07 DIIS
   @DF-UHF iter   6:    -0.23553111247847   -1.43375e-11   1.69531e-08 DIIS
   @DF-UHF iter   7:    -0.23553111247856   -8.78186e-14   5.09866e-10 DIIS
   @DF-UHF iter   8:    -0.23553111247856    6.66134e-16   1.12960e-12 DIIS
  Energy and wave function converged.


  ==> Post-Iterations <==

   @Spin Contamination Metric:   0.000000000E+00
   @S^2 Expected:                7.500000000E-01
   @S^2 Observed:                7.500000000E-01
   @S   Expected:                5.000000000E-01
   @S   Observed:                5.000000000E-01

    Orbital Energies [Eh]
    ---------------------

    Alpha Occupied:                                                       

       1A     -1.585751  

    Alpha Virtual:                                                        

       2A     -0.129697     3A     -0.088883     4A      0.199874  
       5A      0.199874     6A      0.259367     7A      0.686893  
       8A      0.693414     9A      0.693414    10A      1.157831  
      11A      1.428817    12A      2.631752    13A      2.631752  
      14A      2.778982    15A      2.778982    16A      2.898281  
      17A      2.969070    18A      2.969070    19A      3.167558  
      20A      3.806959    21A      3.806959    22A      3.832925  
      23A      3.832925    24A      4.314590    25A      6.176313  
      26A      6.782003    27A      6.782003    28A     11.761575  

    Beta Occupied:                                                        

    

    Beta Virtual:                                                         

       1A     -0.659326     2A     -0.104861     3A     -0.035740  
       4A      0.273150     5A      0.273150     6A      0.315933  
       7A      0.706703     8A      0.706703     9A      0.723916  
      10A      1.224060    11A      1.571033    12A      2.687359  
      13A      2.687359    14A      2.916466    15A      2.916466  
      16A      2.996905    17A      3.005550    18A      3.005550  
      19A      3.218108    20A      3.832204    21A      3.832204  
      22A      3.862319    23A      3.862319    24A      4.347340  
      25A      6.249910    26A      6.838046    27A      6.838046  
      28A     11.868465  

    Final Occupation by Irrep:
              A 
    DOCC [     0 ]
    SOCC [     1 ]
    NA   [     1 ]
    NB   [     0 ]

  @DF-UHF Final Energy:    -0.23553111247856

   => Energetics <=

    Nuclear Repulsion Energy =              1.3502202024827321
    One-Electron Energy =                  -1.5857513149612890
    Two-Electron Energy =                  -0.0000000000000001
    Total Energy =                         -0.2355311124785569

  UHF NO Occupations:
  HONO-0 :    1  A 1.0000000
  LUNO+0 :    2  A 0.0000000
  LUNO+1 :    3  A 0.0000000
  LUNO+2 :    4  A 0.0000000
  LUNO+3 :    5  A 0.0000000


Computation Completed


Properties will be evaluated at   0.000000,   0.000000,   0.000000 [a0]

Properties computed using the SCF density matrix


 Multipole Moments:

 ------------------------------------------------------------------------------------
     Multipole            Electronic (a.u.)      Nuclear  (a.u.)        Total (a.u.)
 ------------------------------------------------------------------------------------

 L = 1.  Multiply by 2.5417464519 to convert [e a0] to [Debye]
 Dipole X            :         -0.0000000            0.0000000           -0.0000000
 Dipole Y            :          0.0000000            0.0000000            0.0000000
 Dipole Z            :          0.0000000            0.0000000            0.0000000
 Magnitude           :                                                    0.0000000

 ------------------------------------------------------------------------------------

*** tstop() called on Angelinas-MacBook-Pro-574.local at Thu Feb 12 13:23:09 2026
Module time:
	user time   =       0.05 seconds =       0.00 minutes
	system time =       0.00 seconds =       0.00 minutes
	total time  =          0 seconds =       0.00 minutes
Total time:
	user time   =      63.08 seconds =       1.05 minutes
	system time =      16.48 seconds =       0.27 minutes
	total time  =      61581 seconds =    1026.35 minutes

Scratch directory: /tmp/
   => Libint2 <=

    Primary   basis highest AM E, G, H:  6, 6, 3
    Auxiliary basis highest AM E, G, H:  7, 7, 4
    Onebody   basis highest AM E, G, H:  -, -, -
    Solid Harmonics ordering:            Gaussian

*** tstart() called on Angelinas-MacBook-Pro-574.local
*** at Thu Feb 12 13:23:09 2026

   => Loading Basis Set <=

    Name: CC-PVTZ
    Role: ORBITAL
    Keyword: BASIS
    atoms 1-2 entry H          line    23 file /opt/anaconda3/envs/psi4/share/psi4/basis/cc-pvtz.gbs 


         ---------------------------------------------------------
                                   SCF
               by Justin Turney, Rob Parrish, Andy Simmonett
                          and Daniel G. A. Smith
                              UHF Reference
                        4 Threads,   1907 MiB Core
         ---------------------------------------------------------

  ==> Geometry <==

    Molecular point group: c1
    Full point group: D_inf_h

    Geometry (in Angstrom), charge = 1, multiplicity = 2:

       Center              X                  Y                   Z               Mass       
    ------------   -----------------  -----------------  -----------------  -----------------
         H            0.000000000000     0.000000000000    -0.215151515152     1.007825032230
         H            0.000000000000     0.000000000000     0.215151515152     1.007825032230

  Running in c1 symmetry.

  Rotational constants: A = ************  B =    180.67270  C =    180.67270 [cm^-1]
  Rotational constants: A = ************  B = 5416431.37228  C = 5416431.37228 [MHz]
  Nuclear repulsion =    1.229778024796479

  Charge       = 1
  Multiplicity = 2
  Electrons    = 1
  Nalpha       = 1
  Nbeta        = 0

  ==> Algorithm <==

  SCF Algorithm Type is DF.
  DIIS enabled.
  MOM disabled.
  Fractional occupation disabled.
  Guess Type is SAD.
  Energy threshold   = 1.00e-10
  Density threshold  = 1.00e-10
  Integral threshold = 1.00e-12

  ==> Primary Basis <==

  Basis Set: CC-PVTZ
    Blend: CC-PVTZ
    Number of shells: 12
    Number of basis functions: 28
    Number of Cartesian functions: 30
    Spherical Harmonics?: true
    Max angular momentum: 2

   => Loading Basis Set <=

    Name: (CC-PVTZ AUX)
    Role: JKFIT
    Keyword: DF_BASIS_SCF
    atoms 1-2 entry H          line    51 file /opt/anaconda3/envs/psi4/share/psi4/basis/cc-pvtz-jkfit.gbs 

  ==> Integral Setup <==

  DFHelper Memory: AOs need 0.001 GiB; user supplied 1.397 GiB. 
  SCF_SUBTYPE=INCORE selected. In-core MEM_DF algorithm will be used.
  Using in-core AOs.

  ==> MemDFJK: Density-Fitted J/K Matrices <==

    J tasked:                   Yes
    K tasked:                   Yes
    wK tasked:                   No
    OpenMP threads:               4
    Memory [MiB]:              1430
    Algorithm:                 Core
    Schwarz Cutoff:           1E-12
    Mask sparsity (%):       0.0000
    Fitting Condition:        1E-10

   => Auxiliary Basis Set <=

  Basis Set: (CC-PVTZ AUX)
    Blend: CC-PVTZ-JKFIT
    Number of shells: 20
    Number of basis functions: 60
    Number of Cartesian functions: 70
    Spherical Harmonics?: true
    Max angular momentum: 3

  Minimum eigenvalue in the overlap matrix is 2.2857548066E-04.
  Reciprocal condition number of the overlap matrix is 5.1700998725E-05.
    Using symmetric orthogonalization.

  ==> Pre-Iterations <==

  SCF Guess: Superposition of Atomic Densities via on-the-fly atomic UHF (no occupation information).

   -------------------------
    Irrep   Nso     Nmo    
   -------------------------
     A         28      28 
   -------------------------
    Total      28      28
   -------------------------

  ==> Iterations <==

                           Total Energy        Delta E     RMS |[F,P]|

   @DF-UHF iter SAD:    -1.01365132749560   -1.01365e+00   0.00000e+00 
   @DF-UHF iter   1:    -0.20761168665187    8.06040e-01   1.22460e-02 DIIS/ADIIS
   @DF-UHF iter   2:    -0.30885609102099   -1.01244e-01   3.35942e-03 DIIS/ADIIS
   @DF-UHF iter   3:    -0.31590891895268   -7.05283e-03   1.36906e-04 DIIS/ADIIS
   @DF-UHF iter   4:    -0.31591536376384   -6.44481e-06   2.44601e-06 DIIS
   @DF-UHF iter   5:    -0.31591536530001   -1.53617e-09   2.92206e-07 DIIS
   @DF-UHF iter   6:    -0.31591536532153   -2.15168e-11   1.94115e-08 DIIS
   @DF-UHF iter   7:    -0.31591536532166   -1.26565e-13   5.00670e-10 DIIS
   @DF-UHF iter   8:    -0.31591536532166    4.99600e-16   1.30147e-12 DIIS
  Energy and wave function converged.


  ==> Post-Iterations <==

   @Spin Contamination Metric:   0.000000000E+00
   @S^2 Expected:                7.500000000E-01
   @S^2 Observed:                7.500000000E-01
   @S   Expected:                5.000000000E-01
   @S   Observed:                5.000000000E-01

    Orbital Energies [Eh]
    ---------------------

    Alpha Occupied:                                                       

       1A     -1.545693  

    Alpha Virtual:                                                        

       2A     -0.135021     3A     -0.084218     4A      0.198047  
       5A      0.198047     6A      0.254839     7A      0.684816  
       8A      0.693050     9A      0.693050    10A      1.140080  
      11A      1.477933    12A      2.619678    13A      2.619678  
      14A      2.659658    15A      2.779454    16A      2.779454  
      17A      2.989266    18A      2.989266    19A      3.147010  
      20A      3.778785    21A      3.778785    22A      3.803407  
      23A      3.803407    24A      4.416162    25A      6.166288  
      26A      6.582189    27A      6.582189    28A     10.688305  

    Beta Occupied:                                                        

    

    Beta Virtual:                                                         

       1A     -0.643797     2A     -0.107236     3A     -0.030576  
       4A      0.272763     5A      0.272763     6A      0.315740  
       7A      0.707445     8A      0.707445     9A      0.721955  
      10A      1.200279    11A      1.618907    12A      2.675245  
      13A      2.675245    14A      2.755811    15A      2.913071  
      16A      2.913071    17A      3.026500    18A      3.026500  
      19A      3.199322    20A      3.804624    21A      3.804624  
      22A      3.833120    23A      3.833120    24A      4.448707  
      25A      6.237893    26A      6.636597    27A      6.636597  
      28A     10.791997  

    Final Occupation by Irrep:
              A 
    DOCC [     0 ]
    SOCC [     1 ]
    NA   [     1 ]
    NB   [     0 ]

  @DF-UHF Final Energy:    -0.31591536532166

   => Energetics <=

    Nuclear Repulsion Energy =              1.2297780247964791
    One-Electron Energy =                  -1.5456933901181364
    Two-Electron Energy =                   0.0000000000000001
    Total Energy =                         -0.3159153653216573

  UHF NO Occupations:
  HONO-0 :    1  A 1.0000000
  LUNO+0 :    2  A 0.0000000
  LUNO+1 :    3  A 0.0000000
  LUNO+2 :    4  A 0.0000000
  LUNO+3 :    5  A 0.0000000


Computation Completed


Properties will be evaluated at   0.000000,   0.000000,   0.000000 [a0]

Properties computed using the SCF density matrix


 Multipole Moments:

 ------------------------------------------------------------------------------------
     Multipole            Electronic (a.u.)      Nuclear  (a.u.)        Total (a.u.)
 ------------------------------------------------------------------------------------

 L = 1.  Multiply by 2.5417464519 to convert [e a0] to [Debye]
 Dipole X            :          0.0000000            0.0000000            0.0000000
 Dipole Y            :          0.0000000            0.0000000            0.0000000
 Dipole Z            :         -0.0000000            0.0000000           -0.0000000
 Magnitude           :                                                    0.0000000

 ------------------------------------------------------------------------------------

*** tstop() called on Angelinas-MacBook-Pro-574.local at Thu Feb 12 13:23:09 2026
Module time:
	user time   =       0.05 seconds =       0.00 minutes
	system time =       0.01 seconds =       0.00 minutes
	total time  =          0 seconds =       0.00 minutes
Total time:
	user time   =      63.15 seconds =       1.05 minutes
	system time =      16.49 seconds =       0.27 minutes
	total time  =      61581 seconds =    1026.35 minutes

Scratch directory: /tmp/
   => Libint2 <=

    Primary   basis highest AM E, G, H:  6, 6, 3
    Auxiliary basis highest AM E, G, H:  7, 7, 4
    Onebody   basis highest AM E, G, H:  -, -, -
    Solid Harmonics ordering:            Gaussian

*** tstart() called on Angelinas-MacBook-Pro-574.local
*** at Thu Feb 12 13:23:09 2026

   => Loading Basis Set <=

    Name: CC-PVTZ
    Role: ORBITAL
    Keyword: BASIS
    atoms 1-2 entry H          line    23 file /opt/anaconda3/envs/psi4/share/psi4/basis/cc-pvtz.gbs 


         ---------------------------------------------------------
                                   SCF
               by Justin Turney, Rob Parrish, Andy Simmonett
                          and Daniel G. A. Smith
                              UHF Reference
                        4 Threads,   1907 MiB Core
         ---------------------------------------------------------

  ==> Geometry <==

    Molecular point group: c1
    Full point group: D_inf_h

    Geometry (in Angstrom), charge = 1, multiplicity = 2:

       Center              X                  Y                   Z               Mass       
    ------------   -----------------  -----------------  -----------------  -----------------
         H            0.000000000000     0.000000000000    -0.234343434343     1.007825032230
         H            0.000000000000     0.000000000000     0.234343434343     1.007825032230

  Running in c1 symmetry.

  Rotational constants: A = ************  B =    152.29154  C =    152.29154 [cm^-1]
  Rotational constants: A = ************  B = 4565585.51815  C = 4565585.51815 [MHz]
  Nuclear repulsion =    1.129063445179526

  Charge       = 1
  Multiplicity = 2
  Electrons    = 1
  Nalpha       = 1
  Nbeta        = 0

  ==> Algorithm <==

  SCF Algorithm Type is DF.
  DIIS enabled.
  MOM disabled.
  Fractional occupation disabled.
  Guess Type is SAD.
  Energy threshold   = 1.00e-10
  Density threshold  = 1.00e-10
  Integral threshold = 1.00e-12

  ==> Primary Basis <==

  Basis Set: CC-PVTZ
    Blend: CC-PVTZ
    Number of shells: 12
    Number of basis functions: 28
    Number of Cartesian functions: 30
    Spherical Harmonics?: true
    Max angular momentum: 2

   => Loading Basis Set <=

    Name: (CC-PVTZ AUX)
    Role: JKFIT
    Keyword: DF_BASIS_SCF
    atoms 1-2 entry H          line    51 file /opt/anaconda3/envs/psi4/share/psi4/basis/cc-pvtz-jkfit.gbs 

  ==> Integral Setup <==

  DFHelper Memory: AOs need 0.001 GiB; user supplied 1.397 GiB. 
  SCF_SUBTYPE=INCORE selected. In-core MEM_DF algorithm will be used.
  Using in-core AOs.

  ==> MemDFJK: Density-Fitted J/K Matrices <==

    J tasked:                   Yes
    K tasked:                   Yes
    wK tasked:                   No
    OpenMP threads:               4
    Memory [MiB]:              1430
    Algorithm:                 Core
    Schwarz Cutoff:           1E-12
    Mask sparsity (%):       0.0000
    Fitting Condition:        1E-10

   => Auxiliary Basis Set <=

  Basis Set: (CC-PVTZ AUX)
    Blend: CC-PVTZ-JKFIT
    Number of shells: 20
    Number of basis functions: 60
    Number of Cartesian functions: 70
    Spherical Harmonics?: true
    Max angular momentum: 3

  Minimum eigenvalue in the overlap matrix is 2.7549093692E-04.
  Reciprocal condition number of the overlap matrix is 6.2579486434E-05.
    Using symmetric orthogonalization.

  ==> Pre-Iterations <==

  SCF Guess: Superposition of Atomic Densities via on-the-fly atomic UHF (no occupation information).

   -------------------------
    Irrep   Nso     Nmo    
   -------------------------
     A         28      28 
   -------------------------
    Total      28      28
   -------------------------

  ==> Iterations <==

                           Total Energy        Delta E     RMS |[F,P]|

   @DF-UHF iter SAD:    -1.06528547056486   -1.06529e+00   0.00000e+00 
   @DF-UHF iter   1:    -0.27305802773095    7.92227e-01   1.19053e-02 DIIS/ADIIS
   @DF-UHF iter   2:    -0.37136725891742   -9.83092e-02   3.29512e-03 DIIS/ADIIS
   @DF-UHF iter   3:    -0.37835939258582   -6.99213e-03   1.31132e-04 DIIS/ADIIS
   @DF-UHF iter   4:    -0.37836536611246   -5.97353e-06   2.50198e-06 DIIS
   @DF-UHF iter   5:    -0.37836536783479   -1.72233e-09   3.31326e-07 DIIS
   @DF-UHF iter   6:    -0.37836536786604   -3.12424e-11   2.08903e-08 DIIS
   @DF-UHF iter   7:    -0.37836536786617   -1.36280e-13   4.83344e-10 DIIS
   @DF-UHF iter   8:    -0.37836536786618   -4.99600e-15   1.48373e-12 DIIS
  Energy and wave function converged.


  ==> Post-Iterations <==

   @Spin Contamination Metric:   0.000000000E+00
   @S^2 Expected:                7.500000000E-01
   @S^2 Observed:                7.500000000E-01
   @S   Expected:                5.000000000E-01
   @S   Observed:                5.000000000E-01

    Orbital Energies [Eh]
    ---------------------

    Alpha Occupied:                                                       

       1A     -1.507429  

    Alpha Virtual:                                                        

       2A     -0.140913     3A     -0.079545     4A      0.196495  
       5A      0.196495     6A      0.251627     7A      0.682341  
       8A      0.693045     9A      0.693045    10A      1.130635  
      11A      1.525607    12A      2.426957    13A      2.608347  
      14A      2.608347    15A      2.779471    16A      2.779471  
      17A      3.019277    18A      3.019277    19A      3.129787  
      20A      3.749120    21A      3.749120    22A      3.772058  
      23A      3.772058    24A      4.499925    25A      6.126754  
      26A      6.376314    27A      6.376314    28A      9.694466  

    Beta Occupied:                                                        

    

    Beta Virtual:                                                         

       1A     -0.628954     2A     -0.109819     3A     -0.025416  
       4A      0.272482     5A      0.272482     6A      0.317295  
       7A      0.708619     8A      0.708619     9A      0.719769  
      10A      1.182812    11A      1.664730    12A      2.521731  
      13A      2.663728    14A      2.663728    15A      2.909184  
      16A      2.909184    17A      3.057258    18A      3.057258  
      19A      3.184051    20A      3.775505    21A      3.775505  
      22A      3.802103    23A      3.802103    24A      4.532266  
      25A      6.195917    26A      6.429014    27A      6.429014  
      28A      9.795221  

    Final Occupation by Irrep:
              A 
    DOCC [     0 ]
    SOCC [     1 ]
    NA   [     1 ]
    NB   [     0 ]

  @DF-UHF Final Energy:    -0.37836536786618

   => Energetics <=

    Nuclear Repulsion Energy =              1.1290634451795261
    One-Electron Energy =                  -1.5074288130457039
    Two-Electron Energy =                   0.0000000000000001
    Total Energy =                         -0.3783653678661777

  UHF NO Occupations:
  HONO-0 :    1  A 1.0000000
  LUNO+0 :    2  A 0.0000000
  LUNO+1 :    3  A 0.0000000
  LUNO+2 :    4  A 0.0000000
  LUNO+3 :    5  A 0.0000000


Computation Completed


Properties will be evaluated at   0.000000,   0.000000,   0.000000 [a0]

Properties computed using the SCF density matrix


 Multipole Moments:

 ------------------------------------------------------------------------------------
     Multipole            Electronic (a.u.)      Nuclear  (a.u.)        Total (a.u.)
 ------------------------------------------------------------------------------------

 L = 1.  Multiply by 2.5417464519 to convert [e a0] to [Debye]
 Dipole X            :          0.0000000            0.0000000            0.0000000
 Dipole Y            :         -0.0000000            0.0000000           -0.0000000
 Dipole Z            :          0.0000000            0.0000000            0.0000000
 Magnitude           :                                                    0.0000000

 ------------------------------------------------------------------------------------

*** tstop() called on Angelinas-MacBook-Pro-574.local at Thu Feb 12 13:23:09 2026
Module time:
	user time   =       0.05 seconds =       0.00 minutes
	system time =       0.00 seconds =       0.00 minutes
	total time  =          0 seconds =       0.00 minutes
Total time:
	user time   =      63.22 seconds =       1.05 minutes
	system time =      16.49 seconds =       0.27 minutes
	total time  =      61581 seconds =    1026.35 minutes

Scratch directory: /tmp/
   => Libint2 <=

    Primary   basis highest AM E, G, H:  6, 6, 3
    Auxiliary basis highest AM E, G, H:  7, 7, 4
    Onebody   basis highest AM E, G, H:  -, -, -
    Solid Harmonics ordering:            Gaussian

*** tstart() called on Angelinas-MacBook-Pro-574.local
*** at Thu Feb 12 13:23:09 2026

   => Loading Basis Set <=

    Name: CC-PVTZ
    Role: ORBITAL
    Keyword: BASIS
    atoms 1-2 entry H          line    23 file /opt/anaconda3/envs/psi4/share/psi4/basis/cc-pvtz.gbs 


         ---------------------------------------------------------
                                   SCF
               by Justin Turney, Rob Parrish, Andy Simmonett
                          and Daniel G. A. Smith
                              UHF Reference
                        4 Threads,   1907 MiB Core
         ---------------------------------------------------------

  ==> Geometry <==

    Molecular point group: c1
    Full point group: D_inf_h

    Geometry (in Angstrom), charge = 1, multiplicity = 2:

       Center              X                  Y                   Z               Mass       
    ------------   -----------------  -----------------  -----------------  -----------------
         H            0.000000000000     0.000000000000    -0.253535353535     1.007825032230
         H            0.000000000000     0.000000000000     0.253535353535     1.007825032230

  Running in c1 symmetry.

  Rotational constants: A = ************  B =    130.10809  C =    130.10809 [cm^-1]
  Rotational constants: A = ************  B = 3900542.45058  C = 3900542.45058 [MHz]
  Nuclear repulsion =    1.043596491161952

  Charge       = 1
  Multiplicity = 2
  Electrons    = 1
  Nalpha       = 1
  Nbeta        = 0

  ==> Algorithm <==

  SCF Algorithm Type is DF.
  DIIS enabled.
  MOM disabled.
  Fractional occupation disabled.
  Guess Type is SAD.
  Energy threshold   = 1.00e-10
  Density threshold  = 1.00e-10
  Integral threshold = 1.00e-12

  ==> Primary Basis <==

  Basis Set: CC-PVTZ
    Blend: CC-PVTZ
    Number of shells: 12
    Number of basis functions: 28
    Number of Cartesian functions: 30
    Spherical Harmonics?: true
    Max angular momentum: 2

   => Loading Basis Set <=

    Name: (CC-PVTZ AUX)
    Role: JKFIT
    Keyword: DF_BASIS_SCF
    atoms 1-2 entry H          line    51 file /opt/anaconda3/envs/psi4/share/psi4/basis/cc-pvtz-jkfit.gbs 

  ==> Integral Setup <==

  DFHelper Memory: AOs need 0.001 GiB; user supplied 1.397 GiB. 
  SCF_SUBTYPE=INCORE selected. In-core MEM_DF algorithm will be used.
  Using in-core AOs.

  ==> MemDFJK: Density-Fitted J/K Matrices <==

    J tasked:                   Yes
    K tasked:                   Yes
    wK tasked:                   No
    OpenMP threads:               4
    Memory [MiB]:              1430
    Algorithm:                 Core
    Schwarz Cutoff:           1E-12
    Mask sparsity (%):       0.0000
    Fitting Condition:        1E-10

   => Auxiliary Basis Set <=

  Basis Set: (CC-PVTZ AUX)
    Blend: CC-PVTZ-JKFIT
    Number of shells: 20
    Number of basis functions: 60
    Number of Cartesian functions: 70
    Spherical Harmonics?: true
    Max angular momentum: 3

  Minimum eigenvalue in the overlap matrix is 3.4464887124E-04.
  Reciprocal condition number of the overlap matrix is 7.8657189159E-05.
    Using symmetric orthogonalization.

  ==> Pre-Iterations <==

  SCF Guess: Superposition of Atomic Densities via on-the-fly atomic UHF (no occupation information).

   -------------------------
    Irrep   Nso     Nmo    
   -------------------------
     A         28      28 
   -------------------------
    Total      28      28
   -------------------------

  ==> Iterations <==

                           Total Energy        Delta E     RMS |[F,P]|

   @DF-UHF iter SAD:    -1.10211859490523   -1.10212e+00   0.00000e+00 
   @DF-UHF iter   1:    -0.32501520193677    7.77103e-01   1.15743e-02 DIIS/ADIIS
   @DF-UHF iter   2:    -0.42042015554703   -9.54050e-02   3.23155e-03 DIIS/ADIIS
   @DF-UHF iter   3:    -0.42734763830170   -6.92748e-03   1.25573e-04 DIIS/ADIIS
   @DF-UHF iter   4:    -0.42735316982767   -5.53153e-06   2.57641e-06 DIIS
   @DF-UHF iter   5:    -0.42735317178191   -1.95424e-09   3.73206e-07 DIIS
   @DF-UHF iter   6:    -0.42735317182551   -4.36008e-11   2.14209e-08 DIIS
   @DF-UHF iter   7:    -0.42735317182567   -1.60316e-13   4.60665e-10 DIIS
   @DF-UHF iter   8:    -0.42735317182565    1.62648e-14   1.67169e-12 DIIS
  Energy and wave function converged.


  ==> Post-Iterations <==

   @Spin Contamination Metric:   0.000000000E+00
   @S^2 Expected:                7.500000000E-01
   @S^2 Observed:                7.500000000E-01
   @S   Expected:                5.000000000E-01
   @S   Observed:                5.000000000E-01

    Orbital Energies [Eh]
    ---------------------

    Alpha Occupied:                                                       

       1A     -1.470950  

    Alpha Virtual:                                                        

       2A     -0.147410     3A     -0.074876     4A      0.195226  
       5A      0.195226     6A      0.248209     7A      0.679347  
       8A      0.693025     9A      0.693025    10A      1.130149  
      11A      1.570622    12A      2.220059    13A      2.598104  
      14A      2.598104    15A      2.778830    16A      2.778830  
      17A      3.057476    18A      3.057476    19A      3.116083  
      20A      3.718163    21A      3.718163    22A      3.739188  
      23A      3.739188    24A      4.547242    25A      6.053192  
      26A      6.170431    27A      6.170431    28A      8.837338  

    Beta Occupied:                                                        

    

    Beta Virtual:                                                         

       1A     -0.614780     2A     -0.112676     3A     -0.020273  
       4A      0.272314     5A      0.272314     6A      0.318647  
       7A      0.709829     8A      0.709829     9A      0.717195  
      10A      1.173033    11A      1.707337    12A      2.314738  
      13A      2.653154    14A      2.653154    15A      2.904612  
      16A      2.904612    17A      3.096208    18A      3.096208  
      19A      3.172452    20A      3.745047    21A      3.745047  
      22A      3.769600    23A      3.769600    24A      4.579522  
      25A      6.119611    26A      6.221393    27A      6.221393  
      28A      8.934979  

    Final Occupation by Irrep:
              A 
    DOCC [     0 ]
    SOCC [     1 ]
    NA   [     1 ]
    NB   [     0 ]

  @DF-UHF Final Energy:    -0.42735317182565

   => Energetics <=

    Nuclear Repulsion Energy =              1.0435964911619517
    One-Electron Energy =                  -1.4709496629876047
    Two-Electron Energy =                  -0.0000000000000001
    Total Energy =                         -0.4273531718256530

  UHF NO Occupations:
  HONO-0 :    1  A 1.0000000
  LUNO+0 :    2  A 0.0000000
  LUNO+1 :    3  A 0.0000000
  LUNO+2 :    4  A 0.0000000
  LUNO+3 :    5  A 0.0000000


Computation Completed


Properties will be evaluated at   0.000000,   0.000000,   0.000000 [a0]

Properties computed using the SCF density matrix


 Multipole Moments:

 ------------------------------------------------------------------------------------
     Multipole            Electronic (a.u.)      Nuclear  (a.u.)        Total (a.u.)
 ------------------------------------------------------------------------------------

 L = 1.  Multiply by 2.5417464519 to convert [e a0] to [Debye]
 Dipole X            :          0.0000000            0.0000000            0.0000000
 Dipole Y            :         -0.0000000            0.0000000           -0.0000000
 Dipole Z            :         -0.0000000            0.0000000           -0.0000000
 Magnitude           :                                                    0.0000000

 ------------------------------------------------------------------------------------

*** tstop() called on Angelinas-MacBook-Pro-574.local at Thu Feb 12 13:23:09 2026
Module time:
	user time   =       0.06 seconds =       0.00 minutes
	system time =       0.01 seconds =       0.00 minutes
	total time  =          0 seconds =       0.00 minutes
Total time:
	user time   =      63.29 seconds =       1.05 minutes
	system time =      16.50 seconds =       0.28 minutes
	total time  =      61581 seconds =    1026.35 minutes

Scratch directory: /tmp/
   => Libint2 <=

    Primary   basis highest AM E, G, H:  6, 6, 3
    Auxiliary basis highest AM E, G, H:  7, 7, 4
    Onebody   basis highest AM E, G, H:  -, -, -
    Solid Harmonics ordering:            Gaussian

*** tstart() called on Angelinas-MacBook-Pro-574.local
*** at Thu Feb 12 13:23:09 2026

   => Loading Basis Set <=

    Name: CC-PVTZ
    Role: ORBITAL
    Keyword: BASIS
    atoms 1-2 entry H          line    23 file /opt/anaconda3/envs/psi4/share/psi4/basis/cc-pvtz.gbs 


         ---------------------------------------------------------
                                   SCF
               by Justin Turney, Rob Parrish, Andy Simmonett
                          and Daniel G. A. Smith
                              UHF Reference
                        4 Threads,   1907 MiB Core
         ---------------------------------------------------------

  ==> Geometry <==

    Molecular point group: c1
    Full point group: D_inf_h

    Geometry (in Angstrom), charge = 1, multiplicity = 2:

       Center              X                  Y                   Z               Mass       
    ------------   -----------------  -----------------  -----------------  -----------------
         H            0.000000000000     0.000000000000    -0.272727272727     1.007825032230
         H            0.000000000000     0.000000000000     0.272727272727     1.007825032230

  Running in c1 symmetry.

  Rotational constants: A = ************  B =    112.44088  C =    112.44088 [cm^-1]
  Rotational constants: A = ************  B = 3370892.66021  C = 3370892.66021 [MHz]
  Nuclear repulsion =    0.970158219561667

  Charge       = 1
  Multiplicity = 2
  Electrons    = 1
  Nalpha       = 1
  Nbeta        = 0

  ==> Algorithm <==

  SCF Algorithm Type is DF.
  DIIS enabled.
  MOM disabled.
  Fractional occupation disabled.
  Guess Type is SAD.
  Energy threshold   = 1.00e-10
  Density threshold  = 1.00e-10
  Integral threshold = 1.00e-12

  ==> Primary Basis <==

  Basis Set: CC-PVTZ
    Blend: CC-PVTZ
    Number of shells: 12
    Number of basis functions: 28
    Number of Cartesian functions: 30
    Spherical Harmonics?: true
    Max angular momentum: 2

   => Loading Basis Set <=

    Name: (CC-PVTZ AUX)
    Role: JKFIT
    Keyword: DF_BASIS_SCF
    atoms 1-2 entry H          line    51 file /opt/anaconda3/envs/psi4/share/psi4/basis/cc-pvtz-jkfit.gbs 

  ==> Integral Setup <==

  DFHelper Memory: AOs need 0.001 GiB; user supplied 1.397 GiB. 
  SCF_SUBTYPE=INCORE selected. In-core MEM_DF algorithm will be used.
  Using in-core AOs.

  ==> MemDFJK: Density-Fitted J/K Matrices <==

    J tasked:                   Yes
    K tasked:                   Yes
    wK tasked:                   No
    OpenMP threads:               4
    Memory [MiB]:              1430
    Algorithm:                 Core
    Schwarz Cutoff:           1E-12
    Mask sparsity (%):       0.0000
    Fitting Condition:        1E-10

   => Auxiliary Basis Set <=

  Basis Set: (CC-PVTZ AUX)
    Blend: CC-PVTZ-JKFIT
    Number of shells: 20
    Number of basis functions: 60
    Number of Cartesian functions: 70
    Spherical Harmonics?: true
    Max angular momentum: 3

  Minimum eigenvalue in the overlap matrix is 4.4274342686E-04.
  Reciprocal condition number of the overlap matrix is 1.0156386028E-04.
    Using symmetric orthogonalization.

  ==> Pre-Iterations <==

  SCF Guess: Superposition of Atomic Densities via on-the-fly atomic UHF (no occupation information).

   -------------------------
    Irrep   Nso     Nmo    
   -------------------------
     A         28      28 
   -------------------------
    Total      28      28
   -------------------------

  ==> Iterations <==

                           Total Energy        Delta E     RMS |[F,P]|

   @DF-UHF iter SAD:    -1.12761120033592   -1.12761e+00   0.00000e+00 
   @DF-UHF iter   1:    -0.36664123472810    7.60970e-01   1.12537e-02 DIIS/ADIIS
   @DF-UHF iter   2:    -0.45918789080090   -9.25467e-02   3.16902e-03 DIIS/ADIIS
   @DF-UHF iter   3:    -0.46604753277682   -6.85964e-03   1.20277e-04 DIIS/ADIIS
   @DF-UHF iter   4:    -0.46605265485847   -5.12208e-06   2.66516e-06 DIIS
   @DF-UHF iter   5:    -0.46605265708245   -2.22398e-09   4.16538e-07 DIIS
   @DF-UHF iter   6:    -0.46605265714109   -5.86383e-11   2.11357e-08 DIIS
   @DF-UHF iter   7:    -0.46605265714124   -1.50324e-13   4.33845e-10 DIIS
   @DF-UHF iter   8:    -0.46605265714123    2.66454e-15   1.86774e-12 DIIS
  Energy and wave function converged.


  ==> Post-Iterations <==

   @Spin Contamination Metric:   0.000000000E+00
   @S^2 Expected:                7.500000000E-01
   @S^2 Observed:                7.500000000E-01
   @S   Expected:                5.000000000E-01
   @S   Observed:                5.000000000E-01

    Orbital Energies [Eh]
    ---------------------

    Alpha Occupied:                                                       

       1A     -1.436211  

    Alpha Virtual:                                                        

       2A     -0.154525     3A     -0.070220     4A      0.194245  
       5A      0.194245     6A      0.243137     7A      0.675711  
       8A      0.692628     9A      0.692628    10A      1.135918  
      11A      1.612448    12A      2.051849    13A      2.589287  
      14A      2.589287    15A      2.777318    16A      2.777318  
      17A      3.101459    18A      3.101459    19A      3.105876  
      20A      3.686114    21A      3.686114    22A      3.705176  
      23A      3.705176    24A      4.548684    25A      5.947382  
      26A      5.969660    27A      5.969660    28A      8.137652  

    Beta Occupied:                                                        

    

    Beta Virtual:                                                         

       1A     -0.601253     2A     -0.115857     3A     -0.015155  
       4A      0.272270     5A      0.272270     6A      0.317780  
       7A      0.710689     8A      0.710689     9A      0.714086  
      10A      1.169328    11A      1.746284    12A      2.147535  
      13A      2.643871    14A      2.643871    15A      2.899136  
      16A      2.899136    17A      3.140957    18A      3.140957  
      19A      3.164485    20A      3.713451    21A      3.713451  
      22A      3.736013    23A      3.736013    24A      4.581108  
      25A      6.010859    26A      6.018892    27A      6.018892  
      28A      8.231697  

    Final Occupation by Irrep:
              A 
    DOCC [     0 ]
    SOCC [     1 ]
    NA   [     1 ]
    NB   [     0 ]

  @DF-UHF Final Energy:    -0.46605265714123

   => Energetics <=

    Nuclear Repulsion Energy =              0.9701582195616668
    One-Electron Energy =                  -1.4362108767029000
    Two-Electron Energy =                   0.0000000000000000
    Total Energy =                         -0.4660526571412332

  UHF NO Occupations:
  HONO-0 :    1  A 1.0000000
  LUNO+0 :    2  A 0.0000000
  LUNO+1 :    3  A 0.0000000
  LUNO+2 :    4  A 0.0000000
  LUNO+3 :    5  A 0.0000000


Computation Completed


Properties will be evaluated at   0.000000,   0.000000,   0.000000 [a0]

Properties computed using the SCF density matrix


 Multipole Moments:

 ------------------------------------------------------------------------------------
     Multipole            Electronic (a.u.)      Nuclear  (a.u.)        Total (a.u.)
 ------------------------------------------------------------------------------------

 L = 1.  Multiply by 2.5417464519 to convert [e a0] to [Debye]
 Dipole X            :          0.0000000            0.0000000            0.0000000
 Dipole Y            :         -0.0000000            0.0000000           -0.0000000
 Dipole Z            :          0.0000000            0.0000000            0.0000000
 Magnitude           :                                                    0.0000000

 ------------------------------------------------------------------------------------

*** tstop() called on Angelinas-MacBook-Pro-574.local at Thu Feb 12 13:23:09 2026
Module time:
	user time   =       0.06 seconds =       0.00 minutes
	system time =       0.00 seconds =       0.00 minutes
	total time  =          0 seconds =       0.00 minutes
Total time:
	user time   =      63.36 seconds =       1.06 minutes
	system time =      16.50 seconds =       0.28 minutes
	total time  =      61581 seconds =    1026.35 minutes

Scratch directory: /tmp/
   => Libint2 <=

    Primary   basis highest AM E, G, H:  6, 6, 3
    Auxiliary basis highest AM E, G, H:  7, 7, 4
    Onebody   basis highest AM E, G, H:  -, -, -
    Solid Harmonics ordering:            Gaussian

*** tstart() called on Angelinas-MacBook-Pro-574.local
*** at Thu Feb 12 13:23:09 2026

   => Loading Basis Set <=

    Name: CC-PVTZ
    Role: ORBITAL
    Keyword: BASIS
    atoms 1-2 entry H          line    23 file /opt/anaconda3/envs/psi4/share/psi4/basis/cc-pvtz.gbs 


         ---------------------------------------------------------
                                   SCF
               by Justin Turney, Rob Parrish, Andy Simmonett
                          and Daniel G. A. Smith
                              UHF Reference
                        4 Threads,   1907 MiB Core
         ---------------------------------------------------------

  ==> Geometry <==

    Molecular point group: c1
    Full point group: D_inf_h

    Geometry (in Angstrom), charge = 1, multiplicity = 2:

       Center              X                  Y                   Z               Mass       
    ------------   -----------------  -----------------  -----------------  -----------------
         H            0.000000000000     0.000000000000    -0.291919191919     1.007825032230
         H            0.000000000000     0.000000000000     0.291919191919     1.007825032230

  Running in c1 symmetry.

  Rotational constants: A = ************  B =     98.14226  C =     98.14226 [cm^-1]
  Rotational constants: A = ************  B = 2942230.99495  C = 2942230.99495 [MHz]
  Nuclear repulsion =    0.906376191285986

  Charge       = 1
  Multiplicity = 2
  Electrons    = 1
  Nalpha       = 1
  Nbeta        = 0

  ==> Algorithm <==

  SCF Algorithm Type is DF.
  DIIS enabled.
  MOM disabled.
  Fractional occupation disabled.
  Guess Type is SAD.
  Energy threshold   = 1.00e-10
  Density threshold  = 1.00e-10
  Integral threshold = 1.00e-12

  ==> Primary Basis <==

  Basis Set: CC-PVTZ
    Blend: CC-PVTZ
    Number of shells: 12
    Number of basis functions: 28
    Number of Cartesian functions: 30
    Spherical Harmonics?: true
    Max angular momentum: 2

   => Loading Basis Set <=

    Name: (CC-PVTZ AUX)
    Role: JKFIT
    Keyword: DF_BASIS_SCF
    atoms 1-2 entry H          line    51 file /opt/anaconda3/envs/psi4/share/psi4/basis/cc-pvtz-jkfit.gbs 

  ==> Integral Setup <==

  DFHelper Memory: AOs need 0.001 GiB; user supplied 1.397 GiB. 
  SCF_SUBTYPE=INCORE selected. In-core MEM_DF algorithm will be used.
  Using in-core AOs.

  ==> MemDFJK: Density-Fitted J/K Matrices <==

    J tasked:                   Yes
    K tasked:                   Yes
    wK tasked:                   No
    OpenMP threads:               4
    Memory [MiB]:              1430
    Algorithm:                 Core
    Schwarz Cutoff:           1E-12
    Mask sparsity (%):       0.0000
    Fitting Condition:        1E-10

   => Auxiliary Basis Set <=

  Basis Set: (CC-PVTZ AUX)
    Blend: CC-PVTZ-JKFIT
    Number of shells: 20
    Number of basis functions: 60
    Number of Cartesian functions: 70
    Spherical Harmonics?: true
    Max angular momentum: 3

  Minimum eigenvalue in the overlap matrix is 5.7554765747E-04.
  Reciprocal condition number of the overlap matrix is 1.3276677540E-04.
    Using symmetric orthogonalization.

  ==> Pre-Iterations <==

  SCF Guess: Superposition of Atomic Densities via on-the-fly atomic UHF (no occupation information).

   -------------------------
    Irrep   Nso     Nmo    
   -------------------------
     A         28      28 
   -------------------------
    Total      28      28
   -------------------------

  ==> Iterations <==

                           Total Energy        Delta E     RMS |[F,P]|

   @DF-UHF iter SAD:    -1.14433235436891   -1.14433e+00   0.00000e+00 
   @DF-UHF iter   1:    -0.40023227221921    7.44100e-01   1.09439e-02 DIIS/ADIIS
   @DF-UHF iter   2:    -0.48997673577877   -8.97445e-02   3.10772e-03 DIIS/ADIIS
   @DF-UHF iter   3:    -0.49676573292519   -6.78900e-03   1.15268e-04 DIIS/ADIIS
   @DF-UHF iter   4:    -0.49677047900357   -4.74608e-06   2.76404e-06 DIIS
   @DF-UHF iter   5:    -0.49677048152678   -2.52320e-09   4.60374e-07 DIIS
   @DF-UHF iter   6:    -0.49677048160311   -7.63289e-11   2.02039e-08 DIIS
   @DF-UHF iter   7:    -0.49677048160323   -1.24567e-13   4.03692e-10 DIIS
   @DF-UHF iter   8:    -0.49677048160324   -6.71685e-15   2.06430e-12 DIIS
  Energy and wave function converged.


  ==> Post-Iterations <==

   @Spin Contamination Metric:   0.000000000E+00
   @S^2 Expected:                7.500000000E-01
   @S^2 Observed:                7.500000000E-01
   @S   Expected:                5.000000000E-01
   @S   Observed:                5.000000000E-01

    Orbital Energies [Eh]
    ---------------------

    Alpha Occupied:                                                       

       1A     -1.403147  

    Alpha Virtual:                                                        

       2A     -0.162229     3A     -0.065582     4A      0.193554  
       5A      0.193554     6A      0.235981     7A      0.671310  
       8A      0.691578     9A      0.691578    10A      1.143161  
      11A      1.651055    12A      1.925207    13A      2.582226  
      14A      2.582226    15A      2.774713    16A      2.774713  
      17A      3.098629    18A      3.148505    19A      3.148505  
      20A      3.653176    21A      3.653176    22A      3.670468  
      23A      3.670468    24A      4.506414    25A      5.777720  
      26A      5.777720    27A      5.815720    28A      7.580958  

    Beta Occupied:                                                        

    

    Beta Virtual:                                                         

       1A     -0.588349     2A     -0.119372     3A     -0.010069  
       4A      0.272356     5A      0.272356     6A      0.313889  
       7A      0.710310     8A      0.710897     9A      0.710897  
      10A      1.167888    11A      1.781641    12A      2.022486  
      13A      2.636215    14A      2.636215    15A      2.892523  
      16A      2.892523    17A      3.159605    18A      3.188790  
      19A      3.188790    20A      3.680919    21A      3.680919  
      22A      3.701816    23A      3.701816    24A      4.539120  
      25A      5.825250    26A      5.825250    27A      5.876125  
      28A      7.670916  

    Final Occupation by Irrep:
              A 
    DOCC [     0 ]
    SOCC [     1 ]
    NA   [     1 ]
    NB   [     0 ]

  @DF-UHF Final Energy:    -0.49677048160324

   => Energetics <=

    Nuclear Repulsion Energy =              0.9063761912859862
    One-Electron Energy =                  -1.4031466728892235
    Two-Electron Energy =                  -0.0000000000000001
    Total Energy =                         -0.4967704816032373

  UHF NO Occupations:
  HONO-0 :    1  A 1.0000000
  LUNO+0 :    2  A 0.0000000
  LUNO+1 :    3  A 0.0000000
  LUNO+2 :    4  A 0.0000000
  LUNO+3 :    5  A 0.0000000


Computation Completed


Properties will be evaluated at   0.000000,   0.000000,   0.000000 [a0]

Properties computed using the SCF density matrix


 Multipole Moments:

 ------------------------------------------------------------------------------------
     Multipole            Electronic (a.u.)      Nuclear  (a.u.)        Total (a.u.)
 ------------------------------------------------------------------------------------

 L = 1.  Multiply by 2.5417464519 to convert [e a0] to [Debye]
 Dipole X            :         -0.0000000            0.0000000           -0.0000000
 Dipole Y            :          0.0000000            0.0000000            0.0000000
 Dipole Z            :          0.0000000            0.0000000            0.0000000
 Magnitude           :                                                    0.0000000

 ------------------------------------------------------------------------------------

*** tstop() called on Angelinas-MacBook-Pro-574.local at Thu Feb 12 13:23:09 2026
Module time:
	user time   =       0.06 seconds =       0.00 minutes
	system time =       0.01 seconds =       0.00 minutes
	total time  =          0 seconds =       0.00 minutes
Total time:
	user time   =      63.43 seconds =       1.06 minutes
	system time =      16.51 seconds =       0.28 minutes
	total time  =      61581 seconds =    1026.35 minutes

Scratch directory: /tmp/
   => Libint2 <=

    Primary   basis highest AM E, G, H:  6, 6, 3
    Auxiliary basis highest AM E, G, H:  7, 7, 4
    Onebody   basis highest AM E, G, H:  -, -, -
    Solid Harmonics ordering:            Gaussian

*** tstart() called on Angelinas-MacBook-Pro-574.local
*** at Thu Feb 12 13:23:09 2026

   => Loading Basis Set <=

    Name: CC-PVTZ
    Role: ORBITAL
    Keyword: BASIS
    atoms 1-2 entry H          line    23 file /opt/anaconda3/envs/psi4/share/psi4/basis/cc-pvtz.gbs 


         ---------------------------------------------------------
                                   SCF
               by Justin Turney, Rob Parrish, Andy Simmonett
                          and Daniel G. A. Smith
                              UHF Reference
                        4 Threads,   1907 MiB Core
         ---------------------------------------------------------

  ==> Geometry <==

    Molecular point group: c1
    Full point group: D_inf_h

    Geometry (in Angstrom), charge = 1, multiplicity = 2:

       Center              X                  Y                   Z               Mass       
    ------------   -----------------  -----------------  -----------------  -----------------
         H            0.000000000000     0.000000000000    -0.311111111111     1.007825032230
         H            0.000000000000     0.000000000000     0.311111111111     1.007825032230

  Running in c1 symmetry.

  Rotational constants: A = ************  B =     86.40728  C =     86.40728 [cm^-1]
  Rotational constants: A = ************  B = 2590424.97606  C = 2590424.97606 [MHz]
  Nuclear repulsion =    0.850463374291071

  Charge       = 1
  Multiplicity = 2
  Electrons    = 1
  Nalpha       = 1
  Nbeta        = 0

  ==> Algorithm <==

  SCF Algorithm Type is DF.
  DIIS enabled.
  MOM disabled.
  Fractional occupation disabled.
  Guess Type is SAD.
  Energy threshold   = 1.00e-10
  Density threshold  = 1.00e-10
  Integral threshold = 1.00e-12

  ==> Primary Basis <==

  Basis Set: CC-PVTZ
    Blend: CC-PVTZ
    Number of shells: 12
    Number of basis functions: 28
    Number of Cartesian functions: 30
    Spherical Harmonics?: true
    Max angular momentum: 2

   => Loading Basis Set <=

    Name: (CC-PVTZ AUX)
    Role: JKFIT
    Keyword: DF_BASIS_SCF
    atoms 1-2 entry H          line    51 file /opt/anaconda3/envs/psi4/share/psi4/basis/cc-pvtz-jkfit.gbs 

  ==> Integral Setup <==

  DFHelper Memory: AOs need 0.001 GiB; user supplied 1.397 GiB. 
  SCF_SUBTYPE=INCORE selected. In-core MEM_DF algorithm will be used.
  Using in-core AOs.

  ==> MemDFJK: Density-Fitted J/K Matrices <==

    J tasked:                   Yes
    K tasked:                   Yes
    wK tasked:                   No
    OpenMP threads:               4
    Memory [MiB]:              1430
    Algorithm:                 Core
    Schwarz Cutoff:           1E-12
    Mask sparsity (%):       0.0000
    Fitting Condition:        1E-10

   => Auxiliary Basis Set <=

  Basis Set: (CC-PVTZ AUX)
    Blend: CC-PVTZ-JKFIT
    Number of shells: 20
    Number of basis functions: 60
    Number of Cartesian functions: 70
    Spherical Harmonics?: true
    Max angular momentum: 3

  Minimum eigenvalue in the overlap matrix is 7.4822014467E-04.
  Reciprocal condition number of the overlap matrix is 1.7364430415E-04.
    Using symmetric orthogonalization.

  ==> Pre-Iterations <==

  SCF Guess: Superposition of Atomic Densities via on-the-fly atomic UHF (no occupation information).

   -------------------------
    Irrep   Nso     Nmo    
   -------------------------
     A         28      28 
   -------------------------
    Total      28      28
   -------------------------

  ==> Iterations <==

                           Total Energy        Delta E     RMS |[F,P]|

   @DF-UHF iter SAD:    -1.15422751260936   -1.15423e+00   0.00000e+00 
   @DF-UHF iter   1:    -0.42749223057271    7.26735e-01   1.06451e-02 DIIS/ADIIS
   @DF-UHF iter   2:    -0.51449717337357   -8.70049e-02   3.04774e-03 DIIS/ADIIS
   @DF-UHF iter   3:    -0.52121286251098   -6.71569e-03   1.10553e-04 DIIS/ADIIS
   @DF-UHF iter   4:    -0.52121726535747   -4.40285e-06   2.86975e-06 DIIS
   @DF-UHF iter   5:    -0.52121726820198   -2.84451e-09   5.04105e-07 DIIS
   @DF-UHF iter   6:    -0.52121726829858   -9.65996e-11   1.87989e-08 DIIS
   @DF-UHF iter   7:    -0.52121726829868   -1.01696e-13   3.70935e-10 DIIS
   @DF-UHF iter   8:    -0.52121726829869   -9.76996e-15   2.26059e-12 DIIS
  Energy and wave function converged.


  ==> Post-Iterations <==

   @Spin Contamination Metric:   0.000000000E+00
   @S^2 Expected:                7.500000000E-01
   @S^2 Observed:                7.500000000E-01
   @S   Expected:                5.000000000E-01
   @S   Observed:                5.000000000E-01

    Orbital Energies [Eh]
    ---------------------

    Alpha Occupied:                                                       

       1A     -1.371681  

    Alpha Virtual:                                                        

       2A     -0.170473     3A     -0.060967     4A      0.193152  
       5A      0.193152     6A      0.227222     7A      0.666033  
       8A      0.689708     9A      0.689708    10A      1.147651  
      11A      1.686715    12A      1.836615    13A      2.577227  
      14A      2.577227    15A      2.770791    16A      2.770791  
      17A      3.093175    18A      3.196011    19A      3.196011  
      20A      3.619553    21A      3.619553    22A      3.635575  
      23A      3.635575    24A      4.429724    25A      5.596847  
      26A      5.596847    27A      5.666892    28A      7.139716  

    Beta Occupied:                                                        

    

    Beta Virtual:                                                         

       1A     -0.576045     2A     -0.123196     3A     -0.005020  
       4A      0.272581     5A      0.272581     6A      0.307399  
       7A      0.705745     8A      0.710266     9A      0.710266  
      10A      1.165142    11A      1.813782    12A      1.935413  
      13A      2.630502    14A      2.630502    15A      2.884526  
      16A      2.884526    17A      3.156638    18A      3.237100  
      19A      3.237100    20A      3.647655    21A      3.647655  
      22A      3.667550    23A      3.667550    24A      4.462719  
      25A      5.642719    26A      5.642719    27A      5.724138  
      28A      7.225294  

    Final Occupation by Irrep:
              A 
    DOCC [     0 ]
    SOCC [     1 ]
    NA   [     1 ]
    NB   [     0 ]

  @DF-UHF Final Energy:    -0.52121726829869

   => Energetics <=

    Nuclear Repulsion Energy =              0.8504633742910714
    One-Electron Energy =                  -1.3716806425897627
    Two-Electron Energy =                   0.0000000000000001
    Total Energy =                         -0.5212172682986913

  UHF NO Occupations:
  HONO-0 :    1  A 1.0000000
  LUNO+0 :    2  A 0.0000000
  LUNO+1 :    3  A 0.0000000
  LUNO+2 :    4  A 0.0000000
  LUNO+3 :    5  A 0.0000000


Computation Completed


Properties will be evaluated at   0.000000,   0.000000,   0.000000 [a0]

Properties computed using the SCF density matrix


 Multipole Moments:

 ------------------------------------------------------------------------------------
     Multipole            Electronic (a.u.)      Nuclear  (a.u.)        Total (a.u.)
 ------------------------------------------------------------------------------------

 L = 1.  Multiply by 2.5417464519 to convert [e a0] to [Debye]
 Dipole X            :          0.0000000            0.0000000            0.0000000
 Dipole Y            :         -0.0000000            0.0000000           -0.0000000
 Dipole Z            :         -0.0000000            0.0000000           -0.0000000
 Magnitude           :                                                    0.0000000

 ------------------------------------------------------------------------------------

*** tstop() called on Angelinas-MacBook-Pro-574.local at Thu Feb 12 13:23:09 2026
Module time:
	user time   =       0.05 seconds =       0.00 minutes
	system time =       0.01 seconds =       0.00 minutes
	total time  =          0 seconds =       0.00 minutes
Total time:
	user time   =      63.49 seconds =       1.06 minutes
	system time =      16.52 seconds =       0.28 minutes
	total time  =      61581 seconds =    1026.35 minutes

Scratch directory: /tmp/
   => Libint2 <=

    Primary   basis highest AM E, G, H:  6, 6, 3
    Auxiliary basis highest AM E, G, H:  7, 7, 4
    Onebody   basis highest AM E, G, H:  -, -, -
    Solid Harmonics ordering:            Gaussian

*** tstart() called on Angelinas-MacBook-Pro-574.local
*** at Thu Feb 12 13:23:10 2026

   => Loading Basis Set <=

    Name: CC-PVTZ
    Role: ORBITAL
    Keyword: BASIS
    atoms 1-2 entry H          line    23 file /opt/anaconda3/envs/psi4/share/psi4/basis/cc-pvtz.gbs 


         ---------------------------------------------------------
                                   SCF
               by Justin Turney, Rob Parrish, Andy Simmonett
                          and Daniel G. A. Smith
                              UHF Reference
                        4 Threads,   1907 MiB Core
         ---------------------------------------------------------

  ==> Geometry <==

    Molecular point group: c1
    Full point group: D_inf_h

    Geometry (in Angstrom), charge = 1, multiplicity = 2:

       Center              X                  Y                   Z               Mass       
    ------------   -----------------  -----------------  -----------------  -----------------
         H            0.000000000000     0.000000000000    -0.330303030303     1.007825032230
         H            0.000000000000     0.000000000000     0.330303030303     1.007825032230

  Running in c1 symmetry.

  Rotational constants: A = ************  B =     76.65778  C =     76.65778 [cm^-1]
  Rotational constants: A = ************  B = 2298142.45835  C = 2298142.45835 [MHz]
  Nuclear repulsion =    0.801048071197706

  Charge       = 1
  Multiplicity = 2
  Electrons    = 1
  Nalpha       = 1
  Nbeta        = 0

  ==> Algorithm <==

  SCF Algorithm Type is DF.
  DIIS enabled.
  MOM disabled.
  Fractional occupation disabled.
  Guess Type is SAD.
  Energy threshold   = 1.00e-10
  Density threshold  = 1.00e-10
  Integral threshold = 1.00e-12

  ==> Primary Basis <==

  Basis Set: CC-PVTZ
    Blend: CC-PVTZ
    Number of shells: 12
    Number of basis functions: 28
    Number of Cartesian functions: 30
    Spherical Harmonics?: true
    Max angular momentum: 2

   => Loading Basis Set <=

    Name: (CC-PVTZ AUX)
    Role: JKFIT
    Keyword: DF_BASIS_SCF
    atoms 1-2 entry H          line    51 file /opt/anaconda3/envs/psi4/share/psi4/basis/cc-pvtz-jkfit.gbs 

  ==> Integral Setup <==

  DFHelper Memory: AOs need 0.001 GiB; user supplied 1.397 GiB. 
  SCF_SUBTYPE=INCORE selected. In-core MEM_DF algorithm will be used.
  Using in-core AOs.

  ==> MemDFJK: Density-Fitted J/K Matrices <==

    J tasked:                   Yes
    K tasked:                   Yes
    wK tasked:                   No
    OpenMP threads:               4
    Memory [MiB]:              1430
    Algorithm:                 Core
    Schwarz Cutoff:           1E-12
    Mask sparsity (%):       0.0000
    Fitting Condition:        1E-10

   => Auxiliary Basis Set <=

  Basis Set: (CC-PVTZ AUX)
    Blend: CC-PVTZ-JKFIT
    Number of shells: 20
    Number of basis functions: 60
    Number of Cartesian functions: 70
    Spherical Harmonics?: true
    Max angular momentum: 3

  Minimum eigenvalue in the overlap matrix is 9.6612213836E-04.
  Reciprocal condition number of the overlap matrix is 2.2568052509E-04.
    Using symmetric orthogonalization.

  ==> Pre-Iterations <==

  SCF Guess: Superposition of Atomic Densities via on-the-fly atomic UHF (no occupation information).

   -------------------------
    Irrep   Nso     Nmo    
   -------------------------
     A         28      28 
   -------------------------
    Total      28      28
   -------------------------

  ==> Iterations <==

                           Total Energy        Delta E     RMS |[F,P]|

   @DF-UHF iter SAD:    -1.15879317237551   -1.15879e+00   0.00000e+00 
   @DF-UHF iter   1:    -0.44970754501192    7.09086e-01   1.03573e-02 DIIS/ADIIS
   @DF-UHF iter   2:    -0.53403975509275   -8.43322e-02   2.98913e-03 DIIS/ADIIS
   @DF-UHF iter   3:    -0.54067948541034   -6.63973e-03   1.06128e-04 DIIS/ADIIS
   @DF-UHF iter   4:    -0.54068357622331   -4.09081e-06   2.98012e-06 DIIS
   @DF-UHF iter   5:    -0.54068357940563   -3.18231e-09   5.47399e-07 DIIS
   @DF-UHF iter   6:    -0.54068357952507   -1.19443e-10   1.70825e-08 DIIS
   @DF-UHF iter   7:    -0.54068357952517   -9.48130e-14   3.36318e-10 DIIS
   @DF-UHF iter   8:    -0.54068357952516    1.33227e-15   2.44811e-12 DIIS
  Energy and wave function converged.


  ==> Post-Iterations <==

   @Spin Contamination Metric:   0.000000000E+00
   @S^2 Expected:                7.500000000E-01
   @S^2 Observed:                7.500000000E-01
   @S   Expected:                5.000000000E-01
   @S   Observed:                5.000000000E-01

    Orbital Energies [Eh]
    ---------------------

    Alpha Occupied:                                                       

       1A     -1.341732  

    Alpha Virtual:                                                        

       2A     -0.179191     3A     -0.056376     4A      0.193039  
       5A      0.193039     6A      0.217629     7A      0.659796  
       8A      0.686961     9A      0.686961    10A      1.147339  
      11A      1.719848    12A      1.780781    13A      2.574561  
      14A      2.574561    15A      2.765332    16A      2.765332  
      17A      3.087838    18A      3.241794    19A      3.241794  
      20A      3.585451    21A      3.585451    22A      3.601060  
      23A      3.601060    24A      4.329619    25A      5.428006  
      26A      5.428006    27A      5.509766    28A      6.789391  

    Beta Occupied:                                                        

    

    Beta Virtual:                                                         

       1A     -0.564318     2A     -0.127293     3A     -0.000012  
       4A      0.272954     5A      0.272954     6A      0.299202  
       7A      0.700297     8A      0.708723     9A      0.708723  
      10A      1.159472    11A      1.843220    12A      1.880392  
      13A      2.627016    14A      2.627016    15A      2.874903  
      16A      2.874903    17A      3.153893    18A      3.283700  
      19A      3.283700    20A      3.613866    21A      3.613866  
      22A      3.633805    23A      3.633805    24A      4.362794  
      25A      5.472267    26A      5.472267    27A      5.563797  
      28A      6.870509  

    Final Occupation by Irrep:
              A 
    DOCC [     0 ]
    SOCC [     1 ]
    NA   [     1 ]
    NB   [     0 ]

  @DF-UHF Final Energy:    -0.54068357952516

   => Energetics <=

    Nuclear Repulsion Energy =              0.8010480711977064
    One-Electron Energy =                  -1.3417316507228705
    Two-Electron Energy =                  -0.0000000000000001
    Total Energy =                         -0.5406835795251641

  UHF NO Occupations:
  HONO-0 :    1  A 1.0000000
  LUNO+0 :    2  A 0.0000000
  LUNO+1 :    3  A 0.0000000
  LUNO+2 :    4  A 0.0000000
  LUNO+3 :    5  A 0.0000000


Computation Completed


Properties will be evaluated at   0.000000,   0.000000,   0.000000 [a0]

Properties computed using the SCF density matrix


 Multipole Moments:

 ------------------------------------------------------------------------------------
     Multipole            Electronic (a.u.)      Nuclear  (a.u.)        Total (a.u.)
 ------------------------------------------------------------------------------------

 L = 1.  Multiply by 2.5417464519 to convert [e a0] to [Debye]
 Dipole X            :         -0.0000000            0.0000000           -0.0000000
 Dipole Y            :          0.0000000            0.0000000            0.0000000
 Dipole Z            :         -0.0000000            0.0000000           -0.0000000
 Magnitude           :                                                    0.0000000

 ------------------------------------------------------------------------------------

*** tstop() called on Angelinas-MacBook-Pro-574.local at Thu Feb 12 13:23:10 2026
Module time:
	user time   =       0.05 seconds =       0.00 minutes
	system time =       0.00 seconds =       0.00 minutes
	total time  =          0 seconds =       0.00 minutes
Total time:
	user time   =      63.56 seconds =       1.06 minutes
	system time =      16.52 seconds =       0.28 minutes
	total time  =      61582 seconds =    1026.37 minutes

Scratch directory: /tmp/
   => Libint2 <=

    Primary   basis highest AM E, G, H:  6, 6, 3
    Auxiliary basis highest AM E, G, H:  7, 7, 4
    Onebody   basis highest AM E, G, H:  -, -, -
    Solid Harmonics ordering:            Gaussian

*** tstart() called on Angelinas-MacBook-Pro-574.local
*** at Thu Feb 12 13:23:10 2026

   => Loading Basis Set <=

    Name: CC-PVTZ
    Role: ORBITAL
    Keyword: BASIS
    atoms 1-2 entry H          line    23 file /opt/anaconda3/envs/psi4/share/psi4/basis/cc-pvtz.gbs 


         ---------------------------------------------------------
                                   SCF
               by Justin Turney, Rob Parrish, Andy Simmonett
                          and Daniel G. A. Smith
                              UHF Reference
                        4 Threads,   1907 MiB Core
         ---------------------------------------------------------

  ==> Geometry <==

    Molecular point group: c1
    Full point group: D_inf_h

    Geometry (in Angstrom), charge = 1, multiplicity = 2:

       Center              X                  Y                   Z               Mass       
    ------------   -----------------  -----------------  -----------------  -----------------
         H            0.000000000000     0.000000000000    -0.349494949495     1.007825032230
         H            0.000000000000     0.000000000000     0.349494949495     1.007825032230

  Running in c1 symmetry.

  Rotational constants: A = ************  B =     68.46988  C =     68.46988 [cm^-1]
  Rotational constants: A = ************  B = 2052675.28926  C = 2052675.28926 [MHz]
  Nuclear repulsion =    0.757059882316908

  Charge       = 1
  Multiplicity = 2
  Electrons    = 1
  Nalpha       = 1
  Nbeta        = 0

  ==> Algorithm <==

  SCF Algorithm Type is DF.
  DIIS enabled.
  MOM disabled.
  Fractional occupation disabled.
  Guess Type is SAD.
  Energy threshold   = 1.00e-10
  Density threshold  = 1.00e-10
  Integral threshold = 1.00e-12

  ==> Primary Basis <==

  Basis Set: CC-PVTZ
    Blend: CC-PVTZ
    Number of shells: 12
    Number of basis functions: 28
    Number of Cartesian functions: 30
    Spherical Harmonics?: true
    Max angular momentum: 2

   => Loading Basis Set <=

    Name: (CC-PVTZ AUX)
    Role: JKFIT
    Keyword: DF_BASIS_SCF
    atoms 1-2 entry H          line    51 file /opt/anaconda3/envs/psi4/share/psi4/basis/cc-pvtz-jkfit.gbs 

  ==> Integral Setup <==

  DFHelper Memory: AOs need 0.001 GiB; user supplied 1.397 GiB. 
  SCF_SUBTYPE=INCORE selected. In-core MEM_DF algorithm will be used.
  Using in-core AOs.

  ==> MemDFJK: Density-Fitted J/K Matrices <==

    J tasked:                   Yes
    K tasked:                   Yes
    wK tasked:                   No
    OpenMP threads:               4
    Memory [MiB]:              1430
    Algorithm:                 Core
    Schwarz Cutoff:           1E-12
    Mask sparsity (%):       0.0000
    Fitting Condition:        1E-10

   => Auxiliary Basis Set <=

  Basis Set: (CC-PVTZ AUX)
    Blend: CC-PVTZ-JKFIT
    Number of shells: 20
    Number of basis functions: 60
    Number of Cartesian functions: 70
    Spherical Harmonics?: true
    Max angular momentum: 3

  Minimum eigenvalue in the overlap matrix is 1.2358472744E-03.
  Reciprocal condition number of the overlap matrix is 2.9071725075E-04.
    Using symmetric orthogonalization.

  ==> Pre-Iterations <==

  SCF Guess: Superposition of Atomic Densities via on-the-fly atomic UHF (no occupation information).

   -------------------------
    Irrep   Nso     Nmo    
   -------------------------
     A         28      28 
   -------------------------
    Total      28      28
   -------------------------

  ==> Iterations <==

                           Total Energy        Delta E     RMS |[F,P]|

   @DF-UHF iter SAD:    -1.15919463026161   -1.15919e+00   0.00000e+00 
   @DF-UHF iter   1:    -0.46786384577954    6.91331e-01   1.00804e-02 DIIS/ADIIS
   @DF-UHF iter   2:    -0.54959259890798   -8.17288e-02   2.93189e-03 DIIS/ADIIS
   @DF-UHF iter   3:    -0.55615368875311   -6.56109e-03   1.01985e-04 DIIS/ADIIS
   @DF-UHF iter   4:    -0.55615749674077   -3.80799e-06   3.09406e-06 DIIS
   @DF-UHF iter   5:    -0.55615750027371   -3.53294e-09   5.90123e-07 DIIS
   @DF-UHF iter   6:    -0.55615750041861   -1.44901e-10   1.51966e-08 DIIS
   @DF-UHF iter   7:    -0.55615750041868   -6.97220e-14   3.00644e-10 DIIS
   @DF-UHF iter   8:    -0.55615750041868   -1.44329e-15   2.62160e-12 DIIS
  Energy and wave function converged.


  ==> Post-Iterations <==

   @Spin Contamination Metric:   0.000000000E+00
   @S^2 Expected:                7.500000000E-01
   @S^2 Observed:                7.500000000E-01
   @S   Expected:                5.000000000E-01
   @S   Observed:                5.000000000E-01

    Orbital Energies [Eh]
    ---------------------

    Alpha Occupied:                                                       

       1A     -1.313217  

    Alpha Virtual:                                                        

       2A     -0.188316     3A     -0.051811     4A      0.193214  
       5A      0.193214     6A      0.207842     7A      0.652551  
       8A      0.683358     9A      0.683358    10A      1.142324  
      11A      1.750912    12A      1.752975    13A      2.574452  
      14A      2.574452    15A      2.758139    16A      2.758139  
      17A      3.080733    18A      3.284237    19A      3.284237  
      20A      3.551076    21A      3.551076    22A      3.567519  
      23A      3.567519    24A      4.216210    25A      5.271217  
      26A      5.271217    27A      5.351973    28A      6.512270  

    Beta Occupied:                                                        

    

    Beta Virtual:                                                         

       1A     -0.553143     2A     -0.131627     3A      0.004949  
       4A      0.273486     5A      0.273486     6A      0.290084  
       7A      0.693910     8A      0.706279     9A      0.706279  
      10A      1.151236    11A      1.852245    12A      1.870490  
      13A      2.625993    14A      2.625993    15A      2.863437  
      16A      2.863437    17A      3.149441    18A      3.326963  
      19A      3.326963    20A      3.579756    21A      3.579756  
      22A      3.601198    23A      3.601198    24A      4.249403  
      25A      5.313914    26A      5.313914    27A      5.402768  
      28A      6.588988  

    Final Occupation by Irrep:
              A 
    DOCC [     0 ]
    SOCC [     1 ]
    NA   [     1 ]
    NB   [     0 ]

  @DF-UHF Final Energy:    -0.55615750041868

   => Energetics <=

    Nuclear Repulsion Energy =              0.7570598823169076
    One-Electron Energy =                  -1.3132173827355889
    Two-Electron Energy =                  -0.0000000000000001
    Total Energy =                         -0.5561575004186814

  UHF NO Occupations:
  HONO-0 :    1  A 1.0000000
  LUNO+0 :    2  A 0.0000000
  LUNO+1 :    3  A 0.0000000
  LUNO+2 :    4  A 0.0000000
  LUNO+3 :    5  A 0.0000000


Computation Completed


Properties will be evaluated at   0.000000,   0.000000,   0.000000 [a0]

Properties computed using the SCF density matrix


 Multipole Moments:

 ------------------------------------------------------------------------------------
     Multipole            Electronic (a.u.)      Nuclear  (a.u.)        Total (a.u.)
 ------------------------------------------------------------------------------------

 L = 1.  Multiply by 2.5417464519 to convert [e a0] to [Debye]
 Dipole X            :         -0.0000000            0.0000000           -0.0000000
 Dipole Y            :         -0.0000000            0.0000000           -0.0000000
 Dipole Z            :          0.0000000            0.0000000            0.0000000
 Magnitude           :                                                    0.0000000

 ------------------------------------------------------------------------------------

*** tstop() called on Angelinas-MacBook-Pro-574.local at Thu Feb 12 13:23:10 2026
Module time:
	user time   =       0.05 seconds =       0.00 minutes
	system time =       0.01 seconds =       0.00 minutes
	total time  =          0 seconds =       0.00 minutes
Total time:
	user time   =      63.63 seconds =       1.06 minutes
	system time =      16.53 seconds =       0.28 minutes
	total time  =      61582 seconds =    1026.37 minutes

Scratch directory: /tmp/
   => Libint2 <=

    Primary   basis highest AM E, G, H:  6, 6, 3
    Auxiliary basis highest AM E, G, H:  7, 7, 4
    Onebody   basis highest AM E, G, H:  -, -, -
    Solid Harmonics ordering:            Gaussian

*** tstart() called on Angelinas-MacBook-Pro-574.local
*** at Thu Feb 12 13:23:10 2026

   => Loading Basis Set <=

    Name: CC-PVTZ
    Role: ORBITAL
    Keyword: BASIS
    atoms 1-2 entry H          line    23 file /opt/anaconda3/envs/psi4/share/psi4/basis/cc-pvtz.gbs 


         ---------------------------------------------------------
                                   SCF
               by Justin Turney, Rob Parrish, Andy Simmonett
                          and Daniel G. A. Smith
                              UHF Reference
                        4 Threads,   1907 MiB Core
         ---------------------------------------------------------

  ==> Geometry <==

    Molecular point group: c1
    Full point group: D_inf_h

    Geometry (in Angstrom), charge = 1, multiplicity = 2:

       Center              X                  Y                   Z               Mass       
    ------------   -----------------  -----------------  -----------------  -----------------
         H            0.000000000000     0.000000000000    -0.368686868687     1.007825032230
         H            0.000000000000     0.000000000000     0.368686868687     1.007825032230

  Running in c1 symmetry.

  Rotational constants: A = ************  B =     61.52704  C =     61.52704 [cm^-1]
  Rotational constants: A = ************  B = 1844534.24604  C = 1844534.24604 [MHz]
  Nuclear repulsion =    0.717651285703151

  Charge       = 1
  Multiplicity = 2
  Electrons    = 1
  Nalpha       = 1
  Nbeta        = 0

  ==> Algorithm <==

  SCF Algorithm Type is DF.
  DIIS enabled.
  MOM disabled.
  Fractional occupation disabled.
  Guess Type is SAD.
  Energy threshold   = 1.00e-10
  Density threshold  = 1.00e-10
  Integral threshold = 1.00e-12

  ==> Primary Basis <==

  Basis Set: CC-PVTZ
    Blend: CC-PVTZ
    Number of shells: 12
    Number of basis functions: 28
    Number of Cartesian functions: 30
    Spherical Harmonics?: true
    Max angular momentum: 2

   => Loading Basis Set <=

    Name: (CC-PVTZ AUX)
    Role: JKFIT
    Keyword: DF_BASIS_SCF
    atoms 1-2 entry H          line    51 file /opt/anaconda3/envs/psi4/share/psi4/basis/cc-pvtz-jkfit.gbs 

  ==> Integral Setup <==

  DFHelper Memory: AOs need 0.001 GiB; user supplied 1.397 GiB. 
  SCF_SUBTYPE=INCORE selected. In-core MEM_DF algorithm will be used.
  Using in-core AOs.

  ==> MemDFJK: Density-Fitted J/K Matrices <==

    J tasked:                   Yes
    K tasked:                   Yes
    wK tasked:                   No
    OpenMP threads:               4
    Memory [MiB]:              1430
    Algorithm:                 Core
    Schwarz Cutoff:           1E-12
    Mask sparsity (%):       0.0000
    Fitting Condition:        1E-10

   => Auxiliary Basis Set <=

  Basis Set: (CC-PVTZ AUX)
    Blend: CC-PVTZ-JKFIT
    Number of shells: 20
    Number of basis functions: 60
    Number of Cartesian functions: 70
    Spherical Harmonics?: true
    Max angular momentum: 3

  Minimum eigenvalue in the overlap matrix is 1.5662481561E-03.
  Reciprocal condition number of the overlap matrix is 3.7121701431E-04.
    Using symmetric orthogonalization.

  ==> Pre-Iterations <==

  SCF Guess: Superposition of Atomic Densities via on-the-fly atomic UHF (no occupation information).

   -------------------------
    Irrep   Nso     Nmo    
   -------------------------
     A         28      28 
   -------------------------
    Total      28      28
   -------------------------

  ==> Iterations <==

                           Total Energy        Delta E     RMS |[F,P]|

   @DF-UHF iter SAD:    -1.15634794050444   -1.15635e+00   0.00000e+00 
   @DF-UHF iter   1:    -0.48272600927243    6.73622e-01   9.81403e-03 DIIS/ADIIS
   @DF-UHF iter   2:    -0.56192202369710   -7.91960e-02   2.87602e-03 DIIS/ADIIS
   @DF-UHF iter   3:    -0.56840177168504   -6.47975e-03   9.81122e-05 DIIS
   @DF-UHF iter   4:    -0.56840532397466   -3.55229e-06   3.21106e-06 DIIS
   @DF-UHF iter   5:    -0.56840532786899   -3.89433e-09   6.32268e-07 DIIS
   @DF-UHF iter   6:    -0.56840532804203   -1.73039e-10   1.32581e-08 DIIS
   @DF-UHF iter   7:    -0.56840532804208   -5.24025e-14   2.64734e-10 DIIS
   @DF-UHF iter   8:    -0.56840532804208    6.32827e-15   2.77312e-12 DIIS
  Energy and wave function converged.


  ==> Post-Iterations <==

   @Spin Contamination Metric:   0.000000000E+00
   @S^2 Expected:                7.500000000E-01
   @S^2 Observed:                7.500000000E-01
   @S   Expected:                5.000000000E-01
   @S   Observed:                5.000000000E-01

    Orbital Energies [Eh]
    ---------------------

    Alpha Occupied:                                                       

       1A     -1.286057  

    Alpha Virtual:                                                        

       2A     -0.197774     3A     -0.047273     4A      0.193676  
       5A      0.193676     6A      0.198268     7A      0.644295  
       8A      0.678971     9A      0.678971    10A      1.133968  
      11A      1.749364    12A      1.780332    13A      2.577063  
      14A      2.577063    15A      2.749059    16A      2.749059  
      17A      3.070116    18A      3.322289    19A      3.322289  
      20A      3.516630    21A      3.516630    22A      3.535552  
      23A      3.535552    24A      4.098316    25A      5.125890  
      26A      5.125890    27A      5.199247    28A      6.295253  

    Beta Occupied:                                                        

    

    Beta Virtual:                                                         

       1A     -0.542496     2A     -0.136165     3A      0.009861  
       4A      0.274185     5A      0.274185     6A      0.280565  
       7A      0.686572     8A      0.703002     9A      0.703002  
      10A      1.141804    11A      1.847010    12A      1.896078  
      13A      2.627609    14A      2.627609    15A      2.849966  
      16A      2.849966    17A      3.141478    18A      3.365831  
      19A      3.365831    20A      3.545530    21A      3.545530  
      22A      3.570340    23A      3.570340    24A      4.131361  
      25A      5.167067    26A      5.167067    27A      5.246835  
      28A      6.367694  

    Final Occupation by Irrep:
              A 
    DOCC [     0 ]
    SOCC [     1 ]
    NA   [     1 ]
    NB   [     0 ]

  @DF-UHF Final Energy:    -0.56840532804208

   => Energetics <=

    Nuclear Repulsion Energy =              0.7176512857031508
    One-Electron Energy =                  -1.2860566137452278
    Two-Electron Energy =                  -0.0000000000000001
    Total Energy =                         -0.5684053280420771

  UHF NO Occupations:
  HONO-0 :    1  A 1.0000000
  LUNO+0 :    2  A 0.0000000
  LUNO+1 :    3  A 0.0000000
  LUNO+2 :    4  A 0.0000000
  LUNO+3 :    5  A 0.0000000


Computation Completed


Properties will be evaluated at   0.000000,   0.000000,   0.000000 [a0]

Properties computed using the SCF density matrix


 Multipole Moments:

 ------------------------------------------------------------------------------------
     Multipole            Electronic (a.u.)      Nuclear  (a.u.)        Total (a.u.)
 ------------------------------------------------------------------------------------

 L = 1.  Multiply by 2.5417464519 to convert [e a0] to [Debye]
 Dipole X            :          0.0000000            0.0000000            0.0000000
 Dipole Y            :         -0.0000000            0.0000000           -0.0000000
 Dipole Z            :          0.0000000            0.0000000            0.0000000
 Magnitude           :                                                    0.0000000

 ------------------------------------------------------------------------------------

*** tstop() called on Angelinas-MacBook-Pro-574.local at Thu Feb 12 13:23:10 2026
Module time:
	user time   =       0.05 seconds =       0.00 minutes
	system time =       0.01 seconds =       0.00 minutes
	total time  =          0 seconds =       0.00 minutes
Total time:
	user time   =      63.70 seconds =       1.06 minutes
	system time =      16.54 seconds =       0.28 minutes
	total time  =      61582 seconds =    1026.37 minutes

Scratch directory: /tmp/
   => Libint2 <=

    Primary   basis highest AM E, G, H:  6, 6, 3
    Auxiliary basis highest AM E, G, H:  7, 7, 4
    Onebody   basis highest AM E, G, H:  -, -, -
    Solid Harmonics ordering:            Gaussian

*** tstart() called on Angelinas-MacBook-Pro-574.local
*** at Thu Feb 12 13:23:10 2026

   => Loading Basis Set <=

    Name: CC-PVTZ
    Role: ORBITAL
    Keyword: BASIS
    atoms 1-2 entry H          line    23 file /opt/anaconda3/envs/psi4/share/psi4/basis/cc-pvtz.gbs 


         ---------------------------------------------------------
                                   SCF
               by Justin Turney, Rob Parrish, Andy Simmonett
                          and Daniel G. A. Smith
                              UHF Reference
                        4 Threads,   1907 MiB Core
         ---------------------------------------------------------

  ==> Geometry <==

    Molecular point group: c1
    Full point group: D_inf_h

    Geometry (in Angstrom), charge = 1, multiplicity = 2:

       Center              X                  Y                   Z               Mass       
    ------------   -----------------  -----------------  -----------------  -----------------
         H            0.000000000000     0.000000000000    -0.387878787879     1.007825032230
         H            0.000000000000     0.000000000000     0.387878787879     1.007825032230

  Running in c1 symmetry.

  Rotational constants: A = ************  B =     55.58906  C =     55.58906 [cm^-1]
  Rotational constants: A = ************  B = 1666517.97776  C = 1666517.97776 [MHz]
  Nuclear repulsion =    0.682142498129297

  Charge       = 1
  Multiplicity = 2
  Electrons    = 1
  Nalpha       = 1
  Nbeta        = 0

  ==> Algorithm <==

  SCF Algorithm Type is DF.
  DIIS enabled.
  MOM disabled.
  Fractional occupation disabled.
  Guess Type is SAD.
  Energy threshold   = 1.00e-10
  Density threshold  = 1.00e-10
  Integral threshold = 1.00e-12

  ==> Primary Basis <==

  Basis Set: CC-PVTZ
    Blend: CC-PVTZ
    Number of shells: 12
    Number of basis functions: 28
    Number of Cartesian functions: 30
    Spherical Harmonics?: true
    Max angular momentum: 2

   => Loading Basis Set <=

    Name: (CC-PVTZ AUX)
    Role: JKFIT
    Keyword: DF_BASIS_SCF
    atoms 1-2 entry H          line    51 file /opt/anaconda3/envs/psi4/share/psi4/basis/cc-pvtz-jkfit.gbs 

  ==> Integral Setup <==

  DFHelper Memory: AOs need 0.001 GiB; user supplied 1.397 GiB. 
  SCF_SUBTYPE=INCORE selected. In-core MEM_DF algorithm will be used.
  Using in-core AOs.

  ==> MemDFJK: Density-Fitted J/K Matrices <==

    J tasked:                   Yes
    K tasked:                   Yes
    wK tasked:                   No
    OpenMP threads:               4
    Memory [MiB]:              1430
    Algorithm:                 Core
    Schwarz Cutoff:           1E-12
    Mask sparsity (%):       0.0000
    Fitting Condition:        1E-10

   => Auxiliary Basis Set <=

  Basis Set: (CC-PVTZ AUX)
    Blend: CC-PVTZ-JKFIT
    Number of shells: 20
    Number of basis functions: 60
    Number of Cartesian functions: 70
    Spherical Harmonics?: true
    Max angular momentum: 3

  Minimum eigenvalue in the overlap matrix is 1.9693662943E-03.
  Reciprocal condition number of the overlap matrix is 4.7051745495E-04.
    Using symmetric orthogonalization.

  ==> Pre-Iterations <==

  SCF Guess: Superposition of Atomic Densities via on-the-fly atomic UHF (no occupation information).

   -------------------------
    Irrep   Nso     Nmo    
   -------------------------
     A         28      28 
   -------------------------
    Total      28      28
   -------------------------

  ==> Iterations <==

                           Total Energy        Delta E     RMS |[F,P]|

   @DF-UHF iter SAD:    -1.15097863030702   -1.15098e+00   0.00000e+00 
   @DF-UHF iter   1:    -0.49489438031211    6.56084e-01   9.55804e-03 DIIS/ADIIS
   @DF-UHF iter   2:    -0.57162915382875   -7.67348e-02   2.82149e-03 DIIS/ADIIS
   @DF-UHF iter   3:    -0.57802487712780   -6.39572e-03   9.45002e-05 DIIS
   @DF-UHF iter   4:    -0.57802819884547   -3.32172e-06   3.33112e-06 DIIS
   @DF-UHF iter   5:    -0.57802820311136   -4.26589e-09   6.73884e-07 DIIS
   @DF-UHF iter   6:    -0.57802820331534   -2.03973e-10   1.13586e-08 DIIS
   @DF-UHF iter   7:    -0.57802820331537   -3.14193e-14   2.29270e-10 DIIS
   @DF-UHF iter   8:    -0.57802820331537   -4.88498e-15   2.89776e-12 DIIS
  Energy and wave function converged.


  ==> Post-Iterations <==

   @Spin Contamination Metric:   0.000000000E+00
   @S^2 Expected:                7.500000000E-01
   @S^2 Observed:                7.500000000E-01
   @S   Expected:                5.000000000E-01
   @S   Observed:                5.000000000E-01

    Orbital Energies [Eh]
    ---------------------

    Alpha Occupied:                                                       

       1A     -1.260171  

    Alpha Virtual:                                                        

       2A     -0.207490     3A     -0.042762     4A      0.189125  
       5A      0.194425     6A      0.194425     7A      0.635068  
       8A      0.673897     9A      0.673897    10A      1.123908  
      11A      1.766514    12A      1.808463    13A      2.582488  
      14A      2.582488    15A      2.738021    16A      2.738021  
      17A      3.054682    18A      3.355396    19A      3.355396  
      20A      3.482318    21A      3.482318    22A      3.505722  
      23A      3.505722    24A      3.983491    25A      4.991102  
      26A      4.991102    27A      5.055358    28A      6.127203  

    Beta Occupied:                                                        

    

    Beta Virtual:                                                         

       1A     -0.532352     2A     -0.140879     3A      0.014719  
       4A      0.270950     5A      0.275061     6A      0.275061  
       7A      0.678312     8A      0.698987     9A      0.698987  
      10A      1.132543    11A      1.861440    12A      1.920386  
      13A      2.631972    14A      2.631972    15A      2.834424  
      16A      2.834424    17A      3.128609    18A      3.399740  
      19A      3.399740    20A      3.511394    21A      3.511394  
      22A      3.541788    23A      3.541788    24A      4.016246  
      25A      5.030801    26A      5.030801    27A      5.099834  
      28A      6.195518  

    Final Occupation by Irrep:
              A 
    DOCC [     0 ]
    SOCC [     1 ]
    NA   [     1 ]
    NB   [     0 ]

  @DF-UHF Final Energy:    -0.57802820331537

   => Energetics <=

    Nuclear Repulsion Energy =              0.6821424981292971
    One-Electron Energy =                  -1.2601707014446690
    Two-Electron Energy =                   0.0000000000000001
    Total Energy =                         -0.5780282033153719

  UHF NO Occupations:
  HONO-0 :    1  A 1.0000000
  LUNO+0 :    2  A 0.0000000
  LUNO+1 :    3  A 0.0000000
  LUNO+2 :    4  A 0.0000000
  LUNO+3 :    5  A 0.0000000


Computation Completed


Properties will be evaluated at   0.000000,   0.000000,   0.000000 [a0]

Properties computed using the SCF density matrix


 Multipole Moments:

 ------------------------------------------------------------------------------------
     Multipole            Electronic (a.u.)      Nuclear  (a.u.)        Total (a.u.)
 ------------------------------------------------------------------------------------

 L = 1.  Multiply by 2.5417464519 to convert [e a0] to [Debye]
 Dipole X            :         -0.0000000            0.0000000           -0.0000000
 Dipole Y            :          0.0000000            0.0000000            0.0000000
 Dipole Z            :          0.0000000            0.0000000            0.0000000
 Magnitude           :                                                    0.0000000

 ------------------------------------------------------------------------------------

*** tstop() called on Angelinas-MacBook-Pro-574.local at Thu Feb 12 13:23:10 2026
Module time:
	user time   =       0.05 seconds =       0.00 minutes
	system time =       0.00 seconds =       0.00 minutes
	total time  =          0 seconds =       0.00 minutes
Total time:
	user time   =      63.77 seconds =       1.06 minutes
	system time =      16.54 seconds =       0.28 minutes
	total time  =      61582 seconds =    1026.37 minutes

Scratch directory: /tmp/
   => Libint2 <=

    Primary   basis highest AM E, G, H:  6, 6, 3
    Auxiliary basis highest AM E, G, H:  7, 7, 4
    Onebody   basis highest AM E, G, H:  -, -, -
    Solid Harmonics ordering:            Gaussian

*** tstart() called on Angelinas-MacBook-Pro-574.local
*** at Thu Feb 12 13:23:10 2026

   => Loading Basis Set <=

    Name: CC-PVTZ
    Role: ORBITAL
    Keyword: BASIS
    atoms 1-2 entry H          line    23 file /opt/anaconda3/envs/psi4/share/psi4/basis/cc-pvtz.gbs 


         ---------------------------------------------------------
                                   SCF
               by Justin Turney, Rob Parrish, Andy Simmonett
                          and Daniel G. A. Smith
                              UHF Reference
                        4 Threads,   1907 MiB Core
         ---------------------------------------------------------

  ==> Geometry <==

    Molecular point group: c1
    Full point group: D_inf_h

    Geometry (in Angstrom), charge = 1, multiplicity = 2:

       Center              X                  Y                   Z               Mass       
    ------------   -----------------  -----------------  -----------------  -----------------
         H            0.000000000000     0.000000000000    -0.407070707071     1.007825032230
         H            0.000000000000     0.000000000000     0.407070707071     1.007825032230

  Running in c1 symmetry.

  Rotational constants: A = ************  B =     50.47097  C =     50.47097 [cm^-1]
  Rotational constants: A = ************  B = 1513081.63297  C = 1513081.63297 [MHz]
  Nuclear repulsion =    0.649981933701365

  Charge       = 1
  Multiplicity = 2
  Electrons    = 1
  Nalpha       = 1
  Nbeta        = 0

  ==> Algorithm <==

  SCF Algorithm Type is DF.
  DIIS enabled.
  MOM disabled.
  Fractional occupation disabled.
  Guess Type is SAD.
  Energy threshold   = 1.00e-10
  Density threshold  = 1.00e-10
  Integral threshold = 1.00e-12

  ==> Primary Basis <==

  Basis Set: CC-PVTZ
    Blend: CC-PVTZ
    Number of shells: 12
    Number of basis functions: 28
    Number of Cartesian functions: 30
    Spherical Harmonics?: true
    Max angular momentum: 2

   => Loading Basis Set <=

    Name: (CC-PVTZ AUX)
    Role: JKFIT
    Keyword: DF_BASIS_SCF
    atoms 1-2 entry H          line    51 file /opt/anaconda3/envs/psi4/share/psi4/basis/cc-pvtz-jkfit.gbs 

  ==> Integral Setup <==

  DFHelper Memory: AOs need 0.001 GiB; user supplied 1.397 GiB. 
  SCF_SUBTYPE=INCORE selected. In-core MEM_DF algorithm will be used.
  Using in-core AOs.

  ==> MemDFJK: Density-Fitted J/K Matrices <==

    J tasked:                   Yes
    K tasked:                   Yes
    wK tasked:                   No
    OpenMP threads:               4
    Memory [MiB]:              1430
    Algorithm:                 Core
    Schwarz Cutoff:           1E-12
    Mask sparsity (%):       0.0000
    Fitting Condition:        1E-10

   => Auxiliary Basis Set <=

  Basis Set: (CC-PVTZ AUX)
    Blend: CC-PVTZ-JKFIT
    Number of shells: 20
    Number of basis functions: 60
    Number of Cartesian functions: 70
    Spherical Harmonics?: true
    Max angular momentum: 3

  Minimum eigenvalue in the overlap matrix is 2.4612533808E-03.
  Reciprocal condition number of the overlap matrix is 5.9307581908E-04.
    Using symmetric orthogonalization.

  ==> Pre-Iterations <==

  SCF Guess: Superposition of Atomic Densities via on-the-fly atomic UHF (no occupation information).

   -------------------------
    Irrep   Nso     Nmo    
   -------------------------
     A         28      28 
   -------------------------
    Total      28      28
   -------------------------

  ==> Iterations <==

                           Total Energy        Delta E     RMS |[F,P]|

   @DF-UHF iter SAD:    -1.14366481630959   -1.14366e+00   0.00000e+00 
   @DF-UHF iter   1:    -0.50484502297377    6.38820e-01   9.31208e-03 DIIS/ADIIS
   @DF-UHF iter   2:    -0.57919038884371   -7.43454e-02   2.76828e-03 DIIS/ADIIS
   @DF-UHF iter   3:    -0.58549946753390   -6.30908e-03   9.11397e-05 DIIS
   @DF-UHF iter   4:    -0.58550258192912   -3.11440e-06   3.45442e-06 DIIS
   @DF-UHF iter   5:    -0.58550258657715   -4.64803e-09   7.15036e-07 DIIS
   @DF-UHF iter   6:    -0.58550258681499   -2.37838e-10   9.57042e-09 DIIS
   @DF-UHF iter   7:    -0.58550258681501   -2.45359e-14   1.94502e-10 DIIS
   @DF-UHF iter   8:    -0.58550258681501    3.44169e-15   2.99014e-12 DIIS
  Energy and wave function converged.


  ==> Post-Iterations <==

   @Spin Contamination Metric:   0.000000000E+00
   @S^2 Expected:                7.500000000E-01
   @S^2 Observed:                7.500000000E-01
   @S   Expected:                5.000000000E-01
   @S   Observed:                5.000000000E-01

    Orbital Energies [Eh]
    ---------------------

    Alpha Occupied:                                                       

       1A     -1.235485  

    Alpha Virtual:                                                        

       2A     -0.217390     3A     -0.038279     4A      0.180523  
       5A      0.195461     6A      0.195461     7A      0.624938  
       8A      0.668241     9A      0.668241    10A      1.113418  
      11A      1.800745    12A      1.835566    13A      2.590743  
      14A      2.590743    15A      2.725065    16A      2.725065  
      17A      3.033725    18A      3.383388    19A      3.383388  
      20A      3.448337    21A      3.448337    22A      3.478518  
      23A      3.478518    24A      3.877798    25A      4.865798  
      26A      4.865798    27A      4.922368    28A      5.997739  

    Beta Occupied:                                                        

    

    Beta Virtual:                                                         

       1A     -0.522686     2A     -0.145739     3A      0.019523  
       4A      0.261422     5A      0.276124     6A      0.276124  
       7A      0.669196     8A      0.694338     9A      0.694338  
      10A      1.124236    11A      1.892260    12A      1.943708  
      13A      2.639109    14A      2.639109    15A      2.816878  
      16A      2.816878    17A      3.110025    18A      3.428512  
      19A      3.428512    20A      3.477546    21A      3.477546  
      22A      3.516003    23A      3.516003    24A      3.910183  
      25A      4.904061    26A      4.904061    27A      4.963909  
      28A      6.062079  

    Final Occupation by Irrep:
              A 
    DOCC [     0 ]
    SOCC [     1 ]
    NA   [     1 ]
    NB   [     0 ]

  @DF-UHF Final Energy:    -0.58550258681501

   => Energetics <=

    Nuclear Repulsion Energy =              0.6499819337013649
    One-Electron Energy =                  -1.2354845205163731
    Two-Electron Energy =                   0.0000000000000000
    Total Energy =                         -0.5855025868150082

  UHF NO Occupations:
  HONO-0 :    1  A 1.0000000
  LUNO+0 :    2  A 0.0000000
  LUNO+1 :    3  A 0.0000000
  LUNO+2 :    4  A 0.0000000
  LUNO+3 :    5  A 0.0000000


Computation Completed


Properties will be evaluated at   0.000000,   0.000000,   0.000000 [a0]

Properties computed using the SCF density matrix


 Multipole Moments:

 ------------------------------------------------------------------------------------
     Multipole            Electronic (a.u.)      Nuclear  (a.u.)        Total (a.u.)
 ------------------------------------------------------------------------------------

 L = 1.  Multiply by 2.5417464519 to convert [e a0] to [Debye]
 Dipole X            :         -0.0000000            0.0000000           -0.0000000
 Dipole Y            :          0.0000000            0.0000000            0.0000000
 Dipole Z            :         -0.0000000            0.0000000           -0.0000000
 Magnitude           :                                                    0.0000000

 ------------------------------------------------------------------------------------

*** tstop() called on Angelinas-MacBook-Pro-574.local at Thu Feb 12 13:23:10 2026
Module time:
	user time   =       0.06 seconds =       0.00 minutes
	system time =       0.01 seconds =       0.00 minutes
	total time  =          0 seconds =       0.00 minutes
Total time:
	user time   =      63.84 seconds =       1.06 minutes
	system time =      16.55 seconds =       0.28 minutes
	total time  =      61582 seconds =    1026.37 minutes

Scratch directory: /tmp/
   => Libint2 <=

    Primary   basis highest AM E, G, H:  6, 6, 3
    Auxiliary basis highest AM E, G, H:  7, 7, 4
    Onebody   basis highest AM E, G, H:  -, -, -
    Solid Harmonics ordering:            Gaussian

*** tstart() called on Angelinas-MacBook-Pro-574.local
*** at Thu Feb 12 13:23:10 2026

   => Loading Basis Set <=

    Name: CC-PVTZ
    Role: ORBITAL
    Keyword: BASIS
    atoms 1-2 entry H          line    23 file /opt/anaconda3/envs/psi4/share/psi4/basis/cc-pvtz.gbs 


         ---------------------------------------------------------
                                   SCF
               by Justin Turney, Rob Parrish, Andy Simmonett
                          and Daniel G. A. Smith
                              UHF Reference
                        4 Threads,   1907 MiB Core
         ---------------------------------------------------------

  ==> Geometry <==

    Molecular point group: c1
    Full point group: D_inf_h

    Geometry (in Angstrom), charge = 1, multiplicity = 2:

       Center              X                  Y                   Z               Mass       
    ------------   -----------------  -----------------  -----------------  -----------------
         H            0.000000000000     0.000000000000    -0.426262626263     1.007825032230
         H            0.000000000000     0.000000000000     0.426262626263     1.007825032230

  Running in c1 symmetry.

  Rotational constants: A = ************  B =     46.02850  C =     46.02850 [cm^-1]
  Rotational constants: A = ************  B = 1379899.79408  C = 1379899.79408 [MHz]
  Nuclear repulsion =    0.620717344269313

  Charge       = 1
  Multiplicity = 2
  Electrons    = 1
  Nalpha       = 1
  Nbeta        = 0

  ==> Algorithm <==

  SCF Algorithm Type is DF.
  DIIS enabled.
  MOM disabled.
  Fractional occupation disabled.
  Guess Type is SAD.
  Energy threshold   = 1.00e-10
  Density threshold  = 1.00e-10
  Integral threshold = 1.00e-12

  ==> Primary Basis <==

  Basis Set: CC-PVTZ
    Blend: CC-PVTZ
    Number of shells: 12
    Number of basis functions: 28
    Number of Cartesian functions: 30
    Spherical Harmonics?: true
    Max angular momentum: 2

   => Loading Basis Set <=

    Name: (CC-PVTZ AUX)
    Role: JKFIT
    Keyword: DF_BASIS_SCF
    atoms 1-2 entry H          line    51 file /opt/anaconda3/envs/psi4/share/psi4/basis/cc-pvtz-jkfit.gbs 

  ==> Integral Setup <==

  DFHelper Memory: AOs need 0.001 GiB; user supplied 1.397 GiB. 
  SCF_SUBTYPE=INCORE selected. In-core MEM_DF algorithm will be used.
  Using in-core AOs.

  ==> MemDFJK: Density-Fitted J/K Matrices <==

    J tasked:                   Yes
    K tasked:                   Yes
    wK tasked:                   No
    OpenMP threads:               4
    Memory [MiB]:              1430
    Algorithm:                 Core
    Schwarz Cutoff:           1E-12
    Mask sparsity (%):       0.0000
    Fitting Condition:        1E-10

   => Auxiliary Basis Set <=

  Basis Set: (CC-PVTZ AUX)
    Blend: CC-PVTZ-JKFIT
    Number of shells: 20
    Number of basis functions: 60
    Number of Cartesian functions: 70
    Spherical Harmonics?: true
    Max angular momentum: 3

  Minimum eigenvalue in the overlap matrix is 3.0627024595E-03.
  Reciprocal condition number of the overlap matrix is 7.4470925771E-04.
    Using symmetric orthogonalization.

  ==> Pre-Iterations <==

  SCF Guess: Superposition of Atomic Densities via on-the-fly atomic UHF (no occupation information).

   -------------------------
    Irrep   Nso     Nmo    
   -------------------------
     A         28      28 
   -------------------------
    Total      28      28
   -------------------------

  ==> Iterations <==

                           Total Energy        Delta E     RMS |[F,P]|

   @DF-UHF iter SAD:    -1.13486950057454   -1.13487e+00   0.00000e+00 
   @DF-UHF iter   1:    -0.51295899013267    6.21911e-01   9.07583e-03 DIIS/ADIIS
   @DF-UHF iter   2:    -0.58498677580377   -7.20278e-02   2.71636e-03 DIIS/ADIIS
   @DF-UHF iter   3:    -0.59120669004123   -6.21991e-03   8.80216e-05 DIIS
   @DF-UHF iter   4:    -0.59120961858073   -2.92854e-06   3.58107e-06 DIIS
   @DF-UHF iter   5:    -0.59120962362228   -5.04155e-09   7.55782e-07 DIIS
   @DF-UHF iter   6:    -0.59120962389711   -2.74827e-10   7.95801e-09 DIIS
   @DF-UHF iter   7:    -0.59120962389713   -1.99840e-14   1.59799e-10 DIIS
   @DF-UHF iter   8:    -0.59120962389712    3.33067e-16   3.04628e-12 DIIS
  Energy and wave function converged.


  ==> Post-Iterations <==

   @Spin Contamination Metric:   0.000000000E+00
   @S^2 Expected:                7.500000000E-01
   @S^2 Observed:                7.500000000E-01
   @S   Expected:                5.000000000E-01
   @S   Observed:                5.000000000E-01

    Orbital Energies [Eh]
    ---------------------

    Alpha Occupied:                                                       

       1A     -1.211927  

    Alpha Virtual:                                                        

       2A     -0.227397     3A     -0.033823     4A      0.172509  
       5A      0.196782     6A      0.196782     7A      0.613998  
       8A      0.662103     9A      0.662103    10A      1.103204  
      11A      1.847726    12A      1.861805    13A      2.601757  
      14A      2.601757    15A      2.710376    16A      2.710376  
      17A      3.007157    18A      3.406362    19A      3.406362  
      20A      3.414882    21A      3.414882    22A      3.454313  
      23A      3.454313    24A      3.785552    25A      4.748924  
      26A      4.748924    27A      4.801026    28A      5.897124  

    Beta Occupied:                                                        

    

    Beta Virtual:                                                         

       1A     -0.513473     2A     -0.150714     3A      0.024269  
       4A      0.252112     5A      0.277380     6A      0.277380  
       7A      0.659310     8A      0.689159     9A      0.689159  
      10A      1.117016    11A      1.935586    12A      1.966235  
      13A      2.648965    14A      2.648965    15A      2.797561  
      16A      2.797561    17A      3.085534    18A      3.444184  
      19A      3.444184    20A      3.452242    21A      3.452242  
      22A      3.493309    23A      3.493309    24A      3.817572  
      25A      4.785789    26A      4.785789    27A      4.839893  
      28A      5.957637  

    Final Occupation by Irrep:
              A 
    DOCC [     0 ]
    SOCC [     1 ]
    NA   [     1 ]
    NB   [     0 ]

  @DF-UHF Final Energy:    -0.59120962389712

   => Energetics <=

    Nuclear Repulsion Energy =              0.6207173442693129
    One-Electron Energy =                  -1.2119269681664377
    Two-Electron Energy =                   0.0000000000000000
    Total Energy =                         -0.5912096238971248

  UHF NO Occupations:
  HONO-0 :    1  A 1.0000000
  LUNO+0 :    2  A 0.0000000
  LUNO+1 :    3  A 0.0000000
  LUNO+2 :    4  A 0.0000000
  LUNO+3 :    5  A 0.0000000


Computation Completed


Properties will be evaluated at   0.000000,   0.000000,   0.000000 [a0]

Properties computed using the SCF density matrix


 Multipole Moments:

 ------------------------------------------------------------------------------------
     Multipole            Electronic (a.u.)      Nuclear  (a.u.)        Total (a.u.)
 ------------------------------------------------------------------------------------

 L = 1.  Multiply by 2.5417464519 to convert [e a0] to [Debye]
 Dipole X            :         -0.0000000            0.0000000           -0.0000000
 Dipole Y            :          0.0000000            0.0000000            0.0000000
 Dipole Z            :         -0.0000000            0.0000000           -0.0000000
 Magnitude           :                                                    0.0000000

 ------------------------------------------------------------------------------------

*** tstop() called on Angelinas-MacBook-Pro-574.local at Thu Feb 12 13:23:10 2026
Module time:
	user time   =       0.05 seconds =       0.00 minutes
	system time =       0.00 seconds =       0.00 minutes
	total time  =          0 seconds =       0.00 minutes
Total time:
	user time   =      63.91 seconds =       1.07 minutes
	system time =      16.55 seconds =       0.28 minutes
	total time  =      61582 seconds =    1026.37 minutes

Scratch directory: /tmp/
   => Libint2 <=

    Primary   basis highest AM E, G, H:  6, 6, 3
    Auxiliary basis highest AM E, G, H:  7, 7, 4
    Onebody   basis highest AM E, G, H:  -, -, -
    Solid Harmonics ordering:            Gaussian

*** tstart() called on Angelinas-MacBook-Pro-574.local
*** at Thu Feb 12 13:23:10 2026

   => Loading Basis Set <=

    Name: CC-PVTZ
    Role: ORBITAL
    Keyword: BASIS
    atoms 1-2 entry H          line    23 file /opt/anaconda3/envs/psi4/share/psi4/basis/cc-pvtz.gbs 


         ---------------------------------------------------------
                                   SCF
               by Justin Turney, Rob Parrish, Andy Simmonett
                          and Daniel G. A. Smith
                              UHF Reference
                        4 Threads,   1907 MiB Core
         ---------------------------------------------------------

  ==> Geometry <==

    Molecular point group: c1
    Full point group: D_inf_h

    Geometry (in Angstrom), charge = 1, multiplicity = 2:

       Center              X                  Y                   Z               Mass       
    ------------   -----------------  -----------------  -----------------  -----------------
         H            0.000000000000     0.000000000000    -0.445454545455     1.007825032230
         H            0.000000000000     0.000000000000     0.445454545455     1.007825032230

  Running in c1 symmetry.

  Rotational constants: A = ************  B =     42.14777  C =     42.14777 [cm^-1]
  Rotational constants: A = ************  B = 1263558.26497  C = 1263558.26497 [MHz]
  Nuclear repulsion =    0.593974420139796

  Charge       = 1
  Multiplicity = 2
  Electrons    = 1
  Nalpha       = 1
  Nbeta        = 0

  ==> Algorithm <==

  SCF Algorithm Type is DF.
  DIIS enabled.
  MOM disabled.
  Fractional occupation disabled.
  Guess Type is SAD.
  Energy threshold   = 1.00e-10
  Density threshold  = 1.00e-10
  Integral threshold = 1.00e-12

  ==> Primary Basis <==

  Basis Set: CC-PVTZ
    Blend: CC-PVTZ
    Number of shells: 12
    Number of basis functions: 28
    Number of Cartesian functions: 30
    Spherical Harmonics?: true
    Max angular momentum: 2

   => Loading Basis Set <=

    Name: (CC-PVTZ AUX)
    Role: JKFIT
    Keyword: DF_BASIS_SCF
    atoms 1-2 entry H          line    51 file /opt/anaconda3/envs/psi4/share/psi4/basis/cc-pvtz-jkfit.gbs 

  ==> Integral Setup <==

  DFHelper Memory: AOs need 0.001 GiB; user supplied 1.397 GiB. 
  SCF_SUBTYPE=INCORE selected. In-core MEM_DF algorithm will be used.
  Using in-core AOs.

  ==> MemDFJK: Density-Fitted J/K Matrices <==

    J tasked:                   Yes
    K tasked:                   Yes
    wK tasked:                   No
    OpenMP threads:               4
    Memory [MiB]:              1430
    Algorithm:                 Core
    Schwarz Cutoff:           1E-12
    Mask sparsity (%):       0.0000
    Fitting Condition:        1E-10

   => Auxiliary Basis Set <=

  Basis Set: (CC-PVTZ AUX)
    Blend: CC-PVTZ-JKFIT
    Number of shells: 20
    Number of basis functions: 60
    Number of Cartesian functions: 70
    Spherical Harmonics?: true
    Max angular momentum: 3

  Minimum eigenvalue in the overlap matrix is 3.7998958309E-03.
  Reciprocal condition number of the overlap matrix is 9.3283363398E-04.
    Using symmetric orthogonalization.

  ==> Pre-Iterations <==

  SCF Guess: Superposition of Atomic Densities via on-the-fly atomic UHF (no occupation information).

   -------------------------
    Irrep   Nso     Nmo    
   -------------------------
     A         28      28 
   -------------------------
    Total      28      28
   -------------------------

  ==> Iterations <==

                           Total Energy        Delta E     RMS |[F,P]|

   @DF-UHF iter SAD:    -1.12496512844512   -1.12497e+00   0.00000e+00 
   @DF-UHF iter   1:    -0.51954389282059    6.05421e-01   8.84895e-03 DIIS/ADIIS
   @DF-UHF iter   2:    -0.58932561739437   -6.97817e-02   2.66570e-03 DIIS/ADIIS
   @DF-UHF iter   3:    -0.59545397221268   -6.12835e-03   8.51359e-05 DIIS
   @DF-UHF iter   4:    -0.59545673461819   -2.76241e-06   3.71104e-06 DIIS
   @DF-UHF iter   5:    -0.59545674006590   -5.44772e-09   7.96158e-07 DIIS
   @DF-UHF iter   6:    -0.59545674038103   -3.15133e-10   6.59232e-09 DIIS
   @DF-UHF iter   7:    -0.59545674038105   -1.07692e-14   1.23209e-10 DIIS
   @DF-UHF iter   8:    -0.59545674038105   -1.77636e-15   3.06457e-12 DIIS
  Energy and wave function converged.


  ==> Post-Iterations <==

   @Spin Contamination Metric:   0.000000000E+00
   @S^2 Expected:                7.500000000E-01
   @S^2 Observed:                7.500000000E-01
   @S   Expected:                5.000000000E-01
   @S   Observed:                5.000000000E-01

    Orbital Energies [Eh]
    ---------------------

    Alpha Occupied:                                                       

       1A     -1.189431  

    Alpha Virtual:                                                        

       2A     -0.237441     3A     -0.029394     4A      0.165107  
       5A      0.198387     6A      0.198387     7A      0.602350  
       8A      0.655578     9A      0.655578    10A      1.093512  
      11A      1.887256    12A      1.902487    13A      2.615382  
      14A      2.615382    15A      2.694301    16A      2.694301  
      17A      2.975428    18A      3.382138    19A      3.382138  
      20A      3.424589    21A      3.424589    22A      3.433331  
      23A      3.433331    24A      3.709278    25A      4.639505  
      26A      4.639505    27A      4.691154    28A      5.816537  

    Beta Occupied:                                                        

    

    Beta Virtual:                                                         

       1A     -0.504689     2A     -0.155775     3A      0.028957  
       4A      0.243135     5A      0.278834     6A      0.278834  
       7A      0.648752     8A      0.683544     9A      0.683544  
      10A      1.110608    11A      1.986796    12A      1.988056  
      13A      2.661403    14A      2.661403    15A      2.776885  
      16A      2.776885    17A      3.055493    18A      3.411496  
      19A      3.411496    20A      3.471195    21A      3.471195  
      22A      3.473868    23A      3.473868    24A      3.741051  
      25A      4.675009    26A      4.675009    27A      4.727685  
      28A      5.873367  

    Final Occupation by Irrep:
              A 
    DOCC [     0 ]
    SOCC [     1 ]
    NA   [     1 ]
    NB   [     0 ]

  @DF-UHF Final Energy:    -0.59545674038105

   => Energetics <=

    Nuclear Repulsion Energy =              0.5939744201397960
    One-Electron Energy =                  -1.1894311605208427
    Two-Electron Energy =                   0.0000000000000000
    Total Energy =                         -0.5954567403810468

  UHF NO Occupations:
  HONO-0 :    1  A 1.0000000
  LUNO+0 :    2  A 0.0000000
  LUNO+1 :    3  A 0.0000000
  LUNO+2 :    4  A 0.0000000
  LUNO+3 :    5  A 0.0000000


Computation Completed


Properties will be evaluated at   0.000000,   0.000000,   0.000000 [a0]

Properties computed using the SCF density matrix


 Multipole Moments:

 ------------------------------------------------------------------------------------
     Multipole            Electronic (a.u.)      Nuclear  (a.u.)        Total (a.u.)
 ------------------------------------------------------------------------------------

 L = 1.  Multiply by 2.5417464519 to convert [e a0] to [Debye]
 Dipole X            :          0.0000000            0.0000000            0.0000000
 Dipole Y            :         -0.0000000            0.0000000           -0.0000000
 Dipole Z            :         -0.0000000            0.0000000           -0.0000000
 Magnitude           :                                                    0.0000000

 ------------------------------------------------------------------------------------

*** tstop() called on Angelinas-MacBook-Pro-574.local at Thu Feb 12 13:23:10 2026
Module time:
	user time   =       0.06 seconds =       0.00 minutes
	system time =       0.01 seconds =       0.00 minutes
	total time  =          0 seconds =       0.00 minutes
Total time:
	user time   =      63.98 seconds =       1.07 minutes
	system time =      16.56 seconds =       0.28 minutes
	total time  =      61582 seconds =    1026.37 minutes

Scratch directory: /tmp/
   => Libint2 <=

    Primary   basis highest AM E, G, H:  6, 6, 3
    Auxiliary basis highest AM E, G, H:  7, 7, 4
    Onebody   basis highest AM E, G, H:  -, -, -
    Solid Harmonics ordering:            Gaussian

*** tstart() called on Angelinas-MacBook-Pro-574.local
*** at Thu Feb 12 13:23:10 2026

   => Loading Basis Set <=

    Name: CC-PVTZ
    Role: ORBITAL
    Keyword: BASIS
    atoms 1-2 entry H          line    23 file /opt/anaconda3/envs/psi4/share/psi4/basis/cc-pvtz.gbs 


         ---------------------------------------------------------
                                   SCF
               by Justin Turney, Rob Parrish, Andy Simmonett
                          and Daniel G. A. Smith
                              UHF Reference
                        4 Threads,   1907 MiB Core
         ---------------------------------------------------------

  ==> Geometry <==

    Molecular point group: c1
    Full point group: D_inf_h

    Geometry (in Angstrom), charge = 1, multiplicity = 2:

       Center              X                  Y                   Z               Mass       
    ------------   -----------------  -----------------  -----------------  -----------------
         H            0.000000000000     0.000000000000    -0.464646464646     1.007825032230
         H            0.000000000000     0.000000000000     0.464646464646     1.007825032230

  Running in c1 symmetry.

  Rotational constants: A = ************  B =     38.73790  C =     38.73790 [cm^-1]
  Rotational constants: A = ************  B = 1161333.05732  C = 1161333.05732 [MHz]
  Nuclear repulsion =    0.569440694090544

  Charge       = 1
  Multiplicity = 2
  Electrons    = 1
  Nalpha       = 1
  Nbeta        = 0

  ==> Algorithm <==

  SCF Algorithm Type is DF.
  DIIS enabled.
  MOM disabled.
  Fractional occupation disabled.
  Guess Type is SAD.
  Energy threshold   = 1.00e-10
  Density threshold  = 1.00e-10
  Integral threshold = 1.00e-12

  ==> Primary Basis <==

  Basis Set: CC-PVTZ
    Blend: CC-PVTZ
    Number of shells: 12
    Number of basis functions: 28
    Number of Cartesian functions: 30
    Spherical Harmonics?: true
    Max angular momentum: 2

   => Loading Basis Set <=

    Name: (CC-PVTZ AUX)
    Role: JKFIT
    Keyword: DF_BASIS_SCF
    atoms 1-2 entry H          line    51 file /opt/anaconda3/envs/psi4/share/psi4/basis/cc-pvtz-jkfit.gbs 

  ==> Integral Setup <==

  DFHelper Memory: AOs need 0.001 GiB; user supplied 1.397 GiB. 
  SCF_SUBTYPE=INCORE selected. In-core MEM_DF algorithm will be used.
  Using in-core AOs.

  ==> MemDFJK: Density-Fitted J/K Matrices <==

    J tasked:                   Yes
    K tasked:                   Yes
    wK tasked:                   No
    OpenMP threads:               4
    Memory [MiB]:              1430
    Algorithm:                 Core
    Schwarz Cutoff:           1E-12
    Mask sparsity (%):       0.0000
    Fitting Condition:        1E-10

   => Auxiliary Basis Set <=

  Basis Set: (CC-PVTZ AUX)
    Blend: CC-PVTZ-JKFIT
    Number of shells: 20
    Number of basis functions: 60
    Number of Cartesian functions: 70
    Spherical Harmonics?: true
    Max angular momentum: 3

  Minimum eigenvalue in the overlap matrix is 4.7049328301E-03.
  Reciprocal condition number of the overlap matrix is 1.1666923666E-03.
    Using symmetric orthogonalization.

  ==> Pre-Iterations <==

  SCF Guess: Superposition of Atomic Densities via on-the-fly atomic UHF (no occupation information).

   -------------------------
    Irrep   Nso     Nmo    
   -------------------------
     A         28      28 
   -------------------------
    Total      28      28
   -------------------------

  ==> Iterations <==

                           Total Energy        Delta E     RMS |[F,P]|

   @DF-UHF iter SAD:    -1.11425246747702   -1.11425e+00   0.00000e+00 
   @DF-UHF iter   1:    -0.52484999160307    5.89402e-01   8.63109e-03 DIIS/ADIIS
   @DF-UHF iter   2:    -0.59245658207324   -6.76066e-02   2.61627e-03 DIIS/ADIIS
   @DF-UHF iter   3:    -0.59849112101221   -6.03454e-03   8.24701e-05 DIIS
   @DF-UHF iter   4:    -0.59849373525288   -2.61424e-06   3.84412e-06 DIIS
   @DF-UHF iter   5:    -0.59849374112098   -5.86810e-09   8.36179e-07 DIIS
   @DF-UHF iter   6:    -0.59849374147993   -3.58947e-10   5.56534e-09 DIIS
   @DF-UHF iter   7:    -0.59849374147993   -5.88418e-15   8.18638e-11 DIIS
  Energy and wave function converged.


  ==> Post-Iterations <==

   @Spin Contamination Metric:   0.000000000E+00
   @S^2 Expected:                7.500000000E-01
   @S^2 Observed:                7.500000000E-01
   @S   Expected:                5.000000000E-01
   @S   Observed:                5.000000000E-01

    Orbital Energies [Eh]
    ---------------------

    Alpha Occupied:                                                       

       1A     -1.167934  

    Alpha Virtual:                                                        

       2A     -0.247455     3A     -0.024993     4A      0.158324  
       5A      0.200271     6A      0.200271     7A      0.590102  
       8A      0.648747     9A      0.648747    10A      1.084312  
      11A      1.911911    12A      1.959849    13A      2.631386  
      14A      2.631386    15A      2.677347    16A      2.677347  
      17A      2.939384    18A      3.350284    19A      3.350284  
      20A      3.415643    21A      3.415643    22A      3.438431  
      23A      3.438431    24A      3.649900    25A      4.536688  
      26A      4.536688    27A      4.591979    28A      5.748328  

    Beta Occupied:                                                        

    

    Beta Virtual:                                                         

       1A     -0.496312     2A     -0.160892     3A      0.033584  
       4A      0.234585     5A      0.280489     6A      0.280489  
       7A      0.637625     8A      0.677581     9A      0.677581  
      10A      1.104604    11A      2.009178    12A      2.040901  
      13A      2.676205    14A      2.676205    15A      2.755427  
      16A      2.755427    17A      3.020680    18A      3.379662  
      19A      3.379662    20A      3.457677    21A      3.457677  
      22A      3.485734    23A      3.485734    24A      3.681661  
      25A      4.570866    26A      4.570866    27A      4.626569  
      28A      5.801625  

    Final Occupation by Irrep:
              A 
    DOCC [     0 ]
    SOCC [     1 ]
    NA   [     1 ]
    NB   [     0 ]

  @DF-UHF Final Energy:    -0.59849374147993

   => Energetics <=

    Nuclear Repulsion Energy =              0.5694406940905435
    One-Electron Energy =                  -1.1679344355704782
    Two-Electron Energy =                   0.0000000000000000
    Total Energy =                         -0.5984937414799346

  UHF NO Occupations:
  HONO-0 :    1  A 1.0000000
  LUNO+0 :    2  A 0.0000000
  LUNO+1 :    3  A 0.0000000
  LUNO+2 :    4  A 0.0000000
  LUNO+3 :    5  A 0.0000000


Computation Completed


Properties will be evaluated at   0.000000,   0.000000,   0.000000 [a0]

Properties computed using the SCF density matrix


 Multipole Moments:

 ------------------------------------------------------------------------------------
     Multipole            Electronic (a.u.)      Nuclear  (a.u.)        Total (a.u.)
 ------------------------------------------------------------------------------------

 L = 1.  Multiply by 2.5417464519 to convert [e a0] to [Debye]
 Dipole X            :          0.0000000            0.0000000            0.0000000
 Dipole Y            :          0.0000000            0.0000000            0.0000000
 Dipole Z            :          0.0000000            0.0000000            0.0000000
 Magnitude           :                                                    0.0000000

 ------------------------------------------------------------------------------------

*** tstop() called on Angelinas-MacBook-Pro-574.local at Thu Feb 12 13:23:10 2026
Module time:
	user time   =       0.06 seconds =       0.00 minutes
	system time =       0.00 seconds =       0.00 minutes
	total time  =          0 seconds =       0.00 minutes
Total time:
	user time   =      64.05 seconds =       1.07 minutes
	system time =      16.56 seconds =       0.28 minutes
	total time  =      61582 seconds =    1026.37 minutes

Scratch directory: /tmp/
   => Libint2 <=

    Primary   basis highest AM E, G, H:  6, 6, 3
    Auxiliary basis highest AM E, G, H:  7, 7, 4
    Onebody   basis highest AM E, G, H:  -, -, -
    Solid Harmonics ordering:            Gaussian

*** tstart() called on Angelinas-MacBook-Pro-574.local
*** at Thu Feb 12 13:23:10 2026

   => Loading Basis Set <=

    Name: CC-PVTZ
    Role: ORBITAL
    Keyword: BASIS
    atoms 1-2 entry H          line    23 file /opt/anaconda3/envs/psi4/share/psi4/basis/cc-pvtz.gbs 


         ---------------------------------------------------------
                                   SCF
               by Justin Turney, Rob Parrish, Andy Simmonett
                          and Daniel G. A. Smith
                              UHF Reference
                        4 Threads,   1907 MiB Core
         ---------------------------------------------------------

  ==> Geometry <==

    Molecular point group: c1
    Full point group: D_inf_h

    Geometry (in Angstrom), charge = 1, multiplicity = 2:

       Center              X                  Y                   Z               Mass       
    ------------   -----------------  -----------------  -----------------  -----------------
         H            0.000000000000     0.000000000000    -0.483838383838     1.007825032230
         H            0.000000000000     0.000000000000     0.483838383838     1.007825032230

  Running in c1 symmetry.

  Rotational constants: A = ************  B =     35.72570  C =     35.72570 [cm^-1]
  Rotational constants: A = ************  B = 1071029.48004  C = 1071029.48004 [MHz]
  Nuclear repulsion =    0.546853276162109

  Charge       = 1
  Multiplicity = 2
  Electrons    = 1
  Nalpha       = 1
  Nbeta        = 0

  ==> Algorithm <==

  SCF Algorithm Type is DF.
  DIIS enabled.
  MOM disabled.
  Fractional occupation disabled.
  Guess Type is SAD.
  Energy threshold   = 1.00e-10
  Density threshold  = 1.00e-10
  Integral threshold = 1.00e-12

  ==> Primary Basis <==

  Basis Set: CC-PVTZ
    Blend: CC-PVTZ
    Number of shells: 12
    Number of basis functions: 28
    Number of Cartesian functions: 30
    Spherical Harmonics?: true
    Max angular momentum: 2

   => Loading Basis Set <=

    Name: (CC-PVTZ AUX)
    Role: JKFIT
    Keyword: DF_BASIS_SCF
    atoms 1-2 entry H          line    51 file /opt/anaconda3/envs/psi4/share/psi4/basis/cc-pvtz-jkfit.gbs 

  ==> Integral Setup <==

  DFHelper Memory: AOs need 0.001 GiB; user supplied 1.397 GiB. 
  SCF_SUBTYPE=INCORE selected. In-core MEM_DF algorithm will be used.
  Using in-core AOs.

  ==> MemDFJK: Density-Fitted J/K Matrices <==

    J tasked:                   Yes
    K tasked:                   Yes
    wK tasked:                   No
    OpenMP threads:               4
    Memory [MiB]:              1430
    Algorithm:                 Core
    Schwarz Cutoff:           1E-12
    Mask sparsity (%):       0.0000
    Fitting Condition:        1E-10

   => Auxiliary Basis Set <=

  Basis Set: (CC-PVTZ AUX)
    Blend: CC-PVTZ-JKFIT
    Number of shells: 20
    Number of basis functions: 60
    Number of Cartesian functions: 70
    Spherical Harmonics?: true
    Max angular momentum: 3

  Minimum eigenvalue in the overlap matrix is 5.8161410242E-03.
  Reciprocal condition number of the overlap matrix is 1.4575505275E-03.
    Using symmetric orthogonalization.

  ==> Pre-Iterations <==

  SCF Guess: Superposition of Atomic Densities via on-the-fly atomic UHF (no occupation information).

   -------------------------
    Irrep   Nso     Nmo    
   -------------------------
     A         28      28 
   -------------------------
    Total      28      28
   -------------------------

  ==> Iterations <==

                           Total Energy        Delta E     RMS |[F,P]|

   @DF-UHF iter SAD:    -1.10297523287842   -1.10298e+00   0.00000e+00 
   @DF-UHF iter   1:    -0.52908234502550    5.73893e-01   8.42193e-03 DIIS/ADIIS
   @DF-UHF iter   2:    -0.59458387819877   -6.55015e-02   2.56803e-03 DIIS/ADIIS
   @DF-UHF iter   3:    -0.60052249028602   -5.93861e-03   8.00097e-05 DIIS
   @DF-UHF iter   4:    -0.60052497255069   -2.48226e-06   3.97984e-06 DIIS
   @DF-UHF iter   5:    -0.60052497885521   -6.30452e-09   8.75829e-07 DIIS
   @DF-UHF iter   6:    -0.60052497926169   -4.06480e-10   4.98503e-09 DIIS
   @DF-UHF iter   7:    -0.60052497926170   -5.32907e-15   3.56500e-11 DIIS
  Energy and wave function converged.


  ==> Post-Iterations <==

   @Spin Contamination Metric:   0.000000000E+00
   @S^2 Expected:                7.500000000E-01
   @S^2 Observed:                7.500000000E-01
   @S   Expected:                5.000000000E-01
   @S   Observed:                5.000000000E-01

    Orbital Energies [Eh]
    ---------------------

    Alpha Occupied:                                                       

       1A     -1.147378  

    Alpha Virtual:                                                        

       2A     -0.257379     3A     -0.020620     4A      0.152152  
       5A      0.202429     6A      0.202429     7A      0.577362  
       8A      0.641685     9A      0.641685    10A      1.075465  
      11A      1.935693    12A      2.015104    13A      2.649472  
      14A      2.649472    15A      2.660154    16A      2.660154  
      17A      2.900131    18A      3.319483    19A      3.319483  
      20A      3.401168    21A      3.401168    22A      3.448288  
      23A      3.448288    24A      3.606985    25A      4.439763  
      26A      4.439763    27A      4.502394    28A      5.686188  

    Beta Occupied:                                                        

    

    Beta Virtual:                                                         

       1A     -0.488320     2A     -0.166034     3A      0.038151  
       4A      0.226535     5A      0.282343     6A      0.282343  
       7A      0.626034     8A      0.671343     9A      0.671343  
      10A      1.098638    11A      2.029532    12A      2.093229  
      13A      2.693086    14A      2.693086    15A      2.733894  
      16A      2.733894    17A      2.982163    18A      3.348851  
      19A      3.348851    20A      3.444594    21A      3.444594  
      22A      3.496256    23A      3.496256    24A      3.639068  
      25A      4.472650    26A      4.472650    27A      4.535470  
      28A      5.736112  

    Final Occupation by Irrep:
              A 
    DOCC [     0 ]
    SOCC [     1 ]
    NA   [     1 ]
    NB   [     0 ]

  @DF-UHF Final Energy:    -0.60052497926170

   => Energetics <=

    Nuclear Repulsion Energy =              0.5468532761621087
    One-Electron Energy =                  -1.1473782554238063
    Two-Electron Energy =                   0.0000000000000000
    Total Energy =                         -0.6005249792616977

  UHF NO Occupations:
  HONO-0 :    1  A 1.0000000
  LUNO+0 :    2  A 0.0000000
  LUNO+1 :    3  A 0.0000000
  LUNO+2 :    4  A 0.0000000
  LUNO+3 :    5  A 0.0000000


Computation Completed


Properties will be evaluated at   0.000000,   0.000000,   0.000000 [a0]

Properties computed using the SCF density matrix


 Multipole Moments:

 ------------------------------------------------------------------------------------
     Multipole            Electronic (a.u.)      Nuclear  (a.u.)        Total (a.u.)
 ------------------------------------------------------------------------------------

 L = 1.  Multiply by 2.5417464519 to convert [e a0] to [Debye]
 Dipole X            :         -0.0000000            0.0000000           -0.0000000
 Dipole Y            :         -0.0000000            0.0000000           -0.0000000
 Dipole Z            :         -0.0000000            0.0000000           -0.0000000
 Magnitude           :                                                    0.0000000

 ------------------------------------------------------------------------------------

*** tstop() called on Angelinas-MacBook-Pro-574.local at Thu Feb 12 13:23:10 2026
Module time:
	user time   =       0.05 seconds =       0.00 minutes
	system time =       0.01 seconds =       0.00 minutes
	total time  =          0 seconds =       0.00 minutes
Total time:
	user time   =      64.11 seconds =       1.07 minutes
	system time =      16.57 seconds =       0.28 minutes
	total time  =      61582 seconds =    1026.37 minutes

Scratch directory: /tmp/
   => Libint2 <=

    Primary   basis highest AM E, G, H:  6, 6, 3
    Auxiliary basis highest AM E, G, H:  7, 7, 4
    Onebody   basis highest AM E, G, H:  -, -, -
    Solid Harmonics ordering:            Gaussian

*** tstart() called on Angelinas-MacBook-Pro-574.local
*** at Thu Feb 12 13:23:10 2026

   => Loading Basis Set <=

    Name: CC-PVTZ
    Role: ORBITAL
    Keyword: BASIS
    atoms 1-2 entry H          line    23 file /opt/anaconda3/envs/psi4/share/psi4/basis/cc-pvtz.gbs 


         ---------------------------------------------------------
                                   SCF
               by Justin Turney, Rob Parrish, Andy Simmonett
                          and Daniel G. A. Smith
                              UHF Reference
                        4 Threads,   1907 MiB Core
         ---------------------------------------------------------

  ==> Geometry <==

    Molecular point group: c1
    Full point group: D_inf_h

    Geometry (in Angstrom), charge = 1, multiplicity = 2:

       Center              X                  Y                   Z               Mass       
    ------------   -----------------  -----------------  -----------------  -----------------
         H            0.000000000000     0.000000000000    -0.503030303030     1.007825032230
         H            0.000000000000     0.000000000000     0.503030303030     1.007825032230

  Running in c1 symmetry.

  Rotational constants: A = ************  B =     33.05164  C =     33.05164 [cm^-1]
  Rotational constants: A = ************  B = 990863.35272  C = 990863.35272 [MHz]
  Nuclear repulsion =    0.525989396147892

  Charge       = 1
  Multiplicity = 2
  Electrons    = 1
  Nalpha       = 1
  Nbeta        = 0

  ==> Algorithm <==

  SCF Algorithm Type is DF.
  DIIS enabled.
  MOM disabled.
  Fractional occupation disabled.
  Guess Type is SAD.
  Energy threshold   = 1.00e-10
  Density threshold  = 1.00e-10
  Integral threshold = 1.00e-12

  ==> Primary Basis <==

  Basis Set: CC-PVTZ
    Blend: CC-PVTZ
    Number of shells: 12
    Number of basis functions: 28
    Number of Cartesian functions: 30
    Spherical Harmonics?: true
    Max angular momentum: 2

   => Loading Basis Set <=

    Name: (CC-PVTZ AUX)
    Role: JKFIT
    Keyword: DF_BASIS_SCF
    atoms 1-2 entry H          line    51 file /opt/anaconda3/envs/psi4/share/psi4/basis/cc-pvtz-jkfit.gbs 

  ==> Integral Setup <==

  DFHelper Memory: AOs need 0.001 GiB; user supplied 1.397 GiB. 
  SCF_SUBTYPE=INCORE selected. In-core MEM_DF algorithm will be used.
  Using in-core AOs.

  ==> MemDFJK: Density-Fitted J/K Matrices <==

    J tasked:                   Yes
    K tasked:                   Yes
    wK tasked:                   No
    OpenMP threads:               4
    Memory [MiB]:              1430
    Algorithm:                 Core
    Schwarz Cutoff:           1E-12
    Mask sparsity (%):       0.0000
    Fitting Condition:        1E-10

   => Auxiliary Basis Set <=

  Basis Set: (CC-PVTZ AUX)
    Blend: CC-PVTZ-JKFIT
    Number of shells: 20
    Number of basis functions: 60
    Number of Cartesian functions: 70
    Spherical Harmonics?: true
    Max angular momentum: 3

  Minimum eigenvalue in the overlap matrix is 7.1780209022E-03.
  Reciprocal condition number of the overlap matrix is 1.8188128433E-03.
    Using symmetric orthogonalization.

  ==> Pre-Iterations <==

  SCF Guess: Superposition of Atomic Densities via on-the-fly atomic UHF (no occupation information).

   -------------------------
    Irrep   Nso     Nmo    
   -------------------------
     A         28      28 
   -------------------------
    Total      28      28
   -------------------------

  ==> Iterations <==

                           Total Energy        Delta E     RMS |[F,P]|

   @DF-UHF iter SAD:    -1.09133147916073   -1.09133e+00   0.00000e+00 
   @DF-UHF iter   1:    -0.53241008613891    5.58921e-01   8.22111e-03 DIIS/ADIIS
   @DF-UHF iter   2:    -0.59587557130957   -6.34655e-02   2.52093e-03 DIIS/ADIIS
   @DF-UHF iter   3:    -0.60171629620671   -5.84072e-03   7.77371e-05 DIIS
   @DF-UHF iter   4:    -0.60171866087889   -2.36467e-06   4.11736e-06 DIIS
   @DF-UHF iter   5:    -0.60171866763777   -6.75888e-09   9.15050e-07 DIIS
   @DF-UHF iter   6:    -0.60171866809568   -4.57907e-10   4.91722e-09 DIIS
   @DF-UHF iter   7:    -0.60171866809568   -5.77316e-15   2.71128e-11 DIIS
  Energy and wave function converged.


  ==> Post-Iterations <==

   @Spin Contamination Metric:   0.000000000E+00
   @S^2 Expected:                7.500000000E-01
   @S^2 Observed:                7.500000000E-01
   @S   Expected:                5.000000000E-01
   @S   Observed:                5.000000000E-01

    Orbital Energies [Eh]
    ---------------------

    Alpha Occupied:                                                       

       1A     -1.127708  

    Alpha Virtual:                                                        

       2A     -0.267162     3A     -0.016274     4A      0.146576  
       5A      0.204851     6A      0.204851     7A      0.564234  
       8A      0.634454     9A      0.634454    10A      1.066807  
      11A      1.958465    12A      2.064638    13A      2.643453  
      14A      2.643453    15A      2.669289    16A      2.669289  
      17A      2.858912    18A      3.289889    19A      3.289889  
      20A      3.389704    21A      3.389704    22A      3.454551  
      23A      3.454551    24A      3.578971    25A      4.348169  
      26A      4.348169    27A      4.421154    28A      5.625228  

    Beta Occupied:                                                        

    

    Beta Virtual:                                                         

       1A     -0.480692     2A     -0.171175     3A      0.042655  
       4A      0.219033     5A      0.284394     6A      0.284394  
       7A      0.614079     8A      0.664898     9A      0.664898  
      10A      1.092449    11A      2.048991    12A      2.140118  
      13A      2.711707    14A      2.711707    15A      2.713070  
      16A      2.713070    17A      2.941173    18A      3.319217  
      19A      3.319217    20A      3.434364    21A      3.434364  
      22A      3.503152    23A      3.503152    24A      3.611769  
      25A      4.379796    26A      4.379796    27A      4.453144  
      28A      5.671958  

    Final Occupation by Irrep:
              A 
    DOCC [     0 ]
    SOCC [     1 ]
    NA   [     1 ]
    NB   [     0 ]

  @DF-UHF Final Energy:    -0.60171866809568

   => Energetics <=

    Nuclear Repulsion Energy =              0.5259893961478921
    One-Electron Energy =                  -1.1277080642435759
    Two-Electron Energy =                   0.0000000000000000
    Total Energy =                         -0.6017186680956839

  UHF NO Occupations:
  HONO-0 :    1  A 1.0000000
  LUNO+0 :    2  A 0.0000000
  LUNO+1 :    3  A 0.0000000
  LUNO+2 :    4  A 0.0000000
  LUNO+3 :    5  A 0.0000000


Computation Completed


Properties will be evaluated at   0.000000,   0.000000,   0.000000 [a0]

Properties computed using the SCF density matrix


 Multipole Moments:

 ------------------------------------------------------------------------------------
     Multipole            Electronic (a.u.)      Nuclear  (a.u.)        Total (a.u.)
 ------------------------------------------------------------------------------------

 L = 1.  Multiply by 2.5417464519 to convert [e a0] to [Debye]
 Dipole X            :          0.0000000            0.0000000            0.0000000
 Dipole Y            :          0.0000000            0.0000000            0.0000000
 Dipole Z            :          0.0000000            0.0000000            0.0000000
 Magnitude           :                                                    0.0000000

 ------------------------------------------------------------------------------------

*** tstop() called on Angelinas-MacBook-Pro-574.local at Thu Feb 12 13:23:10 2026
Module time:
	user time   =       0.05 seconds =       0.00 minutes
	system time =       0.01 seconds =       0.00 minutes
	total time  =          0 seconds =       0.00 minutes
Total time:
	user time   =      64.18 seconds =       1.07 minutes
	system time =      16.58 seconds =       0.28 minutes
	total time  =      61582 seconds =    1026.37 minutes

Scratch directory: /tmp/
   => Libint2 <=

    Primary   basis highest AM E, G, H:  6, 6, 3
    Auxiliary basis highest AM E, G, H:  7, 7, 4
    Onebody   basis highest AM E, G, H:  -, -, -
    Solid Harmonics ordering:            Gaussian

*** tstart() called on Angelinas-MacBook-Pro-574.local
*** at Thu Feb 12 13:23:10 2026

   => Loading Basis Set <=

    Name: CC-PVTZ
    Role: ORBITAL
    Keyword: BASIS
    atoms 1-2 entry H          line    23 file /opt/anaconda3/envs/psi4/share/psi4/basis/cc-pvtz.gbs 


         ---------------------------------------------------------
                                   SCF
               by Justin Turney, Rob Parrish, Andy Simmonett
                          and Daniel G. A. Smith
                              UHF Reference
                        4 Threads,   1907 MiB Core
         ---------------------------------------------------------

  ==> Geometry <==

    Molecular point group: c1
    Full point group: D_inf_h

    Geometry (in Angstrom), charge = 1, multiplicity = 2:

       Center              X                  Y                   Z               Mass       
    ------------   -----------------  -----------------  -----------------  -----------------
         H            0.000000000000     0.000000000000    -0.522222222222     1.007825032230
         H            0.000000000000     0.000000000000     0.522222222222     1.007825032230

  Running in c1 symmetry.

  Rotational constants: A = ************  B =     30.66696  C =     30.66696 [cm^-1]
  Rotational constants: A = ************  B = 919372.19612  C = 919372.19612 [MHz]
  Nuclear repulsion =    0.506659031492553

  Charge       = 1
  Multiplicity = 2
  Electrons    = 1
  Nalpha       = 1
  Nbeta        = 0

  ==> Algorithm <==

  SCF Algorithm Type is DF.
  DIIS enabled.
  MOM disabled.
  Fractional occupation disabled.
  Guess Type is SAD.
  Energy threshold   = 1.00e-10
  Density threshold  = 1.00e-10
  Integral threshold = 1.00e-12

  ==> Primary Basis <==

  Basis Set: CC-PVTZ
    Blend: CC-PVTZ
    Number of shells: 12
    Number of basis functions: 28
    Number of Cartesian functions: 30
    Spherical Harmonics?: true
    Max angular momentum: 2

   => Loading Basis Set <=

    Name: (CC-PVTZ AUX)
    Role: JKFIT
    Keyword: DF_BASIS_SCF
    atoms 1-2 entry H          line    51 file /opt/anaconda3/envs/psi4/share/psi4/basis/cc-pvtz-jkfit.gbs 

  ==> Integral Setup <==

  DFHelper Memory: AOs need 0.001 GiB; user supplied 1.397 GiB. 
  SCF_SUBTYPE=INCORE selected. In-core MEM_DF algorithm will be used.
  Using in-core AOs.

  ==> MemDFJK: Density-Fitted J/K Matrices <==

    J tasked:                   Yes
    K tasked:                   Yes
    wK tasked:                   No
    OpenMP threads:               4
    Memory [MiB]:              1430
    Algorithm:                 Core
    Schwarz Cutoff:           1E-12
    Mask sparsity (%):       0.0000
    Fitting Condition:        1E-10

   => Auxiliary Basis Set <=

  Basis Set: (CC-PVTZ AUX)
    Blend: CC-PVTZ-JKFIT
    Number of shells: 20
    Number of basis functions: 60
    Number of Cartesian functions: 70
    Spherical Harmonics?: true
    Max angular momentum: 3

  Minimum eigenvalue in the overlap matrix is 8.8406485687E-03.
  Reciprocal condition number of the overlap matrix is 2.2660127978E-03.
    Using symmetric orthogonalization.

  ==> Pre-Iterations <==

  SCF Guess: Superposition of Atomic Densities via on-the-fly atomic UHF (no occupation information).

   -------------------------
    Irrep   Nso     Nmo    
   -------------------------
     A         28      28 
   -------------------------
    Total      28      28
   -------------------------

  ==> Iterations <==

                           Total Energy        Delta E     RMS |[F,P]|

   @DF-UHF iter SAD:    -1.07948250816981   -1.07948e+00   0.00000e+00 
   @DF-UHF iter   1:    -0.53497357847709    5.44509e-01   8.02830e-03 DIIS/ADIIS
   @DF-UHF iter   2:    -0.59647079055099   -6.14972e-02   2.47495e-03 DIIS/ADIIS
   @DF-UHF iter   3:    -0.60221182491365   -5.74103e-03   7.56329e-05 DIIS
   @DF-UHF iter   4:    -0.60221408456220   -2.25965e-06   4.25541e-06 DIIS
   @DF-UHF iter   5:    -0.60221409179515   -7.23295e-09   9.53722e-07 DIIS
   @DF-UHF iter   6:    -0.60221409230850   -5.13351e-10   5.31195e-09 DIIS
   @DF-UHF iter   7:    -0.60221409230850   -3.33067e-15   7.28963e-11 DIIS
  Energy and wave function converged.


  ==> Post-Iterations <==

   @Spin Contamination Metric:   0.000000000E+00
   @S^2 Expected:                7.500000000E-01
   @S^2 Observed:                7.500000000E-01
   @S   Expected:                5.000000000E-01
   @S   Observed:                5.000000000E-01

    Orbital Energies [Eh]
    ---------------------

    Alpha Occupied:                                                       

       1A     -1.108873  

    Alpha Virtual:                                                        

       2A     -0.276760     3A     -0.011954     4A      0.141567  
       5A      0.207528     6A      0.207528     7A      0.550817  
       8A      0.627109     9A      0.627109    10A      1.058186  
      11A      1.980028    12A      2.106288    13A      2.628009  
      14A      2.628009    15A      2.690446    16A      2.690446  
      17A      2.817025    18A      3.261636    19A      3.261636  
      20A      3.380958    21A      3.380958    22A      3.457578  
      23A      3.457578    24A      3.563415    25A      4.261488  
      26A      4.261488    27A      4.347009    28A      5.561980  

    Beta Occupied:                                                        

    

    Beta Virtual:                                                         

       1A     -0.473410     2A     -0.176287     3A      0.047097  
       4A      0.212100     5A      0.286634     6A      0.286634  
       7A      0.601855     8A      0.658301     9A      0.658301  
      10A      1.085872    11A      2.067371    12A      2.179339  
      13A      2.693758    14A      2.693758    15A      2.731688  
      16A      2.731688    17A      2.899017    18A      3.290898  
      19A      3.290898    20A      3.426664    21A      3.426664  
      22A      3.506778    23A      3.506778    24A      3.597316  
      25A      4.291890    26A      4.291890    27A      4.378320  
      28A      5.605712  

    Final Occupation by Irrep:
              A 
    DOCC [     0 ]
    SOCC [     1 ]
    NA   [     1 ]
    NB   [     0 ]

  @DF-UHF Final Energy:    -0.60221409230850

   => Energetics <=

    Nuclear Repulsion Energy =              0.5066590314925533
    One-Electron Energy =                  -1.1088731238010576
    Two-Electron Energy =                  -0.0000000000000001
    Total Energy =                         -0.6022140923085044

  UHF NO Occupations:
  HONO-0 :    1  A 1.0000000
  LUNO+0 :    2  A 0.0000000
  LUNO+1 :    3  A 0.0000000
  LUNO+2 :    4  A 0.0000000
  LUNO+3 :    5  A 0.0000000


Computation Completed


Properties will be evaluated at   0.000000,   0.000000,   0.000000 [a0]

Properties computed using the SCF density matrix


 Multipole Moments:

 ------------------------------------------------------------------------------------
     Multipole            Electronic (a.u.)      Nuclear  (a.u.)        Total (a.u.)
 ------------------------------------------------------------------------------------

 L = 1.  Multiply by 2.5417464519 to convert [e a0] to [Debye]
 Dipole X            :          0.0000000            0.0000000            0.0000000
 Dipole Y            :         -0.0000000            0.0000000           -0.0000000
 Dipole Z            :          0.0000000            0.0000000            0.0000000
 Magnitude           :                                                    0.0000000

 ------------------------------------------------------------------------------------

*** tstop() called on Angelinas-MacBook-Pro-574.local at Thu Feb 12 13:23:10 2026
Module time:
	user time   =       0.06 seconds =       0.00 minutes
	system time =       0.00 seconds =       0.00 minutes
	total time  =          0 seconds =       0.00 minutes
Total time:
	user time   =      64.25 seconds =       1.07 minutes
	system time =      16.58 seconds =       0.28 minutes
	total time  =      61582 seconds =    1026.37 minutes

Scratch directory: /tmp/
   => Libint2 <=

    Primary   basis highest AM E, G, H:  6, 6, 3
    Auxiliary basis highest AM E, G, H:  7, 7, 4
    Onebody   basis highest AM E, G, H:  -, -, -
    Solid Harmonics ordering:            Gaussian

*** tstart() called on Angelinas-MacBook-Pro-574.local
*** at Thu Feb 12 13:23:10 2026

   => Loading Basis Set <=

    Name: CC-PVTZ
    Role: ORBITAL
    Keyword: BASIS
    atoms 1-2 entry H          line    23 file /opt/anaconda3/envs/psi4/share/psi4/basis/cc-pvtz.gbs 


         ---------------------------------------------------------
                                   SCF
               by Justin Turney, Rob Parrish, Andy Simmonett
                          and Daniel G. A. Smith
                              UHF Reference
                        4 Threads,   1907 MiB Core
         ---------------------------------------------------------

  ==> Geometry <==

    Molecular point group: c1
    Full point group: D_inf_h

    Geometry (in Angstrom), charge = 1, multiplicity = 2:

       Center              X                  Y                   Z               Mass       
    ------------   -----------------  -----------------  -----------------  -----------------
         H            0.000000000000     0.000000000000    -0.541414141414     1.007825032230
         H            0.000000000000     0.000000000000     0.541414141414     1.007825032230

  Running in c1 symmetry.

  Rotational constants: A = ************  B =     28.53134  C =     28.53134 [cm^-1]
  Rotational constants: A = ************  B = 855348.05542  C = 855348.05542 [MHz]
  Nuclear repulsion =    0.488699103137407

  Charge       = 1
  Multiplicity = 2
  Electrons    = 1
  Nalpha       = 1
  Nbeta        = 0

  ==> Algorithm <==

  SCF Algorithm Type is DF.
  DIIS enabled.
  MOM disabled.
  Fractional occupation disabled.
  Guess Type is SAD.
  Energy threshold   = 1.00e-10
  Density threshold  = 1.00e-10
  Integral threshold = 1.00e-12

  ==> Primary Basis <==

  Basis Set: CC-PVTZ
    Blend: CC-PVTZ
    Number of shells: 12
    Number of basis functions: 28
    Number of Cartesian functions: 30
    Spherical Harmonics?: true
    Max angular momentum: 2

   => Loading Basis Set <=

    Name: (CC-PVTZ AUX)
    Role: JKFIT
    Keyword: DF_BASIS_SCF
    atoms 1-2 entry H          line    51 file /opt/anaconda3/envs/psi4/share/psi4/basis/cc-pvtz-jkfit.gbs 

  ==> Integral Setup <==

  DFHelper Memory: AOs need 0.001 GiB; user supplied 1.397 GiB. 
  SCF_SUBTYPE=INCORE selected. In-core MEM_DF algorithm will be used.
  Using in-core AOs.

  ==> MemDFJK: Density-Fitted J/K Matrices <==

    J tasked:                   Yes
    K tasked:                   Yes
    wK tasked:                   No
    OpenMP threads:               4
    Memory [MiB]:              1430
    Algorithm:                 Core
    Schwarz Cutoff:           1E-12
    Mask sparsity (%):       0.0000
    Fitting Condition:        1E-10

   => Auxiliary Basis Set <=

  Basis Set: (CC-PVTZ AUX)
    Blend: CC-PVTZ-JKFIT
    Number of shells: 20
    Number of basis functions: 60
    Number of Cartesian functions: 70
    Spherical Harmonics?: true
    Max angular momentum: 3

  Minimum eigenvalue in the overlap matrix is 1.0858377139E-02.
  Reciprocal condition number of the overlap matrix is 2.8166178619E-03.
    Using symmetric orthogonalization.

  ==> Pre-Iterations <==

  SCF Guess: Superposition of Atomic Densities via on-the-fly atomic UHF (no occupation information).

   -------------------------
    Irrep   Nso     Nmo    
   -------------------------
     A         28      28 
   -------------------------
    Total      28      28
   -------------------------

  ==> Iterations <==

                           Total Energy        Delta E     RMS |[F,P]|

   @DF-UHF iter SAD:    -1.06755985775001   -1.06756e+00   0.00000e+00 
   @DF-UHF iter   1:    -0.53688998295911    5.30670e-01   7.84319e-03 DIIS/ADIIS
   @DF-UHF iter   2:    -0.59648534488608   -5.95954e-02   2.43005e-03 DIIS/ADIIS
   @DF-UHF iter   3:    -0.60212505056840   -5.63971e-03   7.36756e-05 DIIS
   @DF-UHF iter   4:    -0.60212721595532   -2.16539e-06   4.39219e-06 DIIS
   @DF-UHF iter   5:    -0.60212722368359   -7.72827e-09   9.91641e-07 DIIS
   @DF-UHF iter   6:    -0.60212722425639   -5.72801e-10   6.03375e-09 DIIS
   @DF-UHF iter   7:    -0.60212722425640   -7.99361e-15   1.15889e-10 DIIS
   @DF-UHF iter   8:    -0.60212722425640    3.10862e-15   2.38387e-12 DIIS
  Energy and wave function converged.


  ==> Post-Iterations <==

   @Spin Contamination Metric:   0.000000000E+00
   @S^2 Expected:                7.500000000E-01
   @S^2 Observed:                7.500000000E-01
   @S   Expected:                5.000000000E-01
   @S   Observed:                5.000000000E-01

    Orbital Energies [Eh]
    ---------------------

    Alpha Occupied:                                                       

       1A     -1.090826  

    Alpha Virtual:                                                        

       2A     -0.286139     3A     -0.007662     4A      0.137091  
       5A      0.210448     6A      0.210448     7A      0.537204  
       8A      0.619696     9A      0.619696    10A      1.049480  
      11A      2.000120    12A      2.139332    13A      2.614566  
      14A      2.614566    15A      2.712534    16A      2.712534  
      17A      2.775772    18A      3.234841    19A      3.234841  
      20A      3.374587    21A      3.374587    22A      3.457672  
      23A      3.457672    24A      3.557308    25A      4.179447  
      26A      4.179447    27A      4.278799    28A      5.494319  

    Beta Occupied:                                                        

    

    Beta Virtual:                                                         

       1A     -0.466453     2A     -0.181347     3A      0.051475  
       4A      0.205739     5A      0.289056     6A      0.289056  
       7A      0.589449     8A      0.651602     9A      0.651602  
      10A      1.078818    11A      2.084426    12A      2.210129  
      13A      2.676720    14A      2.676720    15A      2.752629  
      16A      2.752629    17A      2.857018    18A      3.264016  
      19A      3.264016    20A      3.421137    21A      3.421137  
      22A      3.507435    23A      3.507435    24A      3.592636  
      25A      4.208657    26A      4.208657    27A      4.309802  
      28A      5.535263  

    Final Occupation by Irrep:
              A 
    DOCC [     0 ]
    SOCC [     1 ]
    NA   [     1 ]
    NB   [     0 ]

  @DF-UHF Final Energy:    -0.60212722425640

   => Energetics <=

    Nuclear Repulsion Energy =              0.4886991031374068
    One-Electron Energy =                  -1.0908263273938035
    Two-Electron Energy =                   0.0000000000000000
    Total Energy =                         -0.6021272242563966

  UHF NO Occupations:
  HONO-0 :    1  A 1.0000000
  LUNO+0 :    2  A 0.0000000
  LUNO+1 :    3  A 0.0000000
  LUNO+2 :    4  A 0.0000000
  LUNO+3 :    5  A 0.0000000


Computation Completed


Properties will be evaluated at   0.000000,   0.000000,   0.000000 [a0]

Properties computed using the SCF density matrix


 Multipole Moments:

 ------------------------------------------------------------------------------------
     Multipole            Electronic (a.u.)      Nuclear  (a.u.)        Total (a.u.)
 ------------------------------------------------------------------------------------

 L = 1.  Multiply by 2.5417464519 to convert [e a0] to [Debye]
 Dipole X            :          0.0000000            0.0000000            0.0000000
 Dipole Y            :          0.0000000            0.0000000            0.0000000
 Dipole Z            :         -0.0000000            0.0000000           -0.0000000
 Magnitude           :                                                    0.0000000

 ------------------------------------------------------------------------------------

*** tstop() called on Angelinas-MacBook-Pro-574.local at Thu Feb 12 13:23:10 2026
Module time:
	user time   =       0.05 seconds =       0.00 minutes
	system time =       0.01 seconds =       0.00 minutes
	total time  =          0 seconds =       0.00 minutes
Total time:
	user time   =      64.31 seconds =       1.07 minutes
	system time =      16.59 seconds =       0.28 minutes
	total time  =      61582 seconds =    1026.37 minutes

Scratch directory: /tmp/
   => Libint2 <=

    Primary   basis highest AM E, G, H:  6, 6, 3
    Auxiliary basis highest AM E, G, H:  7, 7, 4
    Onebody   basis highest AM E, G, H:  -, -, -
    Solid Harmonics ordering:            Gaussian

*** tstart() called on Angelinas-MacBook-Pro-574.local
*** at Thu Feb 12 13:23:10 2026

   => Loading Basis Set <=

    Name: CC-PVTZ
    Role: ORBITAL
    Keyword: BASIS
    atoms 1-2 entry H          line    23 file /opt/anaconda3/envs/psi4/share/psi4/basis/cc-pvtz.gbs 


         ---------------------------------------------------------
                                   SCF
               by Justin Turney, Rob Parrish, Andy Simmonett
                          and Daniel G. A. Smith
                              UHF Reference
                        4 Threads,   1907 MiB Core
         ---------------------------------------------------------

  ==> Geometry <==

    Molecular point group: c1
    Full point group: D_inf_h

    Geometry (in Angstrom), charge = 1, multiplicity = 2:

       Center              X                  Y                   Z               Mass       
    ------------   -----------------  -----------------  -----------------  -----------------
         H            0.000000000000     0.000000000000    -0.560606060606     1.007825032230
         H            0.000000000000     0.000000000000     0.560606060606     1.007825032230

  Running in c1 symmetry.

  Rotational constants: A = ************  B =     26.61128  C =     26.61128 [cm^-1]
  Rotational constants: A = ************  B = 797786.13726  C = 797786.13726 [MHz]
  Nuclear repulsion =    0.471968863570541

  Charge       = 1
  Multiplicity = 2
  Electrons    = 1
  Nalpha       = 1
  Nbeta        = 0

  ==> Algorithm <==

  SCF Algorithm Type is DF.
  DIIS enabled.
  MOM disabled.
  Fractional occupation disabled.
  Guess Type is SAD.
  Energy threshold   = 1.00e-10
  Density threshold  = 1.00e-10
  Integral threshold = 1.00e-12

  ==> Primary Basis <==

  Basis Set: CC-PVTZ
    Blend: CC-PVTZ
    Number of shells: 12
    Number of basis functions: 28
    Number of Cartesian functions: 30
    Spherical Harmonics?: true
    Max angular momentum: 2

   => Loading Basis Set <=

    Name: (CC-PVTZ AUX)
    Role: JKFIT
    Keyword: DF_BASIS_SCF
    atoms 1-2 entry H          line    51 file /opt/anaconda3/envs/psi4/share/psi4/basis/cc-pvtz-jkfit.gbs 

  ==> Integral Setup <==

  DFHelper Memory: AOs need 0.001 GiB; user supplied 1.397 GiB. 
  SCF_SUBTYPE=INCORE selected. In-core MEM_DF algorithm will be used.
  Using in-core AOs.

  ==> MemDFJK: Density-Fitted J/K Matrices <==

    J tasked:                   Yes
    K tasked:                   Yes
    wK tasked:                   No
    OpenMP threads:               4
    Memory [MiB]:              1430
    Algorithm:                 Core
    Schwarz Cutoff:           1E-12
    Mask sparsity (%):       0.0000
    Fitting Condition:        1E-10

   => Auxiliary Basis Set <=

  Basis Set: (CC-PVTZ AUX)
    Blend: CC-PVTZ-JKFIT
    Number of shells: 20
    Number of basis functions: 60
    Number of Cartesian functions: 70
    Spherical Harmonics?: true
    Max angular momentum: 3

  Minimum eigenvalue in the overlap matrix is 1.3287735574E-02.
  Reciprocal condition number of the overlap matrix is 3.4896043059E-03.
    Using symmetric orthogonalization.

  ==> Pre-Iterations <==

  SCF Guess: Superposition of Atomic Densities via on-the-fly atomic UHF (no occupation information).

   -------------------------
    Irrep   Nso     Nmo    
   -------------------------
     A         28      28 
   -------------------------
    Total      28      28
   -------------------------

  ==> Iterations <==

                           Total Energy        Delta E     RMS |[F,P]|

   @DF-UHF iter SAD:    -1.05567080240458   -1.05567e+00   0.00000e+00 
   @DF-UHF iter   1:    -0.53825761763605    5.17413e-01   7.66548e-03 DIIS/ADIIS
   @DF-UHF iter   2:    -0.59601612177352   -5.77585e-02   2.38618e-03 DIIS/ADIIS
   @DF-UHF iter   3:    -0.60155303459895   -5.53691e-03   7.18424e-05 DIIS
   @DF-UHF iter   4:    -0.60155511469902   -2.08010e-06   4.52541e-06 DIIS
   @DF-UHF iter   5:    -0.60155512294513   -8.24611e-09   1.02850e-06 DIIS
   @DF-UHF iter   6:    -0.60155512358120   -6.36064e-10   6.95357e-09 DIIS
   @DF-UHF iter   7:    -0.60155512358121   -8.88178e-15   1.53643e-10 DIIS
   @DF-UHF iter   8:    -0.60155512358120    2.22045e-15   2.20870e-12 DIIS
  Energy and wave function converged.


  ==> Post-Iterations <==

   @Spin Contamination Metric:   0.000000000E+00
   @S^2 Expected:                7.500000000E-01
   @S^2 Observed:                7.500000000E-01
   @S   Expected:                5.000000000E-01
   @S   Observed:                5.000000000E-01

    Orbital Energies [Eh]
    ---------------------

    Alpha Occupied:                                                       

       1A     -1.073524  

    Alpha Virtual:                                                        

       2A     -0.295270     3A     -0.003395     4A      0.133108  
       5A      0.213599     6A      0.213599     7A      0.523478  
       8A      0.612256     9A      0.612256    10A      1.040594  
      11A      2.018400    12A      2.164170    13A      2.603791  
      14A      2.603791    15A      2.735141    16A      2.735141  
      17A      2.736437    18A      3.209603    19A      3.209603  
      20A      3.370227    21A      3.370227    22A      3.455065  
      23A      3.455065    24A      3.557467    25A      4.101903  
      26A      4.101903    27A      4.215516    28A      5.421292  

    Beta Occupied:                                                        

    

    Beta Virtual:                                                         

       1A     -0.459805     2A     -0.186333     3A      0.055791  
       4A      0.199935     5A      0.291649     6A      0.291649  
       7A      0.576942     8A      0.644845     9A      0.644845  
      10A      1.071244    11A      2.099845    12A      2.232882  
      13A      2.662629    14A      2.662629    15A      2.774126  
      16A      2.774126    17A      2.816485    18A      3.238671  
      19A      3.238671    20A      3.417417    21A      3.417417  
      22A      3.505347    23A      3.505347    24A      3.594444  
      25A      4.129966    26A      4.129966    27A      4.246534  
      28A      5.459663  

    Final Occupation by Irrep:
              A 
    DOCC [     0 ]
    SOCC [     1 ]
    NA   [     1 ]
    NB   [     0 ]

  @DF-UHF Final Energy:    -0.60155512358120

   => Energetics <=

    Nuclear Repulsion Energy =              0.4719688635705406
    One-Electron Energy =                  -1.0735239871517450
    Two-Electron Energy =                   0.0000000000000001
    Total Energy =                         -0.6015551235812044

  UHF NO Occupations:
  HONO-0 :    1  A 1.0000000
  LUNO+0 :    2  A 0.0000000
  LUNO+1 :    3  A 0.0000000
  LUNO+2 :    4  A 0.0000000
  LUNO+3 :    5  A 0.0000000


Computation Completed


Properties will be evaluated at   0.000000,   0.000000,   0.000000 [a0]

Properties computed using the SCF density matrix


 Multipole Moments:

 ------------------------------------------------------------------------------------
     Multipole            Electronic (a.u.)      Nuclear  (a.u.)        Total (a.u.)
 ------------------------------------------------------------------------------------

 L = 1.  Multiply by 2.5417464519 to convert [e a0] to [Debye]
 Dipole X            :          0.0000000            0.0000000            0.0000000
 Dipole Y            :          0.0000000            0.0000000            0.0000000
 Dipole Z            :          0.0000000            0.0000000            0.0000000
 Magnitude           :                                                    0.0000000

 ------------------------------------------------------------------------------------

*** tstop() called on Angelinas-MacBook-Pro-574.local at Thu Feb 12 13:23:10 2026
Module time:
	user time   =       0.05 seconds =       0.00 minutes
	system time =       0.00 seconds =       0.00 minutes
	total time  =          0 seconds =       0.00 minutes
Total time:
	user time   =      64.38 seconds =       1.07 minutes
	system time =      16.59 seconds =       0.28 minutes
	total time  =      61582 seconds =    1026.37 minutes

Scratch directory: /tmp/
   => Libint2 <=

    Primary   basis highest AM E, G, H:  6, 6, 3
    Auxiliary basis highest AM E, G, H:  7, 7, 4
    Onebody   basis highest AM E, G, H:  -, -, -
    Solid Harmonics ordering:            Gaussian

*** tstart() called on Angelinas-MacBook-Pro-574.local
*** at Thu Feb 12 13:23:10 2026

   => Loading Basis Set <=

    Name: CC-PVTZ
    Role: ORBITAL
    Keyword: BASIS
    atoms 1-2 entry H          line    23 file /opt/anaconda3/envs/psi4/share/psi4/basis/cc-pvtz.gbs 


         ---------------------------------------------------------
                                   SCF
               by Justin Turney, Rob Parrish, Andy Simmonett
                          and Daniel G. A. Smith
                              UHF Reference
                        4 Threads,   1907 MiB Core
         ---------------------------------------------------------

  ==> Geometry <==

    Molecular point group: c1
    Full point group: D_inf_h

    Geometry (in Angstrom), charge = 1, multiplicity = 2:

       Center              X                  Y                   Z               Mass       
    ------------   -----------------  -----------------  -----------------  -----------------
         H            0.000000000000     0.000000000000    -0.579797979798     1.007825032230
         H            0.000000000000     0.000000000000     0.579797979798     1.007825032230

  Running in c1 symmetry.

  Rotational constants: A = ************  B =     24.87872  C =     24.87872 [cm^-1]
  Rotational constants: A = ************  B = 745845.14480  C = 745845.14480 [MHz]
  Nuclear repulsion =    0.456346200839112

  Charge       = 1
  Multiplicity = 2
  Electrons    = 1
  Nalpha       = 1
  Nbeta        = 0

  ==> Algorithm <==

  SCF Algorithm Type is DF.
  DIIS enabled.
  MOM disabled.
  Fractional occupation disabled.
  Guess Type is SAD.
  Energy threshold   = 1.00e-10
  Density threshold  = 1.00e-10
  Integral threshold = 1.00e-12

  ==> Primary Basis <==

  Basis Set: CC-PVTZ
    Blend: CC-PVTZ
    Number of shells: 12
    Number of basis functions: 28
    Number of Cartesian functions: 30
    Spherical Harmonics?: true
    Max angular momentum: 2

   => Loading Basis Set <=

    Name: (CC-PVTZ AUX)
    Role: JKFIT
    Keyword: DF_BASIS_SCF
    atoms 1-2 entry H          line    51 file /opt/anaconda3/envs/psi4/share/psi4/basis/cc-pvtz-jkfit.gbs 

  ==> Integral Setup <==

  DFHelper Memory: AOs need 0.001 GiB; user supplied 1.397 GiB. 
  SCF_SUBTYPE=INCORE selected. In-core MEM_DF algorithm will be used.
  Using in-core AOs.

  ==> MemDFJK: Density-Fitted J/K Matrices <==

    J tasked:                   Yes
    K tasked:                   Yes
    wK tasked:                   No
    OpenMP threads:               4
    Memory [MiB]:              1430
    Algorithm:                 Core
    Schwarz Cutoff:           1E-12
    Mask sparsity (%):       0.0000
    Fitting Condition:        1E-10

   => Auxiliary Basis Set <=

  Basis Set: (CC-PVTZ AUX)
    Blend: CC-PVTZ-JKFIT
    Number of shells: 20
    Number of basis functions: 60
    Number of Cartesian functions: 70
    Spherical Harmonics?: true
    Max angular momentum: 3

  Minimum eigenvalue in the overlap matrix is 1.6184506564E-02.
  Reciprocal condition number of the overlap matrix is 4.3047712843E-03.
    Using symmetric orthogonalization.

  ==> Pre-Iterations <==

  SCF Guess: Superposition of Atomic Densities via on-the-fly atomic UHF (no occupation information).

   -------------------------
    Irrep   Nso     Nmo    
   -------------------------
     A         28      28 
   -------------------------
    Total      28      28
   -------------------------

  ==> Iterations <==

                           Total Energy        Delta E     RMS |[F,P]|

   @DF-UHF iter SAD:    -1.04390269928888   -1.04390e+00   0.00000e+00 
   @DF-UHF iter   1:    -0.53915939109955    5.04743e-01   7.49485e-03 DIIS/ADIIS
   @DF-UHF iter   2:    -0.59514454528311   -5.59852e-02   2.34333e-03 DIIS/ADIIS
   @DF-UHF iter   3:    -0.60057738229923   -5.43284e-03   7.01099e-05 DIIS
   @DF-UHF iter   4:    -0.60057938432447   -2.00203e-06   4.65233e-06 DIIS
   @DF-UHF iter   5:    -0.60057939311201   -8.78753e-09   1.06387e-06 DIIS
   @DF-UHF iter   6:    -0.60057939381464   -7.02638e-10   7.98638e-09 DIIS
   @DF-UHF iter   7:    -0.60057939381466   -1.59872e-14   1.87196e-10 DIIS
   @DF-UHF iter   8:    -0.60057939381466    4.44089e-16   2.00238e-12 DIIS
  Energy and wave function converged.


  ==> Post-Iterations <==

   @Spin Contamination Metric:   0.000000000E+00
   @S^2 Expected:                7.500000000E-01
   @S^2 Observed:                7.500000000E-01
   @S   Expected:                5.000000000E-01
   @S   Observed:                5.000000000E-01

    Orbital Energies [Eh]
    ---------------------

    Alpha Occupied:                                                       

       1A     -1.056926  

    Alpha Virtual:                                                        

       2A     -0.304133     3A      0.000845     4A      0.129580  
       5A      0.216969     6A      0.216969     7A      0.509716  
       8A      0.604824     9A      0.604824    10A      1.031458  
      11A      2.034447    12A      2.181881    13A      2.596235  
      14A      2.596235    15A      2.700268    16A      2.757870  
      17A      2.757870    18A      3.185997    19A      3.185997  
      20A      3.367516    21A      3.367516    22A      3.449913  
      23A      3.449913    24A      3.560908    25A      4.028845  
      26A      4.028845    27A      4.156330    28A      5.342890  

    Beta Occupied:                                                        

    

    Beta Virtual:                                                         

       1A     -0.453448     2A     -0.191225     3A      0.060043  
       4A      0.194664     5A      0.294404     6A      0.294404  
       7A      0.564404     8A      0.638065     9A      0.638065  
      10A      1.063140    11A      2.113243    12A      2.248688  
      13A      2.652034    14A      2.652034    15A      2.778687  
      16A      2.795792    17A      2.795792    18A      3.214942  
      19A      3.214942    20A      3.415156    21A      3.415156  
      22A      3.500654    23A      3.500654    24A      3.599640  
      25A      4.055818    26A      4.055818    27A      4.187636  
      28A      5.378902  

    Final Occupation by Irrep:
              A 
    DOCC [     0 ]
    SOCC [     1 ]
    NA   [     1 ]
    NB   [     0 ]

  @DF-UHF Final Energy:    -0.60057939381466

   => Energetics <=

    Nuclear Repulsion Energy =              0.4563462008391115
    One-Electron Energy =                  -1.0569255946537717
    Two-Electron Energy =                   0.0000000000000000
    Total Energy =                         -0.6005793938146602

  UHF NO Occupations:
  HONO-0 :    1  A 1.0000000
  LUNO+0 :    2  A 0.0000000
  LUNO+1 :    3  A 0.0000000
  LUNO+2 :    4  A 0.0000000
  LUNO+3 :    5  A 0.0000000


Computation Completed


Properties will be evaluated at   0.000000,   0.000000,   0.000000 [a0]

Properties computed using the SCF density matrix


 Multipole Moments:

 ------------------------------------------------------------------------------------
     Multipole            Electronic (a.u.)      Nuclear  (a.u.)        Total (a.u.)
 ------------------------------------------------------------------------------------

 L = 1.  Multiply by 2.5417464519 to convert [e a0] to [Debye]
 Dipole X            :          0.0000000            0.0000000            0.0000000
 Dipole Y            :          0.0000000            0.0000000            0.0000000
 Dipole Z            :          0.0000000            0.0000000            0.0000000
 Magnitude           :                                                    0.0000000

 ------------------------------------------------------------------------------------

*** tstop() called on Angelinas-MacBook-Pro-574.local at Thu Feb 12 13:23:11 2026
Module time:
	user time   =       0.05 seconds =       0.00 minutes
	system time =       0.01 seconds =       0.00 minutes
	total time  =          1 seconds =       0.02 minutes
Total time:
	user time   =      64.45 seconds =       1.07 minutes
	system time =      16.60 seconds =       0.28 minutes
	total time  =      61583 seconds =    1026.38 minutes

Scratch directory: /tmp/
   => Libint2 <=

    Primary   basis highest AM E, G, H:  6, 6, 3
    Auxiliary basis highest AM E, G, H:  7, 7, 4
    Onebody   basis highest AM E, G, H:  -, -, -
    Solid Harmonics ordering:            Gaussian

*** tstart() called on Angelinas-MacBook-Pro-574.local
*** at Thu Feb 12 13:23:11 2026

   => Loading Basis Set <=

    Name: CC-PVTZ
    Role: ORBITAL
    Keyword: BASIS
    atoms 1-2 entry H          line    23 file /opt/anaconda3/envs/psi4/share/psi4/basis/cc-pvtz.gbs 


         ---------------------------------------------------------
                                   SCF
               by Justin Turney, Rob Parrish, Andy Simmonett
                          and Daniel G. A. Smith
                              UHF Reference
                        4 Threads,   1907 MiB Core
         ---------------------------------------------------------

  ==> Geometry <==

    Molecular point group: c1
    Full point group: D_inf_h

    Geometry (in Angstrom), charge = 1, multiplicity = 2:

       Center              X                  Y                   Z               Mass       
    ------------   -----------------  -----------------  -----------------  -----------------
         H            0.000000000000     0.000000000000    -0.598989898990     1.007825032230
         H            0.000000000000     0.000000000000     0.598989898990     1.007825032230

  Running in c1 symmetry.

  Rotational constants: A = ************  B =     23.31000  C =     23.31000 [cm^-1]
  Rotational constants: A = ************  B = 698816.36214  C = 698816.36214 [MHz]
  Nuclear repulsion =    0.441724653088786

  Charge       = 1
  Multiplicity = 2
  Electrons    = 1
  Nalpha       = 1
  Nbeta        = 0

  ==> Algorithm <==

  SCF Algorithm Type is DF.
  DIIS enabled.
  MOM disabled.
  Fractional occupation disabled.
  Guess Type is SAD.
  Energy threshold   = 1.00e-10
  Density threshold  = 1.00e-10
  Integral threshold = 1.00e-12

  ==> Primary Basis <==

  Basis Set: CC-PVTZ
    Blend: CC-PVTZ
    Number of shells: 12
    Number of basis functions: 28
    Number of Cartesian functions: 30
    Spherical Harmonics?: true
    Max angular momentum: 2

   => Loading Basis Set <=

    Name: (CC-PVTZ AUX)
    Role: JKFIT
    Keyword: DF_BASIS_SCF
    atoms 1-2 entry H          line    51 file /opt/anaconda3/envs/psi4/share/psi4/basis/cc-pvtz-jkfit.gbs 

  ==> Integral Setup <==

  DFHelper Memory: AOs need 0.001 GiB; user supplied 1.397 GiB. 
  SCF_SUBTYPE=INCORE selected. In-core MEM_DF algorithm will be used.
  Using in-core AOs.

  ==> MemDFJK: Density-Fitted J/K Matrices <==

    J tasked:                   Yes
    K tasked:                   Yes
    wK tasked:                   No
    OpenMP threads:               4
    Memory [MiB]:              1430
    Algorithm:                 Core
    Schwarz Cutoff:           1E-12
    Mask sparsity (%):       0.0000
    Fitting Condition:        1E-10

   => Auxiliary Basis Set <=

  Basis Set: (CC-PVTZ AUX)
    Blend: CC-PVTZ-JKFIT
    Number of shells: 20
    Number of basis functions: 60
    Number of Cartesian functions: 70
    Spherical Harmonics?: true
    Max angular momentum: 3

  Minimum eigenvalue in the overlap matrix is 1.9600037041E-02.
  Reciprocal condition number of the overlap matrix is 5.2817797492E-03.
    Using symmetric orthogonalization.

  ==> Pre-Iterations <==

  SCF Guess: Superposition of Atomic Densities via on-the-fly atomic UHF (no occupation information).

   -------------------------
    Irrep   Nso     Nmo    
   -------------------------
     A         28      28 
   -------------------------
    Total      28      28
   -------------------------

  ==> Iterations <==

                           Total Energy        Delta E     RMS |[F,P]|

   @DF-UHF iter SAD:    -1.03232643862549   -1.03233e+00   0.00000e+00 
   @DF-UHF iter   1:    -0.53966552115475    4.92661e-01   7.33105e-03 DIIS/ADIIS
   @DF-UHF iter   2:    -0.59393930706933   -5.42738e-02   2.30145e-03 DIIS/ADIIS
   @DF-UHF iter   3:    -0.59926697050127   -5.32766e-03   6.84534e-05 DIIS
   @DF-UHF iter   4:    -0.59926889992592   -1.92942e-06   4.77002e-06 DIIS
   @DF-UHF iter   5:    -0.59926890927952   -9.35360e-09   1.09721e-06 DIIS
   @DF-UHF iter   6:    -0.59926891005118   -7.71659e-10   9.08278e-09 DIIS
   @DF-UHF iter   7:    -0.59926891005120   -2.04281e-14   2.17261e-10 DIIS
   @DF-UHF iter   8:    -0.59926891005119    3.10862e-15   1.78777e-12 DIIS
  Energy and wave function converged.


  ==> Post-Iterations <==

   @Spin Contamination Metric:   0.000000000E+00
   @S^2 Expected:                7.500000000E-01
   @S^2 Observed:                7.500000000E-01
   @S   Expected:                5.000000000E-01
   @S   Observed:                5.000000000E-01

    Orbital Energies [Eh]
    ---------------------

    Alpha Occupied:                                                       

       1A     -1.040994  

    Alpha Virtual:                                                        

       2A     -0.312713     3A      0.005059     4A      0.126467  
       5A      0.220549     6A      0.220549     7A      0.495982  
       8A      0.597430     9A      0.597430    10A      1.022026  
      11A      2.047771    12A      2.193807    13A      2.592307  
      14A      2.592307    15A      2.668460    16A      2.780357  
      17A      2.780357    18A      3.164078    19A      3.164078  
      20A      3.366111    21A      3.366111    22A      3.442283  
      23A      3.442283    24A      3.565108    25A      3.960379  
      26A      3.960379    27A      4.100603    28A      5.259790  

    Beta Occupied:                                                        

    

    Beta Virtual:                                                         

       1A     -0.447368     2A     -0.196006     3A      0.064233  
       4A      0.189896     5A      0.297312     6A      0.297312  
       7A      0.551895     8A      0.631296     9A      0.631296  
      10A      1.054513    11A      2.124175    12A      2.258900  
      13A      2.645330    14A      2.645330    15A      2.744832  
      16A      2.817265    17A      2.817265    18A      3.192887  
      19A      3.192887    20A      3.414029    21A      3.414029  
      22A      3.493396    23A      3.493396    24A      3.605601  
      25A      3.986349    26A      3.986349    27A      4.132418  
      28A      5.293651  

    Final Occupation by Irrep:
              A 
    DOCC [     0 ]
    SOCC [     1 ]
    NA   [     1 ]
    NB   [     0 ]

  @DF-UHF Final Energy:    -0.59926891005119

   => Energetics <=

    Nuclear Repulsion Energy =              0.4417246530887859
    One-Electron Energy =                  -1.0409935631399807
    Two-Electron Energy =                   0.0000000000000000
    Total Energy =                         -0.5992689100511948

  UHF NO Occupations:
  HONO-0 :    1  A 1.0000000
  LUNO+0 :    2  A 0.0000000
  LUNO+1 :    3  A 0.0000000
  LUNO+2 :    4  A 0.0000000
  LUNO+3 :    5  A 0.0000000


Computation Completed


Properties will be evaluated at   0.000000,   0.000000,   0.000000 [a0]

Properties computed using the SCF density matrix


 Multipole Moments:

 ------------------------------------------------------------------------------------
     Multipole            Electronic (a.u.)      Nuclear  (a.u.)        Total (a.u.)
 ------------------------------------------------------------------------------------

 L = 1.  Multiply by 2.5417464519 to convert [e a0] to [Debye]
 Dipole X            :         -0.0000000            0.0000000           -0.0000000
 Dipole Y            :         -0.0000000            0.0000000           -0.0000000
 Dipole Z            :          0.0000000            0.0000000            0.0000000
 Magnitude           :                                                    0.0000000

 ------------------------------------------------------------------------------------

*** tstop() called on Angelinas-MacBook-Pro-574.local at Thu Feb 12 13:23:11 2026
Module time:
	user time   =       0.05 seconds =       0.00 minutes
	system time =       0.00 seconds =       0.00 minutes
	total time  =          0 seconds =       0.00 minutes
Total time:
	user time   =      64.52 seconds =       1.08 minutes
	system time =      16.60 seconds =       0.28 minutes
	total time  =      61583 seconds =    1026.38 minutes

Scratch directory: /tmp/
   => Libint2 <=

    Primary   basis highest AM E, G, H:  6, 6, 3
    Auxiliary basis highest AM E, G, H:  7, 7, 4
    Onebody   basis highest AM E, G, H:  -, -, -
    Solid Harmonics ordering:            Gaussian

*** tstart() called on Angelinas-MacBook-Pro-574.local
*** at Thu Feb 12 13:23:11 2026

   => Loading Basis Set <=

    Name: CC-PVTZ
    Role: ORBITAL
    Keyword: BASIS
    atoms 1-2 entry H          line    23 file /opt/anaconda3/envs/psi4/share/psi4/basis/cc-pvtz.gbs 


         ---------------------------------------------------------
                                   SCF
               by Justin Turney, Rob Parrish, Andy Simmonett
                          and Daniel G. A. Smith
                              UHF Reference
                        4 Threads,   1907 MiB Core
         ---------------------------------------------------------

  ==> Geometry <==

    Molecular point group: c1
    Full point group: D_inf_h

    Geometry (in Angstrom), charge = 1, multiplicity = 2:

       Center              X                  Y                   Z               Mass       
    ------------   -----------------  -----------------  -----------------  -----------------
         H            0.000000000000     0.000000000000    -0.618181818182     1.007825032230
         H            0.000000000000     0.000000000000     0.618181818182     1.007825032230

  Running in c1 symmetry.

  Rotational constants: A = ************  B =     21.88512  C =     21.88512 [cm^-1]
  Rotational constants: A = ************  B = 656099.34995  C = 656099.34995 [MHz]
  Nuclear repulsion =    0.428010979218382

  Charge       = 1
  Multiplicity = 2
  Electrons    = 1
  Nalpha       = 1
  Nbeta        = 0

  ==> Algorithm <==

  SCF Algorithm Type is DF.
  DIIS enabled.
  MOM disabled.
  Fractional occupation disabled.
  Guess Type is SAD.
  Energy threshold   = 1.00e-10
  Density threshold  = 1.00e-10
  Integral threshold = 1.00e-12

  ==> Primary Basis <==

  Basis Set: CC-PVTZ
    Blend: CC-PVTZ
    Number of shells: 12
    Number of basis functions: 28
    Number of Cartesian functions: 30
    Spherical Harmonics?: true
    Max angular momentum: 2

   => Loading Basis Set <=

    Name: (CC-PVTZ AUX)
    Role: JKFIT
    Keyword: DF_BASIS_SCF
    atoms 1-2 entry H          line    51 file /opt/anaconda3/envs/psi4/share/psi4/basis/cc-pvtz-jkfit.gbs 

  ==> Integral Setup <==

  DFHelper Memory: AOs need 0.001 GiB; user supplied 1.397 GiB. 
  SCF_SUBTYPE=INCORE selected. In-core MEM_DF algorithm will be used.
  Using in-core AOs.

  ==> MemDFJK: Density-Fitted J/K Matrices <==

    J tasked:                   Yes
    K tasked:                   Yes
    wK tasked:                   No
    OpenMP threads:               4
    Memory [MiB]:              1430
    Algorithm:                 Core
    Schwarz Cutoff:           1E-12
    Mask sparsity (%):       0.0000
    Fitting Condition:        1E-10

   => Auxiliary Basis Set <=

  Basis Set: (CC-PVTZ AUX)
    Blend: CC-PVTZ-JKFIT
    Number of shells: 20
    Number of basis functions: 60
    Number of Cartesian functions: 70
    Spherical Harmonics?: true
    Max angular momentum: 3

  Minimum eigenvalue in the overlap matrix is 2.3576838172E-02.
  Reciprocal condition number of the overlap matrix is 6.4389018524E-03.
    Using symmetric orthogonalization.

  ==> Pre-Iterations <==

  SCF Guess: Superposition of Atomic Densities via on-the-fly atomic UHF (no occupation information).

   -------------------------
    Irrep   Nso     Nmo    
   -------------------------
     A         28      28 
   -------------------------
    Total      28      28
   -------------------------

  ==> Iterations <==

                           Total Energy        Delta E     RMS |[F,P]|

   @DF-UHF iter SAD:    -1.02099920023883   -1.02100e+00   0.00000e+00 
   @DF-UHF iter   1:    -0.53983570126963    4.81163e-01   7.17381e-03 DIIS/ADIIS
   @DF-UHF iter   2:    -0.59245853810087   -5.26228e-02   2.26053e-03 DIIS/ADIIS
   @DF-UHF iter   3:    -0.59768011521042   -5.22158e-03   6.68482e-05 DIIS
   @DF-UHF iter   4:    -0.59768197579752   -1.86059e-06   4.87551e-06 DIIS
   @DF-UHF iter   5:    -0.59768198574288   -9.94535e-09   1.12786e-06 DIIS
   @DF-UHF iter   6:    -0.59768198658465   -8.41774e-10   1.02137e-08 DIIS
   @DF-UHF iter   7:    -0.59768198658467   -2.39808e-14   2.44009e-10 DIIS
   @DF-UHF iter   8:    -0.59768198658467    2.22045e-16   1.58243e-12 DIIS
  Energy and wave function converged.


  ==> Post-Iterations <==

   @Spin Contamination Metric:   0.000000000E+00
   @S^2 Expected:                7.500000000E-01
   @S^2 Observed:                7.500000000E-01
   @S   Expected:                5.000000000E-01
   @S   Observed:                5.000000000E-01

    Orbital Energies [Eh]
    ---------------------

    Alpha Occupied:                                                       

       1A     -1.025693  

    Alpha Virtual:                                                        

       2A     -0.320999     3A      0.009249     4A      0.123731  
       5A      0.224328     6A      0.224328     7A      0.482332  
       8A      0.590101     9A      0.590101    10A      1.012269  
      11A      2.057859    12A      2.201264    13A      2.592251  
      14A      2.592251    15A      2.642098    16A      2.802277  
      17A      2.802277    18A      3.143877    19A      3.143877  
      20A      3.365697    21A      3.365697    22A      3.432157  
      23A      3.432157    24A      3.568123    25A      3.896722  
      26A      3.896722    27A      4.047876    28A      5.173106  

    Beta Occupied:                                                        

    

    Beta Virtual:                                                         

       1A     -0.441548     2A     -0.200663     3A      0.068361  
       4A      0.185601     5A      0.300366     6A      0.300366  
       7A      0.539467     8A      0.624565     9A      0.624565  
      10A      1.045383    11A      2.132168    12A      2.264841  
      13A      2.642750    14A      2.642750    15A      2.716022  
      16A      2.838225    17A      2.838225    18A      3.172540  
      19A      3.172540    20A      3.413741    21A      3.413741  
      22A      3.483508    23A      3.483508    24A      3.610308  
      25A      3.921825    26A      3.921825    27A      4.080377  
      28A      5.205013  

    Final Occupation by Irrep:
              A 
    DOCC [     0 ]
    SOCC [     1 ]
    NA   [     1 ]
    NB   [     0 ]

  @DF-UHF Final Energy:    -0.59768198658467

   => Energetics <=

    Nuclear Repulsion Energy =              0.4280109792183824
    One-Electron Energy =                  -1.0256929658030565
    Two-Electron Energy =                  -0.0000000000000001
    Total Energy =                         -0.5976819865846741

  UHF NO Occupations:
  HONO-0 :    1  A 1.0000000
  LUNO+0 :    2  A 0.0000000
  LUNO+1 :    3  A 0.0000000
  LUNO+2 :    4  A 0.0000000
  LUNO+3 :    5  A 0.0000000


Computation Completed


Properties will be evaluated at   0.000000,   0.000000,   0.000000 [a0]

Properties computed using the SCF density matrix


 Multipole Moments:

 ------------------------------------------------------------------------------------
     Multipole            Electronic (a.u.)      Nuclear  (a.u.)        Total (a.u.)
 ------------------------------------------------------------------------------------

 L = 1.  Multiply by 2.5417464519 to convert [e a0] to [Debye]
 Dipole X            :          0.0000000            0.0000000            0.0000000
 Dipole Y            :         -0.0000000            0.0000000           -0.0000000
 Dipole Z            :          0.0000000            0.0000000            0.0000000
 Magnitude           :                                                    0.0000000

 ------------------------------------------------------------------------------------

*** tstop() called on Angelinas-MacBook-Pro-574.local at Thu Feb 12 13:23:11 2026
Module time:
	user time   =       0.06 seconds =       0.00 minutes
	system time =       0.01 seconds =       0.00 minutes
	total time  =          0 seconds =       0.00 minutes
Total time:
	user time   =      64.59 seconds =       1.08 minutes
	system time =      16.61 seconds =       0.28 minutes
	total time  =      61583 seconds =    1026.38 minutes

Scratch directory: /tmp/
   => Libint2 <=

    Primary   basis highest AM E, G, H:  6, 6, 3
    Auxiliary basis highest AM E, G, H:  7, 7, 4
    Onebody   basis highest AM E, G, H:  -, -, -
    Solid Harmonics ordering:            Gaussian

*** tstart() called on Angelinas-MacBook-Pro-574.local
*** at Thu Feb 12 13:23:11 2026

   => Loading Basis Set <=

    Name: CC-PVTZ
    Role: ORBITAL
    Keyword: BASIS
    atoms 1-2 entry H          line    23 file /opt/anaconda3/envs/psi4/share/psi4/basis/cc-pvtz.gbs 


         ---------------------------------------------------------
                                   SCF
               by Justin Turney, Rob Parrish, Andy Simmonett
                          and Daniel G. A. Smith
                              UHF Reference
                        4 Threads,   1907 MiB Core
         ---------------------------------------------------------

  ==> Geometry <==

    Molecular point group: c1
    Full point group: D_inf_h

    Geometry (in Angstrom), charge = 1, multiplicity = 2:

       Center              X                  Y                   Z               Mass       
    ------------   -----------------  -----------------  -----------------  -----------------
         H            0.000000000000     0.000000000000    -0.637373737374     1.007825032230
         H            0.000000000000     0.000000000000     0.637373737374     1.007825032230

  Running in c1 symmetry.

  Rotational constants: A = ************  B =     20.58700  C =     20.58700 [cm^-1]
  Rotational constants: A = ************  B = 617182.68472  C = 617182.68472 [MHz]
  Nuclear repulsion =    0.415123168433677

  Charge       = 1
  Multiplicity = 2
  Electrons    = 1
  Nalpha       = 1
  Nbeta        = 0

  ==> Algorithm <==

  SCF Algorithm Type is DF.
  DIIS enabled.
  MOM disabled.
  Fractional occupation disabled.
  Guess Type is SAD.
  Energy threshold   = 1.00e-10
  Density threshold  = 1.00e-10
  Integral threshold = 1.00e-12

  ==> Primary Basis <==

  Basis Set: CC-PVTZ
    Blend: CC-PVTZ
    Number of shells: 12
    Number of basis functions: 28
    Number of Cartesian functions: 30
    Spherical Harmonics?: true
    Max angular momentum: 2

   => Loading Basis Set <=

    Name: (CC-PVTZ AUX)
    Role: JKFIT
    Keyword: DF_BASIS_SCF
    atoms 1-2 entry H          line    51 file /opt/anaconda3/envs/psi4/share/psi4/basis/cc-pvtz-jkfit.gbs 

  ==> Integral Setup <==

  DFHelper Memory: AOs need 0.001 GiB; user supplied 1.397 GiB. 
  SCF_SUBTYPE=INCORE selected. In-core MEM_DF algorithm will be used.
  Using in-core AOs.

  ==> MemDFJK: Density-Fitted J/K Matrices <==

    J tasked:                   Yes
    K tasked:                   Yes
    wK tasked:                   No
    OpenMP threads:               4
    Memory [MiB]:              1430
    Algorithm:                 Core
    Schwarz Cutoff:           1E-12
    Mask sparsity (%):       0.0000
    Fitting Condition:        1E-10

   => Auxiliary Basis Set <=

  Basis Set: (CC-PVTZ AUX)
    Blend: CC-PVTZ-JKFIT
    Number of shells: 20
    Number of basis functions: 60
    Number of Cartesian functions: 70
    Spherical Harmonics?: true
    Max angular momentum: 3

  Minimum eigenvalue in the overlap matrix is 2.8143371661E-02.
  Reciprocal condition number of the overlap matrix is 7.7914226702E-03.
    Using symmetric orthogonalization.

  ==> Pre-Iterations <==

  SCF Guess: Superposition of Atomic Densities via on-the-fly atomic UHF (no occupation information).

   -------------------------
    Irrep   Nso     Nmo    
   -------------------------
     A         28      28 
   -------------------------
    Total      28      28
   -------------------------

  ==> Iterations <==

                           Total Energy        Delta E     RMS |[F,P]|

   @DF-UHF iter SAD:    -1.00996667294263   -1.00997e+00   0.00000e+00 
   @DF-UHF iter   1:    -0.53972084075971    4.70246e-01   7.02286e-03 DIIS/ADIIS
   @DF-UHF iter   2:    -0.59075155315055   -5.10307e-02   2.22054e-03 DIIS/ADIIS
   @DF-UHF iter   3:    -0.59586631235455   -5.11476e-03   6.52692e-05 DIIS
   @DF-UHF iter   4:    -0.59586810619041   -1.79384e-06   4.96609e-06 DIIS
   @DF-UHF iter   5:    -0.59586811675378   -1.05634e-08   1.15513e-06 DIIS
   @DF-UHF iter   6:    -0.59586811766492   -9.11143e-10   1.13592e-08 DIIS
   @DF-UHF iter   7:    -0.59586811766495   -3.19744e-14   2.67412e-10 DIIS
   @DF-UHF iter   8:    -0.59586811766496   -3.21965e-15   1.40230e-12 DIIS
  Energy and wave function converged.


  ==> Post-Iterations <==

   @Spin Contamination Metric:   0.000000000E+00
   @S^2 Expected:                7.500000000E-01
   @S^2 Observed:                7.500000000E-01
   @S   Expected:                5.000000000E-01
   @S   Observed:                5.000000000E-01

    Orbital Energies [Eh]
    ---------------------

    Alpha Occupied:                                                       

       1A     -1.010991  

    Alpha Virtual:                                                        

       2A     -0.328988     3A      0.013414     4A      0.121337  
       5A      0.228302     6A      0.228302     7A      0.468814  
       8A      0.582860     9A      0.582860    10A      1.002173  
      11A      2.064271    12A      2.205395    13A      2.596146  
      14A      2.596146    15A      2.622066    16A      2.823356  
      17A      2.823356    18A      3.125404    19A      3.125404  
      20A      3.365994    21A      3.365994    22A      3.419441  
      23A      3.419441    24A      3.568583    25A      3.838178  
      26A      3.838178    27A      3.997851    28A      5.084167  

    Beta Occupied:                                                        

    

    Beta Virtual:                                                         

       1A     -0.435976     2A     -0.205183     3A      0.072428  
       4A      0.181744     5A      0.303562     6A      0.303562  
       7A      0.527160     8A      0.617897     9A      0.617897  
      10A      1.035779    11A      2.136810    12A      2.267646  
      13A      2.644355    14A      2.644355    15A      2.693169  
      16A      2.858401    17A      2.858401    18A      3.153914  
      19A      3.153914    20A      3.414034    21A      3.414034  
      22A      3.470826    23A      3.470826    24A      3.612336  
      25A      3.862619    26A      3.862619    27A      4.031171  
      28A      5.114310  

    Final Occupation by Irrep:
              A 
    DOCC [     0 ]
    SOCC [     1 ]
    NA   [     1 ]
    NB   [     0 ]

  @DF-UHF Final Energy:    -0.59586811766496

   => Energetics <=

    Nuclear Repulsion Energy =              0.4151231684336768
    One-Electron Energy =                  -1.0109912860986323
    Two-Electron Energy =                  -0.0000000000000001
    Total Energy =                         -0.5958681176649556

  UHF NO Occupations:
  HONO-0 :    1  A 1.0000000
  LUNO+0 :    2  A 0.0000000
  LUNO+1 :    3  A 0.0000000
  LUNO+2 :    4  A 0.0000000
  LUNO+3 :    5  A 0.0000000


Computation Completed


Properties will be evaluated at   0.000000,   0.000000,   0.000000 [a0]

Properties computed using the SCF density matrix


 Multipole Moments:

 ------------------------------------------------------------------------------------
     Multipole            Electronic (a.u.)      Nuclear  (a.u.)        Total (a.u.)
 ------------------------------------------------------------------------------------

 L = 1.  Multiply by 2.5417464519 to convert [e a0] to [Debye]
 Dipole X            :          0.0000000            0.0000000            0.0000000
 Dipole Y            :          0.0000000            0.0000000            0.0000000
 Dipole Z            :          0.0000000            0.0000000            0.0000000
 Magnitude           :                                                    0.0000000

 ------------------------------------------------------------------------------------

*** tstop() called on Angelinas-MacBook-Pro-574.local at Thu Feb 12 13:23:11 2026
Module time:
	user time   =       0.06 seconds =       0.00 minutes
	system time =       0.01 seconds =       0.00 minutes
	total time  =          0 seconds =       0.00 minutes
Total time:
	user time   =      64.66 seconds =       1.08 minutes
	system time =      16.62 seconds =       0.28 minutes
	total time  =      61583 seconds =    1026.38 minutes

Scratch directory: /tmp/
   => Libint2 <=

    Primary   basis highest AM E, G, H:  6, 6, 3
    Auxiliary basis highest AM E, G, H:  7, 7, 4
    Onebody   basis highest AM E, G, H:  -, -, -
    Solid Harmonics ordering:            Gaussian

*** tstart() called on Angelinas-MacBook-Pro-574.local
*** at Thu Feb 12 13:23:11 2026

   => Loading Basis Set <=

    Name: CC-PVTZ
    Role: ORBITAL
    Keyword: BASIS
    atoms 1-2 entry H          line    23 file /opt/anaconda3/envs/psi4/share/psi4/basis/cc-pvtz.gbs 


         ---------------------------------------------------------
                                   SCF
               by Justin Turney, Rob Parrish, Andy Simmonett
                          and Daniel G. A. Smith
                              UHF Reference
                        4 Threads,   1907 MiB Core
         ---------------------------------------------------------

  ==> Geometry <==

    Molecular point group: c1
    Full point group: D_inf_h

    Geometry (in Angstrom), charge = 1, multiplicity = 2:

       Center              X                  Y                   Z               Mass       
    ------------   -----------------  -----------------  -----------------  -----------------
         H            0.000000000000     0.000000000000    -0.656565656566     1.007825032230
         H            0.000000000000     0.000000000000     0.656565656566     1.007825032230

  Running in c1 symmetry.

  Rotational constants: A = ************  B =     19.40104  C =     19.40104 [cm^-1]
  Rotational constants: A = ************  B = 581628.57971  C = 581628.57971 [MHz]
  Nuclear repulsion =    0.402988798894846

  Charge       = 1
  Multiplicity = 2
  Electrons    = 1
  Nalpha       = 1
  Nbeta        = 0

  ==> Algorithm <==

  SCF Algorithm Type is DF.
  DIIS enabled.
  MOM disabled.
  Fractional occupation disabled.
  Guess Type is SAD.
  Energy threshold   = 1.00e-10
  Density threshold  = 1.00e-10
  Integral threshold = 1.00e-12

  ==> Primary Basis <==

  Basis Set: CC-PVTZ
    Blend: CC-PVTZ
    Number of shells: 12
    Number of basis functions: 28
    Number of Cartesian functions: 30
    Spherical Harmonics?: true
    Max angular momentum: 2

   => Loading Basis Set <=

    Name: (CC-PVTZ AUX)
    Role: JKFIT
    Keyword: DF_BASIS_SCF
    atoms 1-2 entry H          line    51 file /opt/anaconda3/envs/psi4/share/psi4/basis/cc-pvtz-jkfit.gbs 

  ==> Integral Setup <==

  DFHelper Memory: AOs need 0.001 GiB; user supplied 1.397 GiB. 
  SCF_SUBTYPE=INCORE selected. In-core MEM_DF algorithm will be used.
  Using in-core AOs.

  ==> MemDFJK: Density-Fitted J/K Matrices <==

    J tasked:                   Yes
    K tasked:                   Yes
    wK tasked:                   No
    OpenMP threads:               4
    Memory [MiB]:              1430
    Algorithm:                 Core
    Schwarz Cutoff:           1E-12
    Mask sparsity (%):       0.0000
    Fitting Condition:        1E-10

   => Auxiliary Basis Set <=

  Basis Set: (CC-PVTZ AUX)
    Blend: CC-PVTZ-JKFIT
    Number of shells: 20
    Number of basis functions: 60
    Number of Cartesian functions: 70
    Spherical Harmonics?: true
    Max angular momentum: 3

  Minimum eigenvalue in the overlap matrix is 3.3307409933E-02.
  Reciprocal condition number of the overlap matrix is 9.3494899790E-03.
    Using symmetric orthogonalization.

  ==> Pre-Iterations <==

  SCF Guess: Superposition of Atomic Densities via on-the-fly atomic UHF (no occupation information).

   -------------------------
    Irrep   Nso     Nmo    
   -------------------------
     A         28      28 
   -------------------------
    Total      28      28
   -------------------------

  ==> Iterations <==

                           Total Energy        Delta E     RMS |[F,P]|

   @DF-UHF iter SAD:    -0.99926485804548   -9.99265e-01   0.00000e+00 
   @DF-UHF iter   1:    -0.53936447620968    4.59900e-01   6.87798e-03 DIIS/ADIIS
   @DF-UHF iter   2:    -0.58886026981382   -4.94958e-02   2.18145e-03 DIIS/ADIIS
   @DF-UHF iter   3:    -0.59386765425664   -5.00738e-03   6.36913e-05 DIIS
   @DF-UHF iter   4:    -0.59386938180309   -1.72755e-06   5.03943e-06 DIIS
   @DF-UHF iter   5:    -0.59386939300945   -1.12064e-08   1.17827e-06 DIIS
   @DF-UHF iter   6:    -0.59386939398695   -9.77503e-10   1.25017e-08 DIIS
   @DF-UHF iter   7:    -0.59386939398699   -4.08562e-14   2.87514e-10 DIIS
   @DF-UHF iter   8:    -0.59386939398699   -3.33067e-16   1.25891e-12 DIIS
  Energy and wave function converged.


  ==> Post-Iterations <==

   @Spin Contamination Metric:   0.000000000E+00
   @S^2 Expected:                7.500000000E-01
   @S^2 Observed:                7.500000000E-01
   @S   Expected:                5.000000000E-01
   @S   Observed:                5.000000000E-01

    Orbital Energies [Eh]
    ---------------------

    Alpha Occupied:                                                       

       1A     -0.996858  

    Alpha Virtual:                                                        

       2A     -0.336677     3A      0.017555     4A      0.119254  
       5A      0.232464     6A      0.232464     7A      0.455462  
       8A      0.575726     9A      0.575726    10A      0.991736  
      11A      2.066764    12A      2.207116    13A      2.603911  
      14A      2.603911    15A      2.608919    16A      2.843372  
      17A      2.843372    18A      3.108647    19A      3.108647  
      20A      3.366755    21A      3.366755    22A      3.404000  
      23A      3.404000    24A      3.565611    25A      3.785093  
      26A      3.785093    27A      3.950357    28A      4.994351  

    Beta Occupied:                                                        

    

    Beta Virtual:                                                         

       1A     -0.430637     2A     -0.209557     3A      0.076434  
       4A      0.178292     5A      0.306898     6A      0.306898  
       7A      0.515002     8A      0.611313     9A      0.611313  
      10A      1.025731    11A      2.137854    12A      2.268218  
      13A      2.650051    14A      2.650051    15A      2.676885  
      16A      2.877572    17A      2.877572    18A      3.136997  
      19A      3.136997    20A      3.414682    21A      3.414682  
      22A      3.455123    23A      3.455123    24A      3.610771  
      25A      3.809172    26A      3.809172    27A      3.984590  
      28A      5.022915  

    Final Occupation by Irrep:
              A 
    DOCC [     0 ]
    SOCC [     1 ]
    NA   [     1 ]
    NB   [     0 ]

  @DF-UHF Final Energy:    -0.59386939398699

   => Energetics <=

    Nuclear Repulsion Energy =              0.4029887988948462
    One-Electron Energy =                  -0.9968581928818390
    Two-Electron Energy =                   0.0000000000000001
    Total Energy =                         -0.5938693939869927

  UHF NO Occupations:
  HONO-0 :    1  A 1.0000000
  LUNO+0 :    2  A 0.0000000
  LUNO+1 :    3  A 0.0000000
  LUNO+2 :    4  A 0.0000000
  LUNO+3 :    5  A 0.0000000


Computation Completed


Properties will be evaluated at   0.000000,   0.000000,   0.000000 [a0]

Properties computed using the SCF density matrix


 Multipole Moments:

 ------------------------------------------------------------------------------------
     Multipole            Electronic (a.u.)      Nuclear  (a.u.)        Total (a.u.)
 ------------------------------------------------------------------------------------

 L = 1.  Multiply by 2.5417464519 to convert [e a0] to [Debye]
 Dipole X            :         -0.0000000            0.0000000           -0.0000000
 Dipole Y            :         -0.0000000            0.0000000           -0.0000000
 Dipole Z            :          0.0000000            0.0000000            0.0000000
 Magnitude           :                                                    0.0000000

 ------------------------------------------------------------------------------------

*** tstop() called on Angelinas-MacBook-Pro-574.local at Thu Feb 12 13:23:11 2026
Module time:
	user time   =       0.06 seconds =       0.00 minutes
	system time =       0.00 seconds =       0.00 minutes
	total time  =          0 seconds =       0.00 minutes
Total time:
	user time   =      64.73 seconds =       1.08 minutes
	system time =      16.62 seconds =       0.28 minutes
	total time  =      61583 seconds =    1026.38 minutes

Scratch directory: /tmp/
   => Libint2 <=

    Primary   basis highest AM E, G, H:  6, 6, 3
    Auxiliary basis highest AM E, G, H:  7, 7, 4
    Onebody   basis highest AM E, G, H:  -, -, -
    Solid Harmonics ordering:            Gaussian

*** tstart() called on Angelinas-MacBook-Pro-574.local
*** at Thu Feb 12 13:23:11 2026

   => Loading Basis Set <=

    Name: CC-PVTZ
    Role: ORBITAL
    Keyword: BASIS
    atoms 1-2 entry H          line    23 file /opt/anaconda3/envs/psi4/share/psi4/basis/cc-pvtz.gbs 


         ---------------------------------------------------------
                                   SCF
               by Justin Turney, Rob Parrish, Andy Simmonett
                          and Daniel G. A. Smith
                              UHF Reference
                        4 Threads,   1907 MiB Core
         ---------------------------------------------------------

  ==> Geometry <==

    Molecular point group: c1
    Full point group: D_inf_h

    Geometry (in Angstrom), charge = 1, multiplicity = 2:

       Center              X                  Y                   Z               Mass       
    ------------   -----------------  -----------------  -----------------  -----------------
         H            0.000000000000     0.000000000000    -0.675757575758     1.007825032230
         H            0.000000000000     0.000000000000     0.675757575758     1.007825032230

  Running in c1 symmetry.

  Rotational constants: A = ************  B =     18.31469  C =     18.31469 [cm^-1]
  Rotational constants: A = ************  B = 549060.51897  C = 549060.51897 [MHz]
  Nuclear repulsion =    0.391543676056278

  Charge       = 1
  Multiplicity = 2
  Electrons    = 1
  Nalpha       = 1
  Nbeta        = 0

  ==> Algorithm <==

  SCF Algorithm Type is DF.
  DIIS enabled.
  MOM disabled.
  Fractional occupation disabled.
  Guess Type is SAD.
  Energy threshold   = 1.00e-10
  Density threshold  = 1.00e-10
  Integral threshold = 1.00e-12

  ==> Primary Basis <==

  Basis Set: CC-PVTZ
    Blend: CC-PVTZ
    Number of shells: 12
    Number of basis functions: 28
    Number of Cartesian functions: 30
    Spherical Harmonics?: true
    Max angular momentum: 2

   => Loading Basis Set <=

    Name: (CC-PVTZ AUX)
    Role: JKFIT
    Keyword: DF_BASIS_SCF
    atoms 1-2 entry H          line    51 file /opt/anaconda3/envs/psi4/share/psi4/basis/cc-pvtz-jkfit.gbs 

  ==> Integral Setup <==

  DFHelper Memory: AOs need 0.001 GiB; user supplied 1.397 GiB. 
  SCF_SUBTYPE=INCORE selected. In-core MEM_DF algorithm will be used.
  Using in-core AOs.

  ==> MemDFJK: Density-Fitted J/K Matrices <==

    J tasked:                   Yes
    K tasked:                   Yes
    wK tasked:                   No
    OpenMP threads:               4
    Memory [MiB]:              1430
    Algorithm:                 Core
    Schwarz Cutoff:           1E-12
    Mask sparsity (%):       0.0000
    Fitting Condition:        1E-10

   => Auxiliary Basis Set <=

  Basis Set: (CC-PVTZ AUX)
    Blend: CC-PVTZ-JKFIT
    Number of shells: 20
    Number of basis functions: 60
    Number of Cartesian functions: 70
    Spherical Harmonics?: true
    Max angular momentum: 3

  Minimum eigenvalue in the overlap matrix is 3.9046052879E-02.
  Reciprocal condition number of the overlap matrix is 1.1114817933E-02.
    Using symmetric orthogonalization.

  ==> Pre-Iterations <==

  SCF Guess: Superposition of Atomic Densities via on-the-fly atomic UHF (no occupation information).

   -------------------------
    Irrep   Nso     Nmo    
   -------------------------
     A         28      28 
   -------------------------
    Total      28      28
   -------------------------

  ==> Iterations <==

                           Total Energy        Delta E     RMS |[F,P]|

   @DF-UHF iter SAD:    -0.98892155025214   -9.88922e-01   0.00000e+00 
   @DF-UHF iter   1:    -0.53880392887288    4.50118e-01   6.73892e-03 DIIS/ADIIS
   @DF-UHF iter   2:    -0.58682037800286   -4.80164e-02   2.14324e-03 DIIS/ADIIS
   @DF-UHF iter   3:    -0.59171999806503   -4.89962e-03   6.20903e-05 DIIS
   @DF-UHF iter   4:    -0.59172165824100   -1.66018e-06   5.09364e-06 DIIS
   @DF-UHF iter   5:    -0.59172167010989   -1.18689e-08   1.19663e-06 DIIS
   @DF-UHF iter   6:    -0.59172167114821   -1.03831e-09   1.36204e-08 DIIS
   @DF-UHF iter   7:    -0.59172167114826   -4.86278e-14   3.04548e-10 DIIS
   @DF-UHF iter   8:    -0.59172167114826   -2.22045e-15   1.15209e-12 DIIS
  Energy and wave function converged.


  ==> Post-Iterations <==

   @Spin Contamination Metric:   0.000000000E+00
   @S^2 Expected:                7.500000000E-01
   @S^2 Observed:                7.500000000E-01
   @S   Expected:                5.000000000E-01
   @S   Observed:                5.000000000E-01

    Orbital Energies [Eh]
    ---------------------

    Alpha Occupied:                                                       

       1A     -0.983265  

    Alpha Virtual:                                                        

       2A     -0.344069     3A      0.021672     4A      0.117452  
       5A      0.236814     6A      0.236814     7A      0.442306  
       8A      0.568716     9A      0.568716    10A      0.980967  
      11A      2.065413    12A      2.207126    13A      2.602777  
      14A      2.615321    15A      2.615321    16A      2.862161  
      17A      2.862161    18A      3.093573    19A      3.093573  
      20A      3.367768    21A      3.367768    22A      3.385723  
      23A      3.385723    24A      3.558720    25A      3.737781  
      26A      3.737781    27A      3.905314    28A      4.904962  

    Beta Occupied:                                                        

    

    Beta Virtual:                                                         

       1A     -0.425520     2A     -0.213777     3A      0.080381  
       4A      0.175216     5A      0.310377     6A      0.310377  
       7A      0.503014     8A      0.604830     9A      0.604830  
      10A      1.015275    11A      2.135333    12A      2.267240  
      13A      2.659594    14A      2.659594    15A      2.667379  
      16A      2.895573    17A      2.895573    18A      3.121760  
      19A      3.121760    20A      3.415493    21A      3.415493  
      22A      3.436193    23A      3.436193    24A      3.605102  
      25A      3.761897    26A      3.761897    27A      3.940519  
      28A      4.932131  

    Final Occupation by Irrep:
              A 
    DOCC [     0 ]
    SOCC [     1 ]
    NA   [     1 ]
    NB   [     0 ]

  @DF-UHF Final Energy:    -0.59172167114826

   => Energetics <=

    Nuclear Repulsion Energy =              0.3915436760562782
    One-Electron Energy =                  -0.9832653472045373
    Two-Electron Energy =                   0.0000000000000001
    Total Energy =                         -0.5917216711482591

  UHF NO Occupations:
  HONO-0 :    1  A 1.0000000
  LUNO+0 :    2  A 0.0000000
  LUNO+1 :    3  A 0.0000000
  LUNO+2 :    4  A 0.0000000
  LUNO+3 :    5  A 0.0000000


Computation Completed


Properties will be evaluated at   0.000000,   0.000000,   0.000000 [a0]

Properties computed using the SCF density matrix


 Multipole Moments:

 ------------------------------------------------------------------------------------
     Multipole            Electronic (a.u.)      Nuclear  (a.u.)        Total (a.u.)
 ------------------------------------------------------------------------------------

 L = 1.  Multiply by 2.5417464519 to convert [e a0] to [Debye]
 Dipole X            :         -0.0000000            0.0000000           -0.0000000
 Dipole Y            :         -0.0000000            0.0000000           -0.0000000
 Dipole Z            :         -0.0000000            0.0000000           -0.0000000
 Magnitude           :                                                    0.0000000

 ------------------------------------------------------------------------------------

*** tstop() called on Angelinas-MacBook-Pro-574.local at Thu Feb 12 13:23:11 2026
Module time:
	user time   =       0.05 seconds =       0.00 minutes
	system time =       0.01 seconds =       0.00 minutes
	total time  =          0 seconds =       0.00 minutes
Total time:
	user time   =      64.79 seconds =       1.08 minutes
	system time =      16.63 seconds =       0.28 minutes
	total time  =      61583 seconds =    1026.38 minutes

Scratch directory: /tmp/
   => Libint2 <=

    Primary   basis highest AM E, G, H:  6, 6, 3
    Auxiliary basis highest AM E, G, H:  7, 7, 4
    Onebody   basis highest AM E, G, H:  -, -, -
    Solid Harmonics ordering:            Gaussian

*** tstart() called on Angelinas-MacBook-Pro-574.local
*** at Thu Feb 12 13:23:11 2026

   => Loading Basis Set <=

    Name: CC-PVTZ
    Role: ORBITAL
    Keyword: BASIS
    atoms 1-2 entry H          line    23 file /opt/anaconda3/envs/psi4/share/psi4/basis/cc-pvtz.gbs 


         ---------------------------------------------------------
                                   SCF
               by Justin Turney, Rob Parrish, Andy Simmonett
                          and Daniel G. A. Smith
                              UHF Reference
                        4 Threads,   1907 MiB Core
         ---------------------------------------------------------

  ==> Geometry <==

    Molecular point group: c1
    Full point group: D_inf_h

    Geometry (in Angstrom), charge = 1, multiplicity = 2:

       Center              X                  Y                   Z               Mass       
    ------------   -----------------  -----------------  -----------------  -----------------
         H            0.000000000000     0.000000000000    -0.694949494949     1.007825032230
         H            0.000000000000     0.000000000000     0.694949494949     1.007825032230

  Running in c1 symmetry.

  Rotational constants: A = ************  B =     17.31709  C =     17.31709 [cm^-1]
  Rotational constants: A = ************  B = 519153.24781  C = 519153.24781 [MHz]
  Nuclear repulsion =    0.380730696630305

  Charge       = 1
  Multiplicity = 2
  Electrons    = 1
  Nalpha       = 1
  Nbeta        = 0

  ==> Algorithm <==

  SCF Algorithm Type is DF.
  DIIS enabled.
  MOM disabled.
  Fractional occupation disabled.
  Guess Type is SAD.
  Energy threshold   = 1.00e-10
  Density threshold  = 1.00e-10
  Integral threshold = 1.00e-12

  ==> Primary Basis <==

  Basis Set: CC-PVTZ
    Blend: CC-PVTZ
    Number of shells: 12
    Number of basis functions: 28
    Number of Cartesian functions: 30
    Spherical Harmonics?: true
    Max angular momentum: 2

   => Loading Basis Set <=

    Name: (CC-PVTZ AUX)
    Role: JKFIT
    Keyword: DF_BASIS_SCF
    atoms 1-2 entry H          line    51 file /opt/anaconda3/envs/psi4/share/psi4/basis/cc-pvtz-jkfit.gbs 

  ==> Integral Setup <==

  DFHelper Memory: AOs need 0.001 GiB; user supplied 1.397 GiB. 
  SCF_SUBTYPE=INCORE selected. In-core MEM_DF algorithm will be used.
  Using in-core AOs.

  ==> MemDFJK: Density-Fitted J/K Matrices <==

    J tasked:                   Yes
    K tasked:                   Yes
    wK tasked:                   No
    OpenMP threads:               4
    Memory [MiB]:              1430
    Algorithm:                 Core
    Schwarz Cutoff:           1E-12
    Mask sparsity (%):       0.0000
    Fitting Condition:        1E-10

   => Auxiliary Basis Set <=

  Basis Set: (CC-PVTZ AUX)
    Blend: CC-PVTZ-JKFIT
    Number of shells: 20
    Number of basis functions: 60
    Number of Cartesian functions: 70
    Spherical Harmonics?: true
    Max angular momentum: 3

  Minimum eigenvalue in the overlap matrix is 4.5287217401E-02.
  Reciprocal condition number of the overlap matrix is 1.3074646163E-02.
    Using symmetric orthogonalization.

  ==> Pre-Iterations <==

  SCF Guess: Superposition of Atomic Densities via on-the-fly atomic UHF (no occupation information).

   -------------------------
    Irrep   Nso     Nmo    
   -------------------------
     A         28      28 
   -------------------------
    Total      28      28
   -------------------------

  ==> Iterations <==

                           Total Energy        Delta E     RMS |[F,P]|

   @DF-UHF iter SAD:    -0.97895756724188   -9.78958e-01   0.00000e+00 
   @DF-UHF iter   1:    -0.53807126446152    4.40886e-01   6.60546e-03 DIIS/ADIIS
   @DF-UHF iter   2:    -0.58466231449021   -4.65911e-02   2.10588e-03 DIIS/ADIIS
   @DF-UHF iter   3:    -0.58945394044012   -4.79163e-03   6.04431e-05 DIIS
   @DF-UHF iter   4:    -0.58945553074310   -1.59030e-06   5.12706e-06 DIIS
   @DF-UHF iter   5:    -0.58945554328130   -1.25382e-08   1.20960e-06 DIIS
   @DF-UHF iter   6:    -0.58945554437237   -1.09107e-09   1.46884e-08 DIIS
   @DF-UHF iter   7:    -0.58945554437242   -5.83977e-14   3.18942e-10 DIIS
   @DF-UHF iter   8:    -0.58945554437243   -1.44329e-15   1.07976e-12 DIIS
  Energy and wave function converged.


  ==> Post-Iterations <==

   @Spin Contamination Metric:   0.000000000E+00
   @S^2 Expected:                7.500000000E-01
   @S^2 Observed:                7.500000000E-01
   @S   Expected:                5.000000000E-01
   @S   Observed:                5.000000000E-01

    Orbital Energies [Eh]
    ---------------------

    Alpha Occupied:                                                       

       1A     -0.970186  

    Alpha Virtual:                                                        

       2A     -0.351167     3A      0.025764     4A      0.115904  
       5A      0.241350     6A      0.241350     7A      0.429367  
       8A      0.561845     9A      0.561845    10A      0.969879  
      11A      2.060648    12A      2.205942    13A      2.603288  
      14A      2.630033    15A      2.630033    16A      2.879608  
      17A      2.879608    18A      3.080131    19A      3.080131  
      20A      3.364625    21A      3.364625    22A      3.368859  
      23A      3.368859    24A      3.547719    25A      3.696420  
      26A      3.696420    27A      3.862698    28A      4.817152  

    Beta Occupied:                                                        

    

    Beta Virtual:                                                         

       1A     -0.420611     2A     -0.217838     3A      0.084268  
       4A      0.172484     5A      0.314002     6A      0.314002  
       7A      0.491210     8A      0.598465     9A      0.598465  
      10A      1.004449    11A      2.129610    12A      2.265209  
      13A      2.664416    14A      2.672626    15A      2.672626  
      16A      2.912289    17A      2.912289    18A      3.108154  
      19A      3.108154    20A      3.413992    21A      3.413992  
      22A      3.416308    23A      3.416308    24A      3.595118  
      25A      3.721031    26A      3.721031    27A      3.898903  
      28A      4.843114  

    Final Occupation by Irrep:
              A 
    DOCC [     0 ]
    SOCC [     1 ]
    NA   [     1 ]
    NB   [     0 ]

  @DF-UHF Final Energy:    -0.58945554437243

   => Energetics <=

    Nuclear Repulsion Energy =              0.3807306966303053
    One-Electron Energy =                  -0.9701862410027308
    Two-Electron Energy =                  -0.0000000000000001
    Total Energy =                         -0.5894555443724255

  UHF NO Occupations:
  HONO-0 :    1  A 1.0000000
  LUNO+0 :    2  A 0.0000000
  LUNO+1 :    3  A 0.0000000
  LUNO+2 :    4  A 0.0000000
  LUNO+3 :    5  A 0.0000000


Computation Completed


Properties will be evaluated at   0.000000,   0.000000,   0.000000 [a0]

Properties computed using the SCF density matrix


 Multipole Moments:

 ------------------------------------------------------------------------------------
     Multipole            Electronic (a.u.)      Nuclear  (a.u.)        Total (a.u.)
 ------------------------------------------------------------------------------------

 L = 1.  Multiply by 2.5417464519 to convert [e a0] to [Debye]
 Dipole X            :         -0.0000000            0.0000000           -0.0000000
 Dipole Y            :         -0.0000000            0.0000000           -0.0000000
 Dipole Z            :         -0.0000000            0.0000000           -0.0000000
 Magnitude           :                                                    0.0000000

 ------------------------------------------------------------------------------------

*** tstop() called on Angelinas-MacBook-Pro-574.local at Thu Feb 12 13:23:11 2026
Module time:
	user time   =       0.05 seconds =       0.00 minutes
	system time =       0.00 seconds =       0.00 minutes
	total time  =          0 seconds =       0.00 minutes
Total time:
	user time   =      64.86 seconds =       1.08 minutes
	system time =      16.63 seconds =       0.28 minutes
	total time  =      61583 seconds =    1026.38 minutes

Scratch directory: /tmp/
   => Libint2 <=

    Primary   basis highest AM E, G, H:  6, 6, 3
    Auxiliary basis highest AM E, G, H:  7, 7, 4
    Onebody   basis highest AM E, G, H:  -, -, -
    Solid Harmonics ordering:            Gaussian

*** tstart() called on Angelinas-MacBook-Pro-574.local
*** at Thu Feb 12 13:23:11 2026

   => Loading Basis Set <=

    Name: CC-PVTZ
    Role: ORBITAL
    Keyword: BASIS
    atoms 1-2 entry H          line    23 file /opt/anaconda3/envs/psi4/share/psi4/basis/cc-pvtz.gbs 


         ---------------------------------------------------------
                                   SCF
               by Justin Turney, Rob Parrish, Andy Simmonett
                          and Daniel G. A. Smith
                              UHF Reference
                        4 Threads,   1907 MiB Core
         ---------------------------------------------------------

  ==> Geometry <==

    Molecular point group: c1
    Full point group: D_inf_h

    Geometry (in Angstrom), charge = 1, multiplicity = 2:

       Center              X                  Y                   Z               Mass       
    ------------   -----------------  -----------------  -----------------  -----------------
         H            0.000000000000     0.000000000000    -0.714141414141     1.007825032230
         H            0.000000000000     0.000000000000     0.714141414141     1.007825032230

  Running in c1 symmetry.

  Rotational constants: A = ************  B =     16.39883  C =     16.39883 [cm^-1]
  Rotational constants: A = ************  B = 491624.62049  C = 491624.62049 [MHz]
  Nuclear repulsion =    0.370498895730764

  Charge       = 1
  Multiplicity = 2
  Electrons    = 1
  Nalpha       = 1
  Nbeta        = 0

  ==> Algorithm <==

  SCF Algorithm Type is DF.
  DIIS enabled.
  MOM disabled.
  Fractional occupation disabled.
  Guess Type is SAD.
  Energy threshold   = 1.00e-10
  Density threshold  = 1.00e-10
  Integral threshold = 1.00e-12

  ==> Primary Basis <==

  Basis Set: CC-PVTZ
    Blend: CC-PVTZ
    Number of shells: 12
    Number of basis functions: 28
    Number of Cartesian functions: 30
    Spherical Harmonics?: true
    Max angular momentum: 2

   => Loading Basis Set <=

    Name: (CC-PVTZ AUX)
    Role: JKFIT
    Keyword: DF_BASIS_SCF
    atoms 1-2 entry H          line    51 file /opt/anaconda3/envs/psi4/share/psi4/basis/cc-pvtz-jkfit.gbs 

  ==> Integral Setup <==

  DFHelper Memory: AOs need 0.001 GiB; user supplied 1.397 GiB. 
  SCF_SUBTYPE=INCORE selected. In-core MEM_DF algorithm will be used.
  Using in-core AOs.

  ==> MemDFJK: Density-Fitted J/K Matrices <==

    J tasked:                   Yes
    K tasked:                   Yes
    wK tasked:                   No
    OpenMP threads:               4
    Memory [MiB]:              1430
    Algorithm:                 Core
    Schwarz Cutoff:           1E-12
    Mask sparsity (%):       0.0000
    Fitting Condition:        1E-10

   => Auxiliary Basis Set <=

  Basis Set: (CC-PVTZ AUX)
    Blend: CC-PVTZ-JKFIT
    Number of shells: 20
    Number of basis functions: 60
    Number of Cartesian functions: 70
    Spherical Harmonics?: true
    Max angular momentum: 3

  Minimum eigenvalue in the overlap matrix is 5.1869529974E-02.
  Reciprocal condition number of the overlap matrix is 1.5188874216E-02.
    Using symmetric orthogonalization.

  ==> Pre-Iterations <==

  SCF Guess: Superposition of Atomic Densities via on-the-fly atomic UHF (no occupation information).

   -------------------------
    Irrep   Nso     Nmo    
   -------------------------
     A         28      28 
   -------------------------
    Total      28      28
   -------------------------

  ==> Iterations <==

                           Total Energy        Delta E     RMS |[F,P]|

   @DF-UHF iter SAD:    -0.96938778204785   -9.69388e-01   0.00000e+00 
   @DF-UHF iter   1:    -0.53719409714208    4.32194e-01   6.47737e-03 DIIS/ADIIS
   @DF-UHF iter   2:    -0.58241208047223   -4.52180e-02   2.06936e-03 DIIS/ADIIS
   @DF-UHF iter   3:    -0.58709563581552   -4.68356e-03   5.87290e-05 DIIS
   @DF-UHF iter   4:    -0.58709715249108   -1.51668e-06   5.13800e-06 DIIS
   @DF-UHF iter   5:    -0.58709716568199   -1.31909e-08   1.21678e-06 DIIS
   @DF-UHF iter   6:    -0.58709716681558   -1.13359e-09   1.56733e-08 DIIS
   @DF-UHF iter   7:    -0.58709716681565   -6.81677e-14   3.31244e-10 DIIS
   @DF-UHF iter   8:    -0.58709716681565    0.00000e+00   1.02653e-12 DIIS
  Energy and wave function converged.


  ==> Post-Iterations <==

   @Spin Contamination Metric:   0.000000000E+00
   @S^2 Expected:                7.500000000E-01
   @S^2 Observed:                7.500000000E-01
   @S   Expected:                5.000000000E-01
   @S   Observed:                5.000000000E-01

    Orbital Energies [Eh]
    ---------------------

    Alpha Occupied:                                                       

       1A     -0.957596  

    Alpha Virtual:                                                        

       2A     -0.357977     3A      0.029831     4A      0.114586  
       5A      0.246069     6A      0.246069     7A      0.416661  
       8A      0.555125     9A      0.555125    10A      0.958493  
      11A      2.053188    12A      2.203939    13A      2.609712  
      14A      2.647607    15A      2.647607    16A      2.895651  
      17A      2.895651    18A      3.068253    19A      3.068253  
      20A      3.340946    21A      3.340946    22A      3.369883  
      23A      3.369883    24A      3.532640    25A      3.660936  
      26A      3.660936    27A      3.822507    28A      4.731882  

    Beta Occupied:                                                        

    

    Beta Virtual:                                                         

       1A     -0.415902     2A     -0.221735     3A      0.088095  
       4A      0.170070     5A      0.317777     6A      0.317777  
       7A      0.479596     8A      0.592230     9A      0.592230  
      10A      0.993289    11A      2.121330    12A      2.262480  
      13A      2.667370    14A      2.688692    15A      2.688692  
      16A      2.927657    17A      2.927657    18A      3.096113  
      19A      3.096113    20A      3.388781    21A      3.388781  
      22A      3.417002    23A      3.417002    24A      3.580836  
      25A      3.686482    26A      3.686482    27A      3.859714  
      28A      4.756834  

    Final Occupation by Irrep:
              A 
    DOCC [     0 ]
    SOCC [     1 ]
    NA   [     1 ]
    NB   [     0 ]

  @DF-UHF Final Energy:    -0.58709716681565

   => Energetics <=

    Nuclear Repulsion Energy =              0.3704988957307638
    One-Electron Energy =                  -0.9575960625464115
    Two-Electron Energy =                   0.0000000000000000
    Total Energy =                         -0.5870971668156477

  UHF NO Occupations:
  HONO-0 :    1  A 1.0000000
  LUNO+0 :    2  A 0.0000000
  LUNO+1 :    3  A 0.0000000
  LUNO+2 :    4  A 0.0000000
  LUNO+3 :    5  A 0.0000000


Computation Completed


Properties will be evaluated at   0.000000,   0.000000,   0.000000 [a0]

Properties computed using the SCF density matrix


 Multipole Moments:

 ------------------------------------------------------------------------------------
     Multipole            Electronic (a.u.)      Nuclear  (a.u.)        Total (a.u.)
 ------------------------------------------------------------------------------------

 L = 1.  Multiply by 2.5417464519 to convert [e a0] to [Debye]
 Dipole X            :         -0.0000000            0.0000000           -0.0000000
 Dipole Y            :          0.0000000            0.0000000            0.0000000
 Dipole Z            :          0.0000000            0.0000000            0.0000000
 Magnitude           :                                                    0.0000000

 ------------------------------------------------------------------------------------

*** tstop() called on Angelinas-MacBook-Pro-574.local at Thu Feb 12 13:23:11 2026
Module time:
	user time   =       0.05 seconds =       0.00 minutes
	system time =       0.01 seconds =       0.00 minutes
	total time  =          0 seconds =       0.00 minutes
Total time:
	user time   =      64.93 seconds =       1.08 minutes
	system time =      16.64 seconds =       0.28 minutes
	total time  =      61583 seconds =    1026.38 minutes

Scratch directory: /tmp/
   => Libint2 <=

    Primary   basis highest AM E, G, H:  6, 6, 3
    Auxiliary basis highest AM E, G, H:  7, 7, 4
    Onebody   basis highest AM E, G, H:  -, -, -
    Solid Harmonics ordering:            Gaussian

*** tstart() called on Angelinas-MacBook-Pro-574.local
*** at Thu Feb 12 13:23:11 2026

   => Loading Basis Set <=

    Name: CC-PVTZ
    Role: ORBITAL
    Keyword: BASIS
    atoms 1-2 entry H          line    23 file /opt/anaconda3/envs/psi4/share/psi4/basis/cc-pvtz.gbs 


         ---------------------------------------------------------
                                   SCF
               by Justin Turney, Rob Parrish, Andy Simmonett
                          and Daniel G. A. Smith
                              UHF Reference
                        4 Threads,   1907 MiB Core
         ---------------------------------------------------------

  ==> Geometry <==

    Molecular point group: c1
    Full point group: D_inf_h

    Geometry (in Angstrom), charge = 1, multiplicity = 2:

       Center              X                  Y                   Z               Mass       
    ------------   -----------------  -----------------  -----------------  -----------------
         H            0.000000000000     0.000000000000    -0.733333333333     1.007825032230
         H            0.000000000000     0.000000000000     0.733333333333     1.007825032230

  Running in c1 symmetry.

  Rotational constants: A = ************  B =     15.55172  C =     15.55172 [cm^-1]
  Rotational constants: A = ************  B = 466228.92131  C = 466228.92131 [MHz]
  Nuclear repulsion =    0.360802643638636

  Charge       = 1
  Multiplicity = 2
  Electrons    = 1
  Nalpha       = 1
  Nbeta        = 0

  ==> Algorithm <==

  SCF Algorithm Type is DF.
  DIIS enabled.
  MOM disabled.
  Fractional occupation disabled.
  Guess Type is SAD.
  Energy threshold   = 1.00e-10
  Density threshold  = 1.00e-10
  Integral threshold = 1.00e-12

  ==> Primary Basis <==

  Basis Set: CC-PVTZ
    Blend: CC-PVTZ
    Number of shells: 12
    Number of basis functions: 28
    Number of Cartesian functions: 30
    Spherical Harmonics?: true
    Max angular momentum: 2

   => Loading Basis Set <=

    Name: (CC-PVTZ AUX)
    Role: JKFIT
    Keyword: DF_BASIS_SCF
    atoms 1-2 entry H          line    51 file /opt/anaconda3/envs/psi4/share/psi4/basis/cc-pvtz-jkfit.gbs 

  ==> Integral Setup <==

  DFHelper Memory: AOs need 0.001 GiB; user supplied 1.397 GiB. 
  SCF_SUBTYPE=INCORE selected. In-core MEM_DF algorithm will be used.
  Using in-core AOs.

  ==> MemDFJK: Density-Fitted J/K Matrices <==

    J tasked:                   Yes
    K tasked:                   Yes
    wK tasked:                   No
    OpenMP threads:               4
    Memory [MiB]:              1430
    Algorithm:                 Core
    Schwarz Cutoff:           1E-12
    Mask sparsity (%):       0.0000
    Fitting Condition:        1E-10

   => Auxiliary Basis Set <=

  Basis Set: (CC-PVTZ AUX)
    Blend: CC-PVTZ-JKFIT
    Number of shells: 20
    Number of basis functions: 60
    Number of Cartesian functions: 70
    Spherical Harmonics?: true
    Max angular momentum: 3

  Minimum eigenvalue in the overlap matrix is 5.8454947388E-02.
  Reciprocal condition number of the overlap matrix is 1.7362102699E-02.
    Using symmetric orthogonalization.

  ==> Pre-Iterations <==

  SCF Guess: Superposition of Atomic Densities via on-the-fly atomic UHF (no occupation information).

   -------------------------
    Irrep   Nso     Nmo    
   -------------------------
     A         28      28 
   -------------------------
    Total      28      28
   -------------------------

  ==> Iterations <==

                           Total Energy        Delta E     RMS |[F,P]|

   @DF-UHF iter SAD:    -0.96022199910098   -9.60222e-01   0.00000e+00 
   @DF-UHF iter   1:    -0.53619626820146    4.24026e-01   6.35443e-03 DIIS/ADIIS
   @DF-UHF iter   2:    -0.58009192835041   -4.38957e-02   2.03364e-03 DIIS/ADIIS
   @DF-UHF iter   3:    -0.58466748369697   -4.57556e-03   5.69303e-05 DIIS
   @DF-UHF iter   4:    -0.58466892196177   -1.43826e-06   5.12437e-06 DIIS
   @DF-UHF iter   5:    -0.58466893575234   -1.37906e-08   1.21788e-06 DIIS
   @DF-UHF iter   6:    -0.58466893691664   -1.16430e-09   1.65403e-08 DIIS
   @DF-UHF iter   7:    -0.58466893691672   -7.70495e-14   3.42017e-10 DIIS
   @DF-UHF iter   8:    -0.58466893691672    2.22045e-16   9.81423e-13 DIIS
  Energy and wave function converged.


  ==> Post-Iterations <==

   @Spin Contamination Metric:   0.000000000E+00
   @S^2 Expected:                7.500000000E-01
   @S^2 Observed:                7.500000000E-01
   @S   Expected:                5.000000000E-01
   @S   Observed:                5.000000000E-01

    Orbital Energies [Eh]
    ---------------------

    Alpha Occupied:                                                       

       1A     -0.945472  

    Alpha Virtual:                                                        

       2A     -0.364507     3A      0.033872     4A      0.113478  
       5A      0.250971     6A      0.250971     7A      0.404201  
       8A      0.548565     9A      0.548565    10A      0.946834  
      11A      2.043902    12A      2.201382    13A      2.621069  
      14A      2.667542    15A      2.667542    16A      2.910267  
      17A      2.910267    18A      3.057858    19A      3.057858  
      20A      3.315194    21A      3.315194    22A      3.370733  
      23A      3.370733    24A      3.513686    25A      3.630962  
      26A      3.630962    27A      3.784735    28A      4.649900  

    Beta Occupied:                                                        

    

    Beta Virtual:                                                         

       1A     -0.411380     2A     -0.225467     3A      0.091863  
       4A      0.167948     5A      0.321707     6A      0.321707  
       7A      0.468176     8A      0.586135     9A      0.586135  
      10A      0.981834    11A      2.111299    12A      2.259304  
      13A      2.675362    14A      2.707275    15A      2.707275  
      16A      2.941651    17A      2.941651    18A      3.085556  
      19A      3.085556    20A      3.361184    21A      3.361184  
      22A      3.417478    23A      3.417478    24A      3.562443  
      25A      3.657769    26A      3.657769    27A      3.822921  
      28A      4.674048  

    Final Occupation by Irrep:
              A 
    DOCC [     0 ]
    SOCC [     1 ]
    NA   [     1 ]
    NB   [     0 ]

  @DF-UHF Final Energy:    -0.58466893691672

   => Energetics <=

    Nuclear Repulsion Energy =              0.3608026436386364
    One-Electron Energy =                  -0.9454715805553566
    Two-Electron Energy =                   0.0000000000000000
    Total Energy =                         -0.5846689369167202

  UHF NO Occupations:
  HONO-0 :    1  A 1.0000000
  LUNO+0 :    2  A 0.0000000
  LUNO+1 :    3  A 0.0000000
  LUNO+2 :    4  A 0.0000000
  LUNO+3 :    5  A 0.0000000


Computation Completed


Properties will be evaluated at   0.000000,   0.000000,   0.000000 [a0]

Properties computed using the SCF density matrix


 Multipole Moments:

 ------------------------------------------------------------------------------------
     Multipole            Electronic (a.u.)      Nuclear  (a.u.)        Total (a.u.)
 ------------------------------------------------------------------------------------

 L = 1.  Multiply by 2.5417464519 to convert [e a0] to [Debye]
 Dipole X            :         -0.0000000            0.0000000           -0.0000000
 Dipole Y            :          0.0000000            0.0000000            0.0000000
 Dipole Z            :         -0.0000000            0.0000000           -0.0000000
 Magnitude           :                                                    0.0000000

 ------------------------------------------------------------------------------------

*** tstop() called on Angelinas-MacBook-Pro-574.local at Thu Feb 12 13:23:11 2026
Module time:
	user time   =       0.05 seconds =       0.00 minutes
	system time =       0.01 seconds =       0.00 minutes
	total time  =          0 seconds =       0.00 minutes
Total time:
	user time   =      65.00 seconds =       1.08 minutes
	system time =      16.65 seconds =       0.28 minutes
	total time  =      61583 seconds =    1026.38 minutes

Scratch directory: /tmp/
   => Libint2 <=

    Primary   basis highest AM E, G, H:  6, 6, 3
    Auxiliary basis highest AM E, G, H:  7, 7, 4
    Onebody   basis highest AM E, G, H:  -, -, -
    Solid Harmonics ordering:            Gaussian

*** tstart() called on Angelinas-MacBook-Pro-574.local
*** at Thu Feb 12 13:23:11 2026

   => Loading Basis Set <=

    Name: CC-PVTZ
    Role: ORBITAL
    Keyword: BASIS
    atoms 1-2 entry H          line    23 file /opt/anaconda3/envs/psi4/share/psi4/basis/cc-pvtz.gbs 


         ---------------------------------------------------------
                                   SCF
               by Justin Turney, Rob Parrish, Andy Simmonett
                          and Daniel G. A. Smith
                              UHF Reference
                        4 Threads,   1907 MiB Core
         ---------------------------------------------------------

  ==> Geometry <==

    Molecular point group: c1
    Full point group: D_inf_h

    Geometry (in Angstrom), charge = 1, multiplicity = 2:

       Center              X                  Y                   Z               Mass       
    ------------   -----------------  -----------------  -----------------  -----------------
         H            0.000000000000     0.000000000000    -0.752525252525     1.007825032230
         H            0.000000000000     0.000000000000     0.752525252525     1.007825032230

  Running in c1 symmetry.

  Rotational constants: A = ************  B =     14.76860  C =     14.76860 [cm^-1]
  Rotational constants: A = ************  B = 442751.36242  C = 442751.36242 [MHz]
  Nuclear repulsion =    0.351600965478725

  Charge       = 1
  Multiplicity = 2
  Electrons    = 1
  Nalpha       = 1
  Nbeta        = 0

  ==> Algorithm <==

  SCF Algorithm Type is DF.
  DIIS enabled.
  MOM disabled.
  Fractional occupation disabled.
  Guess Type is SAD.
  Energy threshold   = 1.00e-10
  Density threshold  = 1.00e-10
  Integral threshold = 1.00e-12

  ==> Primary Basis <==

  Basis Set: CC-PVTZ
    Blend: CC-PVTZ
    Number of shells: 12
    Number of basis functions: 28
    Number of Cartesian functions: 30
    Spherical Harmonics?: true
    Max angular momentum: 2

   => Loading Basis Set <=

    Name: (CC-PVTZ AUX)
    Role: JKFIT
    Keyword: DF_BASIS_SCF
    atoms 1-2 entry H          line    51 file /opt/anaconda3/envs/psi4/share/psi4/basis/cc-pvtz-jkfit.gbs 

  ==> Integral Setup <==

  DFHelper Memory: AOs need 0.001 GiB; user supplied 1.397 GiB. 
  SCF_SUBTYPE=INCORE selected. In-core MEM_DF algorithm will be used.
  Using in-core AOs.

  ==> MemDFJK: Density-Fitted J/K Matrices <==

    J tasked:                   Yes
    K tasked:                   Yes
    wK tasked:                   No
    OpenMP threads:               4
    Memory [MiB]:              1430
    Algorithm:                 Core
    Schwarz Cutoff:           1E-12
    Mask sparsity (%):       0.0000
    Fitting Condition:        1E-10

   => Auxiliary Basis Set <=

  Basis Set: (CC-PVTZ AUX)
    Blend: CC-PVTZ-JKFIT
    Number of shells: 20
    Number of basis functions: 60
    Number of Cartesian functions: 70
    Spherical Harmonics?: true
    Max angular momentum: 3

  Minimum eigenvalue in the overlap matrix is 6.4408604078E-02.
  Reciprocal condition number of the overlap matrix is 1.9403528491E-02.
    Using symmetric orthogonalization.

  ==> Pre-Iterations <==

  SCF Guess: Superposition of Atomic Densities via on-the-fly atomic UHF (no occupation information).

   -------------------------
    Irrep   Nso     Nmo    
   -------------------------
     A         28      28 
   -------------------------
    Total      28      28
   -------------------------

  ==> Iterations <==

                           Total Energy        Delta E     RMS |[F,P]|

   @DF-UHF iter SAD:    -0.95146570466184   -9.51466e-01   0.00000e+00 
   @DF-UHF iter   1:    -0.53509842134856    4.16367e-01   6.23644e-03 DIIS/ADIIS
   @DF-UHF iter   2:    -0.57772093658196   -4.26225e-02   1.99871e-03 DIIS/ADIIS
   @DF-UHF iter   3:    -0.58218870332665   -4.46777e-03   5.50335e-05 DIIS
   @DF-UHF iter   4:    -0.58219005764834   -1.35432e-06   5.08336e-06 DIIS
   @DF-UHF iter   5:    -0.58219007193521   -1.42869e-08   1.21280e-06 DIIS
   @DF-UHF iter   6:    -0.58219007311754   -1.18233e-09   1.72601e-08 DIIS
   @DF-UHF iter   7:    -0.58219007311763   -8.92619e-14   3.51698e-10 DIIS
   @DF-UHF iter   8:    -0.58219007311762    5.55112e-16   9.36176e-13 DIIS
  Energy and wave function converged.


  ==> Post-Iterations <==

   @Spin Contamination Metric:   0.000000000E+00
   @S^2 Expected:                7.500000000E-01
   @S^2 Observed:                7.500000000E-01
   @S   Expected:                5.000000000E-01
   @S   Observed:                5.000000000E-01

    Orbital Energies [Eh]
    ---------------------

    Alpha Occupied:                                                       

       1A     -0.933791  

    Alpha Virtual:                                                        

       2A     -0.370764     3A      0.037887     4A      0.112560  
       5A      0.256049     6A      0.256049     7A      0.392001  
       8A      0.542174     9A      0.542174    10A      0.934926  
      11A      2.033656    12A      2.198459    13A      2.636307  
      14A      2.689306    15A      2.689306    16A      2.923474  
      17A      2.923474    18A      3.048854    19A      3.048854  
      20A      3.288098    21A      3.288098    22A      3.371330  
      23A      3.371330    24A      3.491192    25A      3.605877  
      26A      3.605877    27A      3.749353    28A      4.571748  

    Beta Occupied:                                                        

    

    Beta Virtual:                                                         

       1A     -0.407037     2A     -0.229033     3A      0.095571  
       4A      0.166093     5A      0.325795     6A      0.325795  
       7A      0.456956     8A      0.580189     9A      0.580189  
      10A      0.970120    11A      2.100349    12A      2.255855  
      13A      2.687412    14A      2.727827    15A      2.727827  
      16A      2.954287    17A      2.954287    18A      3.076393  
      19A      3.076393    20A      3.332097    21A      3.332097  
      22A      3.417671    23A      3.417671    24A      3.540264  
      25A      3.634106    26A      3.634106    27A      3.788470  
      28A      4.595310  

    Final Occupation by Irrep:
              A 
    DOCC [     0 ]
    SOCC [     1 ]
    NA   [     1 ]
    NB   [     0 ]

  @DF-UHF Final Energy:    -0.58219007311762

   => Energetics <=

    Nuclear Repulsion Energy =              0.3516009654787249
    One-Electron Energy =                  -0.9337910385963497
    Two-Electron Energy =                   0.0000000000000001
    Total Energy =                         -0.5821900731176248

  UHF NO Occupations:
  HONO-0 :    1  A 1.0000000
  LUNO+0 :    2  A 0.0000000
  LUNO+1 :    3  A 0.0000000
  LUNO+2 :    4  A 0.0000000
  LUNO+3 :    5  A 0.0000000


Computation Completed


Properties will be evaluated at   0.000000,   0.000000,   0.000000 [a0]

Properties computed using the SCF density matrix


 Multipole Moments:

 ------------------------------------------------------------------------------------
     Multipole            Electronic (a.u.)      Nuclear  (a.u.)        Total (a.u.)
 ------------------------------------------------------------------------------------

 L = 1.  Multiply by 2.5417464519 to convert [e a0] to [Debye]
 Dipole X            :          0.0000000            0.0000000            0.0000000
 Dipole Y            :         -0.0000000            0.0000000           -0.0000000
 Dipole Z            :          0.0000000            0.0000000            0.0000000
 Magnitude           :                                                    0.0000000

 ------------------------------------------------------------------------------------

*** tstop() called on Angelinas-MacBook-Pro-574.local at Thu Feb 12 13:23:11 2026
Module time:
	user time   =       0.06 seconds =       0.00 minutes
	system time =       0.00 seconds =       0.00 minutes
	total time  =          0 seconds =       0.00 minutes
Total time:
	user time   =      65.07 seconds =       1.08 minutes
	system time =      16.65 seconds =       0.28 minutes
	total time  =      61583 seconds =    1026.38 minutes

Scratch directory: /tmp/
   => Libint2 <=

    Primary   basis highest AM E, G, H:  6, 6, 3
    Auxiliary basis highest AM E, G, H:  7, 7, 4
    Onebody   basis highest AM E, G, H:  -, -, -
    Solid Harmonics ordering:            Gaussian

*** tstart() called on Angelinas-MacBook-Pro-574.local
*** at Thu Feb 12 13:23:11 2026

   => Loading Basis Set <=

    Name: CC-PVTZ
    Role: ORBITAL
    Keyword: BASIS
    atoms 1-2 entry H          line    23 file /opt/anaconda3/envs/psi4/share/psi4/basis/cc-pvtz.gbs 


         ---------------------------------------------------------
                                   SCF
               by Justin Turney, Rob Parrish, Andy Simmonett
                          and Daniel G. A. Smith
                              UHF Reference
                        4 Threads,   1907 MiB Core
         ---------------------------------------------------------

  ==> Geometry <==

    Molecular point group: c1
    Full point group: D_inf_h

    Geometry (in Angstrom), charge = 1, multiplicity = 2:

       Center              X                  Y                   Z               Mass       
    ------------   -----------------  -----------------  -----------------  -----------------
         H            0.000000000000     0.000000000000    -0.771717171717     1.007825032230
         H            0.000000000000     0.000000000000     0.771717171717     1.007825032230

  Running in c1 symmetry.

  Rotational constants: A = ************  B =     14.04317  C =     14.04317 [cm^-1]
  Rotational constants: A = ************  B = 421003.52740  C = 421003.52740 [MHz]
  Nuclear repulsion =    0.342856962410537

  Charge       = 1
  Multiplicity = 2
  Electrons    = 1
  Nalpha       = 1
  Nbeta        = 0

  ==> Algorithm <==

  SCF Algorithm Type is DF.
  DIIS enabled.
  MOM disabled.
  Fractional occupation disabled.
  Guess Type is SAD.
  Energy threshold   = 1.00e-10
  Density threshold  = 1.00e-10
  Integral threshold = 1.00e-12

  ==> Primary Basis <==

  Basis Set: CC-PVTZ
    Blend: CC-PVTZ
    Number of shells: 12
    Number of basis functions: 28
    Number of Cartesian functions: 30
    Spherical Harmonics?: true
    Max angular momentum: 2

   => Loading Basis Set <=

    Name: (CC-PVTZ AUX)
    Role: JKFIT
    Keyword: DF_BASIS_SCF
    atoms 1-2 entry H          line    51 file /opt/anaconda3/envs/psi4/share/psi4/basis/cc-pvtz-jkfit.gbs 

  ==> Integral Setup <==

  DFHelper Memory: AOs need 0.001 GiB; user supplied 1.397 GiB. 
  SCF_SUBTYPE=INCORE selected. In-core MEM_DF algorithm will be used.
  Using in-core AOs.

  ==> MemDFJK: Density-Fitted J/K Matrices <==

    J tasked:                   Yes
    K tasked:                   Yes
    wK tasked:                   No
    OpenMP threads:               4
    Memory [MiB]:              1430
    Algorithm:                 Core
    Schwarz Cutoff:           1E-12
    Mask sparsity (%):       0.0000
    Fitting Condition:        1E-10

   => Auxiliary Basis Set <=

  Basis Set: (CC-PVTZ AUX)
    Blend: CC-PVTZ-JKFIT
    Number of shells: 20
    Number of basis functions: 60
    Number of Cartesian functions: 70
    Spherical Harmonics?: true
    Max angular momentum: 3

  Minimum eigenvalue in the overlap matrix is 6.8980854446E-02.
  Reciprocal condition number of the overlap matrix is 2.1076034635E-02.
    Using symmetric orthogonalization.

  ==> Pre-Iterations <==

  SCF Guess: Superposition of Atomic Densities via on-the-fly atomic UHF (no occupation information).

   -------------------------
    Irrep   Nso     Nmo    
   -------------------------
     A         28      28 
   -------------------------
    Total      28      28
   -------------------------

  ==> Iterations <==

                           Total Energy        Delta E     RMS |[F,P]|

   @DF-UHF iter SAD:    -0.94312071470005   -9.43121e-01   0.00000e+00 
   @DF-UHF iter   1:    -0.53391849055605    4.09202e-01   6.12318e-03 DIIS/ADIIS
   @DF-UHF iter   2:    -0.57531548766048   -4.13970e-02   1.96453e-03 DIIS/ADIIS
   @DF-UHF iter   3:    -0.57967581066642   -4.36032e-03   5.30297e-05 DIIS
   @DF-UHF iter   4:    -0.57967707510321   -1.26444e-06   5.01121e-06 DIIS
   @DF-UHF iter   5:    -0.57967708972039   -1.46172e-08   1.20150e-06 DIIS
   @DF-UHF iter   6:    -0.57967709090776   -1.18737e-09   1.78157e-08 DIIS
   @DF-UHF iter   7:    -0.57967709090785   -9.48130e-14   3.60442e-10 DIIS
   @DF-UHF iter   8:    -0.57967709090785   -1.99840e-15   8.86960e-13 DIIS
  Energy and wave function converged.


  ==> Post-Iterations <==

   @Spin Contamination Metric:   0.000000000E+00
   @S^2 Expected:                7.500000000E-01
   @S^2 Observed:                7.500000000E-01
   @S   Expected:                5.000000000E-01
   @S   Observed:                5.000000000E-01

    Orbital Energies [Eh]
    ---------------------

    Alpha Occupied:                                                       

       1A     -0.922534  

    Alpha Virtual:                                                        

       2A     -0.376759     3A      0.041876     4A      0.111814  
       5A      0.261298     6A      0.261298     7A      0.380078  
       8A      0.535958     9A      0.535958    10A      0.922799  
      11A      2.023216    12A      2.195302    13A      2.654418  
      14A      2.712358    15A      2.712358    16A      2.935316  
      17A      2.935316    18A      3.041140    19A      3.041140  
      20A      3.260482    21A      3.260482    22A      3.371628  
      23A      3.371628    24A      3.465602    25A      3.584926  
      26A      3.584926    27A      3.716292    28A      4.497773  

    Beta Occupied:                                                        

    

    Beta Virtual:                                                         

       1A     -0.402863     2A     -0.232433     3A      0.099222  
       4A      0.164485     5A      0.330042     6A      0.330042  
       7A      0.445942     8A      0.574400     9A      0.574400  
      10A      0.958183    11A      2.089227    12A      2.252252  
      13A      2.702558    14A      2.749794    15A      2.749794  
      16A      2.965608    17A      2.965608    18A      3.068525  
      19A      3.068525    20A      3.302501    21A      3.302501  
      22A      3.417546    23A      3.417546    24A      3.514737  
      25A      3.614586    26A      3.614586    27A      3.756276  
      28A      4.520969  

    Final Occupation by Irrep:
              A 
    DOCC [     0 ]
    SOCC [     1 ]
    NA   [     1 ]
    NB   [     0 ]

  @DF-UHF Final Energy:    -0.57967709090785

   => Energetics <=

    Nuclear Repulsion Energy =              0.3428569624105366
    One-Electron Energy =                  -0.9225340533183910
    Two-Electron Energy =                   0.0000000000000000
    Total Energy =                         -0.5796770909078544

  UHF NO Occupations:
  HONO-0 :    1  A 1.0000000
  LUNO+0 :    2  A 0.0000000
  LUNO+1 :    3  A 0.0000000
  LUNO+2 :    4  A 0.0000000
  LUNO+3 :    5  A 0.0000000


Computation Completed


Properties will be evaluated at   0.000000,   0.000000,   0.000000 [a0]

Properties computed using the SCF density matrix


 Multipole Moments:

 ------------------------------------------------------------------------------------
     Multipole            Electronic (a.u.)      Nuclear  (a.u.)        Total (a.u.)
 ------------------------------------------------------------------------------------

 L = 1.  Multiply by 2.5417464519 to convert [e a0] to [Debye]
 Dipole X            :         -0.0000000            0.0000000           -0.0000000
 Dipole Y            :          0.0000000            0.0000000            0.0000000
 Dipole Z            :         -0.0000000            0.0000000           -0.0000000
 Magnitude           :                                                    0.0000000

 ------------------------------------------------------------------------------------

*** tstop() called on Angelinas-MacBook-Pro-574.local at Thu Feb 12 13:23:11 2026
Module time:
	user time   =       0.06 seconds =       0.00 minutes
	system time =       0.01 seconds =       0.00 minutes
	total time  =          0 seconds =       0.00 minutes
Total time:
	user time   =      65.14 seconds =       1.09 minutes
	system time =      16.66 seconds =       0.28 minutes
	total time  =      61583 seconds =    1026.38 minutes

Scratch directory: /tmp/
   => Libint2 <=

    Primary   basis highest AM E, G, H:  6, 6, 3
    Auxiliary basis highest AM E, G, H:  7, 7, 4
    Onebody   basis highest AM E, G, H:  -, -, -
    Solid Harmonics ordering:            Gaussian

*** tstart() called on Angelinas-MacBook-Pro-574.local
*** at Thu Feb 12 13:23:11 2026

   => Loading Basis Set <=

    Name: CC-PVTZ
    Role: ORBITAL
    Keyword: BASIS
    atoms 1-2 entry H          line    23 file /opt/anaconda3/envs/psi4/share/psi4/basis/cc-pvtz.gbs 


         ---------------------------------------------------------
                                   SCF
               by Justin Turney, Rob Parrish, Andy Simmonett
                          and Daniel G. A. Smith
                              UHF Reference
                        4 Threads,   1907 MiB Core
         ---------------------------------------------------------

  ==> Geometry <==

    Molecular point group: c1
    Full point group: D_inf_h

    Geometry (in Angstrom), charge = 1, multiplicity = 2:

       Center              X                  Y                   Z               Mass       
    ------------   -----------------  -----------------  -----------------  -----------------
         H            0.000000000000     0.000000000000    -0.790909090909     1.007825032230
         H            0.000000000000     0.000000000000     0.790909090909     1.007825032230

  Running in c1 symmetry.

  Rotational constants: A = ************  B =     13.36990  C =     13.36990 [cm^-1]
  Rotational constants: A = ************  B = 400819.57910  C = 400819.57910 [MHz]
  Nuclear repulsion =    0.334537317090230

  Charge       = 1
  Multiplicity = 2
  Electrons    = 1
  Nalpha       = 1
  Nbeta        = 0

  ==> Algorithm <==

  SCF Algorithm Type is DF.
  DIIS enabled.
  MOM disabled.
  Fractional occupation disabled.
  Guess Type is SAD.
  Energy threshold   = 1.00e-10
  Density threshold  = 1.00e-10
  Integral threshold = 1.00e-12

  ==> Primary Basis <==

  Basis Set: CC-PVTZ
    Blend: CC-PVTZ
    Number of shells: 12
    Number of basis functions: 28
    Number of Cartesian functions: 30
    Spherical Harmonics?: true
    Max angular momentum: 2

   => Loading Basis Set <=

    Name: (CC-PVTZ AUX)
    Role: JKFIT
    Keyword: DF_BASIS_SCF
    atoms 1-2 entry H          line    51 file /opt/anaconda3/envs/psi4/share/psi4/basis/cc-pvtz-jkfit.gbs 

  ==> Integral Setup <==

  DFHelper Memory: AOs need 0.001 GiB; user supplied 1.397 GiB. 
  SCF_SUBTYPE=INCORE selected. In-core MEM_DF algorithm will be used.
  Using in-core AOs.

  ==> MemDFJK: Density-Fitted J/K Matrices <==

    J tasked:                   Yes
    K tasked:                   Yes
    wK tasked:                   No
    OpenMP threads:               4
    Memory [MiB]:              1430
    Algorithm:                 Core
    Schwarz Cutoff:           1E-12
    Mask sparsity (%):       0.0000
    Fitting Condition:        1E-10

   => Auxiliary Basis Set <=

  Basis Set: (CC-PVTZ AUX)
    Blend: CC-PVTZ-JKFIT
    Number of shells: 20
    Number of basis functions: 60
    Number of Cartesian functions: 70
    Spherical Harmonics?: true
    Max angular momentum: 3

  Minimum eigenvalue in the overlap matrix is 7.2047327801E-02.
  Reciprocal condition number of the overlap matrix is 2.2322866530E-02.
    Using symmetric orthogonalization.

  ==> Pre-Iterations <==

  SCF Guess: Superposition of Atomic Densities via on-the-fly atomic UHF (no occupation information).

   -------------------------
    Irrep   Nso     Nmo    
   -------------------------
     A         28      28 
   -------------------------
    Total      28      28
   -------------------------

  ==> Iterations <==

                           Total Energy        Delta E     RMS |[F,P]|

   @DF-UHF iter SAD:    -0.93518573756796   -9.35186e-01   0.00000e+00 
   @DF-UHF iter   1:    -0.53267211229526    4.02514e-01   6.01447e-03 DIIS/ADIIS
   @DF-UHF iter   2:    -0.57288966288501   -4.02176e-02   1.93110e-03 DIIS/ADIIS
   @DF-UHF iter   3:    -0.57714301172540   -4.25335e-03   5.09164e-05 DIIS
   @DF-UHF iter   4:    -0.57714418032843   -1.16860e-06   4.90315e-06 DIIS
   @DF-UHF iter   5:    -0.57714419503913   -1.47107e-08   1.18397e-06 DIIS
   @DF-UHF iter   6:    -0.57714419621849   -1.17935e-09   1.82077e-08 DIIS
   @DF-UHF iter   7:    -0.57714419621859   -1.01252e-13   3.67940e-10 DIIS
   @DF-UHF iter   8:    -0.57714419621859   -8.88178e-16   8.33577e-13 DIIS
  Energy and wave function converged.


  ==> Post-Iterations <==

   @Spin Contamination Metric:   0.000000000E+00
   @S^2 Expected:                7.500000000E-01
   @S^2 Observed:                7.500000000E-01
   @S   Expected:                5.000000000E-01
   @S   Observed:                5.000000000E-01

    Orbital Energies [Eh]
    ---------------------

    Alpha Occupied:                                                       

       1A     -0.911682  

    Alpha Virtual:                                                        

       2A     -0.382501     3A      0.045839     4A      0.111225  
       5A      0.266706     6A      0.266706     7A      0.368452  
       8A      0.529923     9A      0.529923    10A      0.910481  
      11A      2.013197    12A      2.192000    13A      2.674505  
      14A      2.736176    15A      2.736176    16A      2.945863  
      17A      2.945863    18A      3.034610    19A      3.034610  
      20A      3.233135    21A      3.233135    22A      3.371610  
      23A      3.371610    24A      3.437444    25A      3.567352  
      26A      3.567352    27A      3.685448    28A      4.428149  

    Beta Occupied:                                                        

    

    Beta Virtual:                                                         

       1A     -0.398848     2A     -0.235668     3A      0.102817  
       4A      0.163102     5A      0.334444     6A      0.334444  
       7A      0.435147     8A      0.568773     9A      0.568773  
      10A      0.946058    11A      2.078545    12A      2.248575  
      13A      2.719928    14A      2.772640    15A      2.772640  
      16A      2.975678    17A      2.975678    18A      3.061848  
      19A      3.061848    20A      3.273291    21A      3.273291  
      22A      3.417094    23A      3.417094    24A      3.486394  
      25A      3.598346    26A      3.598346    27A      3.726219  
      28A      4.451201  

    Final Occupation by Irrep:
              A 
    DOCC [     0 ]
    SOCC [     1 ]
    NA   [     1 ]
    NB   [     0 ]

  @DF-UHF Final Energy:    -0.57714419621859

   => Energetics <=

    Nuclear Repulsion Energy =              0.3345373170902299
    One-Electron Energy =                  -0.9116815133088172
    Two-Electron Energy =                   0.0000000000000000
    Total Energy =                         -0.5771441962185873

  UHF NO Occupations:
  HONO-0 :    1  A 1.0000000
  LUNO+0 :    2  A 0.0000000
  LUNO+1 :    3  A 0.0000000
  LUNO+2 :    4  A 0.0000000
  LUNO+3 :    5  A 0.0000000


Computation Completed


Properties will be evaluated at   0.000000,   0.000000,   0.000000 [a0]

Properties computed using the SCF density matrix


 Multipole Moments:

 ------------------------------------------------------------------------------------
     Multipole            Electronic (a.u.)      Nuclear  (a.u.)        Total (a.u.)
 ------------------------------------------------------------------------------------

 L = 1.  Multiply by 2.5417464519 to convert [e a0] to [Debye]
 Dipole X            :         -0.0000000            0.0000000           -0.0000000
 Dipole Y            :          0.0000000            0.0000000            0.0000000
 Dipole Z            :         -0.0000000            0.0000000           -0.0000000
 Magnitude           :                                                    0.0000000

 ------------------------------------------------------------------------------------

*** tstop() called on Angelinas-MacBook-Pro-574.local at Thu Feb 12 13:23:11 2026
Module time:
	user time   =       0.06 seconds =       0.00 minutes
	system time =       0.00 seconds =       0.00 minutes
	total time  =          0 seconds =       0.00 minutes
Total time:
	user time   =      65.21 seconds =       1.09 minutes
	system time =      16.66 seconds =       0.28 minutes
	total time  =      61583 seconds =    1026.38 minutes

Scratch directory: /tmp/
   => Libint2 <=

    Primary   basis highest AM E, G, H:  6, 6, 3
    Auxiliary basis highest AM E, G, H:  7, 7, 4
    Onebody   basis highest AM E, G, H:  -, -, -
    Solid Harmonics ordering:            Gaussian

*** tstart() called on Angelinas-MacBook-Pro-574.local
*** at Thu Feb 12 13:23:11 2026

   => Loading Basis Set <=

    Name: CC-PVTZ
    Role: ORBITAL
    Keyword: BASIS
    atoms 1-2 entry H          line    23 file /opt/anaconda3/envs/psi4/share/psi4/basis/cc-pvtz.gbs 


         ---------------------------------------------------------
                                   SCF
               by Justin Turney, Rob Parrish, Andy Simmonett
                          and Daniel G. A. Smith
                              UHF Reference
                        4 Threads,   1907 MiB Core
         ---------------------------------------------------------

  ==> Geometry <==

    Molecular point group: c1
    Full point group: D_inf_h

    Geometry (in Angstrom), charge = 1, multiplicity = 2:

       Center              X                  Y                   Z               Mass       
    ------------   -----------------  -----------------  -----------------  -----------------
         H            0.000000000000     0.000000000000    -0.810101010101     1.007825032230
         H            0.000000000000     0.000000000000     0.810101010101     1.007825032230

  Running in c1 symmetry.

  Rotational constants: A = ************  B =     12.74392  C =     12.74392 [cm^-1]
  Rotational constants: A = ************  B = 382053.08880  C = 382053.08880 [MHz]
  Nuclear repulsion =    0.326611869428491

  Charge       = 1
  Multiplicity = 2
  Electrons    = 1
  Nalpha       = 1
  Nbeta        = 0

  ==> Algorithm <==

  SCF Algorithm Type is DF.
  DIIS enabled.
  MOM disabled.
  Fractional occupation disabled.
  Guess Type is SAD.
  Energy threshold   = 1.00e-10
  Density threshold  = 1.00e-10
  Integral threshold = 1.00e-12

  ==> Primary Basis <==

  Basis Set: CC-PVTZ
    Blend: CC-PVTZ
    Number of shells: 12
    Number of basis functions: 28
    Number of Cartesian functions: 30
    Spherical Harmonics?: true
    Max angular momentum: 2

   => Loading Basis Set <=

    Name: (CC-PVTZ AUX)
    Role: JKFIT
    Keyword: DF_BASIS_SCF
    atoms 1-2 entry H          line    51 file /opt/anaconda3/envs/psi4/share/psi4/basis/cc-pvtz-jkfit.gbs 

  ==> Integral Setup <==

  DFHelper Memory: AOs need 0.001 GiB; user supplied 1.397 GiB. 
  SCF_SUBTYPE=INCORE selected. In-core MEM_DF algorithm will be used.
  Using in-core AOs.

  ==> MemDFJK: Density-Fitted J/K Matrices <==

    J tasked:                   Yes
    K tasked:                   Yes
    wK tasked:                   No
    OpenMP threads:               4
    Memory [MiB]:              1430
    Algorithm:                 Core
    Schwarz Cutoff:           1E-12
    Mask sparsity (%):       0.0000
    Fitting Condition:        1E-10

   => Auxiliary Basis Set <=

  Basis Set: (CC-PVTZ AUX)
    Blend: CC-PVTZ-JKFIT
    Number of shells: 20
    Number of basis functions: 60
    Number of Cartesian functions: 70
    Spherical Harmonics?: true
    Max angular momentum: 3

  Minimum eigenvalue in the overlap matrix is 7.4105499306E-02.
  Reciprocal condition number of the overlap matrix is 2.3280058679E-02.
    Using symmetric orthogonalization.

  ==> Pre-Iterations <==

  SCF Guess: Superposition of Atomic Densities via on-the-fly atomic UHF (no occupation information).

   -------------------------
    Irrep   Nso     Nmo    
   -------------------------
     A         28      28 
   -------------------------
    Total      28      28
   -------------------------

  ==> Iterations <==

                           Total Energy        Delta E     RMS |[F,P]|

   @DF-UHF iter SAD:    -0.92765686462644   -9.27657e-01   0.00000e+00 
   @DF-UHF iter   1:    -0.53137297151374    3.96284e-01   5.91010e-03 DIIS/ADIIS
   @DF-UHF iter   2:    -0.57045556733583   -3.90826e-02   1.89839e-03 DIIS/ADIIS
   @DF-UHF iter   3:    -0.57460252639706   -4.14696e-03   4.86978e-05 DIIS
   @DF-UHF iter   4:    -0.57460359367989   -1.06728e-06   4.75350e-06 DIIS
   @DF-UHF iter   5:    -0.57460360817472   -1.44948e-08   1.15997e-06 DIIS
   @DF-UHF iter   6:    -0.57460360933269   -1.15797e-09   1.84564e-08 DIIS
   @DF-UHF iter   7:    -0.57460360933279   -1.05138e-13   3.73256e-10 DIIS
   @DF-UHF iter   8:    -0.57460360933279   -4.44089e-16   7.79304e-13 DIIS
  Energy and wave function converged.


  ==> Post-Iterations <==

   @Spin Contamination Metric:   0.000000000E+00
   @S^2 Expected:                7.500000000E-01
   @S^2 Observed:                7.500000000E-01
   @S   Expected:                5.000000000E-01
   @S   Observed:                5.000000000E-01

    Orbital Energies [Eh]
    ---------------------

    Alpha Occupied:                                                       

       1A     -0.901215  

    Alpha Virtual:                                                        

       2A     -0.387999     3A      0.049779     4A      0.110778  
       5A      0.272261     6A      0.272261     7A      0.357149  
       8A      0.524071     9A      0.524071    10A      0.897999  
      11A      2.004057    12A      2.188612    13A      2.695804  
      14A      2.760275    15A      2.760275    16A      2.955201  
      17A      2.955201    18A      3.029157    19A      3.029157  
      20A      3.206721    21A      3.206721    22A      3.371285  
      23A      3.371285    24A      3.407305    25A      3.552483  
      26A      3.552483    27A      3.656678    28A      4.362907  

    Beta Occupied:                                                        

    

    Beta Virtual:                                                         

       1A     -0.394985     2A     -0.238739     3A      0.106363  
       4A      0.161927     5A      0.338997     6A      0.338997  
       7A      0.424592     8A      0.563312     9A      0.563312  
      10A      0.933777    11A      2.068762    12A      2.244876  
      13A      2.738769    14A      2.795865    15A      2.795865  
      16A      2.984582    17A      2.984582    18A      3.056253  
      19A      3.056253    20A      3.245187    21A      3.245187  
      22A      3.416334    23A      3.416334    24A      3.455833  
      25A      3.584660    26A      3.584660    27A      3.698143  
      28A      4.386024  

    Final Occupation by Irrep:
              A 
    DOCC [     0 ]
    SOCC [     1 ]
    NA   [     1 ]
    NB   [     0 ]

  @DF-UHF Final Energy:    -0.57460360933279

   => Energetics <=

    Nuclear Repulsion Energy =              0.3266118694284913
    One-Electron Energy =                  -0.9012154787612835
    Two-Electron Energy =                   0.0000000000000000
    Total Energy =                         -0.5746036093327922

  UHF NO Occupations:
  HONO-0 :    1  A 1.0000000
  LUNO+0 :    2  A 0.0000000
  LUNO+1 :    3  A 0.0000000
  LUNO+2 :    4  A 0.0000000
  LUNO+3 :    5  A 0.0000000


Computation Completed


Properties will be evaluated at   0.000000,   0.000000,   0.000000 [a0]

Properties computed using the SCF density matrix


 Multipole Moments:

 ------------------------------------------------------------------------------------
     Multipole            Electronic (a.u.)      Nuclear  (a.u.)        Total (a.u.)
 ------------------------------------------------------------------------------------

 L = 1.  Multiply by 2.5417464519 to convert [e a0] to [Debye]
 Dipole X            :          0.0000000            0.0000000            0.0000000
 Dipole Y            :         -0.0000000            0.0000000           -0.0000000
 Dipole Z            :         -0.0000000            0.0000000           -0.0000000
 Magnitude           :                                                    0.0000000

 ------------------------------------------------------------------------------------

*** tstop() called on Angelinas-MacBook-Pro-574.local at Thu Feb 12 13:23:11 2026
Module time:
	user time   =       0.05 seconds =       0.00 minutes
	system time =       0.01 seconds =       0.00 minutes
	total time  =          0 seconds =       0.00 minutes
Total time:
	user time   =      65.27 seconds =       1.09 minutes
	system time =      16.67 seconds =       0.28 minutes
	total time  =      61583 seconds =    1026.38 minutes

Scratch directory: /tmp/
   => Libint2 <=

    Primary   basis highest AM E, G, H:  6, 6, 3
    Auxiliary basis highest AM E, G, H:  7, 7, 4
    Onebody   basis highest AM E, G, H:  -, -, -
    Solid Harmonics ordering:            Gaussian

*** tstart() called on Angelinas-MacBook-Pro-574.local
*** at Thu Feb 12 13:23:11 2026

   => Loading Basis Set <=

    Name: CC-PVTZ
    Role: ORBITAL
    Keyword: BASIS
    atoms 1-2 entry H          line    23 file /opt/anaconda3/envs/psi4/share/psi4/basis/cc-pvtz.gbs 


         ---------------------------------------------------------
                                   SCF
               by Justin Turney, Rob Parrish, Andy Simmonett
                          and Daniel G. A. Smith
                              UHF Reference
                        4 Threads,   1907 MiB Core
         ---------------------------------------------------------

  ==> Geometry <==

    Molecular point group: c1
    Full point group: D_inf_h

    Geometry (in Angstrom), charge = 1, multiplicity = 2:

       Center              X                  Y                   Z               Mass       
    ------------   -----------------  -----------------  -----------------  -----------------
         H            0.000000000000     0.000000000000    -0.829292929293     1.007825032230
         H            0.000000000000     0.000000000000     0.829292929293     1.007825032230

  Running in c1 symmetry.

  Rotational constants: A = ************  B =     12.16089  C =     12.16089 [cm^-1]
  Rotational constants: A = ************  B = 364574.37297  C = 364574.37297 [MHz]
  Nuclear repulsion =    0.319053251256577

  Charge       = 1
  Multiplicity = 2
  Electrons    = 1
  Nalpha       = 1
  Nbeta        = 0

  ==> Algorithm <==

  SCF Algorithm Type is DF.
  DIIS enabled.
  MOM disabled.
  Fractional occupation disabled.
  Guess Type is SAD.
  Energy threshold   = 1.00e-10
  Density threshold  = 1.00e-10
  Integral threshold = 1.00e-12

  ==> Primary Basis <==

  Basis Set: CC-PVTZ
    Blend: CC-PVTZ
    Number of shells: 12
    Number of basis functions: 28
    Number of Cartesian functions: 30
    Spherical Harmonics?: true
    Max angular momentum: 2

   => Loading Basis Set <=

    Name: (CC-PVTZ AUX)
    Role: JKFIT
    Keyword: DF_BASIS_SCF
    atoms 1-2 entry H          line    51 file /opt/anaconda3/envs/psi4/share/psi4/basis/cc-pvtz-jkfit.gbs 

  ==> Integral Setup <==

  DFHelper Memory: AOs need 0.001 GiB; user supplied 1.397 GiB. 
  SCF_SUBTYPE=INCORE selected. In-core MEM_DF algorithm will be used.
  Using in-core AOs.

  ==> MemDFJK: Density-Fitted J/K Matrices <==

    J tasked:                   Yes
    K tasked:                   Yes
    wK tasked:                   No
    OpenMP threads:               4
    Memory [MiB]:              1430
    Algorithm:                 Core
    Schwarz Cutoff:           1E-12
    Mask sparsity (%):       0.0000
    Fitting Condition:        1E-10

   => Auxiliary Basis Set <=

  Basis Set: (CC-PVTZ AUX)
    Blend: CC-PVTZ-JKFIT
    Number of shells: 20
    Number of basis functions: 60
    Number of Cartesian functions: 70
    Spherical Harmonics?: true
    Max angular momentum: 3

  Minimum eigenvalue in the overlap matrix is 7.5606617658E-02.
  Reciprocal condition number of the overlap matrix is 2.4077290668E-02.
    Using symmetric orthogonalization.

  ==> Pre-Iterations <==

  SCF Guess: Superposition of Atomic Densities via on-the-fly atomic UHF (no occupation information).

   -------------------------
    Irrep   Nso     Nmo    
   -------------------------
     A         28      28 
   -------------------------
    Total      28      28
   -------------------------

  ==> Iterations <==

                           Total Energy        Delta E     RMS |[F,P]|

   @DF-UHF iter SAD:    -0.92052799896784   -9.20528e-01   0.00000e+00 
   @DF-UHF iter   1:    -0.53003308928702    3.90495e-01   5.80991e-03 DIIS/ADIIS
   @DF-UHF iter   2:    -0.56802359835942   -3.79905e-02   1.86637e-03 DIIS/ADIIS
   @DF-UHF iter   3:    -0.57206485702553   -4.04126e-03   4.63865e-05 DIIS
   @DF-UHF iter   4:    -0.57206581850456   -9.61479e-07   4.55579e-06 DIIS
   @DF-UHF iter   5:    -0.57206583240830   -1.39037e-08   1.12882e-06 DIIS
   @DF-UHF iter   6:    -0.57206583353034   -1.12203e-09   1.85988e-08 DIIS
   @DF-UHF iter   7:    -0.57206583353044   -1.09024e-13   3.74734e-10 DIIS
   @DF-UHF iter   8:    -0.57206583353044    0.00000e+00   7.22488e-13 DIIS
  Energy and wave function converged.


  ==> Post-Iterations <==

   @Spin Contamination Metric:   0.000000000E+00
   @S^2 Expected:                7.500000000E-01
   @S^2 Observed:                7.500000000E-01
   @S   Expected:                5.000000000E-01
   @S   Observed:                5.000000000E-01

    Orbital Energies [Eh]
    ---------------------

    Alpha Occupied:                                                       

       1A     -0.891119  

    Alpha Virtual:                                                        

       2A     -0.393264     3A      0.053697     4A      0.110462  
       5A      0.277945     6A      0.277945     7A      0.346203  
       8A      0.518405     9A      0.518405    10A      0.885381  
      11A      1.996112    12A      2.185172    13A      2.717683  
      14A      2.784217    15A      2.784217    16A      2.963425  
      17A      2.963425    18A      3.024672    19A      3.024672  
      20A      3.181748    21A      3.181748    22A      3.370687  
      23A      3.370687    24A      3.375812    25A      3.539760  
      26A      3.539760    27A      3.629810    28A      4.301962  

    Beta Occupied:                                                        

    

    Beta Virtual:                                                         

       1A     -0.391266     2A     -0.241651     3A      0.109863  
       4A      0.160944     5A      0.343691     6A      0.343691  
       7A      0.414303     8A      0.558021     9A      0.558021  
      10A      0.921368    11A      2.060200    12A      2.241184  
      13A      2.758452    14A      2.819021    15A      2.819021  
      16A      2.992414    17A      2.992414    18A      3.051634  
      19A      3.051634    20A      3.218711    21A      3.218711  
      22A      3.415305    23A      3.415305    24A      3.423702  
      25A      3.572958    26A      3.572958    27A      3.671870  
      28A      4.325338  

    Final Occupation by Irrep:
              A 
    DOCC [     0 ]
    SOCC [     1 ]
    NA   [     1 ]
    NB   [     0 ]

  @DF-UHF Final Energy:    -0.57206583353044

   => Energetics <=

    Nuclear Repulsion Energy =              0.3190532512565774
    One-Electron Energy =                  -0.8911190847870218
    Two-Electron Energy =                   0.0000000000000000
    Total Energy =                         -0.5720658335304445

  UHF NO Occupations:
  HONO-0 :    1  A 1.0000000
  LUNO+0 :    2  A 0.0000000
  LUNO+1 :    3  A 0.0000000
  LUNO+2 :    4  A 0.0000000
  LUNO+3 :    5  A 0.0000000


Computation Completed


Properties will be evaluated at   0.000000,   0.000000,   0.000000 [a0]

Properties computed using the SCF density matrix


 Multipole Moments:

 ------------------------------------------------------------------------------------
     Multipole            Electronic (a.u.)      Nuclear  (a.u.)        Total (a.u.)
 ------------------------------------------------------------------------------------

 L = 1.  Multiply by 2.5417464519 to convert [e a0] to [Debye]
 Dipole X            :          0.0000000            0.0000000            0.0000000
 Dipole Y            :         -0.0000000            0.0000000           -0.0000000
 Dipole Z            :         -0.0000000            0.0000000           -0.0000000
 Magnitude           :                                                    0.0000000

 ------------------------------------------------------------------------------------

*** tstop() called on Angelinas-MacBook-Pro-574.local at Thu Feb 12 13:23:11 2026
Module time:
	user time   =       0.05 seconds =       0.00 minutes
	system time =       0.01 seconds =       0.00 minutes
	total time  =          0 seconds =       0.00 minutes
Total time:
	user time   =      65.34 seconds =       1.09 minutes
	system time =      16.68 seconds =       0.28 minutes
	total time  =      61583 seconds =    1026.38 minutes

Scratch directory: /tmp/
   => Libint2 <=

    Primary   basis highest AM E, G, H:  6, 6, 3
    Auxiliary basis highest AM E, G, H:  7, 7, 4
    Onebody   basis highest AM E, G, H:  -, -, -
    Solid Harmonics ordering:            Gaussian

*** tstart() called on Angelinas-MacBook-Pro-574.local
*** at Thu Feb 12 13:23:11 2026

   => Loading Basis Set <=

    Name: CC-PVTZ
    Role: ORBITAL
    Keyword: BASIS
    atoms 1-2 entry H          line    23 file /opt/anaconda3/envs/psi4/share/psi4/basis/cc-pvtz.gbs 


         ---------------------------------------------------------
                                   SCF
               by Justin Turney, Rob Parrish, Andy Simmonett
                          and Daniel G. A. Smith
                              UHF Reference
                        4 Threads,   1907 MiB Core
         ---------------------------------------------------------

  ==> Geometry <==

    Molecular point group: c1
    Full point group: D_inf_h

    Geometry (in Angstrom), charge = 1, multiplicity = 2:

       Center              X                  Y                   Z               Mass       
    ------------   -----------------  -----------------  -----------------  -----------------
         H            0.000000000000     0.000000000000    -0.848484848485     1.007825032230
         H            0.000000000000     0.000000000000     0.848484848485     1.007825032230

  Running in c1 symmetry.

  Rotational constants: A = ************  B =     11.61698  C =     11.61698 [cm^-1]
  Rotational constants: A = ************  B = 348268.24678  C = 348268.24678 [MHz]
  Nuclear repulsion =    0.311836570573393

  Charge       = 1
  Multiplicity = 2
  Electrons    = 1
  Nalpha       = 1
  Nbeta        = 0

  ==> Algorithm <==

  SCF Algorithm Type is DF.
  DIIS enabled.
  MOM disabled.
  Fractional occupation disabled.
  Guess Type is SAD.
  Energy threshold   = 1.00e-10
  Density threshold  = 1.00e-10
  Integral threshold = 1.00e-12

  ==> Primary Basis <==

  Basis Set: CC-PVTZ
    Blend: CC-PVTZ
    Number of shells: 12
    Number of basis functions: 28
    Number of Cartesian functions: 30
    Spherical Harmonics?: true
    Max angular momentum: 2

   => Loading Basis Set <=

    Name: (CC-PVTZ AUX)
    Role: JKFIT
    Keyword: DF_BASIS_SCF
    atoms 1-2 entry H          line    51 file /opt/anaconda3/envs/psi4/share/psi4/basis/cc-pvtz-jkfit.gbs 

  ==> Integral Setup <==

  DFHelper Memory: AOs need 0.001 GiB; user supplied 1.397 GiB. 
  SCF_SUBTYPE=INCORE selected. In-core MEM_DF algorithm will be used.
  Using in-core AOs.

  ==> MemDFJK: Density-Fitted J/K Matrices <==

    J tasked:                   Yes
    K tasked:                   Yes
    wK tasked:                   No
    OpenMP threads:               4
    Memory [MiB]:              1430
    Algorithm:                 Core
    Schwarz Cutoff:           1E-12
    Mask sparsity (%):       0.0000
    Fitting Condition:        1E-10

   => Auxiliary Basis Set <=

  Basis Set: (CC-PVTZ AUX)
    Blend: CC-PVTZ-JKFIT
    Number of shells: 20
    Number of basis functions: 60
    Number of Cartesian functions: 70
    Spherical Harmonics?: true
    Max angular momentum: 3

  Minimum eigenvalue in the overlap matrix is 7.6795496985E-02.
  Reciprocal condition number of the overlap matrix is 2.4785327628E-02.
    Using symmetric orthogonalization.

  ==> Pre-Iterations <==

  SCF Guess: Superposition of Atomic Densities via on-the-fly atomic UHF (no occupation information).

   -------------------------
    Irrep   Nso     Nmo    
   -------------------------
     A         28      28 
   -------------------------
    Total      28      28
   -------------------------

  ==> Iterations <==

                           Total Energy        Delta E     RMS |[F,P]|

   @DF-UHF iter SAD:    -0.91379123026040   -9.13791e-01   0.00000e+00 
   @DF-UHF iter   1:    -0.52866305932203    3.85128e-01   5.71373e-03 DIIS/ADIIS
   @DF-UHF iter   2:    -0.56560267019512   -3.69396e-02   1.83504e-03 DIIS/ADIIS
   @DF-UHF iter   3:    -0.56953901516219   -3.93634e-03   4.40053e-05 DIIS
   @DF-UHF iter   4:    -0.56953986796976   -8.52808e-07   4.30300e-06 DIIS
   @DF-UHF iter   5:    -0.56953988085889   -1.28891e-08   1.08895e-06 DIIS
   @DF-UHF iter   6:    -0.56953988192767   -1.06879e-09   1.86821e-08 DIIS
   @DF-UHF iter   7:    -0.56953988192778   -1.09024e-13   3.70148e-10 DIIS
   @DF-UHF iter   8:    -0.56953988192778   -1.55431e-15   6.62895e-13 DIIS
  Energy and wave function converged.


  ==> Post-Iterations <==

   @Spin Contamination Metric:   0.000000000E+00
   @S^2 Expected:                7.500000000E-01
   @S^2 Observed:                7.500000000E-01
   @S   Expected:                5.000000000E-01
   @S   Observed:                5.000000000E-01

    Orbital Energies [Eh]
    ---------------------

    Alpha Occupied:                                                       

       1A     -0.881376  

    Alpha Virtual:                                                        

       2A     -0.398306     3A      0.057596     4A      0.110266  
       5A      0.283738     6A      0.283738     7A      0.335653  
       8A      0.512928     9A      0.512928    10A      0.872652  
      11A      1.989559    12A      2.181698    13A      2.739632  
      14A      2.807622    15A      2.807622    16A      2.970637  
      17A      2.970637    18A      3.021049    19A      3.021049  
      20A      3.158566    21A      3.158566    22A      3.343600  
      23A      3.369870    24A      3.369870    25A      3.528747  
      26A      3.528747    27A      3.604657    28A      4.245149  

    Beta Occupied:                                                        

    

    Beta Virtual:                                                         

       1A     -0.387683     2A     -0.244405     3A      0.113324  
       4A      0.160137     5A      0.348511     6A      0.348511  
       7A      0.404320     8A      0.552902     9A      0.552902  
      10A      0.908860    11A      2.053059    12A      2.237509  
      13A      2.778464    14A      2.841716    15A      2.841716  
      16A      2.999271    17A      2.999271    18A      3.047885  
      19A      3.047885    20A      3.194208    21A      3.194208  
      22A      3.390663    23A      3.414070    24A      3.414070  
      25A      3.562811    26A      3.562811    27A      3.647210  
      28A      4.268951  

    Final Occupation by Irrep:
              A 
    DOCC [     0 ]
    SOCC [     1 ]
    NA   [     1 ]
    NB   [     0 ]

  @DF-UHF Final Energy:    -0.56953988192778

   => Energetics <=

    Nuclear Repulsion Energy =              0.3118365705733929
    One-Electron Energy =                  -0.8813764525011764
    Two-Electron Energy =                   0.0000000000000000
    Total Energy =                         -0.5695398819277835

  UHF NO Occupations:
  HONO-0 :    1  A 1.0000000
  LUNO+0 :    2  A 0.0000000
  LUNO+1 :    3  A 0.0000000
  LUNO+2 :    4  A 0.0000000
  LUNO+3 :    5  A 0.0000000


Computation Completed


Properties will be evaluated at   0.000000,   0.000000,   0.000000 [a0]

Properties computed using the SCF density matrix


 Multipole Moments:

 ------------------------------------------------------------------------------------
     Multipole            Electronic (a.u.)      Nuclear  (a.u.)        Total (a.u.)
 ------------------------------------------------------------------------------------

 L = 1.  Multiply by 2.5417464519 to convert [e a0] to [Debye]
 Dipole X            :          0.0000000            0.0000000            0.0000000
 Dipole Y            :         -0.0000000            0.0000000           -0.0000000
 Dipole Z            :         -0.0000000            0.0000000           -0.0000000
 Magnitude           :                                                    0.0000000

 ------------------------------------------------------------------------------------

*** tstop() called on Angelinas-MacBook-Pro-574.local at Thu Feb 12 13:23:12 2026
Module time:
	user time   =       0.05 seconds =       0.00 minutes
	system time =       0.00 seconds =       0.00 minutes
	total time  =          1 seconds =       0.02 minutes
Total time:
	user time   =      65.41 seconds =       1.09 minutes
	system time =      16.68 seconds =       0.28 minutes
	total time  =      61584 seconds =    1026.40 minutes

Scratch directory: /tmp/
   => Libint2 <=

    Primary   basis highest AM E, G, H:  6, 6, 3
    Auxiliary basis highest AM E, G, H:  7, 7, 4
    Onebody   basis highest AM E, G, H:  -, -, -
    Solid Harmonics ordering:            Gaussian

*** tstart() called on Angelinas-MacBook-Pro-574.local
*** at Thu Feb 12 13:23:12 2026

   => Loading Basis Set <=

    Name: CC-PVTZ
    Role: ORBITAL
    Keyword: BASIS
    atoms 1-2 entry H          line    23 file /opt/anaconda3/envs/psi4/share/psi4/basis/cc-pvtz.gbs 


         ---------------------------------------------------------
                                   SCF
               by Justin Turney, Rob Parrish, Andy Simmonett
                          and Daniel G. A. Smith
                              UHF Reference
                        4 Threads,   1907 MiB Core
         ---------------------------------------------------------

  ==> Geometry <==

    Molecular point group: c1
    Full point group: D_inf_h

    Geometry (in Angstrom), charge = 1, multiplicity = 2:

       Center              X                  Y                   Z               Mass       
    ------------   -----------------  -----------------  -----------------  -----------------
         H            0.000000000000     0.000000000000    -0.867676767677     1.007825032230
         H            0.000000000000     0.000000000000     0.867676767677     1.007825032230

  Running in c1 symmetry.

  Rotational constants: A = ************  B =     11.10876  C =     11.10876 [cm^-1]
  Rotational constants: A = ************  B = 333032.12161  C = 333032.12161 [MHz]
  Nuclear repulsion =    0.304939137696915

  Charge       = 1
  Multiplicity = 2
  Electrons    = 1
  Nalpha       = 1
  Nbeta        = 0

  ==> Algorithm <==

  SCF Algorithm Type is DF.
  DIIS enabled.
  MOM disabled.
  Fractional occupation disabled.
  Guess Type is SAD.
  Energy threshold   = 1.00e-10
  Density threshold  = 1.00e-10
  Integral threshold = 1.00e-12

  ==> Primary Basis <==

  Basis Set: CC-PVTZ
    Blend: CC-PVTZ
    Number of shells: 12
    Number of basis functions: 28
    Number of Cartesian functions: 30
    Spherical Harmonics?: true
    Max angular momentum: 2

   => Loading Basis Set <=

    Name: (CC-PVTZ AUX)
    Role: JKFIT
    Keyword: DF_BASIS_SCF
    atoms 1-2 entry H          line    51 file /opt/anaconda3/envs/psi4/share/psi4/basis/cc-pvtz-jkfit.gbs 

  ==> Integral Setup <==

  DFHelper Memory: AOs need 0.001 GiB; user supplied 1.397 GiB. 
  SCF_SUBTYPE=INCORE selected. In-core MEM_DF algorithm will be used.
  Using in-core AOs.

  ==> MemDFJK: Density-Fitted J/K Matrices <==

    J tasked:                   Yes
    K tasked:                   Yes
    wK tasked:                   No
    OpenMP threads:               4
    Memory [MiB]:              1430
    Algorithm:                 Core
    Schwarz Cutoff:           1E-12
    Mask sparsity (%):       0.0000
    Fitting Condition:        1E-10

   => Auxiliary Basis Set <=

  Basis Set: (CC-PVTZ AUX)
    Blend: CC-PVTZ-JKFIT
    Number of shells: 20
    Number of basis functions: 60
    Number of Cartesian functions: 70
    Spherical Harmonics?: true
    Max angular momentum: 3

  Minimum eigenvalue in the overlap matrix is 7.7794654865E-02.
  Reciprocal condition number of the overlap matrix is 2.5439152985E-02.
    Using symmetric orthogonalization.

  ==> Pre-Iterations <==

  SCF Guess: Superposition of Atomic Densities via on-the-fly atomic UHF (no occupation information).

   -------------------------
    Irrep   Nso     Nmo    
   -------------------------
     A         28      28 
   -------------------------
    Total      28      28
   -------------------------

  ==> Iterations <==

                           Total Energy        Delta E     RMS |[F,P]|

   @DF-UHF iter SAD:    -0.90743716227128   -9.07437e-01   0.00000e+00 
   @DF-UHF iter   1:    -0.52727224006101    3.80165e-01   5.62138e-03 DIIS/ADIIS
   @DF-UHF iter   2:    -0.56320040589270   -3.59282e-02   1.80438e-03 DIIS/ADIIS
   @DF-UHF iter   3:    -0.56703271816661   -3.83231e-03   4.15889e-05 DIIS
   @DF-UHF iter   4:    -0.56703346173220   -7.43566e-07   3.98793e-06 DIIS
   @DF-UHF iter   5:    -0.56703347316579   -1.14336e-08   1.03737e-06 DIIS
   @DF-UHF iter   6:    -0.56703347415899   -9.93196e-10   1.87554e-08 DIIS
   @DF-UHF iter   7:    -0.56703347415910   -1.15130e-13   3.57280e-10 DIIS
   @DF-UHF iter   8:    -0.56703347415910    1.55431e-15   5.99489e-13 DIIS
  Energy and wave function converged.


  ==> Post-Iterations <==

   @Spin Contamination Metric:   0.000000000E+00
   @S^2 Expected:                7.500000000E-01
   @S^2 Observed:                7.500000000E-01
   @S   Expected:                5.000000000E-01
   @S   Observed:                5.000000000E-01

    Orbital Energies [Eh]
    ---------------------

    Alpha Occupied:                                                       

       1A     -0.871973  

    Alpha Virtual:                                                        

       2A     -0.403135     3A      0.061478     4A      0.110179  
       5A      0.289617     6A      0.289617     7A      0.325547  
       8A      0.507642     9A      0.507642    10A      0.859836  
      11A      1.984506    12A      2.178191    13A      2.761252  
      14A      2.830173    15A      2.830173    16A      2.976942  
      17A      2.976942    18A      3.018185    19A      3.018185  
      20A      3.137391    21A      3.137391    22A      3.311288  
      23A      3.368907    24A      3.368907    25A      3.519106  
      26A      3.519106    27A      3.581028    28A      4.192247  

    Beta Occupied:                                                        

    

    Beta Virtual:                                                         

       1A     -0.384228     2A     -0.247006     3A      0.116754  
       4A      0.159493     5A      0.353441     6A      0.353441  
       7A      0.394687     8A      0.547959     9A      0.547959  
      10A      0.896275    11A      2.047449    12A      2.233851  
      13A      2.798393    14A      2.863621    15A      2.863621  
      16A      3.005256    17A      3.005256    18A      3.044905  
      19A      3.044905    20A      3.171876    21A      3.171876  
      22A      3.357370    23A      3.412705    24A      3.412705  
      25A      3.553900    26A      3.553900    27A      3.623972  
      28A      4.216612  

    Final Occupation by Irrep:
              A 
    DOCC [     0 ]
    SOCC [     1 ]
    NA   [     1 ]
    NB   [     0 ]

  @DF-UHF Final Energy:    -0.56703347415910

   => Energetics <=

    Nuclear Repulsion Energy =              0.3049391376969151
    One-Electron Energy =                  -0.8719726118560163
    Two-Electron Energy =                  -0.0000000000000001
    Total Energy =                         -0.5670334741591012

  UHF NO Occupations:
  HONO-0 :    1  A 1.0000000
  LUNO+0 :    2  A 0.0000000
  LUNO+1 :    3  A 0.0000000
  LUNO+2 :    4  A 0.0000000
  LUNO+3 :    5  A 0.0000000


Computation Completed


Properties will be evaluated at   0.000000,   0.000000,   0.000000 [a0]

Properties computed using the SCF density matrix


 Multipole Moments:

 ------------------------------------------------------------------------------------
     Multipole            Electronic (a.u.)      Nuclear  (a.u.)        Total (a.u.)
 ------------------------------------------------------------------------------------

 L = 1.  Multiply by 2.5417464519 to convert [e a0] to [Debye]
 Dipole X            :         -0.0000000            0.0000000           -0.0000000
 Dipole Y            :         -0.0000000            0.0000000           -0.0000000
 Dipole Z            :         -0.0000000            0.0000000           -0.0000000
 Magnitude           :                                                    0.0000000

 ------------------------------------------------------------------------------------

*** tstop() called on Angelinas-MacBook-Pro-574.local at Thu Feb 12 13:23:12 2026
Module time:
	user time   =       0.05 seconds =       0.00 minutes
	system time =       0.01 seconds =       0.00 minutes
	total time  =          0 seconds =       0.00 minutes
Total time:
	user time   =      65.48 seconds =       1.09 minutes
	system time =      16.69 seconds =       0.28 minutes
	total time  =      61584 seconds =    1026.40 minutes

Scratch directory: /tmp/
   => Libint2 <=

    Primary   basis highest AM E, G, H:  6, 6, 3
    Auxiliary basis highest AM E, G, H:  7, 7, 4
    Onebody   basis highest AM E, G, H:  -, -, -
    Solid Harmonics ordering:            Gaussian

*** tstart() called on Angelinas-MacBook-Pro-574.local
*** at Thu Feb 12 13:23:12 2026

   => Loading Basis Set <=

    Name: CC-PVTZ
    Role: ORBITAL
    Keyword: BASIS
    atoms 1-2 entry H          line    23 file /opt/anaconda3/envs/psi4/share/psi4/basis/cc-pvtz.gbs 


         ---------------------------------------------------------
                                   SCF
               by Justin Turney, Rob Parrish, Andy Simmonett
                          and Daniel G. A. Smith
                              UHF Reference
                        4 Threads,   1907 MiB Core
         ---------------------------------------------------------

  ==> Geometry <==

    Molecular point group: c1
    Full point group: D_inf_h

    Geometry (in Angstrom), charge = 1, multiplicity = 2:

       Center              X                  Y                   Z               Mass       
    ------------   -----------------  -----------------  -----------------  -----------------
         H            0.000000000000     0.000000000000    -0.886868686869     1.007825032230
         H            0.000000000000     0.000000000000     0.886868686869     1.007825032230

  Running in c1 symmetry.

  Rotational constants: A = ************  B =     10.63317  C =     10.63317 [cm^-1]
  Rotational constants: A = ************  B = 318774.38749  C = 318774.38749 [MHz]
  Nuclear repulsion =    0.298340226972267

  Charge       = 1
  Multiplicity = 2
  Electrons    = 1
  Nalpha       = 1
  Nbeta        = 0

  ==> Algorithm <==

  SCF Algorithm Type is DF.
  DIIS enabled.
  MOM disabled.
  Fractional occupation disabled.
  Guess Type is SAD.
  Energy threshold   = 1.00e-10
  Density threshold  = 1.00e-10
  Integral threshold = 1.00e-12

  ==> Primary Basis <==

  Basis Set: CC-PVTZ
    Blend: CC-PVTZ
    Number of shells: 12
    Number of basis functions: 28
    Number of Cartesian functions: 30
    Spherical Harmonics?: true
    Max angular momentum: 2

   => Loading Basis Set <=

    Name: (CC-PVTZ AUX)
    Role: JKFIT
    Keyword: DF_BASIS_SCF
    atoms 1-2 entry H          line    51 file /opt/anaconda3/envs/psi4/share/psi4/basis/cc-pvtz-jkfit.gbs 

  ==> Integral Setup <==

  DFHelper Memory: AOs need 0.001 GiB; user supplied 1.397 GiB. 
  SCF_SUBTYPE=INCORE selected. In-core MEM_DF algorithm will be used.
  Using in-core AOs.

  ==> MemDFJK: Density-Fitted J/K Matrices <==

    J tasked:                   Yes
    K tasked:                   Yes
    wK tasked:                   No
    OpenMP threads:               4
    Memory [MiB]:              1430
    Algorithm:                 Core
    Schwarz Cutoff:           1E-12
    Mask sparsity (%):       0.0000
    Fitting Condition:        1E-10

   => Auxiliary Basis Set <=

  Basis Set: (CC-PVTZ AUX)
    Blend: CC-PVTZ-JKFIT
    Number of shells: 20
    Number of basis functions: 60
    Number of Cartesian functions: 70
    Spherical Harmonics?: true
    Max angular momentum: 3

  Minimum eigenvalue in the overlap matrix is 7.8668450239E-02.
  Reciprocal condition number of the overlap matrix is 2.6056618191E-02.
    Using symmetric orthogonalization.

  ==> Pre-Iterations <==

  SCF Guess: Superposition of Atomic Densities via on-the-fly atomic UHF (no occupation information).

   -------------------------
    Irrep   Nso     Nmo    
   -------------------------
     A         28      28 
   -------------------------
    Total      28      28
   -------------------------

  ==> Iterations <==

                           Total Energy        Delta E     RMS |[F,P]|

   @DF-UHF iter SAD:    -0.90145519861488   -9.01455e-01   0.00000e+00 
   @DF-UHF iter   1:    -0.52586890880371    3.75586e-01   5.53272e-03 DIIS/ADIIS
   @DF-UHF iter   2:    -0.56082330547301   -3.49544e-02   1.77436e-03 DIIS/ADIIS
   @DF-UHF iter   3:    -0.56455256462322   -3.72926e-03   3.91877e-05 DIIS
   @DF-UHF iter   4:    -0.56455320140867   -6.36785e-07   3.60384e-06 DIIS
   @DF-UHF iter   5:    -0.56455321097574   -9.56707e-09   9.68951e-07 DIIS
   @DF-UHF iter   6:    -0.56455321186335   -8.87614e-10   1.88608e-08 DIIS
   @DF-UHF iter   7:    -0.56455321186347   -1.16795e-13   3.35021e-10 DIIS
   @DF-UHF iter   8:    -0.56455321186347    2.22045e-16   5.32323e-13 DIIS
  Energy and wave function converged.


  ==> Post-Iterations <==

   @Spin Contamination Metric:   0.000000000E+00
   @S^2 Expected:                7.500000000E-01
   @S^2 Observed:                7.500000000E-01
   @S   Expected:                5.000000000E-01
   @S   Observed:                5.000000000E-01

    Orbital Energies [Eh]
    ---------------------

    Alpha Occupied:                                                       

       1A     -0.862893  

    Alpha Virtual:                                                        

       2A     -0.407761     3A      0.065342     4A      0.110194  
       5A      0.295558     6A      0.295558     7A      0.315941  
       8A      0.502547     9A      0.502547    10A      0.846954  
      11A      1.980986    12A      2.174644    13A      2.782237  
      14A      2.851610    15A      2.851610    16A      2.982442  
      17A      2.982442    18A      3.015985    19A      3.015985  
      20A      3.118328    21A      3.118328    22A      3.279457  
      23A      3.367881    24A      3.367881    25A      3.510579  
      26A      3.510579    27A      3.558741    28A      4.143004  

    Beta Occupied:                                                        

    

    Beta Virtual:                                                         

       1A     -0.380895     2A     -0.249457     3A      0.120157  
       4A      0.158999     5A      0.358462     6A      0.358462  
       7A      0.385458     8A      0.543192     9A      0.543192  
      10A      0.883635    11A      2.043406    12A      2.230198  
      13A      2.817921    14A      2.884472    15A      2.884472  
      16A      3.010469    17A      3.010469    18A      3.042597  
      19A      3.042597    20A      3.151803    21A      3.151803  
      22A      3.324437    23A      3.411297    24A      3.411297  
      25A      3.545986    26A      3.545986    27A      3.601978  
      28A      4.168037  

    Final Occupation by Irrep:
              A 
    DOCC [     0 ]
    SOCC [     1 ]
    NA   [     1 ]
    NB   [     0 ]

  @DF-UHF Final Energy:    -0.56455321186347

   => Energetics <=

    Nuclear Repulsion Energy =              0.2983402269722666
    One-Electron Energy =                  -0.8628934388357367
    Two-Electron Energy =                   0.0000000000000001
    Total Energy =                         -0.5645532118634700

  UHF NO Occupations:
  HONO-0 :    1  A 1.0000000
  LUNO+0 :    2  A 0.0000000
  LUNO+1 :    3  A 0.0000000
  LUNO+2 :    4  A 0.0000000
  LUNO+3 :    5  A 0.0000000


Computation Completed


Properties will be evaluated at   0.000000,   0.000000,   0.000000 [a0]

Properties computed using the SCF density matrix


 Multipole Moments:

 ------------------------------------------------------------------------------------
     Multipole            Electronic (a.u.)      Nuclear  (a.u.)        Total (a.u.)
 ------------------------------------------------------------------------------------

 L = 1.  Multiply by 2.5417464519 to convert [e a0] to [Debye]
 Dipole X            :          0.0000000            0.0000000            0.0000000
 Dipole Y            :         -0.0000000            0.0000000           -0.0000000
 Dipole Z            :         -0.0000000            0.0000000           -0.0000000
 Magnitude           :                                                    0.0000000

 ------------------------------------------------------------------------------------

*** tstop() called on Angelinas-MacBook-Pro-574.local at Thu Feb 12 13:23:12 2026
Module time:
	user time   =       0.05 seconds =       0.00 minutes
	system time =       0.00 seconds =       0.00 minutes
	total time  =          0 seconds =       0.00 minutes
Total time:
	user time   =      65.55 seconds =       1.09 minutes
	system time =      16.69 seconds =       0.28 minutes
	total time  =      61584 seconds =    1026.40 minutes

Scratch directory: /tmp/
   => Libint2 <=

    Primary   basis highest AM E, G, H:  6, 6, 3
    Auxiliary basis highest AM E, G, H:  7, 7, 4
    Onebody   basis highest AM E, G, H:  -, -, -
    Solid Harmonics ordering:            Gaussian

*** tstart() called on Angelinas-MacBook-Pro-574.local
*** at Thu Feb 12 13:23:12 2026

   => Loading Basis Set <=

    Name: CC-PVTZ
    Role: ORBITAL
    Keyword: BASIS
    atoms 1-2 entry H          line    23 file /opt/anaconda3/envs/psi4/share/psi4/basis/cc-pvtz.gbs 


         ---------------------------------------------------------
                                   SCF
               by Justin Turney, Rob Parrish, Andy Simmonett
                          and Daniel G. A. Smith
                              UHF Reference
                        4 Threads,   1907 MiB Core
         ---------------------------------------------------------

  ==> Geometry <==

    Molecular point group: c1
    Full point group: D_inf_h

    Geometry (in Angstrom), charge = 1, multiplicity = 2:

       Center              X                  Y                   Z               Mass       
    ------------   -----------------  -----------------  -----------------  -----------------
         H            0.000000000000     0.000000000000    -0.906060606061     1.007825032230
         H            0.000000000000     0.000000000000     0.906060606061     1.007825032230

  Running in c1 symmetry.

  Rotational constants: A = ************  B =     10.18748  C =     10.18748 [cm^-1]
  Rotational constants: A = ************  B = 305413.03283  C = 305413.03283 [MHz]
  Nuclear repulsion =    0.292020868764381

  Charge       = 1
  Multiplicity = 2
  Electrons    = 1
  Nalpha       = 1
  Nbeta        = 0

  ==> Algorithm <==

  SCF Algorithm Type is DF.
  DIIS enabled.
  MOM disabled.
  Fractional occupation disabled.
  Guess Type is SAD.
  Energy threshold   = 1.00e-10
  Density threshold  = 1.00e-10
  Integral threshold = 1.00e-12

  ==> Primary Basis <==

  Basis Set: CC-PVTZ
    Blend: CC-PVTZ
    Number of shells: 12
    Number of basis functions: 28
    Number of Cartesian functions: 30
    Spherical Harmonics?: true
    Max angular momentum: 2

   => Loading Basis Set <=

    Name: (CC-PVTZ AUX)
    Role: JKFIT
    Keyword: DF_BASIS_SCF
    atoms 1-2 entry H          line    51 file /opt/anaconda3/envs/psi4/share/psi4/basis/cc-pvtz-jkfit.gbs 

  ==> Integral Setup <==

  DFHelper Memory: AOs need 0.001 GiB; user supplied 1.397 GiB. 
  SCF_SUBTYPE=INCORE selected. In-core MEM_DF algorithm will be used.
  Using in-core AOs.

  ==> MemDFJK: Density-Fitted J/K Matrices <==

    J tasked:                   Yes
    K tasked:                   Yes
    wK tasked:                   No
    OpenMP threads:               4
    Memory [MiB]:              1430
    Algorithm:                 Core
    Schwarz Cutoff:           1E-12
    Mask sparsity (%):       0.0000
    Fitting Condition:        1E-10

   => Auxiliary Basis Set <=

  Basis Set: (CC-PVTZ AUX)
    Blend: CC-PVTZ-JKFIT
    Number of shells: 20
    Number of basis functions: 60
    Number of Cartesian functions: 70
    Spherical Harmonics?: true
    Max angular momentum: 3

  Minimum eigenvalue in the overlap matrix is 7.9453330643E-02.
  Reciprocal condition number of the overlap matrix is 2.6647363980E-02.
    Using symmetric orthogonalization.

  ==> Pre-Iterations <==

  SCF Guess: Superposition of Atomic Densities via on-the-fly atomic UHF (no occupation information).

   -------------------------
    Irrep   Nso     Nmo    
   -------------------------
     A         28      28 
   -------------------------
    Total      28      28
   -------------------------

  ==> Iterations <==

                           Total Energy        Delta E     RMS |[F,P]|

   @DF-UHF iter SAD:    -0.89583379156223   -8.95834e-01   0.00000e+00 
   @DF-UHF iter   1:    -0.52446038391683    3.71373e-01   5.44760e-03 DIIS/ADIIS
   @DF-UHF iter   2:    -0.55847689669490   -3.40165e-02   1.74499e-03 DIIS/ADIIS
   @DF-UHF iter   3:    -0.56210419441498   -3.62730e-03   3.68706e-05 DIIS
   @DF-UHF iter   4:    -0.56210473067658   -5.36262e-07   3.14579e-06 DIIS
   @DF-UHF iter   5:    -0.56210473806232   -7.38574e-09   8.75667e-07 DIIS
   @DF-UHF iter   6:    -0.56210473880522   -7.42899e-10   1.90289e-08 DIIS
   @DF-UHF iter   7:    -0.56210473880534   -1.19460e-13   3.04491e-10 DIIS
   @DF-UHF iter   8:    -0.56210473880533    8.88178e-16   4.64428e-13 DIIS
  Energy and wave function converged.


  ==> Post-Iterations <==

   @Spin Contamination Metric:   0.000000000E+00
   @S^2 Expected:                7.500000000E-01
   @S^2 Observed:                7.500000000E-01
   @S   Expected:                5.000000000E-01
   @S   Observed:                5.000000000E-01

    Orbital Energies [Eh]
    ---------------------

    Alpha Occupied:                                                       

       1A     -0.854126  

    Alpha Virtual:                                                        

       2A     -0.412194     3A      0.069186     4A      0.110301  
       5A      0.301535     6A      0.301535     7A      0.306894  
       8A      0.497644     9A      0.497644    10A      0.834026  
      11A      1.978982    12A      2.171041    13A      2.802365  
      14A      2.871737    15A      2.871737    16A      2.987234  
      17A      2.987234    18A      3.014358    19A      3.014358  
      20A      3.101398    21A      3.101398    22A      3.248627  
      23A      3.366881    24A      3.366881    25A      3.502968  
      26A      3.502968    27A      3.537633    28A      4.097156  

    Beta Occupied:                                                        

    

    Beta Virtual:                                                         

       1A     -0.377677     2A     -0.251762     3A      0.123540  
       4A      0.158643     5A      0.363552     6A      0.363552  
       7A      0.376695     8A      0.538604     9A      0.538604  
      10A      0.870958    11A      2.040910    12A      2.226529  
      13A      2.836807    14A      2.904061    15A      2.904061  
      16A      3.015005    17A      3.015005    18A      3.040871  
      19A      3.040871    20A      3.133988    21A      3.133988  
      22A      3.292422    23A      3.409938    24A      3.409938  
      25A      3.538891    26A      3.538891    27A      3.581072  
      28A      4.122932  

    Final Occupation by Irrep:
              A 
    DOCC [     0 ]
    SOCC [     1 ]
    NA   [     1 ]
    NB   [     0 ]

  @DF-UHF Final Energy:    -0.56210473880533

   => Energetics <=

    Nuclear Repulsion Energy =              0.2920208687643813
    One-Electron Energy =                  -0.8541256075697161
    Two-Electron Energy =                   0.0000000000000000
    Total Energy =                         -0.5621047388053348

  UHF NO Occupations:
  HONO-0 :    1  A 1.0000000
  LUNO+0 :    2  A 0.0000000
  LUNO+1 :    3  A 0.0000000
  LUNO+2 :    4  A 0.0000000
  LUNO+3 :    5  A 0.0000000


Computation Completed


Properties will be evaluated at   0.000000,   0.000000,   0.000000 [a0]

Properties computed using the SCF density matrix


 Multipole Moments:

 ------------------------------------------------------------------------------------
     Multipole            Electronic (a.u.)      Nuclear  (a.u.)        Total (a.u.)
 ------------------------------------------------------------------------------------

 L = 1.  Multiply by 2.5417464519 to convert [e a0] to [Debye]
 Dipole X            :         -0.0000000            0.0000000           -0.0000000
 Dipole Y            :         -0.0000000            0.0000000           -0.0000000
 Dipole Z            :         -0.0000000            0.0000000           -0.0000000
 Magnitude           :                                                    0.0000000

 ------------------------------------------------------------------------------------

*** tstop() called on Angelinas-MacBook-Pro-574.local at Thu Feb 12 13:23:12 2026
Module time:
	user time   =       0.06 seconds =       0.00 minutes
	system time =       0.01 seconds =       0.00 minutes
	total time  =          0 seconds =       0.00 minutes
Total time:
	user time   =      65.63 seconds =       1.09 minutes
	system time =      16.70 seconds =       0.28 minutes
	total time  =      61584 seconds =    1026.40 minutes

Scratch directory: /tmp/
   => Libint2 <=

    Primary   basis highest AM E, G, H:  6, 6, 3
    Auxiliary basis highest AM E, G, H:  7, 7, 4
    Onebody   basis highest AM E, G, H:  -, -, -
    Solid Harmonics ordering:            Gaussian

*** tstart() called on Angelinas-MacBook-Pro-574.local
*** at Thu Feb 12 13:23:12 2026

   => Loading Basis Set <=

    Name: CC-PVTZ
    Role: ORBITAL
    Keyword: BASIS
    atoms 1-2 entry H          line    23 file /opt/anaconda3/envs/psi4/share/psi4/basis/cc-pvtz.gbs 


         ---------------------------------------------------------
                                   SCF
               by Justin Turney, Rob Parrish, Andy Simmonett
                          and Daniel G. A. Smith
                              UHF Reference
                        4 Threads,   1907 MiB Core
         ---------------------------------------------------------

  ==> Geometry <==

    Molecular point group: c1
    Full point group: D_inf_h

    Geometry (in Angstrom), charge = 1, multiplicity = 2:

       Center              X                  Y                   Z               Mass       
    ------------   -----------------  -----------------  -----------------  -----------------
         H            0.000000000000     0.000000000000    -0.925252525253     1.007825032230
         H            0.000000000000     0.000000000000     0.925252525253     1.007825032230

  Running in c1 symmetry.

  Rotational constants: A = ************  B =      9.76924  C =      9.76924 [cm^-1]
  Rotational constants: A = ************  B = 292874.46241  C = 292874.46241 [MHz]
  Nuclear repulsion =    0.285963667338046

  Charge       = 1
  Multiplicity = 2
  Electrons    = 1
  Nalpha       = 1
  Nbeta        = 0

  ==> Algorithm <==

  SCF Algorithm Type is DF.
  DIIS enabled.
  MOM disabled.
  Fractional occupation disabled.
  Guess Type is SAD.
  Energy threshold   = 1.00e-10
  Density threshold  = 1.00e-10
  Integral threshold = 1.00e-12

  ==> Primary Basis <==

  Basis Set: CC-PVTZ
    Blend: CC-PVTZ
    Number of shells: 12
    Number of basis functions: 28
    Number of Cartesian functions: 30
    Spherical Harmonics?: true
    Max angular momentum: 2

   => Loading Basis Set <=

    Name: (CC-PVTZ AUX)
    Role: JKFIT
    Keyword: DF_BASIS_SCF
    atoms 1-2 entry H          line    51 file /opt/anaconda3/envs/psi4/share/psi4/basis/cc-pvtz-jkfit.gbs 

  ==> Integral Setup <==

  DFHelper Memory: AOs need 0.001 GiB; user supplied 1.397 GiB. 
  SCF_SUBTYPE=INCORE selected. In-core MEM_DF algorithm will be used.
  Using in-core AOs.

  ==> MemDFJK: Density-Fitted J/K Matrices <==

    J tasked:                   Yes
    K tasked:                   Yes
    wK tasked:                   No
    OpenMP threads:               4
    Memory [MiB]:              1430
    Algorithm:                 Core
    Schwarz Cutoff:           1E-12
    Mask sparsity (%):       0.0000
    Fitting Condition:        1E-10

   => Auxiliary Basis Set <=

  Basis Set: (CC-PVTZ AUX)
    Blend: CC-PVTZ-JKFIT
    Number of shells: 20
    Number of basis functions: 60
    Number of Cartesian functions: 70
    Spherical Harmonics?: true
    Max angular momentum: 3

  Minimum eigenvalue in the overlap matrix is 8.0171494969E-02.
  Reciprocal condition number of the overlap matrix is 2.7216879835E-02.
    Using symmetric orthogonalization.

  ==> Pre-Iterations <==

  SCF Guess: Superposition of Atomic Densities via on-the-fly atomic UHF (no occupation information).

   -------------------------
    Irrep   Nso     Nmo    
   -------------------------
     A         28      28 
   -------------------------
    Total      28      28
   -------------------------

  ==> Iterations <==

                           Total Energy        Delta E     RMS |[F,P]|

   @DF-UHF iter SAD:    -0.89056065821321   -8.90561e-01   0.00000e+00 
   @DF-UHF iter   1:    -0.52305312080763    3.67508e-01   5.36588e-03 DIIS/ADIIS
   @DF-UHF iter   2:    -0.55616587220961   -3.31128e-02   1.71625e-03 DIIS/ADIIS
   @DF-UHF iter   3:    -0.55969243621902   -3.52656e-03   3.47290e-05 DIIS
   @DF-UHF iter   4:    -0.55969288275549   -4.46536e-07   2.61363e-06 DIIS
   @DF-UHF iter   5:    -0.55969288782494   -5.06945e-09   7.46393e-07 DIIS
   @DF-UHF iter   6:    -0.55969288837840   -5.53459e-10   1.92868e-08 DIIS
   @DF-UHF iter   7:    -0.55969288837853   -1.24789e-13   2.68947e-10 DIIS
   @DF-UHF iter   8:    -0.55969288837853   -1.22125e-15   3.99959e-13 DIIS
  Energy and wave function converged.


  ==> Post-Iterations <==

   @Spin Contamination Metric:   0.000000000E+00
   @S^2 Expected:                7.500000000E-01
   @S^2 Observed:                7.500000000E-01
   @S   Expected:                5.000000000E-01
   @S   Observed:                5.000000000E-01

    Orbital Energies [Eh]
    ---------------------

    Alpha Occupied:                                                       

       1A     -0.845657  

    Alpha Virtual:                                                        

       2A     -0.416441     3A      0.073000     4A      0.110494  
       5A      0.298475     6A      0.307522     7A      0.307522  
       8A      0.492935     9A      0.492935    10A      0.821069  
      11A      1.978438    12A      2.167363    13A      2.821483  
      14A      2.890412    15A      2.890412    16A      2.991411  
      17A      2.991411    18A      3.013222    19A      3.013222  
      20A      3.086553    21A      3.086553    22A      3.219248  
      23A      3.365998    24A      3.365998    25A      3.496123  
      26A      3.496123    27A      3.517571    28A      4.054440  

    Beta Occupied:                                                        

    

    Beta Virtual:                                                         

       1A     -0.374568     2A     -0.253927     3A      0.126899  
       4A      0.158417     5A      0.368465     6A      0.368689  
       7A      0.368689     8A      0.534196     9A      0.534196  
      10A      0.858261    11A      2.039904    12A      2.222824  
      13A      2.854880    14A      2.922244    15A      2.922244  
      16A      3.018953    17A      3.018953    18A      3.039646  
      19A      3.039646    20A      3.118368    21A      3.118368  
      22A      3.261806    23A      3.408722    24A      3.408722  
      25A      3.532482    26A      3.532482    27A      3.561132  
      28A      4.081006  

    Final Occupation by Irrep:
              A 
    DOCC [     0 ]
    SOCC [     1 ]
    NA   [     1 ]
    NB   [     0 ]

  @DF-UHF Final Energy:    -0.55969288837853

   => Energetics <=

    Nuclear Repulsion Energy =              0.2859636673380459
    One-Electron Energy =                  -0.8456565557165739
    Two-Electron Energy =                   0.0000000000000000
    Total Energy =                         -0.5596928883785280

  UHF NO Occupations:
  HONO-0 :    1  A 1.0000000
  LUNO+0 :    2  A 0.0000000
  LUNO+1 :    3  A 0.0000000
  LUNO+2 :    4  A 0.0000000
  LUNO+3 :    5  A 0.0000000


Computation Completed


Properties will be evaluated at   0.000000,   0.000000,   0.000000 [a0]

Properties computed using the SCF density matrix


 Multipole Moments:

 ------------------------------------------------------------------------------------
     Multipole            Electronic (a.u.)      Nuclear  (a.u.)        Total (a.u.)
 ------------------------------------------------------------------------------------

 L = 1.  Multiply by 2.5417464519 to convert [e a0] to [Debye]
 Dipole X            :          0.0000000            0.0000000            0.0000000
 Dipole Y            :         -0.0000000            0.0000000           -0.0000000
 Dipole Z            :         -0.0000000            0.0000000           -0.0000000
 Magnitude           :                                                    0.0000000

 ------------------------------------------------------------------------------------

*** tstop() called on Angelinas-MacBook-Pro-574.local at Thu Feb 12 13:23:12 2026
Module time:
	user time   =       0.06 seconds =       0.00 minutes
	system time =       0.01 seconds =       0.00 minutes
	total time  =          0 seconds =       0.00 minutes
Total time:
	user time   =      65.71 seconds =       1.10 minutes
	system time =      16.71 seconds =       0.28 minutes
	total time  =      61584 seconds =    1026.40 minutes

Scratch directory: /tmp/
   => Libint2 <=

    Primary   basis highest AM E, G, H:  6, 6, 3
    Auxiliary basis highest AM E, G, H:  7, 7, 4
    Onebody   basis highest AM E, G, H:  -, -, -
    Solid Harmonics ordering:            Gaussian

*** tstart() called on Angelinas-MacBook-Pro-574.local
*** at Thu Feb 12 13:23:12 2026

   => Loading Basis Set <=

    Name: CC-PVTZ
    Role: ORBITAL
    Keyword: BASIS
    atoms 1-2 entry H          line    23 file /opt/anaconda3/envs/psi4/share/psi4/basis/cc-pvtz.gbs 


         ---------------------------------------------------------
                                   SCF
               by Justin Turney, Rob Parrish, Andy Simmonett
                          and Daniel G. A. Smith
                              UHF Reference
                        4 Threads,   1907 MiB Core
         ---------------------------------------------------------

  ==> Geometry <==

    Molecular point group: c1
    Full point group: D_inf_h

    Geometry (in Angstrom), charge = 1, multiplicity = 2:

       Center              X                  Y                   Z               Mass       
    ------------   -----------------  -----------------  -----------------  -----------------
         H            0.000000000000     0.000000000000    -0.944444444444     1.007825032230
         H            0.000000000000     0.000000000000     0.944444444444     1.007825032230

  Running in c1 symmetry.

  Rotational constants: A = ************  B =      9.37624  C =      9.37624 [cm^-1]
  Rotational constants: A = ************  B = 281092.48183  C = 281092.48183 [MHz]
  Nuclear repulsion =    0.280152640942941

  Charge       = 1
  Multiplicity = 2
  Electrons    = 1
  Nalpha       = 1
  Nbeta        = 0

  ==> Algorithm <==

  SCF Algorithm Type is DF.
  DIIS enabled.
  MOM disabled.
  Fractional occupation disabled.
  Guess Type is SAD.
  Energy threshold   = 1.00e-10
  Density threshold  = 1.00e-10
  Integral threshold = 1.00e-12

  ==> Primary Basis <==

  Basis Set: CC-PVTZ
    Blend: CC-PVTZ
    Number of shells: 12
    Number of basis functions: 28
    Number of Cartesian functions: 30
    Spherical Harmonics?: true
    Max angular momentum: 2

   => Loading Basis Set <=

    Name: (CC-PVTZ AUX)
    Role: JKFIT
    Keyword: DF_BASIS_SCF
    atoms 1-2 entry H          line    51 file /opt/anaconda3/envs/psi4/share/psi4/basis/cc-pvtz-jkfit.gbs 

  ==> Integral Setup <==

  DFHelper Memory: AOs need 0.001 GiB; user supplied 1.397 GiB. 
  SCF_SUBTYPE=INCORE selected. In-core MEM_DF algorithm will be used.
  Using in-core AOs.

  ==> MemDFJK: Density-Fitted J/K Matrices <==

    J tasked:                   Yes
    K tasked:                   Yes
    wK tasked:                   No
    OpenMP threads:               4
    Memory [MiB]:              1430
    Algorithm:                 Core
    Schwarz Cutoff:           1E-12
    Mask sparsity (%):       0.0000
    Fitting Condition:        1E-10

   => Auxiliary Basis Set <=

  Basis Set: (CC-PVTZ AUX)
    Blend: CC-PVTZ-JKFIT
    Number of shells: 20
    Number of basis functions: 60
    Number of Cartesian functions: 70
    Spherical Harmonics?: true
    Max angular momentum: 3

  Minimum eigenvalue in the overlap matrix is 8.0837351975E-02.
  Reciprocal condition number of the overlap matrix is 2.7768432126E-02.
    Using symmetric orthogonalization.

  ==> Pre-Iterations <==

  SCF Guess: Superposition of Atomic Densities via on-the-fly atomic UHF (no occupation information).

   -------------------------
    Irrep   Nso     Nmo    
   -------------------------
     A         28      28 
   -------------------------
    Total      28      28
   -------------------------

  ==> Iterations <==

                           Total Energy        Delta E     RMS |[F,P]|

   @DF-UHF iter SAD:    -0.88562296789778   -8.85623e-01   0.00000e+00 
   @DF-UHF iter   1:    -0.52165278692645    3.63970e-01   5.28740e-03 DIIS/ADIIS
   @DF-UHF iter   2:    -0.55389421465353   -3.22414e-02   1.68813e-03 DIIS/ADIIS
   @DF-UHF iter   3:    -0.55732144260214   -3.42723e-03   3.28785e-05 DIIS
   @DF-UHF iter   4:    -0.55732181543652   -3.72834e-07   2.02003e-06 DIIS
   @DF-UHF iter   5:    -0.55732181832505   -2.88853e-09   5.68645e-07 DIIS
   @DF-UHF iter   6:    -0.55732181865483   -3.29780e-10   1.97159e-08 DIIS
   @DF-UHF iter   7:    -0.55732181865497   -1.36113e-13   2.31830e-10 DIIS
   @DF-UHF iter   8:    -0.55732181865496    1.44329e-15   3.45791e-13 DIIS
  Energy and wave function converged.


  ==> Post-Iterations <==

   @Spin Contamination Metric:   0.000000000E+00
   @S^2 Expected:                7.500000000E-01
   @S^2 Observed:                7.500000000E-01
   @S   Expected:                5.000000000E-01
   @S   Observed:                5.000000000E-01

    Orbital Energies [Eh]
    ---------------------

    Alpha Occupied:                                                       

       1A     -0.837474  

    Alpha Virtual:                                                        

       2A     -0.420513     3A      0.076766     4A      0.110767  
       5A      0.290755     6A      0.313492     7A      0.313492  
       8A      0.488421     9A      0.488421    10A      0.808100  
      11A      1.979270    12A      2.163594    13A      2.839502  
      14A      2.907547    15A      2.907547    16A      2.995058  
      17A      2.995058    18A      3.012502    19A      3.012502  
      20A      3.073701    21A      3.073701    22A      3.191688  
      23A      3.365316    24A      3.365316    25A      3.489925  
      26A      3.489925    27A      3.498453    28A      4.014603  

    Beta Occupied:                                                        

    

    Beta Virtual:                                                         

       1A     -0.371562     2A     -0.255956     3A      0.130231  
       4A      0.158310     5A      0.360840     6A      0.373847  
       7A      0.373847     8A      0.529970     9A      0.529970  
      10A      0.845558    11A      2.040303    12A      2.219059  
      13A      2.872028    14A      2.938925    15A      2.938925  
      16A      3.022398    17A      3.022398    18A      3.038846  
      19A      3.038846    20A      3.104836    21A      3.104836  
      22A      3.232989    23A      3.407732    24A      3.407732  
      25A      3.526655    26A      3.526655    27A      3.542067  
      28A      4.041982  

    Final Occupation by Irrep:
              A 
    DOCC [     0 ]
    SOCC [     1 ]
    NA   [     1 ]
    NB   [     0 ]

  @DF-UHF Final Energy:    -0.55732181865496

   => Energetics <=

    Nuclear Repulsion Energy =              0.2801526409429412
    One-Electron Energy =                  -0.8374744595979061
    Two-Electron Energy =                   0.0000000000000001
    Total Energy =                         -0.5573218186549649

  UHF NO Occupations:
  HONO-0 :    1  A 1.0000000
  LUNO+0 :    2  A 0.0000000
  LUNO+1 :    3  A 0.0000000
  LUNO+2 :    4  A 0.0000000
  LUNO+3 :    5  A 0.0000000


Computation Completed


Properties will be evaluated at   0.000000,   0.000000,   0.000000 [a0]

Properties computed using the SCF density matrix


 Multipole Moments:

 ------------------------------------------------------------------------------------
     Multipole            Electronic (a.u.)      Nuclear  (a.u.)        Total (a.u.)
 ------------------------------------------------------------------------------------

 L = 1.  Multiply by 2.5417464519 to convert [e a0] to [Debye]
 Dipole X            :          0.0000000            0.0000000            0.0000000
 Dipole Y            :          0.0000000            0.0000000            0.0000000
 Dipole Z            :          0.0000000            0.0000000            0.0000000
 Magnitude           :                                                    0.0000000

 ------------------------------------------------------------------------------------

*** tstop() called on Angelinas-MacBook-Pro-574.local at Thu Feb 12 13:23:12 2026
Module time:
	user time   =       0.05 seconds =       0.00 minutes
	system time =       0.01 seconds =       0.00 minutes
	total time  =          0 seconds =       0.00 minutes
Total time:
	user time   =      65.78 seconds =       1.10 minutes
	system time =      16.72 seconds =       0.28 minutes
	total time  =      61584 seconds =    1026.40 minutes

Scratch directory: /tmp/
   => Libint2 <=

    Primary   basis highest AM E, G, H:  6, 6, 3
    Auxiliary basis highest AM E, G, H:  7, 7, 4
    Onebody   basis highest AM E, G, H:  -, -, -
    Solid Harmonics ordering:            Gaussian

*** tstart() called on Angelinas-MacBook-Pro-574.local
*** at Thu Feb 12 13:23:12 2026

   => Loading Basis Set <=

    Name: CC-PVTZ
    Role: ORBITAL
    Keyword: BASIS
    atoms 1-2 entry H          line    23 file /opt/anaconda3/envs/psi4/share/psi4/basis/cc-pvtz.gbs 


         ---------------------------------------------------------
                                   SCF
               by Justin Turney, Rob Parrish, Andy Simmonett
                          and Daniel G. A. Smith
                              UHF Reference
                        4 Threads,   1907 MiB Core
         ---------------------------------------------------------

  ==> Geometry <==

    Molecular point group: c1
    Full point group: D_inf_h

    Geometry (in Angstrom), charge = 1, multiplicity = 2:

       Center              X                  Y                   Z               Mass       
    ------------   -----------------  -----------------  -----------------  -----------------
         H            0.000000000000     0.000000000000    -0.963636363636     1.007825032230
         H            0.000000000000     0.000000000000     0.963636363636     1.007825032230

  Running in c1 symmetry.

  Rotational constants: A = ************  B =      9.00648  C =      9.00648 [cm^-1]
  Rotational constants: A = ************  B = 270007.42205  C = 270007.42205 [MHz]
  Nuclear repulsion =    0.274573081008019

  Charge       = 1
  Multiplicity = 2
  Electrons    = 1
  Nalpha       = 1
  Nbeta        = 0

  ==> Algorithm <==

  SCF Algorithm Type is DF.
  DIIS enabled.
  MOM disabled.
  Fractional occupation disabled.
  Guess Type is SAD.
  Energy threshold   = 1.00e-10
  Density threshold  = 1.00e-10
  Integral threshold = 1.00e-12

  ==> Primary Basis <==

  Basis Set: CC-PVTZ
    Blend: CC-PVTZ
    Number of shells: 12
    Number of basis functions: 28
    Number of Cartesian functions: 30
    Spherical Harmonics?: true
    Max angular momentum: 2

   => Loading Basis Set <=

    Name: (CC-PVTZ AUX)
    Role: JKFIT
    Keyword: DF_BASIS_SCF
    atoms 1-2 entry H          line    51 file /opt/anaconda3/envs/psi4/share/psi4/basis/cc-pvtz-jkfit.gbs 

  ==> Integral Setup <==

  DFHelper Memory: AOs need 0.001 GiB; user supplied 1.397 GiB. 
  SCF_SUBTYPE=INCORE selected. In-core MEM_DF algorithm will be used.
  Using in-core AOs.

  ==> MemDFJK: Density-Fitted J/K Matrices <==

    J tasked:                   Yes
    K tasked:                   Yes
    wK tasked:                   No
    OpenMP threads:               4
    Memory [MiB]:              1430
    Algorithm:                 Core
    Schwarz Cutoff:           1E-12
    Mask sparsity (%):       0.0000
    Fitting Condition:        1E-10

   => Auxiliary Basis Set <=

  Basis Set: (CC-PVTZ AUX)
    Blend: CC-PVTZ-JKFIT
    Number of shells: 20
    Number of basis functions: 60
    Number of Cartesian functions: 70
    Spherical Harmonics?: true
    Max angular momentum: 3

  Minimum eigenvalue in the overlap matrix is 8.1460772125E-02.
  Reciprocal condition number of the overlap matrix is 2.8304037529E-02.
    Using symmetric orthogonalization.

  ==> Pre-Iterations <==

  SCF Guess: Superposition of Atomic Densities via on-the-fly atomic UHF (no occupation information).

   -------------------------
    Irrep   Nso     Nmo    
   -------------------------
     A         28      28 
   -------------------------
    Total      28      28
   -------------------------

  ==> Iterations <==

                           Total Energy        Delta E     RMS |[F,P]|

   @DF-UHF iter SAD:    -0.88100750428190   -8.81008e-01   0.00000e+00 
   @DF-UHF iter   1:    -0.52026432066549    3.60743e-01   5.21204e-03 DIIS/ADIIS
   @DF-UHF iter   2:    -0.55166530958454   -3.14010e-02   1.66065e-03 DIIS/ADIIS
   @DF-UHF iter   3:    -0.55499481109054   -3.32950e-03   3.14545e-05 DIIS
   @DF-UHF iter   4:    -0.55499513203002   -3.20939e-07   1.41853e-06 DIIS
   @DF-UHF iter   5:    -0.55499513321894   -1.18892e-09   3.35065e-07 DIIS
   @DF-UHF iter   6:    -0.55499513333644   -1.17497e-10   2.07823e-08 DIIS
   @DF-UHF iter   7:    -0.55499513333663   -1.92069e-13   1.94816e-10 DIIS
   @DF-UHF iter   8:    -0.55499513333663   -6.66134e-16   3.08054e-13 DIIS
  Energy and wave function converged.


  ==> Post-Iterations <==

   @Spin Contamination Metric:   0.000000000E+00
   @S^2 Expected:                7.500000000E-01
   @S^2 Observed:                7.500000000E-01
   @S   Expected:                5.000000000E-01
   @S   Observed:                5.000000000E-01

    Orbital Energies [Eh]
    ---------------------

    Alpha Occupied:                                                       

       1A     -0.829568  

    Alpha Virtual:                                                        

       2A     -0.424417     3A      0.080458     4A      0.111115  
       5A      0.283814     6A      0.319421     7A      0.319421  
       8A      0.484102     9A      0.484102    10A      0.795134  
      11A      1.981374    12A      2.159717    13A      2.856380  
      14A      2.923100    15A      2.923100    16A      2.998252  
      17A      2.998252    18A      3.012131    19A      3.012131  
      20A      3.062713    21A      3.062713    22A      3.166229  
      23A      3.364911    24A      3.364911    25A      3.480217  
      26A      3.484283    27A      3.484283    28A      3.977407  

    Beta Occupied:                                                        

    

    Beta Virtual:                                                         

       1A     -0.368653     2A     -0.257852     3A      0.133521  
       4A      0.158314     5A      0.353896     6A      0.379004  
       7A      0.379004     8A      0.525928     9A      0.525928  
      10A      0.832861    11A      2.042001    12A      2.215215  
      13A      2.888187    14A      2.954060    15A      2.954060  
      16A      3.025414    17A      3.025414    18A      3.038406  
      19A      3.038406    20A      3.093252    21A      3.093252  
      22A      3.206276    23A      3.407046    24A      3.407046  
      25A      3.521330    26A      3.521330    27A      3.523824  
      28A      4.005602  

    Final Occupation by Irrep:
              A 
    DOCC [     0 ]
    SOCC [     1 ]
    NA   [     1 ]
    NB   [     0 ]

  @DF-UHF Final Energy:    -0.55499513333663

   => Energetics <=

    Nuclear Repulsion Energy =              0.2745730810080189
    One-Electron Energy =                  -0.8295682143446497
    Two-Electron Energy =                   0.0000000000000000
    Total Energy =                         -0.5549951333366308

  UHF NO Occupations:
  HONO-0 :    1  A 1.0000000
  LUNO+0 :    2  A 0.0000000
  LUNO+1 :    3  A 0.0000000
  LUNO+2 :    4  A 0.0000000
  LUNO+3 :    5  A 0.0000000


Computation Completed


Properties will be evaluated at   0.000000,   0.000000,   0.000000 [a0]

Properties computed using the SCF density matrix


 Multipole Moments:

 ------------------------------------------------------------------------------------
     Multipole            Electronic (a.u.)      Nuclear  (a.u.)        Total (a.u.)
 ------------------------------------------------------------------------------------

 L = 1.  Multiply by 2.5417464519 to convert [e a0] to [Debye]
 Dipole X            :         -0.0000000            0.0000000           -0.0000000
 Dipole Y            :         -0.0000000            0.0000000           -0.0000000
 Dipole Z            :          0.0000000            0.0000000            0.0000000
 Magnitude           :                                                    0.0000000

 ------------------------------------------------------------------------------------

*** tstop() called on Angelinas-MacBook-Pro-574.local at Thu Feb 12 13:23:12 2026
Module time:
	user time   =       0.05 seconds =       0.00 minutes
	system time =       0.00 seconds =       0.00 minutes
	total time  =          0 seconds =       0.00 minutes
Total time:
	user time   =      65.85 seconds =       1.10 minutes
	system time =      16.72 seconds =       0.28 minutes
	total time  =      61584 seconds =    1026.40 minutes

Scratch directory: /tmp/
   => Libint2 <=

    Primary   basis highest AM E, G, H:  6, 6, 3
    Auxiliary basis highest AM E, G, H:  7, 7, 4
    Onebody   basis highest AM E, G, H:  -, -, -
    Solid Harmonics ordering:            Gaussian

*** tstart() called on Angelinas-MacBook-Pro-574.local
*** at Thu Feb 12 13:23:12 2026

   => Loading Basis Set <=

    Name: CC-PVTZ
    Role: ORBITAL
    Keyword: BASIS
    atoms 1-2 entry H          line    23 file /opt/anaconda3/envs/psi4/share/psi4/basis/cc-pvtz.gbs 


         ---------------------------------------------------------
                                   SCF
               by Justin Turney, Rob Parrish, Andy Simmonett
                          and Daniel G. A. Smith
                              UHF Reference
                        4 Threads,   1907 MiB Core
         ---------------------------------------------------------

  ==> Geometry <==

    Molecular point group: c1
    Full point group: D_inf_h

    Geometry (in Angstrom), charge = 1, multiplicity = 2:

       Center              X                  Y                   Z               Mass       
    ------------   -----------------  -----------------  -----------------  -----------------
         H            0.000000000000     0.000000000000    -0.982828282828     1.007825032230
         H            0.000000000000     0.000000000000     0.982828282828     1.007825032230

  Running in c1 symmetry.

  Rotational constants: A = ************  B =      8.65817  C =      8.65817 [cm^-1]
  Rotational constants: A = ************  B = 259565.38242  C = 259565.38242 [MHz]
  Nuclear repulsion =    0.269211427833145

  Charge       = 1
  Multiplicity = 2
  Electrons    = 1
  Nalpha       = 1
  Nbeta        = 0

  ==> Algorithm <==

  SCF Algorithm Type is DF.
  DIIS enabled.
  MOM disabled.
  Fractional occupation disabled.
  Guess Type is SAD.
  Energy threshold   = 1.00e-10
  Density threshold  = 1.00e-10
  Integral threshold = 1.00e-12

  ==> Primary Basis <==

  Basis Set: CC-PVTZ
    Blend: CC-PVTZ
    Number of shells: 12
    Number of basis functions: 28
    Number of Cartesian functions: 30
    Spherical Harmonics?: true
    Max angular momentum: 2

   => Loading Basis Set <=

    Name: (CC-PVTZ AUX)
    Role: JKFIT
    Keyword: DF_BASIS_SCF
    atoms 1-2 entry H          line    51 file /opt/anaconda3/envs/psi4/share/psi4/basis/cc-pvtz-jkfit.gbs 

  ==> Integral Setup <==

  DFHelper Memory: AOs need 0.001 GiB; user supplied 1.397 GiB. 
  SCF_SUBTYPE=INCORE selected. In-core MEM_DF algorithm will be used.
  Using in-core AOs.

  ==> MemDFJK: Density-Fitted J/K Matrices <==

    J tasked:                   Yes
    K tasked:                   Yes
    wK tasked:                   No
    OpenMP threads:               4
    Memory [MiB]:              1430
    Algorithm:                 Core
    Schwarz Cutoff:           1E-12
    Mask sparsity (%):       0.0000
    Fitting Condition:        1E-10

   => Auxiliary Basis Set <=

  Basis Set: (CC-PVTZ AUX)
    Blend: CC-PVTZ-JKFIT
    Number of shells: 20
    Number of basis functions: 60
    Number of Cartesian functions: 70
    Spherical Harmonics?: true
    Max angular momentum: 3

  Minimum eigenvalue in the overlap matrix is 8.2048829904E-02.
  Reciprocal condition number of the overlap matrix is 2.8824984200E-02.
    Using symmetric orthogonalization.

  ==> Pre-Iterations <==

  SCF Guess: Superposition of Atomic Densities via on-the-fly atomic UHF (no occupation information).

   -------------------------
    Irrep   Nso     Nmo    
   -------------------------
     A         28      28 
   -------------------------
    Total      28      28
   -------------------------

  ==> Iterations <==

                           Total Energy        Delta E     RMS |[F,P]|

   @DF-UHF iter SAD:    -0.87670080528949   -8.76701e-01   0.00000e+00 
   @DF-UHF iter   1:    -0.51889197865055    3.57809e-01   5.13965e-03 DIIS/ADIIS
   @DF-UHF iter   2:    -0.54948204520279   -3.05901e-02   1.63380e-03 DIIS/ADIIS
   @DF-UHF iter   3:    -0.55271568869740   -3.23364e-03   3.05989e-05 DIIS
   @DF-UHF iter   4:    -0.55271598571916   -2.97022e-07   1.02097e-06 DIIS
   @DF-UHF iter   5:    -0.55271598607907   -3.59911e-10   7.62985e-08 DIIS
   @DF-UHF iter   6:    -0.55271598608296   -3.89022e-12   1.10741e-08 DIIS
   @DF-UHF iter   7:    -0.55271598608308   -1.21347e-13   1.61847e-10 DIIS
   @DF-UHF iter   8:    -0.55271598608308    8.88178e-16   2.87401e-13 DIIS
  Energy and wave function converged.


  ==> Post-Iterations <==

   @Spin Contamination Metric:   0.000000000E+00
   @S^2 Expected:                7.500000000E-01
   @S^2 Observed:                7.500000000E-01
   @S   Expected:                5.000000000E-01
   @S   Observed:                5.000000000E-01

    Orbital Energies [Eh]
    ---------------------

    Alpha Occupied:                                                       

       1A     -0.821927  

    Alpha Virtual:                                                        

       2A     -0.428160     3A      0.084037     4A      0.111532  
       5A      0.277731     6A      0.325283     7A      0.325283  
       8A      0.479981     9A      0.479981    10A      0.782184  
      11A      1.984633    12A      2.155727    13A      2.872120  
      14A      2.937072    15A      2.937072    16A      3.001063  
      17A      3.001063    18A      3.012051    19A      3.012051  
      20A      3.053441    21A      3.053441    22A      3.143066  
      23A      3.364843    24A      3.364843    25A      3.462830  
      26A      3.479124    27A      3.479124    28A      3.942630  

    Beta Occupied:                                                        

    

    Beta Virtual:                                                         

       1A     -0.365836     2A     -0.259622     3A      0.136745  
       4A      0.158422     5A      0.347712     6A      0.384137  
       7A      0.384137     8A      0.522072     9A      0.522072  
      10A      0.820183    11A      2.044879    12A      2.211283  
      13A      2.903337    14A      2.967646    15A      2.967646  
      16A      3.028067    17A      3.028067    18A      3.038264  
      19A      3.038264    20A      3.083456    21A      3.083456  
      22A      3.181884    23A      3.406721    24A      3.406721  
      25A      3.506386    26A      3.516445    27A      3.516445  
      28A      3.971630  

    Final Occupation by Irrep:
              A 
    DOCC [     0 ]
    SOCC [     1 ]
    NA   [     1 ]
    NB   [     0 ]

  @DF-UHF Final Energy:    -0.55271598608308

   => Energetics <=

    Nuclear Repulsion Energy =              0.2692114278331450
    One-Electron Energy =                  -0.8219274139162254
    Two-Electron Energy =                  -0.0000000000000001
    Total Energy =                         -0.5527159860830804

  UHF NO Occupations:
  HONO-0 :    1  A 1.0000000
  LUNO+0 :    2  A 0.0000000
  LUNO+1 :    3  A 0.0000000
  LUNO+2 :    4  A 0.0000000
  LUNO+3 :    5  A 0.0000000


Computation Completed


Properties will be evaluated at   0.000000,   0.000000,   0.000000 [a0]

Properties computed using the SCF density matrix


 Multipole Moments:

 ------------------------------------------------------------------------------------
     Multipole            Electronic (a.u.)      Nuclear  (a.u.)        Total (a.u.)
 ------------------------------------------------------------------------------------

 L = 1.  Multiply by 2.5417464519 to convert [e a0] to [Debye]
 Dipole X            :         -0.0000000            0.0000000           -0.0000000
 Dipole Y            :         -0.0000000            0.0000000           -0.0000000
 Dipole Z            :         -0.0000000            0.0000000           -0.0000000
 Magnitude           :                                                    0.0000000

 ------------------------------------------------------------------------------------

*** tstop() called on Angelinas-MacBook-Pro-574.local at Thu Feb 12 13:23:12 2026
Module time:
	user time   =       0.06 seconds =       0.00 minutes
	system time =       0.01 seconds =       0.00 minutes
	total time  =          0 seconds =       0.00 minutes
Total time:
	user time   =      65.93 seconds =       1.10 minutes
	system time =      16.73 seconds =       0.28 minutes
	total time  =      61584 seconds =    1026.40 minutes

Scratch directory: /tmp/
   => Libint2 <=

    Primary   basis highest AM E, G, H:  6, 6, 3
    Auxiliary basis highest AM E, G, H:  7, 7, 4
    Onebody   basis highest AM E, G, H:  -, -, -
    Solid Harmonics ordering:            Gaussian

*** tstart() called on Angelinas-MacBook-Pro-574.local
*** at Thu Feb 12 13:23:12 2026

   => Loading Basis Set <=

    Name: CC-PVTZ
    Role: ORBITAL
    Keyword: BASIS
    atoms 1-2 entry H          line    23 file /opt/anaconda3/envs/psi4/share/psi4/basis/cc-pvtz.gbs 


         ---------------------------------------------------------
                                   SCF
               by Justin Turney, Rob Parrish, Andy Simmonett
                          and Daniel G. A. Smith
                              UHF Reference
                        4 Threads,   1907 MiB Core
         ---------------------------------------------------------

  ==> Geometry <==

    Molecular point group: c1
    Full point group: D_inf_h

    Geometry (in Angstrom), charge = 1, multiplicity = 2:

       Center              X                  Y                   Z               Mass       
    ------------   -----------------  -----------------  -----------------  -----------------
         H            0.000000000000     0.000000000000    -1.002020202020     1.007825032230
         H            0.000000000000     0.000000000000     1.002020202020     1.007825032230

  Running in c1 symmetry.

  Rotational constants: A = ************  B =      8.32968  C =      8.32968 [cm^-1]
  Rotational constants: A = ************  B = 249717.57419  C = 249717.57419 [MHz]
  Nuclear repulsion =    0.264055160566179

  Charge       = 1
  Multiplicity = 2
  Electrons    = 1
  Nalpha       = 1
  Nbeta        = 0

  ==> Algorithm <==

  SCF Algorithm Type is DF.
  DIIS enabled.
  MOM disabled.
  Fractional occupation disabled.
  Guess Type is SAD.
  Energy threshold   = 1.00e-10
  Density threshold  = 1.00e-10
  Integral threshold = 1.00e-12

  ==> Primary Basis <==

  Basis Set: CC-PVTZ
    Blend: CC-PVTZ
    Number of shells: 12
    Number of basis functions: 28
    Number of Cartesian functions: 30
    Spherical Harmonics?: true
    Max angular momentum: 2

   => Loading Basis Set <=

    Name: (CC-PVTZ AUX)
    Role: JKFIT
    Keyword: DF_BASIS_SCF
    atoms 1-2 entry H          line    51 file /opt/anaconda3/envs/psi4/share/psi4/basis/cc-pvtz-jkfit.gbs 

  ==> Integral Setup <==

  DFHelper Memory: AOs need 0.001 GiB; user supplied 1.397 GiB. 
  SCF_SUBTYPE=INCORE selected. In-core MEM_DF algorithm will be used.
  Using in-core AOs.

  ==> MemDFJK: Density-Fitted J/K Matrices <==

    J tasked:                   Yes
    K tasked:                   Yes
    wK tasked:                   No
    OpenMP threads:               4
    Memory [MiB]:              1430
    Algorithm:                 Core
    Schwarz Cutoff:           1E-12
    Mask sparsity (%):       0.0000
    Fitting Condition:        1E-10

   => Auxiliary Basis Set <=

  Basis Set: (CC-PVTZ AUX)
    Blend: CC-PVTZ-JKFIT
    Number of shells: 20
    Number of basis functions: 60
    Number of Cartesian functions: 70
    Spherical Harmonics?: true
    Max angular momentum: 3

  Minimum eigenvalue in the overlap matrix is 8.2606791643E-02.
  Reciprocal condition number of the overlap matrix is 2.9332125278E-02.
    Using symmetric orthogonalization.

  ==> Pre-Iterations <==

  SCF Guess: Superposition of Atomic Densities via on-the-fly atomic UHF (no occupation information).

   -------------------------
    Irrep   Nso     Nmo    
   -------------------------
     A         28      28 
   -------------------------
    Total      28      28
   -------------------------

  ==> Iterations <==

                           Total Energy        Delta E     RMS |[F,P]|

   @DF-UHF iter SAD:    -0.87268928360183   -8.72689e-01   0.00000e+00 
   @DF-UHF iter   1:    -0.51753937556226    3.55150e-01   5.07009e-03 DIIS/ADIIS
   @DF-UHF iter   2:    -0.54734689749754   -2.98075e-02   1.60761e-03 DIIS/ADIIS
   @DF-UHF iter   3:    -0.55048685739898   -3.13996e-03   3.04338e-05 DIIS
   @DF-UHF iter   4:    -0.55048716481405   -3.07415e-07   1.25475e-06 DIIS
   @DF-UHF iter   5:    -0.55048716562814   -8.14087e-10   2.74983e-07 DIIS
   @DF-UHF iter   6:    -0.55048716570078   -7.26385e-11   2.06684e-08 DIIS
   @DF-UHF iter   7:    -0.55048716570115   -3.71037e-13   1.24354e-10 DIIS
   @DF-UHF iter   8:    -0.55048716570115    6.66134e-16   2.78446e-13 DIIS
  Energy and wave function converged.


  ==> Post-Iterations <==

   @Spin Contamination Metric:   0.000000000E+00
   @S^2 Expected:                7.500000000E-01
   @S^2 Observed:                7.500000000E-01
   @S   Expected:                5.000000000E-01
   @S   Observed:                5.000000000E-01

    Orbital Energies [Eh]
    ---------------------

    Alpha Occupied:                                                       

       1A     -0.814542  

    Alpha Virtual:                                                        

       2A     -0.431749     3A      0.087453     4A      0.112015  
       5A      0.272593     6A      0.331056     7A      0.331056  
       8A      0.476059     9A      0.476059    10A      0.769266  
      11A      1.988920    12A      2.151625    13A      2.886753  
      14A      2.949500    15A      2.949500    16A      3.003551  
      17A      3.003551    18A      3.012211    19A      3.012211  
      20A      3.045725    21A      3.045725    22A      3.122312  
      23A      3.365153    24A      3.365153    25A      3.446297  
      26A      3.474392    27A      3.474392    28A      3.910069  

    Beta Occupied:                                                        

    

    Beta Virtual:                                                         

       1A     -0.363104     2A     -0.261269     3A      0.139870  
       4A      0.158626     5A      0.342368     6A      0.389223  
       7A      0.389223     8A      0.518403     9A      0.518403  
      10A      0.807536    11A      2.048807    12A      2.207258  
      13A      2.917488    14A      2.979719    15A      2.979719  
      16A      3.030419    17A      3.030419    18A      3.038372  
      19A      3.038372    20A      3.075279    21A      3.075279  
      22A      3.159944    23A      3.406799    24A      3.406799  
      25A      3.489767    26A      3.511951    27A      3.511951  
      28A      3.939850  

    Final Occupation by Irrep:
              A 
    DOCC [     0 ]
    SOCC [     1 ]
    NA   [     1 ]
    NB   [     0 ]

  @DF-UHF Final Energy:    -0.55048716570115

   => Energetics <=

    Nuclear Repulsion Energy =              0.2640551605661794
    One-Electron Energy =                  -0.8145423262673289
    Two-Electron Energy =                   0.0000000000000000
    Total Energy =                         -0.5504871657011494

  UHF NO Occupations:
  HONO-0 :    1  A 1.0000000
  LUNO+0 :    2  A 0.0000000
  LUNO+1 :    3  A 0.0000000
  LUNO+2 :    4  A 0.0000000
  LUNO+3 :    5  A 0.0000000


Computation Completed


Properties will be evaluated at   0.000000,   0.000000,   0.000000 [a0]

Properties computed using the SCF density matrix


 Multipole Moments:

 ------------------------------------------------------------------------------------
     Multipole            Electronic (a.u.)      Nuclear  (a.u.)        Total (a.u.)
 ------------------------------------------------------------------------------------

 L = 1.  Multiply by 2.5417464519 to convert [e a0] to [Debye]
 Dipole X            :          0.0000000            0.0000000            0.0000000
 Dipole Y            :          0.0000000            0.0000000            0.0000000
 Dipole Z            :          0.0000000            0.0000000            0.0000000
 Magnitude           :                                                    0.0000000

 ------------------------------------------------------------------------------------

*** tstop() called on Angelinas-MacBook-Pro-574.local at Thu Feb 12 13:23:12 2026
Module time:
	user time   =       0.06 seconds =       0.00 minutes
	system time =       0.01 seconds =       0.00 minutes
	total time  =          0 seconds =       0.00 minutes
Total time:
	user time   =      66.01 seconds =       1.10 minutes
	system time =      16.74 seconds =       0.28 minutes
	total time  =      61584 seconds =    1026.40 minutes

Scratch directory: /tmp/
   => Libint2 <=

    Primary   basis highest AM E, G, H:  6, 6, 3
    Auxiliary basis highest AM E, G, H:  7, 7, 4
    Onebody   basis highest AM E, G, H:  -, -, -
    Solid Harmonics ordering:            Gaussian

*** tstart() called on Angelinas-MacBook-Pro-574.local
*** at Thu Feb 12 13:23:12 2026

   => Loading Basis Set <=

    Name: CC-PVTZ
    Role: ORBITAL
    Keyword: BASIS
    atoms 1-2 entry H          line    23 file /opt/anaconda3/envs/psi4/share/psi4/basis/cc-pvtz.gbs 


         ---------------------------------------------------------
                                   SCF
               by Justin Turney, Rob Parrish, Andy Simmonett
                          and Daniel G. A. Smith
                              UHF Reference
                        4 Threads,   1907 MiB Core
         ---------------------------------------------------------

  ==> Geometry <==

    Molecular point group: c1
    Full point group: D_inf_h

    Geometry (in Angstrom), charge = 1, multiplicity = 2:

       Center              X                  Y                   Z               Mass       
    ------------   -----------------  -----------------  -----------------  -----------------
         H            0.000000000000     0.000000000000    -1.021212121212     1.007825032230
         H            0.000000000000     0.000000000000     1.021212121212     1.007825032230

  Running in c1 symmetry.

  Rotational constants: A = ************  B =      8.01954  C =      8.01954 [cm^-1]
  Rotational constants: A = ************  B = 240419.74965  C = 240419.74965 [MHz]
  Nuclear repulsion =    0.259092699586202

  Charge       = 1
  Multiplicity = 2
  Electrons    = 1
  Nalpha       = 1
  Nbeta        = 0

  ==> Algorithm <==

  SCF Algorithm Type is DF.
  DIIS enabled.
  MOM disabled.
  Fractional occupation disabled.
  Guess Type is SAD.
  Energy threshold   = 1.00e-10
  Density threshold  = 1.00e-10
  Integral threshold = 1.00e-12

  ==> Primary Basis <==

  Basis Set: CC-PVTZ
    Blend: CC-PVTZ
    Number of shells: 12
    Number of basis functions: 28
    Number of Cartesian functions: 30
    Spherical Harmonics?: true
    Max angular momentum: 2

   => Loading Basis Set <=

    Name: (CC-PVTZ AUX)
    Role: JKFIT
    Keyword: DF_BASIS_SCF
    atoms 1-2 entry H          line    51 file /opt/anaconda3/envs/psi4/share/psi4/basis/cc-pvtz-jkfit.gbs 

  ==> Integral Setup <==

  DFHelper Memory: AOs need 0.001 GiB; user supplied 1.397 GiB. 
  SCF_SUBTYPE=INCORE selected. In-core MEM_DF algorithm will be used.
  Using in-core AOs.

  ==> MemDFJK: Density-Fitted J/K Matrices <==

    J tasked:                   Yes
    K tasked:                   Yes
    wK tasked:                   No
    OpenMP threads:               4
    Memory [MiB]:              1430
    Algorithm:                 Core
    Schwarz Cutoff:           1E-12
    Mask sparsity (%):       0.0000
    Fitting Condition:        1E-10

   => Auxiliary Basis Set <=

  Basis Set: (CC-PVTZ AUX)
    Blend: CC-PVTZ-JKFIT
    Number of shells: 20
    Number of basis functions: 60
    Number of Cartesian functions: 70
    Spherical Harmonics?: true
    Max angular momentum: 3

  Minimum eigenvalue in the overlap matrix is 8.3138704438E-02.
  Reciprocal condition number of the overlap matrix is 2.9826050982E-02.
    Using symmetric orthogonalization.

  ==> Pre-Iterations <==

  SCF Guess: Superposition of Atomic Densities via on-the-fly atomic UHF (no occupation information).

   -------------------------
    Irrep   Nso     Nmo    
   -------------------------
     A         28      28 
   -------------------------
    Total      28      28
   -------------------------

  ==> Iterations <==

                           Total Energy        Delta E     RMS |[F,P]|

   @DF-UHF iter SAD:    -0.86895933016652   -8.68959e-01   0.00000e+00 
   @DF-UHF iter   1:    -0.51620952022360    3.52750e-01   5.00324e-03 DIIS/ADIIS
   @DF-UHF iter   2:    -0.54526199972612   -2.90525e-02   1.58209e-03 DIIS/ADIIS
   @DF-UHF iter   3:    -0.54831079881835   -3.04880e-03   3.10299e-05 DIIS
   @DF-UHF iter   4:    -0.54831115716038   -3.58342e-07   1.98044e-06 DIIS
   @DF-UHF iter   5:    -0.54831116014192   -2.98154e-09   5.53191e-07 DIIS
   @DF-UHF iter   6:    -0.54831116046233   -3.20411e-10   2.03785e-08 DIIS
   @DF-UHF iter   7:    -0.54831116046260   -2.68452e-13   9.09962e-11 DIIS
  Energy and wave function converged.


  ==> Post-Iterations <==

   @Spin Contamination Metric:   0.000000000E+00
   @S^2 Expected:                7.500000000E-01
   @S^2 Observed:                7.500000000E-01
   @S   Expected:                5.000000000E-01
   @S   Observed:                5.000000000E-01

    Orbital Energies [Eh]
    ---------------------

    Alpha Occupied:                                                       

       1A     -0.807404  

    Alpha Virtual:                                                        

       2A     -0.435189     3A      0.090645     4A      0.112558  
       5A      0.268483     6A      0.336720     7A      0.336720  
       8A      0.472337     9A      0.472337    10A      0.756393  
      11A      1.994101    12A      2.147426    13A      2.900334  
      14A      2.960455    15A      2.960455    16A      3.005770  
      17A      3.005770    18A      3.012567    19A      3.012567  
      20A      3.039400    21A      3.039400    22A      3.104001  
      23A      3.365864    24A      3.365864    25A      3.430646  
      26A      3.470040    27A      3.470040    28A      3.879539  

    Beta Occupied:                                                        

    

    Beta Virtual:                                                         

       1A     -0.360453     2A     -0.262799     3A      0.142854  
       4A      0.158921     5A      0.337940     6A      0.394242  
       7A      0.394242     8A      0.514924     9A      0.514924  
      10A      0.794933    11A      2.053652    12A      2.203151  
      13A      2.930676    14A      2.990347    15A      2.990347  
      16A      3.032519    17A      3.032519    18A      3.038683  
      19A      3.038683    20A      3.068549    21A      3.068549  
      22A      3.140503    23A      3.407300    24A      3.407300  
      25A      3.474008    26A      3.507809    27A      3.507809  
      28A      3.910069  

    Final Occupation by Irrep:
              A 
    DOCC [     0 ]
    SOCC [     1 ]
    NA   [     1 ]
    NB   [     0 ]

  @DF-UHF Final Energy:    -0.54831116046260

   => Energetics <=

    Nuclear Repulsion Energy =              0.2590926995862018
    One-Electron Energy =                  -0.8074038600488000
    Two-Electron Energy =                   0.0000000000000001
    Total Energy =                         -0.5483111604625983

  UHF NO Occupations:
  HONO-0 :    1  A 1.0000000
  LUNO+0 :    2  A 0.0000000
  LUNO+1 :    3  A 0.0000000
  LUNO+2 :    4  A 0.0000000
  LUNO+3 :    5  A 0.0000000


Computation Completed


Properties will be evaluated at   0.000000,   0.000000,   0.000000 [a0]

Properties computed using the SCF density matrix


 Multipole Moments:

 ------------------------------------------------------------------------------------
     Multipole            Electronic (a.u.)      Nuclear  (a.u.)        Total (a.u.)
 ------------------------------------------------------------------------------------

 L = 1.  Multiply by 2.5417464519 to convert [e a0] to [Debye]
 Dipole X            :         -0.0000000            0.0000000           -0.0000000
 Dipole Y            :          0.0000000            0.0000000            0.0000000
 Dipole Z            :          0.0000000            0.0000000            0.0000000
 Magnitude           :                                                    0.0000000

 ------------------------------------------------------------------------------------

*** tstop() called on Angelinas-MacBook-Pro-574.local at Thu Feb 12 13:23:12 2026
Module time:
	user time   =       0.05 seconds =       0.00 minutes
	system time =       0.00 seconds =       0.00 minutes
	total time  =          0 seconds =       0.00 minutes
Total time:
	user time   =      66.07 seconds =       1.10 minutes
	system time =      16.74 seconds =       0.28 minutes
	total time  =      61584 seconds =    1026.40 minutes

Scratch directory: /tmp/
   => Libint2 <=

    Primary   basis highest AM E, G, H:  6, 6, 3
    Auxiliary basis highest AM E, G, H:  7, 7, 4
    Onebody   basis highest AM E, G, H:  -, -, -
    Solid Harmonics ordering:            Gaussian

*** tstart() called on Angelinas-MacBook-Pro-574.local
*** at Thu Feb 12 13:23:12 2026

   => Loading Basis Set <=

    Name: CC-PVTZ
    Role: ORBITAL
    Keyword: BASIS
    atoms 1-2 entry H          line    23 file /opt/anaconda3/envs/psi4/share/psi4/basis/cc-pvtz.gbs 


         ---------------------------------------------------------
                                   SCF
               by Justin Turney, Rob Parrish, Andy Simmonett
                          and Daniel G. A. Smith
                              UHF Reference
                        4 Threads,   1907 MiB Core
         ---------------------------------------------------------

  ==> Geometry <==

    Molecular point group: c1
    Full point group: D_inf_h

    Geometry (in Angstrom), charge = 1, multiplicity = 2:

       Center              X                  Y                   Z               Mass       
    ------------   -----------------  -----------------  -----------------  -----------------
         H            0.000000000000     0.000000000000    -1.040404040404     1.007825032230
         H            0.000000000000     0.000000000000     1.040404040404     1.007825032230

  Running in c1 symmetry.

  Rotational constants: A = ************  B =      7.72640  C =      7.72640 [cm^-1]
  Rotational constants: A = ************  B = 231631.70415  C = 231631.70415 [MHz]
  Nuclear repulsion =    0.254313319690922

  Charge       = 1
  Multiplicity = 2
  Electrons    = 1
  Nalpha       = 1
  Nbeta        = 0

  ==> Algorithm <==

  SCF Algorithm Type is DF.
  DIIS enabled.
  MOM disabled.
  Fractional occupation disabled.
  Guess Type is SAD.
  Energy threshold   = 1.00e-10
  Density threshold  = 1.00e-10
  Integral threshold = 1.00e-12

  ==> Primary Basis <==

  Basis Set: CC-PVTZ
    Blend: CC-PVTZ
    Number of shells: 12
    Number of basis functions: 28
    Number of Cartesian functions: 30
    Spherical Harmonics?: true
    Max angular momentum: 2

   => Loading Basis Set <=

    Name: (CC-PVTZ AUX)
    Role: JKFIT
    Keyword: DF_BASIS_SCF
    atoms 1-2 entry H          line    51 file /opt/anaconda3/envs/psi4/share/psi4/basis/cc-pvtz-jkfit.gbs 

  ==> Integral Setup <==

  DFHelper Memory: AOs need 0.001 GiB; user supplied 1.397 GiB. 
  SCF_SUBTYPE=INCORE selected. In-core MEM_DF algorithm will be used.
  Using in-core AOs.

  ==> MemDFJK: Density-Fitted J/K Matrices <==

    J tasked:                   Yes
    K tasked:                   Yes
    wK tasked:                   No
    OpenMP threads:               4
    Memory [MiB]:              1430
    Algorithm:                 Core
    Schwarz Cutoff:           1E-12
    Mask sparsity (%):       0.0000
    Fitting Condition:        1E-10

   => Auxiliary Basis Set <=

  Basis Set: (CC-PVTZ AUX)
    Blend: CC-PVTZ-JKFIT
    Number of shells: 20
    Number of basis functions: 60
    Number of Cartesian functions: 70
    Spherical Harmonics?: true
    Max angular momentum: 3

  Minimum eigenvalue in the overlap matrix is 8.3647763249E-02.
  Reciprocal condition number of the overlap matrix is 3.0307192627E-02.
    Using symmetric orthogonalization.

  ==> Pre-Iterations <==

  SCF Guess: Superposition of Atomic Densities via on-the-fly atomic UHF (no occupation information).

   -------------------------
    Irrep   Nso     Nmo    
   -------------------------
     A         28      28 
   -------------------------
    Total      28      28
   -------------------------

  ==> Iterations <==

                           Total Energy        Delta E     RMS |[F,P]|

   @DF-UHF iter SAD:    -0.86549740284090   -8.65497e-01   0.00000e+00 
   @DF-UHF iter   1:    -0.51490485119677    3.50593e-01   4.93895e-03 DIIS/ADIIS
   @DF-UHF iter   2:    -0.54322919580747   -2.83243e-02   1.55729e-03 DIIS/ADIIS
   @DF-UHF iter   3:    -0.54618973768799   -2.96054e-03   3.23855e-05 DIIS
   @DF-UHF iter   4:    -0.54619019326010   -4.55572e-07   2.87178e-06 DIIS
   @DF-UHF iter   5:    -0.54619020050437   -7.24427e-09   7.65986e-07 DIIS
   @DF-UHF iter   6:    -0.54619020114006   -6.35689e-10   1.99589e-08 DIIS
   @DF-UHF iter   7:    -0.54619020114028   -2.22933e-13   6.19684e-11 DIIS
  Energy and wave function converged.


  ==> Post-Iterations <==

   @Spin Contamination Metric:   0.000000000E+00
   @S^2 Expected:                7.500000000E-01
   @S^2 Observed:                7.500000000E-01
   @S   Expected:                5.000000000E-01
   @S   Observed:                5.000000000E-01

    Orbital Energies [Eh]
    ---------------------

    Alpha Occupied:                                                       

       1A     -0.800504  

    Alpha Virtual:                                                        

       2A     -0.438486     3A      0.093545     4A      0.113158  
       5A      0.265478     6A      0.342256     7A      0.342256  
       8A      0.468817     9A      0.468817    10A      0.743581  
      11A      2.000037    12A      2.143153    13A      2.912932  
      14A      2.970029    15A      2.970029    16A      3.007767  
      17A      3.007767    18A      3.013082    19A      3.013082  
      20A      3.034302    21A      3.034302    22A      3.088101  
      23A      3.366980    24A      3.366980    25A      3.415932  
      26A      3.466031    27A      3.466031    28A      3.850871  

    Beta Occupied:                                                        

    

    Beta Virtual:                                                         

       1A     -0.357877     2A     -0.264215     3A      0.145644  
       4A      0.159300     5A      0.334502     6A      0.399175  
       7A      0.399175     8A      0.511636     9A      0.511636  
      10A      0.782388    11A      2.059273    12A      2.198981  
      13A      2.942951    14A      2.999620    15A      2.999620  
      16A      3.034413    17A      3.034413    18A      3.039161  
      19A      3.039161    20A      3.063096    21A      3.063096  
      22A      3.123538    23A      3.408227    24A      3.408227  
      25A      3.459172    26A      3.503988    27A      3.503988  
      28A      3.882116  

    Final Occupation by Irrep:
              A 
    DOCC [     0 ]
    SOCC [     1 ]
    NA   [     1 ]
    NB   [     0 ]

  @DF-UHF Final Energy:    -0.54619020114028

   => Energetics <=

    Nuclear Repulsion Energy =              0.2543133196909224
    One-Electron Energy =                  -0.8005035208312032
    Two-Electron Energy =                   0.0000000000000000
    Total Energy =                         -0.5461902011402808

  UHF NO Occupations:
  HONO-0 :    1  A 1.0000000
  LUNO+0 :    2  A 0.0000000
  LUNO+1 :    3  A 0.0000000
  LUNO+2 :    4  A 0.0000000
  LUNO+3 :    5  A 0.0000000


Computation Completed


Properties will be evaluated at   0.000000,   0.000000,   0.000000 [a0]

Properties computed using the SCF density matrix


 Multipole Moments:

 ------------------------------------------------------------------------------------
     Multipole            Electronic (a.u.)      Nuclear  (a.u.)        Total (a.u.)
 ------------------------------------------------------------------------------------

 L = 1.  Multiply by 2.5417464519 to convert [e a0] to [Debye]
 Dipole X            :         -0.0000000            0.0000000           -0.0000000
 Dipole Y            :          0.0000000            0.0000000            0.0000000
 Dipole Z            :         -0.0000000            0.0000000           -0.0000000
 Magnitude           :                                                    0.0000000

 ------------------------------------------------------------------------------------

*** tstop() called on Angelinas-MacBook-Pro-574.local at Thu Feb 12 13:23:12 2026
Module time:
	user time   =       0.05 seconds =       0.00 minutes
	system time =       0.00 seconds =       0.00 minutes
	total time  =          0 seconds =       0.00 minutes
Total time:
	user time   =      66.14 seconds =       1.10 minutes
	system time =      16.75 seconds =       0.28 minutes
	total time  =      61584 seconds =    1026.40 minutes

Scratch directory: /tmp/
   => Libint2 <=

    Primary   basis highest AM E, G, H:  6, 6, 3
    Auxiliary basis highest AM E, G, H:  7, 7, 4
    Onebody   basis highest AM E, G, H:  -, -, -
    Solid Harmonics ordering:            Gaussian

*** tstart() called on Angelinas-MacBook-Pro-574.local
*** at Thu Feb 12 13:23:12 2026

   => Loading Basis Set <=

    Name: CC-PVTZ
    Role: ORBITAL
    Keyword: BASIS
    atoms 1-2 entry H          line    23 file /opt/anaconda3/envs/psi4/share/psi4/basis/cc-pvtz.gbs 


         ---------------------------------------------------------
                                   SCF
               by Justin Turney, Rob Parrish, Andy Simmonett
                          and Daniel G. A. Smith
                              UHF Reference
                        4 Threads,   1907 MiB Core
         ---------------------------------------------------------

  ==> Geometry <==

    Molecular point group: c1
    Full point group: D_inf_h

    Geometry (in Angstrom), charge = 1, multiplicity = 2:

       Center              X                  Y                   Z               Mass       
    ------------   -----------------  -----------------  -----------------  -----------------
         H            0.000000000000     0.000000000000    -1.059595959596     1.007825032230
         H            0.000000000000     0.000000000000     1.059595959596     1.007825032230

  Running in c1 symmetry.

  Rotational constants: A = ************  B =      7.44905  C =      7.44905 [cm^-1]
  Rotational constants: A = ************  B = 223316.84080  C = 223316.84080 [MHz]
  Nuclear repulsion =    0.249707072718446

  Charge       = 1
  Multiplicity = 2
  Electrons    = 1
  Nalpha       = 1
  Nbeta        = 0

  ==> Algorithm <==

  SCF Algorithm Type is DF.
  DIIS enabled.
  MOM disabled.
  Fractional occupation disabled.
  Guess Type is SAD.
  Energy threshold   = 1.00e-10
  Density threshold  = 1.00e-10
  Integral threshold = 1.00e-12

  ==> Primary Basis <==

  Basis Set: CC-PVTZ
    Blend: CC-PVTZ
    Number of shells: 12
    Number of basis functions: 28
    Number of Cartesian functions: 30
    Spherical Harmonics?: true
    Max angular momentum: 2

   => Loading Basis Set <=

    Name: (CC-PVTZ AUX)
    Role: JKFIT
    Keyword: DF_BASIS_SCF
    atoms 1-2 entry H          line    51 file /opt/anaconda3/envs/psi4/share/psi4/basis/cc-pvtz-jkfit.gbs 

  ==> Integral Setup <==

  DFHelper Memory: AOs need 0.001 GiB; user supplied 1.397 GiB. 
  SCF_SUBTYPE=INCORE selected. In-core MEM_DF algorithm will be used.
  Using in-core AOs.

  ==> MemDFJK: Density-Fitted J/K Matrices <==

    J tasked:                   Yes
    K tasked:                   Yes
    wK tasked:                   No
    OpenMP threads:               4
    Memory [MiB]:              1430
    Algorithm:                 Core
    Schwarz Cutoff:           1E-12
    Mask sparsity (%):       0.0000
    Fitting Condition:        1E-10

   => Auxiliary Basis Set <=

  Basis Set: (CC-PVTZ AUX)
    Blend: CC-PVTZ-JKFIT
    Number of shells: 20
    Number of basis functions: 60
    Number of Cartesian functions: 70
    Spherical Harmonics?: true
    Max angular momentum: 3

  Minimum eigenvalue in the overlap matrix is 8.4136548988E-02.
  Reciprocal condition number of the overlap matrix is 3.0775886788E-02.
    Using symmetric orthogonalization.

  ==> Pre-Iterations <==

  SCF Guess: Superposition of Atomic Densities via on-the-fly atomic UHF (no occupation information).

   -------------------------
    Irrep   Nso     Nmo    
   -------------------------
     A         28      28 
   -------------------------
    Total      28      28
   -------------------------

  ==> Iterations <==

                           Total Energy        Delta E     RMS |[F,P]|

   @DF-UHF iter SAD:    -0.86229010201487   -8.62290e-01   0.00000e+00 
   @DF-UHF iter   1:    -0.51362727449777    3.48663e-01   4.87711e-03 DIIS/ADIIS
   @DF-UHF iter   2:    -0.54125007812444   -2.76228e-02   1.53324e-03 DIIS/ADIIS
   @DF-UHF iter   3:    -0.54412566524675   -2.87559e-03   3.44297e-05 DIIS
   @DF-UHF iter   4:    -0.54412626925731   -6.04011e-07   3.81247e-06 DIIS
   @DF-UHF iter   5:    -0.54412628305636   -1.37991e-08   8.96780e-07 DIIS
   @DF-UHF iter   6:    -0.54412628394926   -8.92901e-10   1.95617e-08 DIIS
   @DF-UHF iter   7:    -0.54412628394946   -1.98841e-13   3.80025e-11 DIIS
  Energy and wave function converged.


  ==> Post-Iterations <==

   @Spin Contamination Metric:   0.000000000E+00
   @S^2 Expected:                7.500000000E-01
   @S^2 Observed:                7.500000000E-01
   @S   Expected:                5.000000000E-01
   @S   Observed:                5.000000000E-01

    Orbital Energies [Eh]
    ---------------------

    Alpha Occupied:                                                       

       1A     -0.793833  

    Alpha Virtual:                                                        

       2A     -0.441645     3A      0.096084     4A      0.113813  
       5A      0.263645     6A      0.347649     7A      0.347649  
       8A      0.465500     9A      0.465500    10A      0.730848  
      11A      2.006588    12A      2.138842    13A      2.924624  
      14A      2.978334    15A      2.978334    16A      3.009581  
      17A      3.009581    18A      3.013725    19A      3.013725  
      20A      3.030275    21A      3.030275    22A      3.074520  
      23A      3.368484    24A      3.368484    25A      3.402222  
      26A      3.462338    27A      3.462338    28A      3.823915  

    Beta Occupied:                                                        

    

    Beta Virtual:                                                         

       1A     -0.355371     2A     -0.265521     3A      0.148184  
       4A      0.159759     5A      0.332117     6A      0.404004  
       7A      0.404004     8A      0.508541     9A      0.508541  
      10A      0.769917    11A      2.065529    12A      2.194781  
      13A      2.954372    14A      3.007651    15A      3.007651  
      16A      3.036140    17A      3.036140    18A      3.039774  
      19A      3.039774    20A      3.058757    21A      3.058757  
      22A      3.108966    23A      3.409562    24A      3.409562  
      25A      3.445334    26A      3.500462    27A      3.500462  
      28A      3.855835  

    Final Occupation by Irrep:
              A 
    DOCC [     0 ]
    SOCC [     1 ]
    NA   [     1 ]
    NB   [     0 ]

  @DF-UHF Final Energy:    -0.54412628394946

   => Energetics <=

    Nuclear Repulsion Energy =              0.2497070727184461
    One-Electron Energy =                  -0.7938333566679100
    Two-Electron Energy =                   0.0000000000000000
    Total Energy =                         -0.5441262839494638

  UHF NO Occupations:
  HONO-0 :    1  A 1.0000000
  LUNO+0 :    2  A 0.0000000
  LUNO+1 :    3  A 0.0000000
  LUNO+2 :    4  A 0.0000000
  LUNO+3 :    5  A 0.0000000


Computation Completed


Properties will be evaluated at   0.000000,   0.000000,   0.000000 [a0]

Properties computed using the SCF density matrix


 Multipole Moments:

 ------------------------------------------------------------------------------------
     Multipole            Electronic (a.u.)      Nuclear  (a.u.)        Total (a.u.)
 ------------------------------------------------------------------------------------

 L = 1.  Multiply by 2.5417464519 to convert [e a0] to [Debye]
 Dipole X            :          0.0000000            0.0000000            0.0000000
 Dipole Y            :         -0.0000000            0.0000000           -0.0000000
 Dipole Z            :          0.0000000            0.0000000            0.0000000
 Magnitude           :                                                    0.0000000

 ------------------------------------------------------------------------------------

*** tstop() called on Angelinas-MacBook-Pro-574.local at Thu Feb 12 13:23:12 2026
Module time:
	user time   =       0.06 seconds =       0.00 minutes
	system time =       0.01 seconds =       0.00 minutes
	total time  =          0 seconds =       0.00 minutes
Total time:
	user time   =      66.21 seconds =       1.10 minutes
	system time =      16.76 seconds =       0.28 minutes
	total time  =      61584 seconds =    1026.40 minutes

Scratch directory: /tmp/
   => Libint2 <=

    Primary   basis highest AM E, G, H:  6, 6, 3
    Auxiliary basis highest AM E, G, H:  7, 7, 4
    Onebody   basis highest AM E, G, H:  -, -, -
    Solid Harmonics ordering:            Gaussian

*** tstart() called on Angelinas-MacBook-Pro-574.local
*** at Thu Feb 12 13:23:12 2026

   => Loading Basis Set <=

    Name: CC-PVTZ
    Role: ORBITAL
    Keyword: BASIS
    atoms 1-2 entry H          line    23 file /opt/anaconda3/envs/psi4/share/psi4/basis/cc-pvtz.gbs 


         ---------------------------------------------------------
                                   SCF
               by Justin Turney, Rob Parrish, Andy Simmonett
                          and Daniel G. A. Smith
                              UHF Reference
                        4 Threads,   1907 MiB Core
         ---------------------------------------------------------

  ==> Geometry <==

    Molecular point group: c1
    Full point group: D_inf_h

    Geometry (in Angstrom), charge = 1, multiplicity = 2:

       Center              X                  Y                   Z               Mass       
    ------------   -----------------  -----------------  -----------------  -----------------
         H            0.000000000000     0.000000000000    -1.078787878788     1.007825032230
         H            0.000000000000     0.000000000000     1.078787878788     1.007825032230

  Running in c1 symmetry.

  Rotational constants: A = ************  B =      7.18636  C =      7.18636 [cm^-1]
  Rotational constants: A = ************  B = 215441.78882  C = 215441.78882 [MHz]
  Nuclear repulsion =    0.245264718428511

  Charge       = 1
  Multiplicity = 2
  Electrons    = 1
  Nalpha       = 1
  Nbeta        = 0

  ==> Algorithm <==

  SCF Algorithm Type is DF.
  DIIS enabled.
  MOM disabled.
  Fractional occupation disabled.
  Guess Type is SAD.
  Energy threshold   = 1.00e-10
  Density threshold  = 1.00e-10
  Integral threshold = 1.00e-12

  ==> Primary Basis <==

  Basis Set: CC-PVTZ
    Blend: CC-PVTZ
    Number of shells: 12
    Number of basis functions: 28
    Number of Cartesian functions: 30
    Spherical Harmonics?: true
    Max angular momentum: 2

   => Loading Basis Set <=

    Name: (CC-PVTZ AUX)
    Role: JKFIT
    Keyword: DF_BASIS_SCF
    atoms 1-2 entry H          line    51 file /opt/anaconda3/envs/psi4/share/psi4/basis/cc-pvtz-jkfit.gbs 

  ==> Integral Setup <==

  DFHelper Memory: AOs need 0.001 GiB; user supplied 1.397 GiB. 
  SCF_SUBTYPE=INCORE selected. In-core MEM_DF algorithm will be used.
  Using in-core AOs.

  ==> MemDFJK: Density-Fitted J/K Matrices <==

    J tasked:                   Yes
    K tasked:                   Yes
    wK tasked:                   No
    OpenMP threads:               4
    Memory [MiB]:              1430
    Algorithm:                 Core
    Schwarz Cutoff:           1E-12
    Mask sparsity (%):       0.0000
    Fitting Condition:        1E-10

   => Auxiliary Basis Set <=

  Basis Set: (CC-PVTZ AUX)
    Blend: CC-PVTZ-JKFIT
    Number of shells: 20
    Number of basis functions: 60
    Number of Cartesian functions: 70
    Spherical Harmonics?: true
    Max angular momentum: 3

  Minimum eigenvalue in the overlap matrix is 8.4607188542E-02.
  Reciprocal condition number of the overlap matrix is 3.1232415364E-02.
    Using symmetric orthogonalization.

  ==> Pre-Iterations <==

  SCF Guess: Superposition of Atomic Densities via on-the-fly atomic UHF (no occupation information).

   -------------------------
    Irrep   Nso     Nmo    
   -------------------------
     A         28      28 
   -------------------------
    Total      28      28
   -------------------------

  ==> Iterations <==

                           Total Energy        Delta E     RMS |[F,P]|

   @DF-UHF iter SAD:    -0.85932423480827   -8.59324e-01   0.00000e+00 
   @DF-UHF iter   1:    -0.51237820525002    3.46946e-01   4.81757e-03 DIIS/ADIIS
   @DF-UHF iter   2:    -0.53932601119600   -2.69478e-02   1.50999e-03 DIIS/ADIIS
   @DF-UHF iter   3:    -0.54212034529449   -2.79433e-03   3.70452e-05 DIIS
   @DF-UHF iter   4:    -0.54212115254292   -8.07248e-07   4.75546e-06 DIIS
   @DF-UHF iter   5:    -0.54212117512226   -2.25793e-08   9.56212e-07 DIIS
   @DF-UHF iter   6:    -0.54212117615841   -1.03615e-09   1.91096e-08 DIIS
   @DF-UHF iter   7:    -0.54212117615859   -1.79523e-13   1.95309e-11 DIIS
  Energy and wave function converged.


  ==> Post-Iterations <==

   @Spin Contamination Metric:   0.000000000E+00
   @S^2 Expected:                7.500000000E-01
   @S^2 Observed:                7.500000000E-01
   @S   Expected:                5.000000000E-01
   @S   Observed:                5.000000000E-01

    Orbital Energies [Eh]
    ---------------------

    Alpha Occupied:                                                       

       1A     -0.787386  

    Alpha Virtual:                                                        

       2A     -0.444669     3A      0.098199     4A      0.114519  
       5A      0.263029     6A      0.352884     7A      0.352884  
       8A      0.462386     9A      0.462386    10A      0.718212  
      11A      2.013610    12A      2.134536    13A      2.935484  
      14A      2.985495    15A      2.985495    16A      3.011246  
      17A      3.011246    18A      3.014470    19A      3.014470  
      20A      3.027172    21A      3.027172    22A      3.063121  
      23A      3.370348    24A      3.370348    25A      3.389596  
      26A      3.458936    27A      3.458936    28A      3.798535  

    Beta Occupied:                                                        

    

    Beta Virtual:                                                         

       1A     -0.352929     2A     -0.266723     3A      0.150419  
       4A      0.160293     5A      0.330833     6A      0.408715  
       7A      0.408715     8A      0.505639     9A      0.505639  
      10A      0.757536    11A      2.072279    12A      2.190589  
      13A      2.965002    14A      3.014562    15A      3.014562  
      16A      3.037731    17A      3.037731    18A      3.040496  
      19A      3.040496    20A      3.055381    21A      3.055381  
      22A      3.096652    23A      3.411275    24A      3.411275  
      25A      3.432582    26A      3.497212    27A      3.497212  
      28A      3.831091  

    Final Occupation by Irrep:
              A 
    DOCC [     0 ]
    SOCC [     1 ]
    NA   [     1 ]
    NB   [     0 ]

  @DF-UHF Final Energy:    -0.54212117615859

   => Energetics <=

    Nuclear Repulsion Energy =              0.2452647184285112
    One-Electron Energy =                  -0.7873858945870975
    Two-Electron Energy =                   0.0000000000000000
    Total Energy =                         -0.5421211761585862

  UHF NO Occupations:
  HONO-0 :    1  A 1.0000000
  LUNO+0 :    2  A 0.0000000
  LUNO+1 :    3  A 0.0000000
  LUNO+2 :    4  A 0.0000000
  LUNO+3 :    5  A 0.0000000


Computation Completed


Properties will be evaluated at   0.000000,   0.000000,   0.000000 [a0]

Properties computed using the SCF density matrix


 Multipole Moments:

 ------------------------------------------------------------------------------------
     Multipole            Electronic (a.u.)      Nuclear  (a.u.)        Total (a.u.)
 ------------------------------------------------------------------------------------

 L = 1.  Multiply by 2.5417464519 to convert [e a0] to [Debye]
 Dipole X            :          0.0000000            0.0000000            0.0000000
 Dipole Y            :          0.0000000            0.0000000            0.0000000
 Dipole Z            :          0.0000000            0.0000000            0.0000000
 Magnitude           :                                                    0.0000000

 ------------------------------------------------------------------------------------

*** tstop() called on Angelinas-MacBook-Pro-574.local at Thu Feb 12 13:23:12 2026
Module time:
	user time   =       0.06 seconds =       0.00 minutes
	system time =       0.00 seconds =       0.00 minutes
	total time  =          0 seconds =       0.00 minutes
Total time:
	user time   =      66.28 seconds =       1.10 minutes
	system time =      16.76 seconds =       0.28 minutes
	total time  =      61584 seconds =    1026.40 minutes

Scratch directory: /tmp/
   => Libint2 <=

    Primary   basis highest AM E, G, H:  6, 6, 3
    Auxiliary basis highest AM E, G, H:  7, 7, 4
    Onebody   basis highest AM E, G, H:  -, -, -
    Solid Harmonics ordering:            Gaussian

*** tstart() called on Angelinas-MacBook-Pro-574.local
*** at Thu Feb 12 13:23:12 2026

   => Loading Basis Set <=

    Name: CC-PVTZ
    Role: ORBITAL
    Keyword: BASIS
    atoms 1-2 entry H          line    23 file /opt/anaconda3/envs/psi4/share/psi4/basis/cc-pvtz.gbs 


         ---------------------------------------------------------
                                   SCF
               by Justin Turney, Rob Parrish, Andy Simmonett
                          and Daniel G. A. Smith
                              UHF Reference
                        4 Threads,   1907 MiB Core
         ---------------------------------------------------------

  ==> Geometry <==

    Molecular point group: c1
    Full point group: D_inf_h

    Geometry (in Angstrom), charge = 1, multiplicity = 2:

       Center              X                  Y                   Z               Mass       
    ------------   -----------------  -----------------  -----------------  -----------------
         H            0.000000000000     0.000000000000    -1.097979797980     1.007825032230
         H            0.000000000000     0.000000000000     1.097979797980     1.007825032230

  Running in c1 symmetry.

  Rotational constants: A = ************  B =      6.93733  C =      6.93733 [cm^-1]
  Rotational constants: A = ************  B = 207976.06820  C = 207976.06820 [MHz]
  Nuclear repulsion =    0.240977662632613

  Charge       = 1
  Multiplicity = 2
  Electrons    = 1
  Nalpha       = 1
  Nbeta        = 0

  ==> Algorithm <==

  SCF Algorithm Type is DF.
  DIIS enabled.
  MOM disabled.
  Fractional occupation disabled.
  Guess Type is SAD.
  Energy threshold   = 1.00e-10
  Density threshold  = 1.00e-10
  Integral threshold = 1.00e-12

  ==> Primary Basis <==

  Basis Set: CC-PVTZ
    Blend: CC-PVTZ
    Number of shells: 12
    Number of basis functions: 28
    Number of Cartesian functions: 30
    Spherical Harmonics?: true
    Max angular momentum: 2

   => Loading Basis Set <=

    Name: (CC-PVTZ AUX)
    Role: JKFIT
    Keyword: DF_BASIS_SCF
    atoms 1-2 entry H          line    51 file /opt/anaconda3/envs/psi4/share/psi4/basis/cc-pvtz-jkfit.gbs 

  ==> Integral Setup <==

  DFHelper Memory: AOs need 0.001 GiB; user supplied 1.397 GiB. 
  SCF_SUBTYPE=INCORE selected. In-core MEM_DF algorithm will be used.
  Using in-core AOs.

  ==> MemDFJK: Density-Fitted J/K Matrices <==

    J tasked:                   Yes
    K tasked:                   Yes
    wK tasked:                   No
    OpenMP threads:               4
    Memory [MiB]:              1430
    Algorithm:                 Core
    Schwarz Cutoff:           1E-12
    Mask sparsity (%):       0.0000
    Fitting Condition:        1E-10

   => Auxiliary Basis Set <=

  Basis Set: (CC-PVTZ AUX)
    Blend: CC-PVTZ-JKFIT
    Number of shells: 20
    Number of basis functions: 60
    Number of Cartesian functions: 70
    Spherical Harmonics?: true
    Max angular momentum: 3

  Minimum eigenvalue in the overlap matrix is 8.5061465880E-02.
  Reciprocal condition number of the overlap matrix is 3.1677030706E-02.
    Using symmetric orthogonalization.

  ==> Pre-Iterations <==

  SCF Guess: Superposition of Atomic Densities via on-the-fly atomic UHF (no occupation information).

   -------------------------
    Irrep   Nso     Nmo    
   -------------------------
     A         28      28 
   -------------------------
    Total      28      28
   -------------------------

  ==> Iterations <==

                           Total Energy        Delta E     RMS |[F,P]|

   @DF-UHF iter SAD:    -0.85658686921709   -8.56587e-01   0.00000e+00 
   @DF-UHF iter   1:    -0.51115861419292    3.45428e-01   4.76024e-03 DIIS/ADIIS
   @DF-UHF iter   2:    -0.53745814353960   -2.62995e-02   1.48757e-03 DIIS/ADIIS
   @DF-UHF iter   3:    -0.54017530691399   -2.71716e-03   4.00964e-05 DIIS
   @DF-UHF iter   4:    -0.54017637404958   -1.06714e-06   5.67460e-06 DIIS
   @DF-UHF iter   5:    -0.54017640734842   -3.32988e-08   9.65666e-07 DIIS
   @DF-UHF iter   6:    -0.54017640842433   -1.07590e-09   1.85796e-08 DIIS
   @DF-UHF iter   7:    -0.54017640842449   -1.63092e-13   7.33626e-12 DIIS
  Energy and wave function converged.


  ==> Post-Iterations <==

   @Spin Contamination Metric:   0.000000000E+00
   @S^2 Expected:                7.500000000E-01
   @S^2 Observed:                7.500000000E-01
   @S   Expected:                5.000000000E-01
   @S   Observed:                5.000000000E-01

    Orbital Energies [Eh]
    ---------------------

    Alpha Occupied:                                                       

       1A     -0.781154  

    Alpha Virtual:                                                        

       2A     -0.447561     3A      0.099844     4A      0.115274  
       5A      0.263646     6A      0.357951     7A      0.357951  
       8A      0.459476     9A      0.459476    10A      0.705691  
      11A      2.020963    12A      2.130283    13A      2.945581  
      14A      2.991641    15A      2.991641    16A      3.012792  
      17A      3.012792    18A      3.015296    19A      3.015296  
      20A      3.024857    21A      3.024857    22A      3.053733  
      23A      3.372529    24A      3.372529    25A      3.378138  
      26A      3.455807    27A      3.455807    28A      3.774612  

    Beta Occupied:                                                        

    

    Beta Virtual:                                                         

       1A     -0.350548     2A     -0.267824     3A      0.152302  
       4A      0.160898     5A      0.330675     6A      0.413295  
       7A      0.413295     8A      0.502931     9A      0.502931  
      10A      0.745267    11A      2.079381    12A      2.186454  
      13A      2.974899    14A      3.020480    15A      3.020480  
      16A      3.039213    17A      3.039213    18A      3.041304  
      19A      3.041304    20A      3.052827    21A      3.052827  
      22A      3.086427    23A      3.413324    24A      3.413324  
      25A      3.421004    26A      3.494223    27A      3.494223  
      28A      3.807764  

    Final Occupation by Irrep:
              A 
    DOCC [     0 ]
    SOCC [     1 ]
    NA   [     1 ]
    NB   [     0 ]

  @DF-UHF Final Energy:    -0.54017640842449

   => Energetics <=

    Nuclear Repulsion Energy =              0.2409776626326127
    One-Electron Energy =                  -0.7811540710571021
    Two-Electron Energy =                   0.0000000000000000
    Total Energy =                         -0.5401764084244894

  UHF NO Occupations:
  HONO-0 :    1  A 1.0000000
  LUNO+0 :    2  A 0.0000000
  LUNO+1 :    3  A 0.0000000
  LUNO+2 :    4  A 0.0000000
  LUNO+3 :    5  A 0.0000000


Computation Completed


Properties will be evaluated at   0.000000,   0.000000,   0.000000 [a0]

Properties computed using the SCF density matrix


 Multipole Moments:

 ------------------------------------------------------------------------------------
     Multipole            Electronic (a.u.)      Nuclear  (a.u.)        Total (a.u.)
 ------------------------------------------------------------------------------------

 L = 1.  Multiply by 2.5417464519 to convert [e a0] to [Debye]
 Dipole X            :         -0.0000000            0.0000000           -0.0000000
 Dipole Y            :         -0.0000000            0.0000000           -0.0000000
 Dipole Z            :         -0.0000000            0.0000000           -0.0000000
 Magnitude           :                                                    0.0000000

 ------------------------------------------------------------------------------------

*** tstop() called on Angelinas-MacBook-Pro-574.local at Thu Feb 12 13:23:13 2026
Module time:
	user time   =       0.05 seconds =       0.00 minutes
	system time =       0.01 seconds =       0.00 minutes
	total time  =          1 seconds =       0.02 minutes
Total time:
	user time   =      66.34 seconds =       1.11 minutes
	system time =      16.77 seconds =       0.28 minutes
	total time  =      61585 seconds =    1026.42 minutes

Scratch directory: /tmp/
   => Libint2 <=

    Primary   basis highest AM E, G, H:  6, 6, 3
    Auxiliary basis highest AM E, G, H:  7, 7, 4
    Onebody   basis highest AM E, G, H:  -, -, -
    Solid Harmonics ordering:            Gaussian

*** tstart() called on Angelinas-MacBook-Pro-574.local
*** at Thu Feb 12 13:23:13 2026

   => Loading Basis Set <=

    Name: CC-PVTZ
    Role: ORBITAL
    Keyword: BASIS
    atoms 1-2 entry H          line    23 file /opt/anaconda3/envs/psi4/share/psi4/basis/cc-pvtz.gbs 


         ---------------------------------------------------------
                                   SCF
               by Justin Turney, Rob Parrish, Andy Simmonett
                          and Daniel G. A. Smith
                              UHF Reference
                        4 Threads,   1907 MiB Core
         ---------------------------------------------------------

  ==> Geometry <==

    Molecular point group: c1
    Full point group: D_inf_h

    Geometry (in Angstrom), charge = 1, multiplicity = 2:

       Center              X                  Y                   Z               Mass       
    ------------   -----------------  -----------------  -----------------  -----------------
         H            0.000000000000     0.000000000000    -1.117171717172     1.007825032230
         H            0.000000000000     0.000000000000     1.117171717172     1.007825032230

  Running in c1 symmetry.

  Rotational constants: A = ************  B =      6.70103  C =      6.70103 [cm^-1]
  Rotational constants: A = ************  B = 200891.79433  C = 200891.79433 [MHz]
  Nuclear repulsion =    0.236837901701311

  Charge       = 1
  Multiplicity = 2
  Electrons    = 1
  Nalpha       = 1
  Nbeta        = 0

  ==> Algorithm <==

  SCF Algorithm Type is DF.
  DIIS enabled.
  MOM disabled.
  Fractional occupation disabled.
  Guess Type is SAD.
  Energy threshold   = 1.00e-10
  Density threshold  = 1.00e-10
  Integral threshold = 1.00e-12

  ==> Primary Basis <==

  Basis Set: CC-PVTZ
    Blend: CC-PVTZ
    Number of shells: 12
    Number of basis functions: 28
    Number of Cartesian functions: 30
    Spherical Harmonics?: true
    Max angular momentum: 2

   => Loading Basis Set <=

    Name: (CC-PVTZ AUX)
    Role: JKFIT
    Keyword: DF_BASIS_SCF
    atoms 1-2 entry H          line    51 file /opt/anaconda3/envs/psi4/share/psi4/basis/cc-pvtz-jkfit.gbs 

  ==> Integral Setup <==

  DFHelper Memory: AOs need 0.001 GiB; user supplied 1.397 GiB. 
  SCF_SUBTYPE=INCORE selected. In-core MEM_DF algorithm will be used.
  Using in-core AOs.

  ==> MemDFJK: Density-Fitted J/K Matrices <==

    J tasked:                   Yes
    K tasked:                   Yes
    wK tasked:                   No
    OpenMP threads:               4
    Memory [MiB]:              1430
    Algorithm:                 Core
    Schwarz Cutoff:           1E-12
    Mask sparsity (%):       0.0000
    Fitting Condition:        1E-10

   => Auxiliary Basis Set <=

  Basis Set: (CC-PVTZ AUX)
    Blend: CC-PVTZ-JKFIT
    Number of shells: 20
    Number of basis functions: 60
    Number of Cartesian functions: 70
    Spherical Harmonics?: true
    Max angular momentum: 3

  Minimum eigenvalue in the overlap matrix is 8.5500901526E-02.
  Reciprocal condition number of the overlap matrix is 3.2109971376E-02.
    Using symmetric orthogonalization.

  ==> Pre-Iterations <==

  SCF Guess: Superposition of Atomic Densities via on-the-fly atomic UHF (no occupation information).

   -------------------------
    Irrep   Nso     Nmo    
   -------------------------
     A         28      28 
   -------------------------
    Total      28      28
   -------------------------

  ==> Iterations <==

                           Total Energy        Delta E     RMS |[F,P]|

   @DF-UHF iter SAD:    -0.85406537939129   -8.54065e-01   0.00000e+00 
   @DF-UHF iter   1:    -0.50996907901230    3.44096e-01   4.70499e-03 DIIS/ADIIS
   @DF-UHF iter   2:    -0.53564741066449   -2.56783e-02   1.46605e-03 DIIS/ADIIS
   @DF-UHF iter   3:    -0.53829182867049   -2.64442e-03   4.34501e-05 DIIS
   @DF-UHF iter   4:    -0.53829321211538   -1.38344e-06   6.55307e-06 DIIS
   @DF-UHF iter   5:    -0.53829325765855   -4.55432e-08   9.45148e-07 DIIS
   @DF-UHF iter   6:    -0.53829325870595   -1.04739e-09   1.79678e-08 DIIS
   @DF-UHF iter   7:    -0.53829325870609   -1.47993e-13   7.30204e-12 DIIS
  Energy and wave function converged.


  ==> Post-Iterations <==

   @Spin Contamination Metric:   0.000000000E+00
   @S^2 Expected:                7.500000000E-01
   @S^2 Observed:                7.500000000E-01
   @S   Expected:                5.000000000E-01
   @S   Observed:                5.000000000E-01

    Orbital Energies [Eh]
    ---------------------

    Alpha Occupied:                                                       

       1A     -0.775131  

    Alpha Virtual:                                                        

       2A     -0.450327     3A      0.100996     4A      0.116075  
       5A      0.265476     6A      0.362842     7A      0.362842  
       8A      0.456770     9A      0.456770    10A      0.693309  
      11A      2.028510    12A      2.126135    13A      2.954977  
      14A      2.996902    15A      2.996902    16A      3.014241  
      17A      3.014241    18A      3.016185    19A      3.016185  
      20A      3.023209    21A      3.023209    22A      3.046161  
      23A      3.367928    24A      3.374981    25A      3.374981  
      26A      3.452936    27A      3.452936    28A      3.752039  

    Beta Occupied:                                                        

    

    Beta Virtual:                                                         

       1A     -0.348223     2A     -0.268828     3A      0.153795  
       4A      0.161571     5A      0.331642     6A      0.417734  
       7A      0.417734     8A      0.500418     9A      0.500418  
      10A      0.733130    11A      2.086698    12A      2.182424  
      13A      2.984112    14A      3.025533    15A      3.025533  
      16A      3.040610    17A      3.040610    18A      3.042181  
      19A      3.042181    20A      3.050970    21A      3.050970  
      22A      3.078096    23A      3.410684    24A      3.415658  
      25A      3.415658    26A      3.491481    27A      3.491481  
      28A      3.785749  

    Final Occupation by Irrep:
              A 
    DOCC [     0 ]
    SOCC [     1 ]
    NA   [     1 ]
    NB   [     0 ]

  @DF-UHF Final Energy:    -0.53829325870609

   => Energetics <=

    Nuclear Repulsion Energy =              0.2368379017013110
    One-Electron Energy =                  -0.7751311604074047
    Two-Electron Energy =                  -0.0000000000000001
    Total Energy =                         -0.5382932587060938

  UHF NO Occupations:
  HONO-0 :    1  A 1.0000000
  LUNO+0 :    2  A 0.0000000
  LUNO+1 :    3  A 0.0000000
  LUNO+2 :    4  A 0.0000000
  LUNO+3 :    5  A 0.0000000


Computation Completed


Properties will be evaluated at   0.000000,   0.000000,   0.000000 [a0]

Properties computed using the SCF density matrix


 Multipole Moments:

 ------------------------------------------------------------------------------------
     Multipole            Electronic (a.u.)      Nuclear  (a.u.)        Total (a.u.)
 ------------------------------------------------------------------------------------

 L = 1.  Multiply by 2.5417464519 to convert [e a0] to [Debye]
 Dipole X            :          0.0000000            0.0000000            0.0000000
 Dipole Y            :         -0.0000000            0.0000000           -0.0000000
 Dipole Z            :          0.0000000            0.0000000            0.0000000
 Magnitude           :                                                    0.0000000

 ------------------------------------------------------------------------------------

*** tstop() called on Angelinas-MacBook-Pro-574.local at Thu Feb 12 13:23:13 2026
Module time:
	user time   =       0.05 seconds =       0.00 minutes
	system time =       0.00 seconds =       0.00 minutes
	total time  =          0 seconds =       0.00 minutes
Total time:
	user time   =      66.41 seconds =       1.11 minutes
	system time =      16.77 seconds =       0.28 minutes
	total time  =      61585 seconds =    1026.42 minutes

Scratch directory: /tmp/
   => Libint2 <=

    Primary   basis highest AM E, G, H:  6, 6, 3
    Auxiliary basis highest AM E, G, H:  7, 7, 4
    Onebody   basis highest AM E, G, H:  -, -, -
    Solid Harmonics ordering:            Gaussian

*** tstart() called on Angelinas-MacBook-Pro-574.local
*** at Thu Feb 12 13:23:13 2026

   => Loading Basis Set <=

    Name: CC-PVTZ
    Role: ORBITAL
    Keyword: BASIS
    atoms 1-2 entry H          line    23 file /opt/anaconda3/envs/psi4/share/psi4/basis/cc-pvtz.gbs 


         ---------------------------------------------------------
                                   SCF
               by Justin Turney, Rob Parrish, Andy Simmonett
                          and Daniel G. A. Smith
                              UHF Reference
                        4 Threads,   1907 MiB Core
         ---------------------------------------------------------

  ==> Geometry <==

    Molecular point group: c1
    Full point group: D_inf_h

    Geometry (in Angstrom), charge = 1, multiplicity = 2:

       Center              X                  Y                   Z               Mass       
    ------------   -----------------  -----------------  -----------------  -----------------
         H            0.000000000000     0.000000000000    -1.136363636364     1.007825032230
         H            0.000000000000     0.000000000000     1.136363636364     1.007825032230

  Running in c1 symmetry.

  Rotational constants: A = ************  B =      6.47659  C =      6.47659 [cm^-1]
  Rotational constants: A = ************  B = 194163.41723  C = 194163.41723 [MHz]
  Nuclear repulsion =    0.232837972694800

  Charge       = 1
  Multiplicity = 2
  Electrons    = 1
  Nalpha       = 1
  Nbeta        = 0

  ==> Algorithm <==

  SCF Algorithm Type is DF.
  DIIS enabled.
  MOM disabled.
  Fractional occupation disabled.
  Guess Type is SAD.
  Energy threshold   = 1.00e-10
  Density threshold  = 1.00e-10
  Integral threshold = 1.00e-12

  ==> Primary Basis <==

  Basis Set: CC-PVTZ
    Blend: CC-PVTZ
    Number of shells: 12
    Number of basis functions: 28
    Number of Cartesian functions: 30
    Spherical Harmonics?: true
    Max angular momentum: 2

   => Loading Basis Set <=

    Name: (CC-PVTZ AUX)
    Role: JKFIT
    Keyword: DF_BASIS_SCF
    atoms 1-2 entry H          line    51 file /opt/anaconda3/envs/psi4/share/psi4/basis/cc-pvtz-jkfit.gbs 

  ==> Integral Setup <==

  DFHelper Memory: AOs need 0.001 GiB; user supplied 1.397 GiB. 
  SCF_SUBTYPE=INCORE selected. In-core MEM_DF algorithm will be used.
  Using in-core AOs.

  ==> MemDFJK: Density-Fitted J/K Matrices <==

    J tasked:                   Yes
    K tasked:                   Yes
    wK tasked:                   No
    OpenMP threads:               4
    Memory [MiB]:              1430
    Algorithm:                 Core
    Schwarz Cutoff:           1E-12
    Mask sparsity (%):       0.0000
    Fitting Condition:        1E-10

   => Auxiliary Basis Set <=

  Basis Set: (CC-PVTZ AUX)
    Blend: CC-PVTZ-JKFIT
    Number of shells: 20
    Number of basis functions: 60
    Number of Cartesian functions: 70
    Spherical Harmonics?: true
    Max angular momentum: 3

  Minimum eigenvalue in the overlap matrix is 8.5926811001E-02.
  Reciprocal condition number of the overlap matrix is 3.2531471980E-02.
    Using symmetric orthogonalization.

  ==> Pre-Iterations <==

  SCF Guess: Superposition of Atomic Densities via on-the-fly atomic UHF (no occupation information).

   -------------------------
    Irrep   Nso     Nmo    
   -------------------------
     A         28      28 
   -------------------------
    Total      28      28
   -------------------------

  ==> Iterations <==

                           Total Energy        Delta E     RMS |[F,P]|

   @DF-UHF iter SAD:    -0.85174748306260   -8.51747e-01   0.00000e+00 
   @DF-UHF iter   1:    -0.50880983957279    3.42938e-01   4.65173e-03 DIIS/ADIIS
   @DF-UHF iter   2:    -0.53389453243561   -2.50847e-02   1.44546e-03 DIIS/ADIIS
   @DF-UHF iter   3:    -0.53647091930596   -2.57639e-03   4.69859e-05 DIIS
   @DF-UHF iter   4:    -0.53647267298509   -1.75368e-06   7.37945e-06 DIIS
   @DF-UHF iter   5:    -0.53647273182588   -5.88408e-08   9.08963e-07 DIIS
   @DF-UHF iter   6:    -0.53647273280880   -9.82917e-10   1.72764e-08 DIIS
   @DF-UHF iter   7:    -0.53647273280893   -1.35225e-13   1.22882e-11 DIIS
  Energy and wave function converged.


  ==> Post-Iterations <==

   @Spin Contamination Metric:   0.000000000E+00
   @S^2 Expected:                7.500000000E-01
   @S^2 Observed:                7.500000000E-01
   @S   Expected:                5.000000000E-01
   @S   Observed:                5.000000000E-01

    Orbital Energies [Eh]
    ---------------------

    Alpha Occupied:                                                       

       1A     -0.769311  

    Alpha Virtual:                                                        

       2A     -0.452968     3A      0.101658     4A      0.116922  
       5A      0.268462     6A      0.367548     7A      0.367548  
       8A      0.454266     9A      0.454266    10A      0.681088  
      11A      2.036116    12A      2.122143    13A      2.963717  
      14A      3.001403    15A      3.001403    16A      3.015613  
      17A      3.015613    18A      3.017125    19A      3.017125  
      20A      3.022116    21A      3.022116    22A      3.040199  
      23A      3.359042    24A      3.377650    25A      3.377650  
      26A      3.450311    27A      3.450311    28A      3.730724  

    Beta Occupied:                                                        

    

    Beta Virtual:                                                         

       1A     -0.345949     2A     -0.269739     3A      0.154883  
       4A      0.162308     5A      0.333703     6A      0.422023  
       7A      0.422023     8A      0.498099     9A      0.498099  
      10A      0.721147    11A      2.094099    12A      2.178550  
      13A      2.992684    14A      3.029846    15A      3.029846  
      16A      3.041941    17A      3.041941    18A      3.043114  
      19A      3.043114    20A      3.049696    21A      3.049696  
      22A      3.071450    23A      3.401700    24A      3.418226  
      25A      3.418226    26A      3.488976    27A      3.488976  
      28A      3.764954  

    Final Occupation by Irrep:
              A 
    DOCC [     0 ]
    SOCC [     1 ]
    NA   [     1 ]
    NB   [     0 ]

  @DF-UHF Final Energy:    -0.53647273280893

   => Energetics <=

    Nuclear Repulsion Energy =              0.2328379726948000
    One-Electron Energy =                  -0.7693107055037345
    Two-Electron Energy =                   0.0000000000000000
    Total Energy =                         -0.5364727328089345

  UHF NO Occupations:
  HONO-0 :    1  A 1.0000000
  LUNO+0 :    2  A 0.0000000
  LUNO+1 :    3  A 0.0000000
  LUNO+2 :    4  A 0.0000000
  LUNO+3 :    5  A 0.0000000


Computation Completed


Properties will be evaluated at   0.000000,   0.000000,   0.000000 [a0]

Properties computed using the SCF density matrix


 Multipole Moments:

 ------------------------------------------------------------------------------------
     Multipole            Electronic (a.u.)      Nuclear  (a.u.)        Total (a.u.)
 ------------------------------------------------------------------------------------

 L = 1.  Multiply by 2.5417464519 to convert [e a0] to [Debye]
 Dipole X            :         -0.0000000            0.0000000           -0.0000000
 Dipole Y            :          0.0000000            0.0000000            0.0000000
 Dipole Z            :          0.0000000            0.0000000            0.0000000
 Magnitude           :                                                    0.0000000

 ------------------------------------------------------------------------------------

*** tstop() called on Angelinas-MacBook-Pro-574.local at Thu Feb 12 13:23:13 2026
Module time:
	user time   =       0.06 seconds =       0.00 minutes
	system time =       0.01 seconds =       0.00 minutes
	total time  =          0 seconds =       0.00 minutes
Total time:
	user time   =      66.48 seconds =       1.11 minutes
	system time =      16.78 seconds =       0.28 minutes
	total time  =      61585 seconds =    1026.42 minutes

Scratch directory: /tmp/
   => Libint2 <=

    Primary   basis highest AM E, G, H:  6, 6, 3
    Auxiliary basis highest AM E, G, H:  7, 7, 4
    Onebody   basis highest AM E, G, H:  -, -, -
    Solid Harmonics ordering:            Gaussian

*** tstart() called on Angelinas-MacBook-Pro-574.local
*** at Thu Feb 12 13:23:13 2026

   => Loading Basis Set <=

    Name: CC-PVTZ
    Role: ORBITAL
    Keyword: BASIS
    atoms 1-2 entry H          line    23 file /opt/anaconda3/envs/psi4/share/psi4/basis/cc-pvtz.gbs 


         ---------------------------------------------------------
                                   SCF
               by Justin Turney, Rob Parrish, Andy Simmonett
                          and Daniel G. A. Smith
                              UHF Reference
                        4 Threads,   1907 MiB Core
         ---------------------------------------------------------

  ==> Geometry <==

    Molecular point group: c1
    Full point group: D_inf_h

    Geometry (in Angstrom), charge = 1, multiplicity = 2:

       Center              X                  Y                   Z               Mass       
    ------------   -----------------  -----------------  -----------------  -----------------
         H            0.000000000000     0.000000000000    -1.155555555556     1.007825032230
         H            0.000000000000     0.000000000000     1.155555555556     1.007825032230

  Running in c1 symmetry.

  Rotational constants: A = ************  B =      6.26325  C =      6.26325 [cm^-1]
  Rotational constants: A = ************  B = 187767.49087  C = 187767.49087 [MHz]
  Nuclear repulsion =    0.228970908462981

  Charge       = 1
  Multiplicity = 2
  Electrons    = 1
  Nalpha       = 1
  Nbeta        = 0

  ==> Algorithm <==

  SCF Algorithm Type is DF.
  DIIS enabled.
  MOM disabled.
  Fractional occupation disabled.
  Guess Type is SAD.
  Energy threshold   = 1.00e-10
  Density threshold  = 1.00e-10
  Integral threshold = 1.00e-12

  ==> Primary Basis <==

  Basis Set: CC-PVTZ
    Blend: CC-PVTZ
    Number of shells: 12
    Number of basis functions: 28
    Number of Cartesian functions: 30
    Spherical Harmonics?: true
    Max angular momentum: 2

   => Loading Basis Set <=

    Name: (CC-PVTZ AUX)
    Role: JKFIT
    Keyword: DF_BASIS_SCF
    atoms 1-2 entry H          line    51 file /opt/anaconda3/envs/psi4/share/psi4/basis/cc-pvtz-jkfit.gbs 

  ==> Integral Setup <==

  DFHelper Memory: AOs need 0.001 GiB; user supplied 1.397 GiB. 
  SCF_SUBTYPE=INCORE selected. In-core MEM_DF algorithm will be used.
  Using in-core AOs.

  ==> MemDFJK: Density-Fitted J/K Matrices <==

    J tasked:                   Yes
    K tasked:                   Yes
    wK tasked:                   No
    OpenMP threads:               4
    Memory [MiB]:              1430
    Algorithm:                 Core
    Schwarz Cutoff:           1E-12
    Mask sparsity (%):       0.0000
    Fitting Condition:        1E-10

   => Auxiliary Basis Set <=

  Basis Set: (CC-PVTZ AUX)
    Blend: CC-PVTZ-JKFIT
    Number of shells: 20
    Number of basis functions: 60
    Number of Cartesian functions: 70
    Spherical Harmonics?: true
    Max angular momentum: 3

  Minimum eigenvalue in the overlap matrix is 8.6340348897E-02.
  Reciprocal condition number of the overlap matrix is 3.2941769300E-02.
    Using symmetric orthogonalization.

  ==> Pre-Iterations <==

  SCF Guess: Superposition of Atomic Densities via on-the-fly atomic UHF (no occupation information).

   -------------------------
    Irrep   Nso     Nmo    
   -------------------------
     A         28      28 
   -------------------------
    Total      28      28
   -------------------------

  ==> Iterations <==

                           Total Energy        Delta E     RMS |[F,P]|

   @DF-UHF iter SAD:    -0.84962127200129   -8.49621e-01   0.00000e+00 
   @DF-UHF iter   1:    -0.50768085541516    3.41940e-01   4.60039e-03 DIIS/ADIIS
   @DF-UHF iter   2:    -0.53220000799981   -2.45192e-02   1.42584e-03 DIIS/ADIIS
   @DF-UHF iter   3:    -0.53471329955939   -2.51329e-03   5.05998e-05 DIIS
   @DF-UHF iter   4:    -0.53471547260456   -2.17305e-06   8.14569e-06 DIIS
   @DF-UHF iter   5:    -0.53471554530882   -7.27043e-08   8.65981e-07 DIIS
   @DF-UHF iter   6:    -0.53471554621282   -9.03993e-10   1.65101e-08 DIIS
   @DF-UHF iter   7:    -0.53471554621293   -1.19460e-13   1.56391e-11 DIIS
  Energy and wave function converged.


  ==> Post-Iterations <==

   @Spin Contamination Metric:   0.000000000E+00
   @S^2 Expected:                7.500000000E-01
   @S^2 Observed:                7.500000000E-01
   @S   Expected:                5.000000000E-01
   @S   Observed:                5.000000000E-01

    Orbital Energies [Eh]
    ---------------------

    Alpha Occupied:                                                       

       1A     -0.763686  

    Alpha Virtual:                                                        

       2A     -0.455487     3A      0.101858     4A      0.117811  
       5A      0.272511     6A      0.372067     7A      0.372067  
       8A      0.451962     9A      0.451962    10A      0.669050  
      11A      2.043658    12A      2.118356    13A      2.971836  
      14A      3.005259    15A      3.005259    16A      3.016925  
      17A      3.016925    18A      3.018103    19A      3.018103  
      20A      3.021485    21A      3.021485    22A      3.035638  
      23A      3.351541    24A      3.380486    25A      3.380486  
      26A      3.447920    27A      3.447920    28A      3.710585  

    Beta Occupied:                                                        

    

    Beta Virtual:                                                         

       1A     -0.343722     2A     -0.270561     3A      0.155567  
       4A      0.163108     5A      0.336795     6A      0.426156  
       7A      0.426156     8A      0.495971     9A      0.495971  
      10A      0.709343    11A      2.101459    12A      2.174880  
      13A      3.000642    14A      3.033532    15A      3.033532  
      16A      3.043219    17A      3.043219    18A      3.044090  
      19A      3.044090    20A      3.048909    21A      3.048909  
      22A      3.066279    23A      3.394113    24A      3.420975  
      25A      3.420975    26A      3.486700    27A      3.486700  
      28A      3.745300  

    Final Occupation by Irrep:
              A 
    DOCC [     0 ]
    SOCC [     1 ]
    NA   [     1 ]
    NB   [     0 ]

  @DF-UHF Final Energy:    -0.53471554621293

   => Energetics <=

    Nuclear Repulsion Energy =              0.2289709084629807
    One-Electron Energy =                  -0.7636864546759157
    Two-Electron Energy =                  -0.0000000000000001
    Total Energy =                         -0.5347155462129349

  UHF NO Occupations:
  HONO-0 :    1  A 1.0000000
  LUNO+0 :    2  A 0.0000000
  LUNO+1 :    3  A 0.0000000
  LUNO+2 :    4  A 0.0000000
  LUNO+3 :    5  A 0.0000000


Computation Completed


Properties will be evaluated at   0.000000,   0.000000,   0.000000 [a0]

Properties computed using the SCF density matrix


 Multipole Moments:

 ------------------------------------------------------------------------------------
     Multipole            Electronic (a.u.)      Nuclear  (a.u.)        Total (a.u.)
 ------------------------------------------------------------------------------------

 L = 1.  Multiply by 2.5417464519 to convert [e a0] to [Debye]
 Dipole X            :          0.0000000            0.0000000            0.0000000
 Dipole Y            :         -0.0000000            0.0000000           -0.0000000
 Dipole Z            :         -0.0000000            0.0000000           -0.0000000
 Magnitude           :                                                    0.0000000

 ------------------------------------------------------------------------------------

*** tstop() called on Angelinas-MacBook-Pro-574.local at Thu Feb 12 13:23:13 2026
Module time:
	user time   =       0.06 seconds =       0.00 minutes
	system time =       0.01 seconds =       0.00 minutes
	total time  =          0 seconds =       0.00 minutes
Total time:
	user time   =      66.55 seconds =       1.11 minutes
	system time =      16.79 seconds =       0.28 minutes
	total time  =      61585 seconds =    1026.42 minutes

Scratch directory: /tmp/
   => Libint2 <=

    Primary   basis highest AM E, G, H:  6, 6, 3
    Auxiliary basis highest AM E, G, H:  7, 7, 4
    Onebody   basis highest AM E, G, H:  -, -, -
    Solid Harmonics ordering:            Gaussian

*** tstart() called on Angelinas-MacBook-Pro-574.local
*** at Thu Feb 12 13:23:13 2026

   => Loading Basis Set <=

    Name: CC-PVTZ
    Role: ORBITAL
    Keyword: BASIS
    atoms 1-2 entry H          line    23 file /opt/anaconda3/envs/psi4/share/psi4/basis/cc-pvtz.gbs 


         ---------------------------------------------------------
                                   SCF
               by Justin Turney, Rob Parrish, Andy Simmonett
                          and Daniel G. A. Smith
                              UHF Reference
                        4 Threads,   1907 MiB Core
         ---------------------------------------------------------

  ==> Geometry <==

    Molecular point group: c1
    Full point group: D_inf_h

    Geometry (in Angstrom), charge = 1, multiplicity = 2:

       Center              X                  Y                   Z               Mass       
    ------------   -----------------  -----------------  -----------------  -----------------
         H            0.000000000000     0.000000000000    -1.174747474747     1.007825032230
         H            0.000000000000     0.000000000000     1.174747474747     1.007825032230

  Running in c1 symmetry.

  Rotational constants: A = ************  B =      6.06027  C =      6.06027 [cm^-1]
  Rotational constants: A = ************  B = 181682.46864  C = 181682.46864 [MHz]
  Nuclear repulsion =    0.225230197146733

  Charge       = 1
  Multiplicity = 2
  Electrons    = 1
  Nalpha       = 1
  Nbeta        = 0

  ==> Algorithm <==

  SCF Algorithm Type is DF.
  DIIS enabled.
  MOM disabled.
  Fractional occupation disabled.
  Guess Type is SAD.
  Energy threshold   = 1.00e-10
  Density threshold  = 1.00e-10
  Integral threshold = 1.00e-12

  ==> Primary Basis <==

  Basis Set: CC-PVTZ
    Blend: CC-PVTZ
    Number of shells: 12
    Number of basis functions: 28
    Number of Cartesian functions: 30
    Spherical Harmonics?: true
    Max angular momentum: 2

   => Loading Basis Set <=

    Name: (CC-PVTZ AUX)
    Role: JKFIT
    Keyword: DF_BASIS_SCF
    atoms 1-2 entry H          line    51 file /opt/anaconda3/envs/psi4/share/psi4/basis/cc-pvtz-jkfit.gbs 

  ==> Integral Setup <==

  DFHelper Memory: AOs need 0.001 GiB; user supplied 1.397 GiB. 
  SCF_SUBTYPE=INCORE selected. In-core MEM_DF algorithm will be used.
  Using in-core AOs.

  ==> MemDFJK: Density-Fitted J/K Matrices <==

    J tasked:                   Yes
    K tasked:                   Yes
    wK tasked:                   No
    OpenMP threads:               4
    Memory [MiB]:              1430
    Algorithm:                 Core
    Schwarz Cutoff:           1E-12
    Mask sparsity (%):       0.0000
    Fitting Condition:        1E-10

   => Auxiliary Basis Set <=

  Basis Set: (CC-PVTZ AUX)
    Blend: CC-PVTZ-JKFIT
    Number of shells: 20
    Number of basis functions: 60
    Number of Cartesian functions: 70
    Spherical Harmonics?: true
    Max angular momentum: 3

  Minimum eigenvalue in the overlap matrix is 8.6742542883E-02.
  Reciprocal condition number of the overlap matrix is 3.3341106099E-02.
    Using symmetric orthogonalization.

  ==> Pre-Iterations <==

  SCF Guess: Superposition of Atomic Densities via on-the-fly atomic UHF (no occupation information).

   -------------------------
    Irrep   Nso     Nmo    
   -------------------------
     A         28      28 
   -------------------------
    Total      28      28
   -------------------------

  ==> Iterations <==

                           Total Energy        Delta E     RMS |[F,P]|

   @DF-UHF iter SAD:    -0.84767523626451   -8.47675e-01   0.00000e+00 
   @DF-UHF iter   1:    -0.50658186342219    3.41093e-01   4.55087e-03 DIIS/ADIIS
   @DF-UHF iter   2:    -0.53056411109999   -2.39822e-02   1.40724e-03 DIIS/ADIIS
   @DF-UHF iter   3:    -0.53301938886927   -2.45528e-03   5.42040e-05 DIIS
   @DF-UHF iter   4:    -0.53302202346574   -2.63460e-06   8.84606e-06 DIIS
   @DF-UHF iter   5:    -0.53302211012049   -8.66548e-08   8.21229e-07 DIIS
   @DF-UHF iter   6:    -0.53302211094326   -8.22767e-10   1.56743e-08 DIIS
   @DF-UHF iter   7:    -0.53302211094337   -1.06026e-13   1.74246e-11 DIIS
  Energy and wave function converged.


  ==> Post-Iterations <==

   @Spin Contamination Metric:   0.000000000E+00
   @S^2 Expected:                7.500000000E-01
   @S^2 Observed:                7.500000000E-01
   @S   Expected:                5.000000000E-01
   @S   Observed:                5.000000000E-01

    Orbital Energies [Eh]
    ---------------------

    Alpha Occupied:                                                       

       1A     -0.758252  

    Alpha Virtual:                                                        

       2A     -0.457889     3A      0.101645     4A      0.118743  
       5A      0.277504     6A      0.376396     7A      0.376396  
       8A      0.449856     9A      0.449856    10A      0.657220  
      11A      2.051020    12A      2.114818    13A      2.979355  
      14A      3.008578    15A      3.008578    16A      3.018191  
      17A      3.018191    18A      3.019112    19A      3.019112  
      20A      3.021233    21A      3.021233    22A      3.032276  
      23A      3.345469    24A      3.383438    25A      3.383438  
      26A      3.445755    27A      3.445755    28A      3.691552  

    Beta Occupied:                                                        

    

    Beta Virtual:                                                         

       1A     -0.341539     2A     -0.271298     3A      0.155867  
       4A      0.163969     5A      0.340829     6A      0.430128  
       7A      0.430128     8A      0.494033     9A      0.494033  
      10A      0.697742    11A      2.108664    12A      2.171458  
      13A      3.008007    14A      3.036697    15A      3.036697  
      16A      3.044458    17A      3.044458    18A      3.045100  
      19A      3.045100    20A      3.048521    21A      3.048521  
      22A      3.062374    23A      3.387967    24A      3.423854  
      25A      3.423854    26A      3.484644    27A      3.484644  
      28A      3.726720  

    Final Occupation by Irrep:
              A 
    DOCC [     0 ]
    SOCC [     1 ]
    NA   [     1 ]
    NB   [     0 ]

  @DF-UHF Final Energy:    -0.53302211094337

   => Energetics <=

    Nuclear Repulsion Energy =              0.2252301971467326
    One-Electron Energy =                  -0.7582523080900988
    Two-Electron Energy =                  -0.0000000000000000
    Total Energy =                         -0.5330221109433662

  UHF NO Occupations:
  HONO-0 :    1  A 1.0000000
  LUNO+0 :    2  A 0.0000000
  LUNO+1 :    3  A 0.0000000
  LUNO+2 :    4  A 0.0000000
  LUNO+3 :    5  A 0.0000000


Computation Completed


Properties will be evaluated at   0.000000,   0.000000,   0.000000 [a0]

Properties computed using the SCF density matrix


 Multipole Moments:

 ------------------------------------------------------------------------------------
     Multipole            Electronic (a.u.)      Nuclear  (a.u.)        Total (a.u.)
 ------------------------------------------------------------------------------------

 L = 1.  Multiply by 2.5417464519 to convert [e a0] to [Debye]
 Dipole X            :          0.0000000            0.0000000            0.0000000
 Dipole Y            :         -0.0000000            0.0000000           -0.0000000
 Dipole Z            :         -0.0000000            0.0000000           -0.0000000
 Magnitude           :                                                    0.0000000

 ------------------------------------------------------------------------------------

*** tstop() called on Angelinas-MacBook-Pro-574.local at Thu Feb 12 13:23:13 2026
Module time:
	user time   =       0.06 seconds =       0.00 minutes
	system time =       0.00 seconds =       0.00 minutes
	total time  =          0 seconds =       0.00 minutes
Total time:
	user time   =      66.62 seconds =       1.11 minutes
	system time =      16.79 seconds =       0.28 minutes
	total time  =      61585 seconds =    1026.42 minutes

Scratch directory: /tmp/
   => Libint2 <=

    Primary   basis highest AM E, G, H:  6, 6, 3
    Auxiliary basis highest AM E, G, H:  7, 7, 4
    Onebody   basis highest AM E, G, H:  -, -, -
    Solid Harmonics ordering:            Gaussian

*** tstart() called on Angelinas-MacBook-Pro-574.local
*** at Thu Feb 12 13:23:13 2026

   => Loading Basis Set <=

    Name: CC-PVTZ
    Role: ORBITAL
    Keyword: BASIS
    atoms 1-2 entry H          line    23 file /opt/anaconda3/envs/psi4/share/psi4/basis/cc-pvtz.gbs 


         ---------------------------------------------------------
                                   SCF
               by Justin Turney, Rob Parrish, Andy Simmonett
                          and Daniel G. A. Smith
                              UHF Reference
                        4 Threads,   1907 MiB Core
         ---------------------------------------------------------

  ==> Geometry <==

    Molecular point group: c1
    Full point group: D_inf_h

    Geometry (in Angstrom), charge = 1, multiplicity = 2:

       Center              X                  Y                   Z               Mass       
    ------------   -----------------  -----------------  -----------------  -----------------
         H            0.000000000000     0.000000000000    -1.193939393939     1.007825032230
         H            0.000000000000     0.000000000000     1.193939393939     1.007825032230

  Running in c1 symmetry.

  Rotational constants: A = ************  B =      5.86701  C =      5.86701 [cm^-1]
  Rotational constants: A = ************  B = 175888.52166  C = 175888.52166 [MHz]
  Nuclear repulsion =    0.221609745585152

  Charge       = 1
  Multiplicity = 2
  Electrons    = 1
  Nalpha       = 1
  Nbeta        = 0

  ==> Algorithm <==

  SCF Algorithm Type is DF.
  DIIS enabled.
  MOM disabled.
  Fractional occupation disabled.
  Guess Type is SAD.
  Energy threshold   = 1.00e-10
  Density threshold  = 1.00e-10
  Integral threshold = 1.00e-12

  ==> Primary Basis <==

  Basis Set: CC-PVTZ
    Blend: CC-PVTZ
    Number of shells: 12
    Number of basis functions: 28
    Number of Cartesian functions: 30
    Spherical Harmonics?: true
    Max angular momentum: 2

   => Loading Basis Set <=

    Name: (CC-PVTZ AUX)
    Role: JKFIT
    Keyword: DF_BASIS_SCF
    atoms 1-2 entry H          line    51 file /opt/anaconda3/envs/psi4/share/psi4/basis/cc-pvtz-jkfit.gbs 

  ==> Integral Setup <==

  DFHelper Memory: AOs need 0.001 GiB; user supplied 1.397 GiB. 
  SCF_SUBTYPE=INCORE selected. In-core MEM_DF algorithm will be used.
  Using in-core AOs.

  ==> MemDFJK: Density-Fitted J/K Matrices <==

    J tasked:                   Yes
    K tasked:                   Yes
    wK tasked:                   No
    OpenMP threads:               4
    Memory [MiB]:              1430
    Algorithm:                 Core
    Schwarz Cutoff:           1E-12
    Mask sparsity (%):       0.0000
    Fitting Condition:        1E-10

   => Auxiliary Basis Set <=

  Basis Set: (CC-PVTZ AUX)
    Blend: CC-PVTZ-JKFIT
    Number of shells: 20
    Number of basis functions: 60
    Number of Cartesian functions: 70
    Spherical Harmonics?: true
    Max angular momentum: 3

  Minimum eigenvalue in the overlap matrix is 8.7134320456E-02.
  Reciprocal condition number of the overlap matrix is 3.3729733524E-02.
    Using symmetric orthogonalization.

  ==> Pre-Iterations <==

  SCF Guess: Superposition of Atomic Densities via on-the-fly atomic UHF (no occupation information).

   -------------------------
    Irrep   Nso     Nmo    
   -------------------------
     A         28      28 
   -------------------------
    Total      28      28
   -------------------------

  ==> Iterations <==

                           Total Energy        Delta E     RMS |[F,P]|

   @DF-UHF iter SAD:    -0.84589828290275   -8.45898e-01   0.00000e+00 
   @DF-UHF iter   1:    -0.50551243339908    3.40386e-01   4.50314e-03 DIIS/ADIIS
   @DF-UHF iter   2:    -0.52898688799573   -2.34745e-02   1.38967e-03 DIIS/ADIIS
   @DF-UHF iter   3:    -0.53138929952626   -2.40241e-03   5.77256e-05 DIIS
   @DF-UHF iter   4:    -0.53139242905240   -3.12953e-06   9.47661e-06 DIIS
   @DF-UHF iter   5:    -0.53139252929358   -1.00241e-07   7.77360e-07 DIIS
   @DF-UHF iter   6:    -0.53139253003885   -7.45274e-10   1.47758e-08 DIIS
   @DF-UHF iter   7:    -0.53139253003895   -9.50351e-14   1.81591e-11 DIIS
  Energy and wave function converged.


  ==> Post-Iterations <==

   @Spin Contamination Metric:   0.000000000E+00
   @S^2 Expected:                7.500000000E-01
   @S^2 Observed:                7.500000000E-01
   @S   Expected:                5.000000000E-01
   @S   Observed:                5.000000000E-01

    Orbital Energies [Eh]
    ---------------------

    Alpha Occupied:                                                       

       1A     -0.753002  

    Alpha Virtual:                                                        

       2A     -0.460175     3A      0.101078     4A      0.119716  
       5A      0.283304     6A      0.380534     7A      0.380534  
       8A      0.447944     9A      0.447944    10A      0.645622  
      11A      2.058099    12A      2.111566    13A      2.986287  
      14A      3.011452    15A      3.011452    16A      3.019419  
      17A      3.019419    18A      3.020144    19A      3.020144  
      20A      3.021288    21A      3.021288    22A      3.029921  
      23A      3.340847    24A      3.386460    25A      3.386460  
      26A      3.443809    27A      3.443809    28A      3.673563  

    Beta Occupied:                                                        

    

    Beta Virtual:                                                         

       1A     -0.339396     2A     -0.271952     3A      0.155821  
       4A      0.164888     5A      0.345692     6A      0.433937  
       7A      0.433937     8A      0.492281     9A      0.492281  
      10A      0.686369    11A      2.115612    12A      2.168321  
      13A      3.014790    14A      3.039433    15A      3.039433  
      16A      3.045667    17A      3.045667    18A      3.046138  
      19A      3.046138    20A      3.048459    21A      3.048459  
      22A      3.059539    23A      3.383279    24A      3.426817  
      25A      3.426817    26A      3.482802    27A      3.482802  
      28A      3.709154  

    Final Occupation by Irrep:
              A 
    DOCC [     0 ]
    SOCC [     1 ]
    NA   [     1 ]
    NB   [     0 ]

  @DF-UHF Final Energy:    -0.53139253003895

   => Energetics <=

    Nuclear Repulsion Energy =              0.2216097455851523
    One-Electron Energy =                  -0.7530022756241006
    Two-Electron Energy =                   0.0000000000000000
    Total Energy =                         -0.5313925300389483

  UHF NO Occupations:
  HONO-0 :    1  A 1.0000000
  LUNO+0 :    2  A 0.0000000
  LUNO+1 :    3  A 0.0000000
  LUNO+2 :    4  A 0.0000000
  LUNO+3 :    5  A 0.0000000


Computation Completed


Properties will be evaluated at   0.000000,   0.000000,   0.000000 [a0]

Properties computed using the SCF density matrix


 Multipole Moments:

 ------------------------------------------------------------------------------------
     Multipole            Electronic (a.u.)      Nuclear  (a.u.)        Total (a.u.)
 ------------------------------------------------------------------------------------

 L = 1.  Multiply by 2.5417464519 to convert [e a0] to [Debye]
 Dipole X            :          0.0000000            0.0000000            0.0000000
 Dipole Y            :         -0.0000000            0.0000000           -0.0000000
 Dipole Z            :         -0.0000000            0.0000000           -0.0000000
 Magnitude           :                                                    0.0000000

 ------------------------------------------------------------------------------------

*** tstop() called on Angelinas-MacBook-Pro-574.local at Thu Feb 12 13:23:13 2026
Module time:
	user time   =       0.05 seconds =       0.00 minutes
	system time =       0.00 seconds =       0.00 minutes
	total time  =          0 seconds =       0.00 minutes
Total time:
	user time   =      66.69 seconds =       1.11 minutes
	system time =      16.80 seconds =       0.28 minutes
	total time  =      61585 seconds =    1026.42 minutes

Scratch directory: /tmp/
   => Libint2 <=

    Primary   basis highest AM E, G, H:  6, 6, 3
    Auxiliary basis highest AM E, G, H:  7, 7, 4
    Onebody   basis highest AM E, G, H:  -, -, -
    Solid Harmonics ordering:            Gaussian

*** tstart() called on Angelinas-MacBook-Pro-574.local
*** at Thu Feb 12 13:23:13 2026

   => Loading Basis Set <=

    Name: CC-PVTZ
    Role: ORBITAL
    Keyword: BASIS
    atoms 1-2 entry H          line    23 file /opt/anaconda3/envs/psi4/share/psi4/basis/cc-pvtz.gbs 


         ---------------------------------------------------------
                                   SCF
               by Justin Turney, Rob Parrish, Andy Simmonett
                          and Daniel G. A. Smith
                              UHF Reference
                        4 Threads,   1907 MiB Core
         ---------------------------------------------------------

  ==> Geometry <==

    Molecular point group: c1
    Full point group: D_inf_h

    Geometry (in Angstrom), charge = 1, multiplicity = 2:

       Center              X                  Y                   Z               Mass       
    ------------   -----------------  -----------------  -----------------  -----------------
         H            0.000000000000     0.000000000000    -1.213131313131     1.007825032230
         H            0.000000000000     0.000000000000     1.213131313131     1.007825032230

  Running in c1 symmetry.

  Rotational constants: A = ************  B =      5.68284  C =      5.68284 [cm^-1]
  Rotational constants: A = ************  B = 170367.37698  C = 170367.37698 [MHz]
  Nuclear repulsion =    0.218103846196211

  Charge       = 1
  Multiplicity = 2
  Electrons    = 1
  Nalpha       = 1
  Nbeta        = 0

  ==> Algorithm <==

  SCF Algorithm Type is DF.
  DIIS enabled.
  MOM disabled.
  Fractional occupation disabled.
  Guess Type is SAD.
  Energy threshold   = 1.00e-10
  Density threshold  = 1.00e-10
  Integral threshold = 1.00e-12

  ==> Primary Basis <==

  Basis Set: CC-PVTZ
    Blend: CC-PVTZ
    Number of shells: 12
    Number of basis functions: 28
    Number of Cartesian functions: 30
    Spherical Harmonics?: true
    Max angular momentum: 2

   => Loading Basis Set <=

    Name: (CC-PVTZ AUX)
    Role: JKFIT
    Keyword: DF_BASIS_SCF
    atoms 1-2 entry H          line    51 file /opt/anaconda3/envs/psi4/share/psi4/basis/cc-pvtz-jkfit.gbs 

  ==> Integral Setup <==

  DFHelper Memory: AOs need 0.001 GiB; user supplied 1.397 GiB. 
  SCF_SUBTYPE=INCORE selected. In-core MEM_DF algorithm will be used.
  Using in-core AOs.

  ==> MemDFJK: Density-Fitted J/K Matrices <==

    J tasked:                   Yes
    K tasked:                   Yes
    wK tasked:                   No
    OpenMP threads:               4
    Memory [MiB]:              1430
    Algorithm:                 Core
    Schwarz Cutoff:           1E-12
    Mask sparsity (%):       0.0000
    Fitting Condition:        1E-10

   => Auxiliary Basis Set <=

  Basis Set: (CC-PVTZ AUX)
    Blend: CC-PVTZ-JKFIT
    Number of shells: 20
    Number of basis functions: 60
    Number of Cartesian functions: 70
    Spherical Harmonics?: true
    Max angular momentum: 3

  Minimum eigenvalue in the overlap matrix is 8.7516530308E-02.
  Reciprocal condition number of the overlap matrix is 3.4107912630E-02.
    Using symmetric orthogonalization.

  ==> Pre-Iterations <==

  SCF Guess: Superposition of Atomic Densities via on-the-fly atomic UHF (no occupation information).

   -------------------------
    Irrep   Nso     Nmo    
   -------------------------
     A         28      28 
   -------------------------
    Total      28      28
   -------------------------

  ==> Iterations <==

                           Total Energy        Delta E     RMS |[F,P]|

   @DF-UHF iter SAD:    -0.84427974971361   -8.44280e-01   0.00000e+00 
   @DF-UHF iter   1:    -0.50447201945297    3.39808e-01   4.45714e-03 DIIS/ADIIS
   @DF-UHF iter   2:    -0.52746815946557   -2.29961e-02   1.37315e-03 DIIS/ADIIS
   @DF-UHF iter   3:    -0.52982283954943   -2.35468e-03   6.11046e-05 DIIS
   @DF-UHF iter   4:    -0.52982648712979   -3.64758e-06   1.00349e-05 DIIS
   @DF-UHF iter   5:    -0.52982660018702   -1.13057e-07   7.35669e-07 DIIS
   @DF-UHF iter   6:    -0.52982660086111   -6.74089e-10   1.38218e-08 DIIS
   @DF-UHF iter   7:    -0.52982660086119   -8.16014e-14   1.82817e-11 DIIS
  Energy and wave function converged.


  ==> Post-Iterations <==

   @Spin Contamination Metric:   0.000000000E+00
   @S^2 Expected:                7.500000000E-01
   @S^2 Observed:                7.500000000E-01
   @S   Expected:                5.000000000E-01
   @S   Observed:                5.000000000E-01

    Orbital Energies [Eh]
    ---------------------

    Alpha Occupied:                                                       

       1A     -0.747930  

    Alpha Virtual:                                                        

       2A     -0.462350     3A      0.100224     4A      0.120730  
       5A      0.289765     6A      0.384481     7A      0.384481  
       8A      0.446222     9A      0.446222    10A      0.634280  
      11A      2.064806    12A      2.108631    13A      2.992638  
      14A      3.013965    15A      3.013965    16A      3.020619  
      17A      3.020619    18A      3.021194    19A      3.021194  
      20A      3.021590    21A      3.021590    22A      3.028396  
      23A      3.337671    24A      3.389512    25A      3.389512  
      26A      3.442072    27A      3.442072    28A      3.656565  

    Beta Occupied:                                                        

    

    Beta Virtual:                                                         

       1A     -0.337292     2A     -0.272529     3A      0.155473  
       4A      0.165866     5A      0.351260     6A      0.437582  
       7A      0.437582     8A      0.490712     9A      0.490712  
      10A      0.675248    11A      2.122213    12A      2.165501  
      13A      3.020998    14A      3.041821    15A      3.041821  
      16A      3.046854    17A      3.046854    18A      3.047197  
      19A      3.047197    20A      3.048663    21A      3.048663  
      22A      3.057593    23A      3.380044    24A      3.429823  
      25A      3.429823    26A      3.481167    27A      3.481167  
      28A      3.692551  

    Final Occupation by Irrep:
              A 
    DOCC [     0 ]
    SOCC [     1 ]
    NA   [     1 ]
    NB   [     0 ]

  @DF-UHF Final Energy:    -0.52982660086119

   => Energetics <=

    Nuclear Repulsion Energy =              0.2181038461962115
    One-Electron Energy =                  -0.7479304470574023
    Two-Electron Energy =                   0.0000000000000000
    Total Energy =                         -0.5298266008611908

  UHF NO Occupations:
  HONO-0 :    1  A 1.0000000
  LUNO+0 :    2  A 0.0000000
  LUNO+1 :    3  A 0.0000000
  LUNO+2 :    4  A 0.0000000
  LUNO+3 :    5  A 0.0000000


Computation Completed


Properties will be evaluated at   0.000000,   0.000000,   0.000000 [a0]

Properties computed using the SCF density matrix


 Multipole Moments:

 ------------------------------------------------------------------------------------
     Multipole            Electronic (a.u.)      Nuclear  (a.u.)        Total (a.u.)
 ------------------------------------------------------------------------------------

 L = 1.  Multiply by 2.5417464519 to convert [e a0] to [Debye]
 Dipole X            :          0.0000000            0.0000000            0.0000000
 Dipole Y            :         -0.0000000            0.0000000           -0.0000000
 Dipole Z            :         -0.0000000            0.0000000           -0.0000000
 Magnitude           :                                                    0.0000000

 ------------------------------------------------------------------------------------

*** tstop() called on Angelinas-MacBook-Pro-574.local at Thu Feb 12 13:23:13 2026
Module time:
	user time   =       0.05 seconds =       0.00 minutes
	system time =       0.01 seconds =       0.00 minutes
	total time  =          0 seconds =       0.00 minutes
Total time:
	user time   =      66.76 seconds =       1.11 minutes
	system time =      16.81 seconds =       0.28 minutes
	total time  =      61585 seconds =    1026.42 minutes

Scratch directory: /tmp/
   => Libint2 <=

    Primary   basis highest AM E, G, H:  6, 6, 3
    Auxiliary basis highest AM E, G, H:  7, 7, 4
    Onebody   basis highest AM E, G, H:  -, -, -
    Solid Harmonics ordering:            Gaussian

*** tstart() called on Angelinas-MacBook-Pro-574.local
*** at Thu Feb 12 13:23:13 2026

   => Loading Basis Set <=

    Name: CC-PVTZ
    Role: ORBITAL
    Keyword: BASIS
    atoms 1-2 entry H          line    23 file /opt/anaconda3/envs/psi4/share/psi4/basis/cc-pvtz.gbs 


         ---------------------------------------------------------
                                   SCF
               by Justin Turney, Rob Parrish, Andy Simmonett
                          and Daniel G. A. Smith
                              UHF Reference
                        4 Threads,   1907 MiB Core
         ---------------------------------------------------------

  ==> Geometry <==

    Molecular point group: c1
    Full point group: D_inf_h

    Geometry (in Angstrom), charge = 1, multiplicity = 2:

       Center              X                  Y                   Z               Mass       
    ------------   -----------------  -----------------  -----------------  -----------------
         H            0.000000000000     0.000000000000    -1.232323232323     1.007825032230
         H            0.000000000000     0.000000000000     1.232323232323     1.007825032230

  Running in c1 symmetry.

  Rotational constants: A = ************  B =      5.50722  C =      5.50722 [cm^-1]
  Rotational constants: A = ************  B = 165102.17343  C = 165102.17343 [MHz]
  Nuclear repulsion =    0.214707146952172

  Charge       = 1
  Multiplicity = 2
  Electrons    = 1
  Nalpha       = 1
  Nbeta        = 0

  ==> Algorithm <==

  SCF Algorithm Type is DF.
  DIIS enabled.
  MOM disabled.
  Fractional occupation disabled.
  Guess Type is SAD.
  Energy threshold   = 1.00e-10
  Density threshold  = 1.00e-10
  Integral threshold = 1.00e-12

  ==> Primary Basis <==

  Basis Set: CC-PVTZ
    Blend: CC-PVTZ
    Number of shells: 12
    Number of basis functions: 28
    Number of Cartesian functions: 30
    Spherical Harmonics?: true
    Max angular momentum: 2

   => Loading Basis Set <=

    Name: (CC-PVTZ AUX)
    Role: JKFIT
    Keyword: DF_BASIS_SCF
    atoms 1-2 entry H          line    51 file /opt/anaconda3/envs/psi4/share/psi4/basis/cc-pvtz-jkfit.gbs 

  ==> Integral Setup <==

  DFHelper Memory: AOs need 0.001 GiB; user supplied 1.397 GiB. 
  SCF_SUBTYPE=INCORE selected. In-core MEM_DF algorithm will be used.
  Using in-core AOs.

  ==> MemDFJK: Density-Fitted J/K Matrices <==

    J tasked:                   Yes
    K tasked:                   Yes
    wK tasked:                   No
    OpenMP threads:               4
    Memory [MiB]:              1430
    Algorithm:                 Core
    Schwarz Cutoff:           1E-12
    Mask sparsity (%):       0.0000
    Fitting Condition:        1E-10

   => Auxiliary Basis Set <=

  Basis Set: (CC-PVTZ AUX)
    Blend: CC-PVTZ-JKFIT
    Number of shells: 20
    Number of basis functions: 60
    Number of Cartesian functions: 70
    Spherical Harmonics?: true
    Max angular momentum: 3

  Minimum eigenvalue in the overlap matrix is 8.7889959564E-02.
  Reciprocal condition number of the overlap matrix is 3.4475915378E-02.
    Using symmetric orthogonalization.

  ==> Pre-Iterations <==

  SCF Guess: Superposition of Atomic Densities via on-the-fly atomic UHF (no occupation information).

   -------------------------
    Irrep   Nso     Nmo    
   -------------------------
     A         28      28 
   -------------------------
    Total      28      28
   -------------------------

  ==> Iterations <==

                           Total Energy        Delta E     RMS |[F,P]|

   @DF-UHF iter SAD:    -0.84280941456979   -8.42809e-01   0.00000e+00 
   @DF-UHF iter   1:    -0.50346000543900    3.39349e-01   4.41283e-03 DIIS/ADIIS
   @DF-UHF iter   2:    -0.52600752759704   -2.25475e-02   1.35768e-03 DIIS/ADIIS
   @DF-UHF iter   3:    -0.52831952435054   -2.31200e-03   6.42928e-05 DIIS
   @DF-UHF iter   4:    -0.52832370190285   -4.17755e-06   1.05199e-05 DIIS
   @DF-UHF iter   5:    -0.52832382665944   -1.24757e-07   6.96706e-07 DIIS
   @DF-UHF iter   6:    -0.52832382726941   -6.09972e-10   1.28205e-08 DIIS
   @DF-UHF iter   7:    -0.52832382726948   -6.90559e-14   1.81082e-11 DIIS
  Energy and wave function converged.


  ==> Post-Iterations <==

   @Spin Contamination Metric:   0.000000000E+00
   @S^2 Expected:                7.500000000E-01
   @S^2 Observed:                7.500000000E-01
   @S   Expected:                5.000000000E-01
   @S   Observed:                5.000000000E-01

    Orbital Energies [Eh]
    ---------------------

    Alpha Occupied:                                                       

       1A     -0.743031  

    Alpha Virtual:                                                        

       2A     -0.464416     3A      0.099148     4A      0.121784  
       5A      0.296742     6A      0.388241     7A      0.388241  
       8A      0.444683     9A      0.444683    10A      0.623216  
      11A      2.071067    12A      2.106036    13A      2.998417  
      14A      3.016186    15A      3.016186    16A      3.021798  
      17A      3.021798    18A      3.022090    19A      3.022090  
      20A      3.022258    21A      3.022258    22A      3.027543  
      23A      3.335905    24A      3.392559    25A      3.392559  
      26A      3.440539    27A      3.440539    28A      3.640513  

    Beta Occupied:                                                        

    

    Beta Virtual:                                                         

       1A     -0.335223     2A     -0.273031     3A      0.154874  
       4A      0.166900     5A      0.357401     6A      0.441062  
       7A      0.441062     8A      0.489320     9A      0.489320  
      10A      0.664403    11A      2.128395    12A      2.163020  
      13A      3.026641    14A      3.043929    15A      3.043929  
      16A      3.048024    17A      3.048024    18A      3.048273  
      19A      3.048273    20A      3.049079    21A      3.049079  
      22A      3.056373    23A      3.378224    24A      3.432836  
      25A      3.432836    26A      3.479733    27A      3.479733  
      28A      3.676868  

    Final Occupation by Irrep:
              A 
    DOCC [     0 ]
    SOCC [     1 ]
    NA   [     1 ]
    NB   [     0 ]

  @DF-UHF Final Energy:    -0.52832382726948

   => Energetics <=

    Nuclear Repulsion Energy =              0.2147071469521721
    One-Electron Energy =                  -0.7430309742216541
    Two-Electron Energy =                   0.0000000000000000
    Total Energy =                         -0.5283238272694819

  UHF NO Occupations:
  HONO-0 :    1  A 1.0000000
  LUNO+0 :    2  A 0.0000000
  LUNO+1 :    3  A 0.0000000
  LUNO+2 :    4  A 0.0000000
  LUNO+3 :    5  A 0.0000000


Computation Completed


Properties will be evaluated at   0.000000,   0.000000,   0.000000 [a0]

Properties computed using the SCF density matrix


 Multipole Moments:

 ------------------------------------------------------------------------------------
     Multipole            Electronic (a.u.)      Nuclear  (a.u.)        Total (a.u.)
 ------------------------------------------------------------------------------------

 L = 1.  Multiply by 2.5417464519 to convert [e a0] to [Debye]
 Dipole X            :          0.0000000            0.0000000            0.0000000
 Dipole Y            :         -0.0000000            0.0000000           -0.0000000
 Dipole Z            :          0.0000000            0.0000000            0.0000000
 Magnitude           :                                                    0.0000000

 ------------------------------------------------------------------------------------

*** tstop() called on Angelinas-MacBook-Pro-574.local at Thu Feb 12 13:23:13 2026
Module time:
	user time   =       0.06 seconds =       0.00 minutes
	system time =       0.00 seconds =       0.00 minutes
	total time  =          0 seconds =       0.00 minutes
Total time:
	user time   =      66.83 seconds =       1.11 minutes
	system time =      16.81 seconds =       0.28 minutes
	total time  =      61585 seconds =    1026.42 minutes

Scratch directory: /tmp/
   => Libint2 <=

    Primary   basis highest AM E, G, H:  6, 6, 3
    Auxiliary basis highest AM E, G, H:  7, 7, 4
    Onebody   basis highest AM E, G, H:  -, -, -
    Solid Harmonics ordering:            Gaussian

*** tstart() called on Angelinas-MacBook-Pro-574.local
*** at Thu Feb 12 13:23:13 2026

   => Loading Basis Set <=

    Name: CC-PVTZ
    Role: ORBITAL
    Keyword: BASIS
    atoms 1-2 entry H          line    23 file /opt/anaconda3/envs/psi4/share/psi4/basis/cc-pvtz.gbs 


         ---------------------------------------------------------
                                   SCF
               by Justin Turney, Rob Parrish, Andy Simmonett
                          and Daniel G. A. Smith
                              UHF Reference
                        4 Threads,   1907 MiB Core
         ---------------------------------------------------------

  ==> Geometry <==

    Molecular point group: c1
    Full point group: D_inf_h

    Geometry (in Angstrom), charge = 1, multiplicity = 2:

       Center              X                  Y                   Z               Mass       
    ------------   -----------------  -----------------  -----------------  -----------------
         H            0.000000000000     0.000000000000    -1.251515151515     1.007825032230
         H            0.000000000000     0.000000000000     1.251515151515     1.007825032230

  Running in c1 symmetry.

  Rotational constants: A = ************  B =      5.33961  C =      5.33961 [cm^-1]
  Rotational constants: A = ************  B = 160077.33262  C = 160077.33262 [MHz]
  Nuclear repulsion =    0.211414624117554

  Charge       = 1
  Multiplicity = 2
  Electrons    = 1
  Nalpha       = 1
  Nbeta        = 0

  ==> Algorithm <==

  SCF Algorithm Type is DF.
  DIIS enabled.
  MOM disabled.
  Fractional occupation disabled.
  Guess Type is SAD.
  Energy threshold   = 1.00e-10
  Density threshold  = 1.00e-10
  Integral threshold = 1.00e-12

  ==> Primary Basis <==

  Basis Set: CC-PVTZ
    Blend: CC-PVTZ
    Number of shells: 12
    Number of basis functions: 28
    Number of Cartesian functions: 30
    Spherical Harmonics?: true
    Max angular momentum: 2

   => Loading Basis Set <=

    Name: (CC-PVTZ AUX)
    Role: JKFIT
    Keyword: DF_BASIS_SCF
    atoms 1-2 entry H          line    51 file /opt/anaconda3/envs/psi4/share/psi4/basis/cc-pvtz-jkfit.gbs 

  ==> Integral Setup <==

  DFHelper Memory: AOs need 0.001 GiB; user supplied 1.397 GiB. 
  SCF_SUBTYPE=INCORE selected. In-core MEM_DF algorithm will be used.
  Using in-core AOs.

  ==> MemDFJK: Density-Fitted J/K Matrices <==

    J tasked:                   Yes
    K tasked:                   Yes
    wK tasked:                   No
    OpenMP threads:               4
    Memory [MiB]:              1430
    Algorithm:                 Core
    Schwarz Cutoff:           1E-12
    Mask sparsity (%):       0.0000
    Fitting Condition:        1E-10

   => Auxiliary Basis Set <=

  Basis Set: (CC-PVTZ AUX)
    Blend: CC-PVTZ-JKFIT
    Number of shells: 20
    Number of basis functions: 60
    Number of Cartesian functions: 70
    Spherical Harmonics?: true
    Max angular momentum: 3

  Minimum eigenvalue in the overlap matrix is 8.8255347727E-02.
  Reciprocal condition number of the overlap matrix is 3.4834025264E-02.
    Using symmetric orthogonalization.

  ==> Pre-Iterations <==

  SCF Guess: Superposition of Atomic Densities via on-the-fly atomic UHF (no occupation information).

   -------------------------
    Irrep   Nso     Nmo    
   -------------------------
     A         28      28 
   -------------------------
    Total      28      28
   -------------------------

  ==> Iterations <==

                           Total Energy        Delta E     RMS |[F,P]|

   @DF-UHF iter SAD:    -0.84147750079945   -8.41478e-01   0.00000e+00 
   @DF-UHF iter   1:    -0.50247574328164    3.39002e-01   4.37021e-03 DIIS/ADIIS
   @DF-UHF iter   2:    -0.52460438737549   -2.21286e-02   1.34325e-03 DIIS/ADIIS
   @DF-UHF iter   3:    -0.52687859627259   -2.27421e-03   6.72521e-05 DIIS
   @DF-UHF iter   4:    -0.52688330408607   -4.70781e-06   1.09318e-05 DIIS
   @DF-UHF iter   5:    -0.52688343915047   -1.35064e-07   6.60635e-07 DIIS
   @DF-UHF iter   6:    -0.52688343970327   -5.52799e-10   1.17809e-08 DIIS
   @DF-UHF iter   7:    -0.52688343970333   -5.71765e-14   1.78448e-11 DIIS
  Energy and wave function converged.


  ==> Post-Iterations <==

   @Spin Contamination Metric:   0.000000000E+00
   @S^2 Expected:                7.500000000E-01
   @S^2 Observed:                7.500000000E-01
   @S   Expected:                5.000000000E-01
   @S   Observed:                5.000000000E-01

    Orbital Energies [Eh]
    ---------------------

    Alpha Occupied:                                                       

       1A     -0.738298  

    Alpha Virtual:                                                        

       2A     -0.466377     3A      0.097911     4A      0.122878  
       5A      0.304096     6A      0.391816     7A      0.391816  
       8A      0.443323     9A      0.443323    10A      0.612451  
      11A      2.076823    12A      2.103797    13A      3.003632  
      14A      3.018173    15A      3.018173    16A      3.022746  
      17A      3.022746    18A      3.022959    19A      3.022959  
      20A      3.023333    21A      3.023333    22A      3.027224  
      23A      3.335487    24A      3.395572    25A      3.395572  
      26A      3.439201    27A      3.439201    28A      3.625365  

    Beta Occupied:                                                        

    

    Beta Virtual:                                                         

       1A     -0.333187     2A     -0.273463     3A      0.154075  
       4A      0.167989     5A      0.363983     6A      0.444380  
       7A      0.444380     8A      0.488101     9A      0.488101  
      10A      0.653856    11A      2.134098    12A      2.160896  
      13A      3.031731    14A      3.045816    15A      3.045816  
      16A      3.049183    17A      3.049183    18A      3.049362  
      19A      3.049362    20A      3.049665    21A      3.049665  
      22A      3.055734    23A      3.377751    24A      3.435826  
      25A      3.435826    26A      3.478492    27A      3.478492  
      28A      3.662066  

    Final Occupation by Irrep:
              A 
    DOCC [     0 ]
    SOCC [     1 ]
    NA   [     1 ]
    NB   [     0 ]

  @DF-UHF Final Energy:    -0.52688343970333

   => Energetics <=

    Nuclear Repulsion Energy =              0.2114146241175545
    One-Electron Energy =                  -0.7382980638208839
    Two-Electron Energy =                   0.0000000000000000
    Total Energy =                         -0.5268834397033294

  UHF NO Occupations:
  HONO-0 :    1  A 1.0000000
  LUNO+0 :    2  A 0.0000000
  LUNO+1 :    3  A 0.0000000
  LUNO+2 :    4  A 0.0000000
  LUNO+3 :    5  A 0.0000000


Computation Completed


Properties will be evaluated at   0.000000,   0.000000,   0.000000 [a0]

Properties computed using the SCF density matrix


 Multipole Moments:

 ------------------------------------------------------------------------------------
     Multipole            Electronic (a.u.)      Nuclear  (a.u.)        Total (a.u.)
 ------------------------------------------------------------------------------------

 L = 1.  Multiply by 2.5417464519 to convert [e a0] to [Debye]
 Dipole X            :          0.0000000            0.0000000            0.0000000
 Dipole Y            :          0.0000000            0.0000000            0.0000000
 Dipole Z            :         -0.0000000            0.0000000           -0.0000000
 Magnitude           :                                                    0.0000000

 ------------------------------------------------------------------------------------

*** tstop() called on Angelinas-MacBook-Pro-574.local at Thu Feb 12 13:23:13 2026
Module time:
	user time   =       0.05 seconds =       0.00 minutes
	system time =       0.01 seconds =       0.00 minutes
	total time  =          0 seconds =       0.00 minutes
Total time:
	user time   =      66.89 seconds =       1.11 minutes
	system time =      16.82 seconds =       0.28 minutes
	total time  =      61585 seconds =    1026.42 minutes

Scratch directory: /tmp/
   => Libint2 <=

    Primary   basis highest AM E, G, H:  6, 6, 3
    Auxiliary basis highest AM E, G, H:  7, 7, 4
    Onebody   basis highest AM E, G, H:  -, -, -
    Solid Harmonics ordering:            Gaussian

*** tstart() called on Angelinas-MacBook-Pro-574.local
*** at Thu Feb 12 13:23:13 2026

   => Loading Basis Set <=

    Name: CC-PVTZ
    Role: ORBITAL
    Keyword: BASIS
    atoms 1-2 entry H          line    23 file /opt/anaconda3/envs/psi4/share/psi4/basis/cc-pvtz.gbs 


         ---------------------------------------------------------
                                   SCF
               by Justin Turney, Rob Parrish, Andy Simmonett
                          and Daniel G. A. Smith
                              UHF Reference
                        4 Threads,   1907 MiB Core
         ---------------------------------------------------------

  ==> Geometry <==

    Molecular point group: c1
    Full point group: D_inf_h

    Geometry (in Angstrom), charge = 1, multiplicity = 2:

       Center              X                  Y                   Z               Mass       
    ------------   -----------------  -----------------  -----------------  -----------------
         H            0.000000000000     0.000000000000    -1.270707070707     1.007825032230
         H            0.000000000000     0.000000000000     1.270707070707     1.007825032230

  Running in c1 symmetry.

  Rotational constants: A = ************  B =      5.17953  C =      5.17953 [cm^-1]
  Rotational constants: A = ************  B = 155278.44367  C = 155278.44367 [MHz]
  Nuclear repulsion =    0.208221557457591

  Charge       = 1
  Multiplicity = 2
  Electrons    = 1
  Nalpha       = 1
  Nbeta        = 0

  ==> Algorithm <==

  SCF Algorithm Type is DF.
  DIIS enabled.
  MOM disabled.
  Fractional occupation disabled.
  Guess Type is SAD.
  Energy threshold   = 1.00e-10
  Density threshold  = 1.00e-10
  Integral threshold = 1.00e-12

  ==> Primary Basis <==

  Basis Set: CC-PVTZ
    Blend: CC-PVTZ
    Number of shells: 12
    Number of basis functions: 28
    Number of Cartesian functions: 30
    Spherical Harmonics?: true
    Max angular momentum: 2

   => Loading Basis Set <=

    Name: (CC-PVTZ AUX)
    Role: JKFIT
    Keyword: DF_BASIS_SCF
    atoms 1-2 entry H          line    51 file /opt/anaconda3/envs/psi4/share/psi4/basis/cc-pvtz-jkfit.gbs 

  ==> Integral Setup <==

  DFHelper Memory: AOs need 0.001 GiB; user supplied 1.397 GiB. 
  SCF_SUBTYPE=INCORE selected. In-core MEM_DF algorithm will be used.
  Using in-core AOs.

  ==> MemDFJK: Density-Fitted J/K Matrices <==

    J tasked:                   Yes
    K tasked:                   Yes
    wK tasked:                   No
    OpenMP threads:               4
    Memory [MiB]:              1430
    Algorithm:                 Core
    Schwarz Cutoff:           1E-12
    Mask sparsity (%):       0.0000
    Fitting Condition:        1E-10

   => Auxiliary Basis Set <=

  Basis Set: (CC-PVTZ AUX)
    Blend: CC-PVTZ-JKFIT
    Number of shells: 20
    Number of basis functions: 60
    Number of Cartesian functions: 70
    Spherical Harmonics?: true
    Max angular momentum: 3

  Minimum eigenvalue in the overlap matrix is 8.8613397891E-02.
  Reciprocal condition number of the overlap matrix is 3.5182537676E-02.
    Using symmetric orthogonalization.

  ==> Pre-Iterations <==

  SCF Guess: Superposition of Atomic Densities via on-the-fly atomic UHF (no occupation information).

   -------------------------
    Irrep   Nso     Nmo    
   -------------------------
     A         28      28 
   -------------------------
    Total      28      28
   -------------------------

  ==> Iterations <==

                           Total Energy        Delta E     RMS |[F,P]|

   @DF-UHF iter SAD:    -0.84027467905840   -8.40275e-01   0.00000e+00 
   @DF-UHF iter   1:    -0.50151858358575    3.38756e-01   4.32925e-03 DIIS/ADIIS
   @DF-UHF iter   2:    -0.52325794253037   -2.17394e-02   1.32987e-03 DIIS/ADIIS
   @DF-UHF iter   3:    -0.52549905041983   -2.24111e-03   6.99537e-05 DIIS
   @DF-UHF iter   4:    -0.52550427725954   -5.22684e-06   1.12721e-05 DIIS
   @DF-UHF iter   5:    -0.52550442104349   -1.43784e-07   6.27424e-07 DIIS
   @DF-UHF iter   6:    -0.52550442154556   -5.02063e-10   1.07123e-08 DIIS
   @DF-UHF iter   7:    -0.52550442154561   -4.72955e-14   1.76147e-11 DIIS
  Energy and wave function converged.


  ==> Post-Iterations <==

   @Spin Contamination Metric:   0.000000000E+00
   @S^2 Expected:                7.500000000E-01
   @S^2 Observed:                7.500000000E-01
   @S   Expected:                5.000000000E-01
   @S   Observed:                5.000000000E-01

    Orbital Energies [Eh]
    ---------------------

    Alpha Occupied:                                                       

       1A     -0.733726  

    Alpha Virtual:                                                        

       2A     -0.468238     3A      0.096564     4A      0.124010  
       5A      0.311697     6A      0.395210     7A      0.395210  
       8A      0.442134     9A      0.442134    10A      0.602007  
      11A      2.082033    12A      2.101923    13A      3.008304  
      14A      3.019974    15A      3.019974    16A      3.023524  
      17A      3.023524    18A      3.024108    19A      3.024108  
      20A      3.024414    21A      3.024414    22A      3.027320  
      23A      3.336321    24A      3.398527    25A      3.398527  
      26A      3.438051    27A      3.438051    28A      3.611086  

    Beta Occupied:                                                        

    

    Beta Virtual:                                                         

       1A     -0.331183     2A     -0.273827     3A      0.153125  
       4A      0.169134     5A      0.370879     6A      0.447538  
       7A      0.447538     8A      0.487047     9A      0.487047  
      10A      0.643626    11A      2.139281    12A      2.159135  
      13A      3.036287    14A      3.047527    15A      3.047527  
      16A      3.050334    17A      3.050334    18A      3.050385  
      19A      3.050385    20A      3.050462    21A      3.050462  
      22A      3.055554    23A      3.378530    24A      3.438770  
      25A      3.438770    26A      3.477437    27A      3.477437  
      28A      3.648111  

    Final Occupation by Irrep:
              A 
    DOCC [     0 ]
    SOCC [     1 ]
    NA   [     1 ]
    NB   [     0 ]

  @DF-UHF Final Energy:    -0.52550442154561

   => Energetics <=

    Nuclear Repulsion Energy =              0.2082215574575914
    One-Electron Energy =                  -0.7337259790031965
    Two-Electron Energy =                   0.0000000000000000
    Total Energy =                         -0.5255044215456051

  UHF NO Occupations:
  HONO-0 :    1  A 1.0000000
  LUNO+0 :    2  A 0.0000000
  LUNO+1 :    3  A 0.0000000
  LUNO+2 :    4  A 0.0000000
  LUNO+3 :    5  A 0.0000000


Computation Completed


Properties will be evaluated at   0.000000,   0.000000,   0.000000 [a0]

Properties computed using the SCF density matrix


 Multipole Moments:

 ------------------------------------------------------------------------------------
     Multipole            Electronic (a.u.)      Nuclear  (a.u.)        Total (a.u.)
 ------------------------------------------------------------------------------------

 L = 1.  Multiply by 2.5417464519 to convert [e a0] to [Debye]
 Dipole X            :          0.0000000            0.0000000            0.0000000
 Dipole Y            :         -0.0000000            0.0000000           -0.0000000
 Dipole Z            :         -0.0000000            0.0000000           -0.0000000
 Magnitude           :                                                    0.0000000

 ------------------------------------------------------------------------------------

*** tstop() called on Angelinas-MacBook-Pro-574.local at Thu Feb 12 13:23:13 2026
Module time:
	user time   =       0.05 seconds =       0.00 minutes
	system time =       0.00 seconds =       0.00 minutes
	total time  =          0 seconds =       0.00 minutes
Total time:
	user time   =      66.96 seconds =       1.12 minutes
	system time =      16.82 seconds =       0.28 minutes
	total time  =      61585 seconds =    1026.42 minutes

Scratch directory: /tmp/
   => Libint2 <=

    Primary   basis highest AM E, G, H:  6, 6, 3
    Auxiliary basis highest AM E, G, H:  7, 7, 4
    Onebody   basis highest AM E, G, H:  -, -, -
    Solid Harmonics ordering:            Gaussian

*** tstart() called on Angelinas-MacBook-Pro-574.local
*** at Thu Feb 12 13:23:13 2026

   => Loading Basis Set <=

    Name: CC-PVTZ
    Role: ORBITAL
    Keyword: BASIS
    atoms 1-2 entry H          line    23 file /opt/anaconda3/envs/psi4/share/psi4/basis/cc-pvtz.gbs 


         ---------------------------------------------------------
                                   SCF
               by Justin Turney, Rob Parrish, Andy Simmonett
                          and Daniel G. A. Smith
                              UHF Reference
                        4 Threads,   1907 MiB Core
         ---------------------------------------------------------

  ==> Geometry <==

    Molecular point group: c1
    Full point group: D_inf_h

    Geometry (in Angstrom), charge = 1, multiplicity = 2:

       Center              X                  Y                   Z               Mass       
    ------------   -----------------  -----------------  -----------------  -----------------
         H            0.000000000000     0.000000000000    -1.289898989899     1.007825032230
         H            0.000000000000     0.000000000000     1.289898989899     1.007825032230

  Running in c1 symmetry.

  Rotational constants: A = ************  B =      5.02655  C =      5.02655 [cm^-1]
  Rotational constants: A = ************  B = 150692.15972  C = 150692.15972 [MHz]
  Nuclear repulsion =    0.205123507659867

  Charge       = 1
  Multiplicity = 2
  Electrons    = 1
  Nalpha       = 1
  Nbeta        = 0

  ==> Algorithm <==

  SCF Algorithm Type is DF.
  DIIS enabled.
  MOM disabled.
  Fractional occupation disabled.
  Guess Type is SAD.
  Energy threshold   = 1.00e-10
  Density threshold  = 1.00e-10
  Integral threshold = 1.00e-12

  ==> Primary Basis <==

  Basis Set: CC-PVTZ
    Blend: CC-PVTZ
    Number of shells: 12
    Number of basis functions: 28
    Number of Cartesian functions: 30
    Spherical Harmonics?: true
    Max angular momentum: 2

   => Loading Basis Set <=

    Name: (CC-PVTZ AUX)
    Role: JKFIT
    Keyword: DF_BASIS_SCF
    atoms 1-2 entry H          line    51 file /opt/anaconda3/envs/psi4/share/psi4/basis/cc-pvtz-jkfit.gbs 

  ==> Integral Setup <==

  DFHelper Memory: AOs need 0.001 GiB; user supplied 1.397 GiB. 
  SCF_SUBTYPE=INCORE selected. In-core MEM_DF algorithm will be used.
  Using in-core AOs.

  ==> MemDFJK: Density-Fitted J/K Matrices <==

    J tasked:                   Yes
    K tasked:                   Yes
    wK tasked:                   No
    OpenMP threads:               4
    Memory [MiB]:              1430
    Algorithm:                 Core
    Schwarz Cutoff:           1E-12
    Mask sparsity (%):       0.0000
    Fitting Condition:        1E-10

   => Auxiliary Basis Set <=

  Basis Set: (CC-PVTZ AUX)
    Blend: CC-PVTZ-JKFIT
    Number of shells: 20
    Number of basis functions: 60
    Number of Cartesian functions: 70
    Spherical Harmonics?: true
    Max angular momentum: 3

  Minimum eigenvalue in the overlap matrix is 8.8964785616E-02.
  Reciprocal condition number of the overlap matrix is 3.5521759978E-02.
    Using symmetric orthogonalization.

  ==> Pre-Iterations <==

  SCF Guess: Superposition of Atomic Densities via on-the-fly atomic UHF (no occupation information).

   -------------------------
    Irrep   Nso     Nmo    
   -------------------------
     A         28      28 
   -------------------------
    Total      28      28
   -------------------------

  ==> Iterations <==

                           Total Energy        Delta E     RMS |[F,P]|

   @DF-UHF iter SAD:    -0.83919206610263   -8.39192e-01   0.00000e+00 
   @DF-UHF iter   1:    -0.50058789853160    3.38604e-01   4.28995e-03 DIIS/ADIIS
   @DF-UHF iter   2:    -0.52196722472478   -2.13793e-02   1.31748e-03 DIIS/ADIIS
   @DF-UHF iter   3:    -0.52417966485296   -2.21244e-03   7.23767e-05 DIIS
   @DF-UHF iter   4:    -0.52418538854759   -5.72369e-06   1.15433e-05 DIIS
   @DF-UHF iter   5:    -0.52418553934545   -1.50798e-07   5.96951e-07 DIIS
   @DF-UHF iter   6:    -0.52418553980258   -4.57130e-10   9.62430e-09 DIIS
   @DF-UHF iter   7:    -0.52418553980262   -3.88578e-14   1.74849e-11 DIIS
  Energy and wave function converged.


  ==> Post-Iterations <==

   @Spin Contamination Metric:   0.000000000E+00
   @S^2 Expected:                7.500000000E-01
   @S^2 Observed:                7.500000000E-01
   @S   Expected:                5.000000000E-01
   @S   Observed:                5.000000000E-01

    Orbital Energies [Eh]
    ---------------------

    Alpha Occupied:                                                       

       1A     -0.729309  

    Alpha Virtual:                                                        

       2A     -0.470001     3A      0.095155     4A      0.125181  
       5A      0.319430     6A      0.398430     7A      0.398430  
       8A      0.441108     9A      0.441108    10A      0.591899  
      11A      2.086670    12A      2.100416    13A      3.012457  
      14A      3.021629    15A      3.021629    16A      3.024396  
      17A      3.024396    18A      3.025246    19A      3.025246  
      20A      3.025502    21A      3.025502    22A      3.027729  
      23A      3.338289    24A      3.401407    25A      3.401407  
      26A      3.437080    27A      3.437080    28A      3.597643  

    Beta Occupied:                                                        

    

    Beta Virtual:                                                         

       1A     -0.329210     2A     -0.274128     3A      0.152067  
       4A      0.170333     5A      0.377973     6A      0.450540  
       7A      0.450540     8A      0.486152     9A      0.486152  
      10A      0.633733    11A      2.143916    12A      2.157742  
      13A      3.040337    14A      3.049103    15A      3.049103  
      16A      3.051209    17A      3.051209    18A      3.051479  
      19A      3.051479    20A      3.051570    21A      3.051570  
      22A      3.055727    23A      3.380442    24A      3.441648  
      25A      3.441648    26A      3.476561    27A      3.476561  
      28A      3.634974  

    Final Occupation by Irrep:
              A 
    DOCC [     0 ]
    SOCC [     1 ]
    NA   [     1 ]
    NB   [     0 ]

  @DF-UHF Final Energy:    -0.52418553980262

   => Energetics <=

    Nuclear Repulsion Energy =              0.2051235076598669
    One-Electron Energy =                  -0.7293090474624853
    Two-Electron Energy =                   0.0000000000000000
    Total Energy =                         -0.5241855398026184

  UHF NO Occupations:
  HONO-0 :    1  A 1.0000000
  LUNO+0 :    2  A 0.0000000
  LUNO+1 :    3  A 0.0000000
  LUNO+2 :    4  A 0.0000000
  LUNO+3 :    5  A 0.0000000


Computation Completed


Properties will be evaluated at   0.000000,   0.000000,   0.000000 [a0]

Properties computed using the SCF density matrix


 Multipole Moments:

 ------------------------------------------------------------------------------------
     Multipole            Electronic (a.u.)      Nuclear  (a.u.)        Total (a.u.)
 ------------------------------------------------------------------------------------

 L = 1.  Multiply by 2.5417464519 to convert [e a0] to [Debye]
 Dipole X            :         -0.0000000            0.0000000           -0.0000000
 Dipole Y            :          0.0000000            0.0000000            0.0000000
 Dipole Z            :         -0.0000000            0.0000000           -0.0000000
 Magnitude           :                                                    0.0000000

 ------------------------------------------------------------------------------------

*** tstop() called on Angelinas-MacBook-Pro-574.local at Thu Feb 12 13:23:13 2026
Module time:
	user time   =       0.05 seconds =       0.00 minutes
	system time =       0.01 seconds =       0.00 minutes
	total time  =          0 seconds =       0.00 minutes
Total time:
	user time   =      67.03 seconds =       1.12 minutes
	system time =      16.83 seconds =       0.28 minutes
	total time  =      61585 seconds =    1026.42 minutes

Scratch directory: /tmp/
   => Libint2 <=

    Primary   basis highest AM E, G, H:  6, 6, 3
    Auxiliary basis highest AM E, G, H:  7, 7, 4
    Onebody   basis highest AM E, G, H:  -, -, -
    Solid Harmonics ordering:            Gaussian

*** tstart() called on Angelinas-MacBook-Pro-574.local
*** at Thu Feb 12 13:23:13 2026

   => Loading Basis Set <=

    Name: CC-PVTZ
    Role: ORBITAL
    Keyword: BASIS
    atoms 1-2 entry H          line    23 file /opt/anaconda3/envs/psi4/share/psi4/basis/cc-pvtz.gbs 


         ---------------------------------------------------------
                                   SCF
               by Justin Turney, Rob Parrish, Andy Simmonett
                          and Daniel G. A. Smith
                              UHF Reference
                        4 Threads,   1907 MiB Core
         ---------------------------------------------------------

  ==> Geometry <==

    Molecular point group: c1
    Full point group: D_inf_h

    Geometry (in Angstrom), charge = 1, multiplicity = 2:

       Center              X                  Y                   Z               Mass       
    ------------   -----------------  -----------------  -----------------  -----------------
         H            0.000000000000     0.000000000000    -1.309090909091     1.007825032230
         H            0.000000000000     0.000000000000     1.309090909091     1.007825032230

  Running in c1 symmetry.

  Rotational constants: A = ************  B =      4.88025  C =      4.88025 [cm^-1]
  Rotational constants: A = ************  B = 146306.10504  C = 146306.10504 [MHz]
  Nuclear repulsion =    0.202116295742014

  Charge       = 1
  Multiplicity = 2
  Electrons    = 1
  Nalpha       = 1
  Nbeta        = 0

  ==> Algorithm <==

  SCF Algorithm Type is DF.
  DIIS enabled.
  MOM disabled.
  Fractional occupation disabled.
  Guess Type is SAD.
  Energy threshold   = 1.00e-10
  Density threshold  = 1.00e-10
  Integral threshold = 1.00e-12

  ==> Primary Basis <==

  Basis Set: CC-PVTZ
    Blend: CC-PVTZ
    Number of shells: 12
    Number of basis functions: 28
    Number of Cartesian functions: 30
    Spherical Harmonics?: true
    Max angular momentum: 2

   => Loading Basis Set <=

    Name: (CC-PVTZ AUX)
    Role: JKFIT
    Keyword: DF_BASIS_SCF
    atoms 1-2 entry H          line    51 file /opt/anaconda3/envs/psi4/share/psi4/basis/cc-pvtz-jkfit.gbs 

  ==> Integral Setup <==

  DFHelper Memory: AOs need 0.001 GiB; user supplied 1.397 GiB. 
  SCF_SUBTYPE=INCORE selected. In-core MEM_DF algorithm will be used.
  Using in-core AOs.

  ==> MemDFJK: Density-Fitted J/K Matrices <==

    J tasked:                   Yes
    K tasked:                   Yes
    wK tasked:                   No
    OpenMP threads:               4
    Memory [MiB]:              1430
    Algorithm:                 Core
    Schwarz Cutoff:           1E-12
    Mask sparsity (%):       0.0000
    Fitting Condition:        1E-10

   => Auxiliary Basis Set <=

  Basis Set: (CC-PVTZ AUX)
    Blend: CC-PVTZ-JKFIT
    Number of shells: 20
    Number of basis functions: 60
    Number of Cartesian functions: 70
    Spherical Harmonics?: true
    Max angular momentum: 3

  Minimum eigenvalue in the overlap matrix is 8.9310165734E-02.
  Reciprocal condition number of the overlap matrix is 3.5852011324E-02.
    Using symmetric orthogonalization.

  ==> Pre-Iterations <==

  SCF Guess: Superposition of Atomic Densities via on-the-fly atomic UHF (no occupation information).

   -------------------------
    Irrep   Nso     Nmo    
   -------------------------
     A         28      28 
   -------------------------
    Total      28      28
   -------------------------

  ==> Iterations <==

                           Total Energy        Delta E     RMS |[F,P]|

   @DF-UHF iter SAD:    -0.83822122084443   -8.38221e-01   0.00000e+00 
   @DF-UHF iter   1:    -0.49968309753666    3.38538e-01   4.25231e-03 DIIS/ADIIS
   @DF-UHF iter   2:    -0.52073111498483   -2.10480e-02   1.30607e-03 DIIS/ADIIS
   @DF-UHF iter   3:    -0.52291903316725   -2.18792e-03   7.45076e-05 DIIS
   @DF-UHF iter   4:    -0.52292522160897   -6.18844e-06   1.17488e-05 DIIS
   @DF-UHF iter   5:    -0.52292537767303   -1.56064e-07   5.69060e-07 DIIS
   @DF-UHF iter   6:    -0.52292537809037   -4.17338e-10   8.52664e-09 DIIS
   @DF-UHF iter   7:    -0.52292537809040   -3.06422e-14   1.74871e-11 DIIS
  Energy and wave function converged.


  ==> Post-Iterations <==

   @Spin Contamination Metric:   0.000000000E+00
   @S^2 Expected:                7.500000000E-01
   @S^2 Observed:                7.500000000E-01
   @S   Expected:                5.000000000E-01
   @S   Observed:                5.000000000E-01

    Orbital Energies [Eh]
    ---------------------

    Alpha Occupied:                                                       

       1A     -0.725042  

    Alpha Virtual:                                                        

       2A     -0.471672     3A      0.093721     4A      0.126390  
       5A      0.327192     6A      0.401480     7A      0.401480  
       8A      0.440239     9A      0.440239    10A      0.582146  
      11A      2.090723    12A      2.099274    13A      3.016128  
      14A      3.023169    15A      3.023169    16A      3.025339  
      17A      3.025339    18A      3.026376    19A      3.026376  
      20A      3.026592    21A      3.026592    22A      3.028370  
      23A      3.341252    24A      3.404197    25A      3.404197  
      26A      3.436280    27A      3.436280    28A      3.585007  

    Beta Occupied:                                                        

    

    Beta Virtual:                                                         

       1A     -0.327267     2A     -0.274368     3A      0.150940  
       4A      0.171584     5A      0.385159     6A      0.453391  
       7A      0.453391     8A      0.485409     9A      0.485409  
      10A      0.624193    11A      2.147990    12A      2.156713  
      13A      3.043917    14A      3.050573    15A      3.050573  
      16A      3.052115    17A      3.052115    18A      3.052619  
      19A      3.052619    20A      3.052683    21A      3.052683  
      22A      3.056166    23A      3.383345    24A      3.444445  
      25A      3.444445    26A      3.475855    27A      3.475855  
      28A      3.622625  

    Final Occupation by Irrep:
              A 
    DOCC [     0 ]
    SOCC [     1 ]
    NA   [     1 ]
    NB   [     0 ]

  @DF-UHF Final Energy:    -0.52292537809040

   => Energetics <=

    Nuclear Repulsion Energy =              0.2021162957420139
    One-Electron Energy =                  -0.7250416738324097
    Two-Electron Energy =                   0.0000000000000000
    Total Energy =                         -0.5229253780903957

  UHF NO Occupations:
  HONO-0 :    1  A 1.0000000
  LUNO+0 :    2  A 0.0000000
  LUNO+1 :    3  A 0.0000000
  LUNO+2 :    4  A 0.0000000
  LUNO+3 :    5  A 0.0000000


Computation Completed


Properties will be evaluated at   0.000000,   0.000000,   0.000000 [a0]

Properties computed using the SCF density matrix


 Multipole Moments:

 ------------------------------------------------------------------------------------
     Multipole            Electronic (a.u.)      Nuclear  (a.u.)        Total (a.u.)
 ------------------------------------------------------------------------------------

 L = 1.  Multiply by 2.5417464519 to convert [e a0] to [Debye]
 Dipole X            :         -0.0000000            0.0000000           -0.0000000
 Dipole Y            :         -0.0000000            0.0000000           -0.0000000
 Dipole Z            :         -0.0000000            0.0000000           -0.0000000
 Magnitude           :                                                    0.0000000

 ------------------------------------------------------------------------------------

*** tstop() called on Angelinas-MacBook-Pro-574.local at Thu Feb 12 13:23:13 2026
Module time:
	user time   =       0.06 seconds =       0.00 minutes
	system time =       0.01 seconds =       0.00 minutes
	total time  =          0 seconds =       0.00 minutes
Total time:
	user time   =      67.10 seconds =       1.12 minutes
	system time =      16.84 seconds =       0.28 minutes
	total time  =      61585 seconds =    1026.42 minutes

Scratch directory: /tmp/
   => Libint2 <=

    Primary   basis highest AM E, G, H:  6, 6, 3
    Auxiliary basis highest AM E, G, H:  7, 7, 4
    Onebody   basis highest AM E, G, H:  -, -, -
    Solid Harmonics ordering:            Gaussian

*** tstart() called on Angelinas-MacBook-Pro-574.local
*** at Thu Feb 12 13:23:13 2026

   => Loading Basis Set <=

    Name: CC-PVTZ
    Role: ORBITAL
    Keyword: BASIS
    atoms 1-2 entry H          line    23 file /opt/anaconda3/envs/psi4/share/psi4/basis/cc-pvtz.gbs 


         ---------------------------------------------------------
                                   SCF
               by Justin Turney, Rob Parrish, Andy Simmonett
                          and Daniel G. A. Smith
                              UHF Reference
                        4 Threads,   1907 MiB Core
         ---------------------------------------------------------

  ==> Geometry <==

    Molecular point group: c1
    Full point group: D_inf_h

    Geometry (in Angstrom), charge = 1, multiplicity = 2:

       Center              X                  Y                   Z               Mass       
    ------------   -----------------  -----------------  -----------------  -----------------
         H            0.000000000000     0.000000000000    -1.328282828283     1.007825032230
         H            0.000000000000     0.000000000000     1.328282828283     1.007825032230

  Running in c1 symmetry.

  Rotational constants: A = ************  B =      4.74024  C =      4.74024 [cm^-1]
  Rotational constants: A = ************  B = 142108.79147  C = 142108.79147 [MHz]
  Nuclear repulsion =    0.199195984244601

  Charge       = 1
  Multiplicity = 2
  Electrons    = 1
  Nalpha       = 1
  Nbeta        = 0

  ==> Algorithm <==

  SCF Algorithm Type is DF.
  DIIS enabled.
  MOM disabled.
  Fractional occupation disabled.
  Guess Type is SAD.
  Energy threshold   = 1.00e-10
  Density threshold  = 1.00e-10
  Integral threshold = 1.00e-12

  ==> Primary Basis <==

  Basis Set: CC-PVTZ
    Blend: CC-PVTZ
    Number of shells: 12
    Number of basis functions: 28
    Number of Cartesian functions: 30
    Spherical Harmonics?: true
    Max angular momentum: 2

   => Loading Basis Set <=

    Name: (CC-PVTZ AUX)
    Role: JKFIT
    Keyword: DF_BASIS_SCF
    atoms 1-2 entry H          line    51 file /opt/anaconda3/envs/psi4/share/psi4/basis/cc-pvtz-jkfit.gbs 

  ==> Integral Setup <==

  DFHelper Memory: AOs need 0.001 GiB; user supplied 1.397 GiB. 
  SCF_SUBTYPE=INCORE selected. In-core MEM_DF algorithm will be used.
  Using in-core AOs.

  ==> MemDFJK: Density-Fitted J/K Matrices <==

    J tasked:                   Yes
    K tasked:                   Yes
    wK tasked:                   No
    OpenMP threads:               4
    Memory [MiB]:              1430
    Algorithm:                 Core
    Schwarz Cutoff:           1E-12
    Mask sparsity (%):       0.0000
    Fitting Condition:        1E-10

   => Auxiliary Basis Set <=

  Basis Set: (CC-PVTZ AUX)
    Blend: CC-PVTZ-JKFIT
    Number of shells: 20
    Number of basis functions: 60
    Number of Cartesian functions: 70
    Spherical Harmonics?: true
    Max angular momentum: 3

  Minimum eigenvalue in the overlap matrix is 8.9650177258E-02.
  Reciprocal condition number of the overlap matrix is 3.6173622161E-02.
    Using symmetric orthogonalization.

  ==> Pre-Iterations <==

  SCF Guess: Superposition of Atomic Densities via on-the-fly atomic UHF (no occupation information).

   -------------------------
    Irrep   Nso     Nmo    
   -------------------------
     A         28      28 
   -------------------------
    Total      28      28
   -------------------------

  ==> Iterations <==

                           Total Energy        Delta E     RMS |[F,P]|

   @DF-UHF iter SAD:    -0.83735413805238   -8.37354e-01   0.00000e+00 
   @DF-UHF iter   1:    -0.49880363652386    3.38551e-01   4.21633e-03 DIIS/ADIIS
   @DF-UHF iter   2:    -0.51954836623515   -2.07447e-02   1.29559e-03 DIIS/ADIIS
   @DF-UHF iter   3:    -0.52171559763534   -2.16723e-03   7.63390e-05 DIIS
   @DF-UHF iter   4:    -0.52172221010145   -6.61247e-06   1.18929e-05 DIIS
   @DF-UHF iter   5:    -0.52172236970909   -1.59608e-07   5.43583e-07 DIIS
   @DF-UHF iter   6:    -0.52172237009116   -3.82070e-10   7.42891e-09 DIIS
   @DF-UHF iter   7:    -0.52172237009118   -2.32037e-14   1.76320e-11 DIIS
  Energy and wave function converged.


  ==> Post-Iterations <==

   @Spin Contamination Metric:   0.000000000E+00
   @S^2 Expected:                7.500000000E-01
   @S^2 Observed:                7.500000000E-01
   @S   Expected:                5.000000000E-01
   @S   Observed:                5.000000000E-01

    Orbital Energies [Eh]
    ---------------------

    Alpha Occupied:                                                       

       1A     -0.720918  

    Alpha Virtual:                                                        

       2A     -0.473253     3A      0.092292     4A      0.127634  
       5A      0.334895     6A      0.404368     7A      0.404368  
       8A      0.439517     9A      0.439517    10A      0.572759  
      11A      2.094192    12A      2.098487    13A      3.019359  
      14A      3.024619    15A      3.024619    16A      3.026335  
      17A      3.026335    18A      3.027499    19A      3.027499  
      20A      3.027684    21A      3.027684    22A      3.029176  
      23A      3.345056    24A      3.406888    25A      3.406888  
      26A      3.435643    27A      3.435643    28A      3.573150  

    Beta Occupied:                                                        

    

    Beta Virtual:                                                         

       1A     -0.325353     2A     -0.274552     3A      0.149776  
       4A      0.172887     5A      0.392343     6A      0.456095  
       7A      0.456095     8A      0.484809     9A      0.484809  
      10A      0.615020    11A      2.151503    12A      2.156039  
      13A      3.047069    14A      3.051961    15A      3.051961  
      16A      3.053083    17A      3.053083    18A      3.053755  
      19A      3.053755    20A      3.053800    21A      3.053800  
      22A      3.056800    23A      3.387089    24A      3.447152  
      25A      3.447152    26A      3.475310    27A      3.475310  
      28A      3.611040  

    Final Occupation by Irrep:
              A 
    DOCC [     0 ]
    SOCC [     1 ]
    NA   [     1 ]
    NB   [     0 ]

  @DF-UHF Final Energy:    -0.52172237009118

   => Energetics <=

    Nuclear Repulsion Energy =              0.1991959842446007
    One-Electron Energy =                  -0.7209183543357799
    Two-Electron Energy =                   0.0000000000000000
    Total Energy =                         -0.5217223700911792

  UHF NO Occupations:
  HONO-0 :    1  A 1.0000000
  LUNO+0 :    2  A 0.0000000
  LUNO+1 :    3  A 0.0000000
  LUNO+2 :    4  A 0.0000000
  LUNO+3 :    5  A 0.0000000


Computation Completed


Properties will be evaluated at   0.000000,   0.000000,   0.000000 [a0]

Properties computed using the SCF density matrix


 Multipole Moments:

 ------------------------------------------------------------------------------------
     Multipole            Electronic (a.u.)      Nuclear  (a.u.)        Total (a.u.)
 ------------------------------------------------------------------------------------

 L = 1.  Multiply by 2.5417464519 to convert [e a0] to [Debye]
 Dipole X            :          0.0000000            0.0000000            0.0000000
 Dipole Y            :          0.0000000            0.0000000            0.0000000
 Dipole Z            :         -0.0000000            0.0000000           -0.0000000
 Magnitude           :                                                    0.0000000

 ------------------------------------------------------------------------------------

*** tstop() called on Angelinas-MacBook-Pro-574.local at Thu Feb 12 13:23:13 2026
Module time:
	user time   =       0.05 seconds =       0.00 minutes
	system time =       0.00 seconds =       0.00 minutes
	total time  =          0 seconds =       0.00 minutes
Total time:
	user time   =      67.17 seconds =       1.12 minutes
	system time =      16.84 seconds =       0.28 minutes
	total time  =      61585 seconds =    1026.42 minutes

Scratch directory: /tmp/
   => Libint2 <=

    Primary   basis highest AM E, G, H:  6, 6, 3
    Auxiliary basis highest AM E, G, H:  7, 7, 4
    Onebody   basis highest AM E, G, H:  -, -, -
    Solid Harmonics ordering:            Gaussian

*** tstart() called on Angelinas-MacBook-Pro-574.local
*** at Thu Feb 12 13:23:13 2026

   => Loading Basis Set <=

    Name: CC-PVTZ
    Role: ORBITAL
    Keyword: BASIS
    atoms 1-2 entry H          line    23 file /opt/anaconda3/envs/psi4/share/psi4/basis/cc-pvtz.gbs 


         ---------------------------------------------------------
                                   SCF
               by Justin Turney, Rob Parrish, Andy Simmonett
                          and Daniel G. A. Smith
                              UHF Reference
                        4 Threads,   1907 MiB Core
         ---------------------------------------------------------

  ==> Geometry <==

    Molecular point group: c1
    Full point group: D_inf_h

    Geometry (in Angstrom), charge = 1, multiplicity = 2:

       Center              X                  Y                   Z               Mass       
    ------------   -----------------  -----------------  -----------------  -----------------
         H            0.000000000000     0.000000000000    -1.347474747475     1.007825032230
         H            0.000000000000     0.000000000000     1.347474747475     1.007825032230

  Running in c1 symmetry.

  Rotational constants: A = ************  B =      4.60617  C =      4.60617 [cm^-1]
  Rotational constants: A = ************  B = 138089.54308  C = 138089.54308 [MHz]
  Nuclear repulsion =    0.196358860031222

  Charge       = 1
  Multiplicity = 2
  Electrons    = 1
  Nalpha       = 1
  Nbeta        = 0

  ==> Algorithm <==

  SCF Algorithm Type is DF.
  DIIS enabled.
  MOM disabled.
  Fractional occupation disabled.
  Guess Type is SAD.
  Energy threshold   = 1.00e-10
  Density threshold  = 1.00e-10
  Integral threshold = 1.00e-12

  ==> Primary Basis <==

  Basis Set: CC-PVTZ
    Blend: CC-PVTZ
    Number of shells: 12
    Number of basis functions: 28
    Number of Cartesian functions: 30
    Spherical Harmonics?: true
    Max angular momentum: 2

   => Loading Basis Set <=

    Name: (CC-PVTZ AUX)
    Role: JKFIT
    Keyword: DF_BASIS_SCF
    atoms 1-2 entry H          line    51 file /opt/anaconda3/envs/psi4/share/psi4/basis/cc-pvtz-jkfit.gbs 

  ==> Integral Setup <==

  DFHelper Memory: AOs need 0.001 GiB; user supplied 1.397 GiB. 
  SCF_SUBTYPE=INCORE selected. In-core MEM_DF algorithm will be used.
  Using in-core AOs.

  ==> MemDFJK: Density-Fitted J/K Matrices <==

    J tasked:                   Yes
    K tasked:                   Yes
    wK tasked:                   No
    OpenMP threads:               4
    Memory [MiB]:              1430
    Algorithm:                 Core
    Schwarz Cutoff:           1E-12
    Mask sparsity (%):       0.0000
    Fitting Condition:        1E-10

   => Auxiliary Basis Set <=

  Basis Set: (CC-PVTZ AUX)
    Blend: CC-PVTZ-JKFIT
    Number of shells: 20
    Number of basis functions: 60
    Number of Cartesian functions: 70
    Spherical Harmonics?: true
    Max angular momentum: 3

  Minimum eigenvalue in the overlap matrix is 8.9985446578E-02.
  Reciprocal condition number of the overlap matrix is 3.6486933382E-02.
    Using symmetric orthogonalization.

  ==> Pre-Iterations <==

  SCF Guess: Superposition of Atomic Densities via on-the-fly atomic UHF (no occupation information).

   -------------------------
    Irrep   Nso     Nmo    
   -------------------------
     A         28      28 
   -------------------------
    Total      28      28
   -------------------------

  ==> Iterations <==

                           Total Energy        Delta E     RMS |[F,P]|

   @DF-UHF iter SAD:    -0.83658324003491   -8.36583e-01   0.00000e+00 
   @DF-UHF iter   1:    -0.49794902185124    3.38634e-01   4.18201e-03 DIIS/ADIIS
   @DF-UHF iter   2:    -0.51841762590118   -2.04686e-02   1.28600e-03 DIIS/ADIIS
   @DF-UHF iter   3:    -0.52056768140224   -2.15006e-03   7.78689e-05 DIIS
   @DF-UHF iter   4:    -0.52057467009959   -6.98870e-06   1.19801e-05 DIIS
   @DF-UHF iter   5:    -0.52057483160928   -1.61510e-07   5.20355e-07 DIIS
   @DF-UHF iter   6:    -0.52057483196005   -3.50773e-10   6.34045e-09 DIIS
   @DF-UHF iter   7:    -0.52057483196007   -1.79856e-14   1.79183e-11 DIIS
  Energy and wave function converged.


  ==> Post-Iterations <==

   @Spin Contamination Metric:   0.000000000E+00
   @S^2 Expected:                7.500000000E-01
   @S^2 Observed:                7.500000000E-01
   @S   Expected:                5.000000000E-01
   @S   Observed:                5.000000000E-01

    Orbital Energies [Eh]
    ---------------------

    Alpha Occupied:                                                       

       1A     -0.716934  

    Alpha Virtual:                                                        

       2A     -0.474749     3A      0.090894     4A      0.128914  
       5A      0.342465     6A      0.407099     7A      0.407099  
       8A      0.438934     9A      0.438934    10A      0.563752  
      11A      2.097091    12A      2.098042    13A      3.022198  
      14A      3.025999    15A      3.025999    16A      3.027371  
      17A      3.027371    18A      3.028616    19A      3.028616  
      20A      3.028776    21A      3.028776    22A      3.030093  
      23A      3.349544    24A      3.409474    25A      3.409474  
      26A      3.435159    27A      3.435159    28A      3.562047  

    Beta Occupied:                                                        

    

    Beta Virtual:                                                         

       1A     -0.323467     2A     -0.274683     3A      0.148604  
       4A      0.174239     5A      0.399446     6A      0.458659  
       7A      0.458659     8A      0.484345     9A      0.484345  
      10A      0.606224    11A      2.154468    12A      2.155707  
      13A      3.049840    14A      3.053287    15A      3.053287  
      16A      3.054097    17A      3.054097    18A      3.054888  
      19A      3.054888    20A      3.054920    21A      3.054920  
      22A      3.057573    23A      3.391515    24A      3.449762  
      25A      3.449762    26A      3.474919    27A      3.474919  
      28A      3.600194  

    Final Occupation by Irrep:
              A 
    DOCC [     0 ]
    SOCC [     1 ]
    NA   [     1 ]
    NB   [     0 ]

  @DF-UHF Final Energy:    -0.52057483196007

   => Energetics <=

    Nuclear Repulsion Energy =              0.1963588600312219
    One-Electron Energy =                  -0.7169336919912921
    Two-Electron Energy =                   0.0000000000000000
    Total Energy =                         -0.5205748319600703

  UHF NO Occupations:
  HONO-0 :    1  A 1.0000000
  LUNO+0 :    2  A 0.0000000
  LUNO+1 :    3  A 0.0000000
  LUNO+2 :    4  A 0.0000000
  LUNO+3 :    5  A 0.0000000


Computation Completed


Properties will be evaluated at   0.000000,   0.000000,   0.000000 [a0]

Properties computed using the SCF density matrix


 Multipole Moments:

 ------------------------------------------------------------------------------------
     Multipole            Electronic (a.u.)      Nuclear  (a.u.)        Total (a.u.)
 ------------------------------------------------------------------------------------

 L = 1.  Multiply by 2.5417464519 to convert [e a0] to [Debye]
 Dipole X            :          0.0000000            0.0000000            0.0000000
 Dipole Y            :         -0.0000000            0.0000000           -0.0000000
 Dipole Z            :         -0.0000000            0.0000000           -0.0000000
 Magnitude           :                                                    0.0000000

 ------------------------------------------------------------------------------------

*** tstop() called on Angelinas-MacBook-Pro-574.local at Thu Feb 12 13:23:13 2026
Module time:
	user time   =       0.06 seconds =       0.00 minutes
	system time =       0.01 seconds =       0.00 minutes
	total time  =          0 seconds =       0.00 minutes
Total time:
	user time   =      67.24 seconds =       1.12 minutes
	system time =      16.85 seconds =       0.28 minutes
	total time  =      61585 seconds =    1026.42 minutes

Scratch directory: /tmp/
   => Libint2 <=

    Primary   basis highest AM E, G, H:  6, 6, 3
    Auxiliary basis highest AM E, G, H:  7, 7, 4
    Onebody   basis highest AM E, G, H:  -, -, -
    Solid Harmonics ordering:            Gaussian

*** tstart() called on Angelinas-MacBook-Pro-574.local
*** at Thu Feb 12 13:23:13 2026

   => Loading Basis Set <=

    Name: CC-PVTZ
    Role: ORBITAL
    Keyword: BASIS
    atoms 1-2 entry H          line    23 file /opt/anaconda3/envs/psi4/share/psi4/basis/cc-pvtz.gbs 


         ---------------------------------------------------------
                                   SCF
               by Justin Turney, Rob Parrish, Andy Simmonett
                          and Daniel G. A. Smith
                              UHF Reference
                        4 Threads,   1907 MiB Core
         ---------------------------------------------------------

  ==> Geometry <==

    Molecular point group: c1
    Full point group: D_inf_h

    Geometry (in Angstrom), charge = 1, multiplicity = 2:

       Center              X                  Y                   Z               Mass       
    ------------   -----------------  -----------------  -----------------  -----------------
         H            0.000000000000     0.000000000000    -1.366666666667     1.007825032230
         H            0.000000000000     0.000000000000     1.366666666667     1.007825032230

  Running in c1 symmetry.

  Rotational constants: A = ************  B =      4.47771  C =      4.47771 [cm^-1]
  Rotational constants: A = ************  B = 134238.42827  C = 134238.42827 [MHz]
  Nuclear repulsion =    0.193601418537805

  Charge       = 1
  Multiplicity = 2
  Electrons    = 1
  Nalpha       = 1
  Nbeta        = 0

  ==> Algorithm <==

  SCF Algorithm Type is DF.
  DIIS enabled.
  MOM disabled.
  Fractional occupation disabled.
  Guess Type is SAD.
  Energy threshold   = 1.00e-10
  Density threshold  = 1.00e-10
  Integral threshold = 1.00e-12

  ==> Primary Basis <==

  Basis Set: CC-PVTZ
    Blend: CC-PVTZ
    Number of shells: 12
    Number of basis functions: 28
    Number of Cartesian functions: 30
    Spherical Harmonics?: true
    Max angular momentum: 2

   => Loading Basis Set <=

    Name: (CC-PVTZ AUX)
    Role: JKFIT
    Keyword: DF_BASIS_SCF
    atoms 1-2 entry H          line    51 file /opt/anaconda3/envs/psi4/share/psi4/basis/cc-pvtz-jkfit.gbs 

  ==> Integral Setup <==

  DFHelper Memory: AOs need 0.001 GiB; user supplied 1.397 GiB. 
  SCF_SUBTYPE=INCORE selected. In-core MEM_DF algorithm will be used.
  Using in-core AOs.

  ==> MemDFJK: Density-Fitted J/K Matrices <==

    J tasked:                   Yes
    K tasked:                   Yes
    wK tasked:                   No
    OpenMP threads:               4
    Memory [MiB]:              1430
    Algorithm:                 Core
    Schwarz Cutoff:           1E-12
    Mask sparsity (%):       0.0000
    Fitting Condition:        1E-10

   => Auxiliary Basis Set <=

  Basis Set: (CC-PVTZ AUX)
    Blend: CC-PVTZ-JKFIT
    Number of shells: 20
    Number of basis functions: 60
    Number of Cartesian functions: 70
    Spherical Harmonics?: true
    Max angular momentum: 3

  Minimum eigenvalue in the overlap matrix is 9.0316589059E-02.
  Reciprocal condition number of the overlap matrix is 3.6792295126E-02.
    Using symmetric orthogonalization.

  ==> Pre-Iterations <==

  SCF Guess: Superposition of Atomic Densities via on-the-fly atomic UHF (no occupation information).

   -------------------------
    Irrep   Nso     Nmo    
   -------------------------
     A         28      28 
   -------------------------
    Total      28      28
   -------------------------

  ==> Iterations <==

                           Total Energy        Delta E     RMS |[F,P]|

   @DF-UHF iter SAD:    -0.83590136662611   -8.35901e-01   0.00000e+00 
   @DF-UHF iter   1:    -0.49711881004053    3.38783e-01   4.14935e-03 DIIS/ADIIS
   @DF-UHF iter   2:    -0.51733745771101   -2.02186e-02   1.27724e-03 DIIS/ADIIS
   @DF-UHF iter   3:    -0.51947351859063   -2.13606e-03   7.91001e-05 DIIS
   @DF-UHF iter   4:    -0.51948083032422   -7.31173e-06   1.20155e-05 DIIS
   @DF-UHF iter   5:    -0.51948099221889   -1.61895e-07   4.99215e-07 DIIS
   @DF-UHF iter   6:    -0.51948099254183   -3.22946e-10   5.27031e-09 DIIS
   @DF-UHF iter   7:    -0.51948099254185   -1.23235e-14   1.83382e-11 DIIS
  Energy and wave function converged.


  ==> Post-Iterations <==

   @Spin Contamination Metric:   0.000000000E+00
   @S^2 Expected:                7.500000000E-01
   @S^2 Observed:                7.500000000E-01
   @S   Expected:                5.000000000E-01
   @S   Observed:                5.000000000E-01

    Orbital Energies [Eh]
    ---------------------

    Alpha Occupied:                                                       

       1A     -0.713082  

    Alpha Virtual:                                                        

       2A     -0.476163     3A      0.089545     4A      0.130225  
       5A      0.349840     6A      0.409683     7A      0.409683  
       8A      0.438482     9A      0.438482    10A      0.555132  
      11A      2.097925    12A      2.099442    13A      3.024695  
      14A      3.027322    15A      3.027322    16A      3.028434  
      17A      3.028434    18A      3.029726    19A      3.029726  
      20A      3.029867    21A      3.029867    22A      3.031080  
      23A      3.354557    24A      3.411951    25A      3.411951  
      26A      3.434819    27A      3.434819    28A      3.551671  

    Beta Occupied:                                                        

    

    Beta Virtual:                                                         

       1A     -0.321609     2A     -0.274764     3A      0.147445  
       4A      0.175637     5A      0.406400     6A      0.461088  
       7A      0.461088     8A      0.484008     9A      0.484008  
      10A      0.597816    11A      2.155701    12A      2.156904  
      13A      3.052278    14A      3.054565    15A      3.054565  
      16A      3.055146    17A      3.055146    18A      3.056018  
      19A      3.056018    20A      3.056040    21A      3.056040  
      22A      3.058440    23A      3.396467    24A      3.452270  
      25A      3.452270    26A      3.474671    27A      3.474671  
      28A      3.590062  

    Final Occupation by Irrep:
              A 
    DOCC [     0 ]
    SOCC [     1 ]
    NA   [     1 ]
    NB   [     0 ]

  @DF-UHF Final Energy:    -0.51948099254185

   => Energetics <=

    Nuclear Repulsion Energy =              0.1936014185378049
    One-Electron Energy =                  -0.7130824110796501
    Two-Electron Energy =                   0.0000000000000000
    Total Energy =                         -0.5194809925418452

  UHF NO Occupations:
  HONO-0 :    1  A 1.0000000
  LUNO+0 :    2  A 0.0000000
  LUNO+1 :    3  A 0.0000000
  LUNO+2 :    4  A 0.0000000
  LUNO+3 :    5  A 0.0000000


Computation Completed


Properties will be evaluated at   0.000000,   0.000000,   0.000000 [a0]

Properties computed using the SCF density matrix


 Multipole Moments:

 ------------------------------------------------------------------------------------
     Multipole            Electronic (a.u.)      Nuclear  (a.u.)        Total (a.u.)
 ------------------------------------------------------------------------------------

 L = 1.  Multiply by 2.5417464519 to convert [e a0] to [Debye]
 Dipole X            :         -0.0000000            0.0000000           -0.0000000
 Dipole Y            :         -0.0000000            0.0000000           -0.0000000
 Dipole Z            :          0.0000000            0.0000000            0.0000000
 Magnitude           :                                                    0.0000000

 ------------------------------------------------------------------------------------

*** tstop() called on Angelinas-MacBook-Pro-574.local at Thu Feb 12 13:23:14 2026
Module time:
	user time   =       0.05 seconds =       0.00 minutes
	system time =       0.00 seconds =       0.00 minutes
	total time  =          1 seconds =       0.02 minutes
Total time:
	user time   =      67.30 seconds =       1.12 minutes
	system time =      16.85 seconds =       0.28 minutes
	total time  =      61586 seconds =    1026.43 minutes

Scratch directory: /tmp/
   => Libint2 <=

    Primary   basis highest AM E, G, H:  6, 6, 3
    Auxiliary basis highest AM E, G, H:  7, 7, 4
    Onebody   basis highest AM E, G, H:  -, -, -
    Solid Harmonics ordering:            Gaussian

*** tstart() called on Angelinas-MacBook-Pro-574.local
*** at Thu Feb 12 13:23:14 2026

   => Loading Basis Set <=

    Name: CC-PVTZ
    Role: ORBITAL
    Keyword: BASIS
    atoms 1-2 entry H          line    23 file /opt/anaconda3/envs/psi4/share/psi4/basis/cc-pvtz.gbs 


         ---------------------------------------------------------
                                   SCF
               by Justin Turney, Rob Parrish, Andy Simmonett
                          and Daniel G. A. Smith
                              UHF Reference
                        4 Threads,   1907 MiB Core
         ---------------------------------------------------------

  ==> Geometry <==

    Molecular point group: c1
    Full point group: D_inf_h

    Geometry (in Angstrom), charge = 1, multiplicity = 2:

       Center              X                  Y                   Z               Mass       
    ------------   -----------------  -----------------  -----------------  -----------------
         H            0.000000000000     0.000000000000    -1.385858585859     1.007825032230
         H            0.000000000000     0.000000000000     1.385858585859     1.007825032230

  Running in c1 symmetry.

  Rotational constants: A = ************  B =      4.35455  C =      4.35455 [cm^-1]
  Rotational constants: A = ************  B = 130546.19829  C = 130546.19829 [MHz]
  Nuclear repulsion =    0.190920349330649

  Charge       = 1
  Multiplicity = 2
  Electrons    = 1
  Nalpha       = 1
  Nbeta        = 0

  ==> Algorithm <==

  SCF Algorithm Type is DF.
  DIIS enabled.
  MOM disabled.
  Fractional occupation disabled.
  Guess Type is SAD.
  Energy threshold   = 1.00e-10
  Density threshold  = 1.00e-10
  Integral threshold = 1.00e-12

  ==> Primary Basis <==

  Basis Set: CC-PVTZ
    Blend: CC-PVTZ
    Number of shells: 12
    Number of basis functions: 28
    Number of Cartesian functions: 30
    Spherical Harmonics?: true
    Max angular momentum: 2

   => Loading Basis Set <=

    Name: (CC-PVTZ AUX)
    Role: JKFIT
    Keyword: DF_BASIS_SCF
    atoms 1-2 entry H          line    51 file /opt/anaconda3/envs/psi4/share/psi4/basis/cc-pvtz-jkfit.gbs 

  ==> Integral Setup <==

  DFHelper Memory: AOs need 0.001 GiB; user supplied 1.397 GiB. 
  SCF_SUBTYPE=INCORE selected. In-core MEM_DF algorithm will be used.
  Using in-core AOs.

  ==> MemDFJK: Density-Fitted J/K Matrices <==

    J tasked:                   Yes
    K tasked:                   Yes
    wK tasked:                   No
    OpenMP threads:               4
    Memory [MiB]:              1430
    Algorithm:                 Core
    Schwarz Cutoff:           1E-12
    Mask sparsity (%):       0.0000
    Fitting Condition:        1E-10

   => Auxiliary Basis Set <=

  Basis Set: (CC-PVTZ AUX)
    Blend: CC-PVTZ-JKFIT
    Number of shells: 20
    Number of basis functions: 60
    Number of Cartesian functions: 70
    Spherical Harmonics?: true
    Max angular momentum: 3

  Minimum eigenvalue in the overlap matrix is 9.0644209185E-02.
  Reciprocal condition number of the overlap matrix is 3.7090065183E-02.
    Using symmetric orthogonalization.

  ==> Pre-Iterations <==

  SCF Guess: Superposition of Atomic Densities via on-the-fly atomic UHF (no occupation information).

   -------------------------
    Irrep   Nso     Nmo    
   -------------------------
     A         28      28 
   -------------------------
    Total      28      28
   -------------------------

  ==> Iterations <==

                           Total Energy        Delta E     RMS |[F,P]|

   @DF-UHF iter SAD:    -0.83530176377055   -8.35302e-01   0.00000e+00 
   @DF-UHF iter   1:    -0.49631260441746    3.38989e-01   4.11836e-03 DIIS/ADIIS
   @DF-UHF iter   2:    -0.51630636204146   -1.99938e-02   1.26927e-03 DIIS/ADIIS
   @DF-UHF iter   3:    -0.51843128155245   -2.12492e-03   8.00390e-05 DIIS
   @DF-UHF iter   4:    -0.51843885942715   -7.57787e-06   1.20044e-05 DIIS
   @DF-UHF iter   5:    -0.51843902034456   -1.60917e-07   4.80014e-07 DIIS
   @DF-UHF iter   6:    -0.51843902064272   -2.98161e-10   4.22724e-09 DIIS
   @DF-UHF iter   7:    -0.51843902064273   -5.88418e-15   1.88796e-11 DIIS
  Energy and wave function converged.


  ==> Post-Iterations <==

   @Spin Contamination Metric:   0.000000000E+00
   @S^2 Expected:                7.500000000E-01
   @S^2 Observed:                7.500000000E-01
   @S   Expected:                5.000000000E-01
   @S   Observed:                5.000000000E-01

    Orbital Energies [Eh]
    ---------------------

    Alpha Occupied:                                                       

       1A     -0.709359  

    Alpha Virtual:                                                        

       2A     -0.477501     3A      0.088262     4A      0.131566  
       5A      0.356969     6A      0.412125     7A      0.412125  
       8A      0.438151     9A      0.438151    10A      0.546908  
      11A      2.098115    12A      2.101276    13A      3.026898  
      14A      3.028602    15A      3.028602    16A      3.029516  
      17A      3.029516    18A      3.030831    19A      3.030831  
      20A      3.030956    21A      3.030956    22A      3.032108  
      23A      3.359945    24A      3.414318    25A      3.414318  
      26A      3.434614    27A      3.434614    28A      3.541999  

    Beta Occupied:                                                        

    

    Beta Virtual:                                                         

       1A     -0.319779     2A     -0.274798     3A      0.146319  
       4A      0.177079     5A      0.413150     6A      0.463389  
       7A      0.463389     8A      0.483790     9A      0.483790  
      10A      0.589802    11A      2.156002    12A      2.158841  
      13A      3.054431    14A      3.055806    15A      3.055806  
      16A      3.056219    17A      3.056219    18A      3.057144  
      19A      3.057144    20A      3.057159    21A      3.057159  
      22A      3.059369    23A      3.401797    24A      3.454674  
      25A      3.454674    26A      3.474557    27A      3.474557  
      28A      3.580622  

    Final Occupation by Irrep:
              A 
    DOCC [     0 ]
    SOCC [     1 ]
    NA   [     1 ]
    NB   [     0 ]

  @DF-UHF Final Energy:    -0.51843902064273

   => Energetics <=

    Nuclear Repulsion Energy =              0.1909203493306487
    One-Electron Energy =                  -0.7093593699733776
    Two-Electron Energy =                   0.0000000000000000
    Total Energy =                         -0.5184390206427288

  UHF NO Occupations:
  HONO-0 :    1  A 1.0000000
  LUNO+0 :    2  A 0.0000000
  LUNO+1 :    3  A 0.0000000
  LUNO+2 :    4  A 0.0000000
  LUNO+3 :    5  A 0.0000000


Computation Completed


Properties will be evaluated at   0.000000,   0.000000,   0.000000 [a0]

Properties computed using the SCF density matrix


 Multipole Moments:

 ------------------------------------------------------------------------------------
     Multipole            Electronic (a.u.)      Nuclear  (a.u.)        Total (a.u.)
 ------------------------------------------------------------------------------------

 L = 1.  Multiply by 2.5417464519 to convert [e a0] to [Debye]
 Dipole X            :          0.0000000            0.0000000            0.0000000
 Dipole Y            :          0.0000000            0.0000000            0.0000000
 Dipole Z            :          0.0000000            0.0000000            0.0000000
 Magnitude           :                                                    0.0000000

 ------------------------------------------------------------------------------------

*** tstop() called on Angelinas-MacBook-Pro-574.local at Thu Feb 12 13:23:14 2026
Module time:
	user time   =       0.05 seconds =       0.00 minutes
	system time =       0.01 seconds =       0.00 minutes
	total time  =          0 seconds =       0.00 minutes
Total time:
	user time   =      67.37 seconds =       1.12 minutes
	system time =      16.86 seconds =       0.28 minutes
	total time  =      61586 seconds =    1026.43 minutes

Scratch directory: /tmp/
   => Libint2 <=

    Primary   basis highest AM E, G, H:  6, 6, 3
    Auxiliary basis highest AM E, G, H:  7, 7, 4
    Onebody   basis highest AM E, G, H:  -, -, -
    Solid Harmonics ordering:            Gaussian

*** tstart() called on Angelinas-MacBook-Pro-574.local
*** at Thu Feb 12 13:23:14 2026

   => Loading Basis Set <=

    Name: CC-PVTZ
    Role: ORBITAL
    Keyword: BASIS
    atoms 1-2 entry H          line    23 file /opt/anaconda3/envs/psi4/share/psi4/basis/cc-pvtz.gbs 


         ---------------------------------------------------------
                                   SCF
               by Justin Turney, Rob Parrish, Andy Simmonett
                          and Daniel G. A. Smith
                              UHF Reference
                        4 Threads,   1907 MiB Core
         ---------------------------------------------------------

  ==> Geometry <==

    Molecular point group: c1
    Full point group: D_inf_h

    Geometry (in Angstrom), charge = 1, multiplicity = 2:

       Center              X                  Y                   Z               Mass       
    ------------   -----------------  -----------------  -----------------  -----------------
         H            0.000000000000     0.000000000000    -1.405050505051     1.007825032230
         H            0.000000000000     0.000000000000     1.405050505051     1.007825032230

  Running in c1 symmetry.

  Rotational constants: A = ************  B =      4.23641  C =      4.23641 [cm^-1]
  Rotational constants: A = ************  B = 127004.23175  C = 127004.23175 [MHz]
  Nuclear repulsion =    0.188312522848059

  Charge       = 1
  Multiplicity = 2
  Electrons    = 1
  Nalpha       = 1
  Nbeta        = 0

  ==> Algorithm <==

  SCF Algorithm Type is DF.
  DIIS enabled.
  MOM disabled.
  Fractional occupation disabled.
  Guess Type is SAD.
  Energy threshold   = 1.00e-10
  Density threshold  = 1.00e-10
  Integral threshold = 1.00e-12

  ==> Primary Basis <==

  Basis Set: CC-PVTZ
    Blend: CC-PVTZ
    Number of shells: 12
    Number of basis functions: 28
    Number of Cartesian functions: 30
    Spherical Harmonics?: true
    Max angular momentum: 2

   => Loading Basis Set <=

    Name: (CC-PVTZ AUX)
    Role: JKFIT
    Keyword: DF_BASIS_SCF
    atoms 1-2 entry H          line    51 file /opt/anaconda3/envs/psi4/share/psi4/basis/cc-pvtz-jkfit.gbs 

  ==> Integral Setup <==

  DFHelper Memory: AOs need 0.001 GiB; user supplied 1.397 GiB. 
  SCF_SUBTYPE=INCORE selected. In-core MEM_DF algorithm will be used.
  Using in-core AOs.

  ==> MemDFJK: Density-Fitted J/K Matrices <==

    J tasked:                   Yes
    K tasked:                   Yes
    wK tasked:                   No
    OpenMP threads:               4
    Memory [MiB]:              1430
    Algorithm:                 Core
    Schwarz Cutoff:           1E-12
    Mask sparsity (%):       0.0000
    Fitting Condition:        1E-10

   => Auxiliary Basis Set <=

  Basis Set: (CC-PVTZ AUX)
    Blend: CC-PVTZ-JKFIT
    Number of shells: 20
    Number of basis functions: 60
    Number of Cartesian functions: 70
    Spherical Harmonics?: true
    Max angular momentum: 3

  Minimum eigenvalue in the overlap matrix is 9.0968899386E-02.
  Reciprocal condition number of the overlap matrix is 3.7380607034E-02.
    Using symmetric orthogonalization.

  ==> Pre-Iterations <==

  SCF Guess: Superposition of Atomic Densities via on-the-fly atomic UHF (no occupation information).

   -------------------------
    Irrep   Nso     Nmo    
   -------------------------
     A         28      28 
   -------------------------
    Total      28      28
   -------------------------

  ==> Iterations <==

                           Total Energy        Delta E     RMS |[F,P]|

   @DF-UHF iter SAD:    -0.83477807098128   -8.34778e-01   0.00000e+00 
   @DF-UHF iter   1:    -0.49553004967515    3.39248e-01   4.08903e-03 DIIS/ADIIS
   @DF-UHF iter   2:    -0.51532279436935   -1.97927e-02   1.26203e-03 DIIS/ADIIS
   @DF-UHF iter   3:    -0.51743910484471   -2.11631e-03   8.06954e-05 DIIS
   @DF-UHF iter   4:    -0.51744688992129   -7.78508e-06   1.19519e-05 DIIS
   @DF-UHF iter   5:    -0.51744704867225   -1.58751e-07   4.62607e-07 DIIS
   @DF-UHF iter   6:    -0.51744704894829   -2.76036e-10   3.22001e-09 DIIS
   @DF-UHF iter   7:    -0.51744704894829   -4.21885e-15   1.95219e-11 DIIS
  Energy and wave function converged.


  ==> Post-Iterations <==

   @Spin Contamination Metric:   0.000000000E+00
   @S^2 Expected:                7.500000000E-01
   @S^2 Observed:                7.500000000E-01
   @S   Expected:                5.000000000E-01
   @S   Observed:                5.000000000E-01

    Orbital Energies [Eh]
    ---------------------

    Alpha Occupied:                                                       

       1A     -0.705760  

    Alpha Virtual:                                                        

       2A     -0.478764     3A      0.087056     4A      0.132932  
       5A      0.363815     6A      0.414434     7A      0.414434  
       8A      0.437934     9A      0.437934    10A      0.539083  
      11A      2.098590    12A      2.102630    13A      3.028853  
      14A      3.029846    15A      3.029846    16A      3.030609  
      17A      3.030609    18A      3.031928    19A      3.031928  
      20A      3.032041    21A      3.032041    22A      3.033152  
      23A      3.365569    24A      3.416576    25A      3.416576  
      26A      3.434533    27A      3.434533    28A      3.533004  

    Beta Occupied:                                                        

    

    Beta Virtual:                                                         

       1A     -0.317977     2A     -0.274789     3A      0.145239  
       4A      0.178561     5A      0.419652     6A      0.465568  
       7A      0.465568     8A      0.483681     9A      0.483681  
      10A      0.582186    11A      2.156588    12A      2.160313  
      13A      3.056345    14A      3.057018    15A      3.057018  
      16A      3.057309    17A      3.057309    18A      3.058267  
      19A      3.058267    20A      3.058277    21A      3.058277  
      22A      3.060332    23A      3.407367    24A      3.456975  
      25A      3.456975    26A      3.474567    27A      3.474567  
      28A      3.571848  

    Final Occupation by Irrep:
              A 
    DOCC [     0 ]
    SOCC [     1 ]
    NA   [     1 ]
    NB   [     0 ]

  @DF-UHF Final Energy:    -0.51744704894829

   => Energetics <=

    Nuclear Repulsion Energy =              0.1883125228480589
    One-Electron Energy =                  -0.7057595717963536
    Two-Electron Energy =                  -0.0000000000000000
    Total Energy =                         -0.5174470489482947

  UHF NO Occupations:
  HONO-0 :    1  A 1.0000000
  LUNO+0 :    2  A 0.0000000
  LUNO+1 :    3  A 0.0000000
  LUNO+2 :    4  A 0.0000000
  LUNO+3 :    5  A 0.0000000


Computation Completed


Properties will be evaluated at   0.000000,   0.000000,   0.000000 [a0]

Properties computed using the SCF density matrix


 Multipole Moments:

 ------------------------------------------------------------------------------------
     Multipole            Electronic (a.u.)      Nuclear  (a.u.)        Total (a.u.)
 ------------------------------------------------------------------------------------

 L = 1.  Multiply by 2.5417464519 to convert [e a0] to [Debye]
 Dipole X            :         -0.0000000            0.0000000           -0.0000000
 Dipole Y            :          0.0000000            0.0000000            0.0000000
 Dipole Z            :          0.0000000            0.0000000            0.0000000
 Magnitude           :                                                    0.0000000

 ------------------------------------------------------------------------------------

*** tstop() called on Angelinas-MacBook-Pro-574.local at Thu Feb 12 13:23:14 2026
Module time:
	user time   =       0.06 seconds =       0.00 minutes
	system time =       0.00 seconds =       0.00 minutes
	total time  =          0 seconds =       0.00 minutes
Total time:
	user time   =      67.44 seconds =       1.12 minutes
	system time =      16.86 seconds =       0.28 minutes
	total time  =      61586 seconds =    1026.43 minutes

Scratch directory: /tmp/
   => Libint2 <=

    Primary   basis highest AM E, G, H:  6, 6, 3
    Auxiliary basis highest AM E, G, H:  7, 7, 4
    Onebody   basis highest AM E, G, H:  -, -, -
    Solid Harmonics ordering:            Gaussian

*** tstart() called on Angelinas-MacBook-Pro-574.local
*** at Thu Feb 12 13:23:14 2026

   => Loading Basis Set <=

    Name: CC-PVTZ
    Role: ORBITAL
    Keyword: BASIS
    atoms 1-2 entry H          line    23 file /opt/anaconda3/envs/psi4/share/psi4/basis/cc-pvtz.gbs 


         ---------------------------------------------------------
                                   SCF
               by Justin Turney, Rob Parrish, Andy Simmonett
                          and Daniel G. A. Smith
                              UHF Reference
                        4 Threads,   1907 MiB Core
         ---------------------------------------------------------

  ==> Geometry <==

    Molecular point group: c1
    Full point group: D_inf_h

    Geometry (in Angstrom), charge = 1, multiplicity = 2:

       Center              X                  Y                   Z               Mass       
    ------------   -----------------  -----------------  -----------------  -----------------
         H            0.000000000000     0.000000000000    -1.424242424242     1.007825032230
         H            0.000000000000     0.000000000000     1.424242424242     1.007825032230

  Running in c1 symmetry.

  Rotational constants: A = ************  B =      4.12300  C =      4.12300 [cm^-1]
  Rotational constants: A = ************  B = 123604.48415  C = 123604.48415 [MHz]
  Nuclear repulsion =    0.185774978213936

  Charge       = 1
  Multiplicity = 2
  Electrons    = 1
  Nalpha       = 1
  Nbeta        = 0

  ==> Algorithm <==

  SCF Algorithm Type is DF.
  DIIS enabled.
  MOM disabled.
  Fractional occupation disabled.
  Guess Type is SAD.
  Energy threshold   = 1.00e-10
  Density threshold  = 1.00e-10
  Integral threshold = 1.00e-12

  ==> Primary Basis <==

  Basis Set: CC-PVTZ
    Blend: CC-PVTZ
    Number of shells: 12
    Number of basis functions: 28
    Number of Cartesian functions: 30
    Spherical Harmonics?: true
    Max angular momentum: 2

   => Loading Basis Set <=

    Name: (CC-PVTZ AUX)
    Role: JKFIT
    Keyword: DF_BASIS_SCF
    atoms 1-2 entry H          line    51 file /opt/anaconda3/envs/psi4/share/psi4/basis/cc-pvtz-jkfit.gbs 

  ==> Integral Setup <==

  DFHelper Memory: AOs need 0.001 GiB; user supplied 1.397 GiB. 
  SCF_SUBTYPE=INCORE selected. In-core MEM_DF algorithm will be used.
  Using in-core AOs.

  ==> MemDFJK: Density-Fitted J/K Matrices <==

    J tasked:                   Yes
    K tasked:                   Yes
    wK tasked:                   No
    OpenMP threads:               4
    Memory [MiB]:              1430
    Algorithm:                 Core
    Schwarz Cutoff:           1E-12
    Mask sparsity (%):       0.0000
    Fitting Condition:        1E-10

   => Auxiliary Basis Set <=

  Basis Set: (CC-PVTZ AUX)
    Blend: CC-PVTZ-JKFIT
    Number of shells: 20
    Number of basis functions: 60
    Number of Cartesian functions: 70
    Spherical Harmonics?: true
    Max angular momentum: 3

  Minimum eigenvalue in the overlap matrix is 9.1291237727E-02.
  Reciprocal condition number of the overlap matrix is 3.7664287533E-02.
    Using symmetric orthogonalization.

  ==> Pre-Iterations <==

  SCF Guess: Superposition of Atomic Densities via on-the-fly atomic UHF (no occupation information).

   -------------------------
    Irrep   Nso     Nmo    
   -------------------------
     A         28      28 
   -------------------------
    Total      28      28
   -------------------------

  ==> Iterations <==

                           Total Energy        Delta E     RMS |[F,P]|

   @DF-UHF iter SAD:    -0.83432430792141   -8.34324e-01   0.00000e+00 
   @DF-UHF iter   1:    -0.49477082522382    3.39553e-01   4.06134e-03 DIIS/ADIIS
   @DF-UHF iter   2:    -0.51438518158703   -1.96144e-02   1.25546e-03 DIIS/ADIIS
   @DF-UHF iter   3:    -0.51649510578947   -2.10992e-03   8.10812e-05 DIIS
   @DF-UHF iter   4:    -0.51650303863174   -7.93284e-06   1.18631e-05 DIIS
   @DF-UHF iter   5:    -0.51650319420759   -1.55576e-07   4.46857e-07 DIIS
   @DF-UHF iter   6:    -0.51650319446383   -2.56244e-10   2.25869e-09 DIIS
   @DF-UHF iter   7:    -0.51650319446383   -1.77636e-15   2.01906e-11 DIIS
  Energy and wave function converged.


  ==> Post-Iterations <==

   @Spin Contamination Metric:   0.000000000E+00
   @S^2 Expected:                7.500000000E-01
   @S^2 Observed:                7.500000000E-01
   @S   Expected:                5.000000000E-01
   @S   Observed:                5.000000000E-01

    Orbital Energies [Eh]
    ---------------------

    Alpha Occupied:                                                       

       1A     -0.702278  

    Alpha Virtual:                                                        

       2A     -0.479959     3A      0.085936     4A      0.134320  
       5A      0.370349     6A      0.416617     7A      0.416617  
       8A      0.437820     9A      0.437820    10A      0.531660  
      11A      2.099329    12A      2.103544    13A      3.030603  
      14A      3.031061    15A      3.031061    16A      3.031708  
      17A      3.031708    18A      3.033020    19A      3.033020  
      20A      3.033122    21A      3.033122    22A      3.034198  
      23A      3.371307    24A      3.418728    25A      3.418728  
      26A      3.434566    27A      3.434566    28A      3.524664  

    Beta Occupied:                                                        

    

    Beta Virtual:                                                         

       1A     -0.316202     2A     -0.274739     3A      0.144218  
       4A      0.180077     5A      0.425872     6A      0.467633  
       7A      0.467633     8A      0.483675     9A      0.483675  
      10A      0.574970    11A      2.157435    12A      2.161360  
      13A      3.058060    14A      3.058206    15A      3.058206  
      16A      3.058410    17A      3.058410    18A      3.059384  
      19A      3.059384    20A      3.059391    21A      3.059391  
      22A      3.061313    23A      3.413055    24A      3.459175  
      25A      3.459175    26A      3.474692    27A      3.474692  
      28A      3.563717  

    Final Occupation by Irrep:
              A 
    DOCC [     0 ]
    SOCC [     1 ]
    NA   [     1 ]
    NB   [     0 ]

  @DF-UHF Final Energy:    -0.51650319446383

   => Energetics <=

    Nuclear Repulsion Energy =              0.1857749782139362
    One-Electron Energy =                  -0.7022781726777707
    Two-Electron Energy =                   0.0000000000000000
    Total Energy =                         -0.5165031944638345

  UHF NO Occupations:
  HONO-0 :    1  A 1.0000000
  LUNO+0 :    2  A 0.0000000
  LUNO+1 :    3  A 0.0000000
  LUNO+2 :    4  A 0.0000000
  LUNO+3 :    5  A 0.0000000


Computation Completed


Properties will be evaluated at   0.000000,   0.000000,   0.000000 [a0]

Properties computed using the SCF density matrix


 Multipole Moments:

 ------------------------------------------------------------------------------------
     Multipole            Electronic (a.u.)      Nuclear  (a.u.)        Total (a.u.)
 ------------------------------------------------------------------------------------

 L = 1.  Multiply by 2.5417464519 to convert [e a0] to [Debye]
 Dipole X            :         -0.0000000            0.0000000           -0.0000000
 Dipole Y            :          0.0000000            0.0000000            0.0000000
 Dipole Z            :          0.0000000            0.0000000            0.0000000
 Magnitude           :                                                    0.0000000

 ------------------------------------------------------------------------------------

*** tstop() called on Angelinas-MacBook-Pro-574.local at Thu Feb 12 13:23:14 2026
Module time:
	user time   =       0.06 seconds =       0.00 minutes
	system time =       0.01 seconds =       0.00 minutes
	total time  =          0 seconds =       0.00 minutes
Total time:
	user time   =      67.51 seconds =       1.13 minutes
	system time =      16.87 seconds =       0.28 minutes
	total time  =      61586 seconds =    1026.43 minutes

Scratch directory: /tmp/
   => Libint2 <=

    Primary   basis highest AM E, G, H:  6, 6, 3
    Auxiliary basis highest AM E, G, H:  7, 7, 4
    Onebody   basis highest AM E, G, H:  -, -, -
    Solid Harmonics ordering:            Gaussian

*** tstart() called on Angelinas-MacBook-Pro-574.local
*** at Thu Feb 12 13:23:14 2026

   => Loading Basis Set <=

    Name: CC-PVTZ
    Role: ORBITAL
    Keyword: BASIS
    atoms 1-2 entry H          line    23 file /opt/anaconda3/envs/psi4/share/psi4/basis/cc-pvtz.gbs 


         ---------------------------------------------------------
                                   SCF
               by Justin Turney, Rob Parrish, Andy Simmonett
                          and Daniel G. A. Smith
                              UHF Reference
                        4 Threads,   1907 MiB Core
         ---------------------------------------------------------

  ==> Geometry <==

    Molecular point group: c1
    Full point group: D_inf_h

    Geometry (in Angstrom), charge = 1, multiplicity = 2:

       Center              X                  Y                   Z               Mass       
    ------------   -----------------  -----------------  -----------------  -----------------
         H            0.000000000000     0.000000000000    -1.443434343434     1.007825032230
         H            0.000000000000     0.000000000000     1.443434343434     1.007825032230

  Running in c1 symmetry.

  Rotational constants: A = ************  B =      4.01409  C =      4.01409 [cm^-1]
  Rotational constants: A = ************  B = 120339.44222  C = 120339.44222 [MHz]
  Nuclear repulsion =    0.183304912023548

  Charge       = 1
  Multiplicity = 2
  Electrons    = 1
  Nalpha       = 1
  Nbeta        = 0

  ==> Algorithm <==

  SCF Algorithm Type is DF.
  DIIS enabled.
  MOM disabled.
  Fractional occupation disabled.
  Guess Type is SAD.
  Energy threshold   = 1.00e-10
  Density threshold  = 1.00e-10
  Integral threshold = 1.00e-12

  ==> Primary Basis <==

  Basis Set: CC-PVTZ
    Blend: CC-PVTZ
    Number of shells: 12
    Number of basis functions: 28
    Number of Cartesian functions: 30
    Spherical Harmonics?: true
    Max angular momentum: 2

   => Loading Basis Set <=

    Name: (CC-PVTZ AUX)
    Role: JKFIT
    Keyword: DF_BASIS_SCF
    atoms 1-2 entry H          line    51 file /opt/anaconda3/envs/psi4/share/psi4/basis/cc-pvtz-jkfit.gbs 

  ==> Integral Setup <==

  DFHelper Memory: AOs need 0.001 GiB; user supplied 1.397 GiB. 
  SCF_SUBTYPE=INCORE selected. In-core MEM_DF algorithm will be used.
  Using in-core AOs.

  ==> MemDFJK: Density-Fitted J/K Matrices <==

    J tasked:                   Yes
    K tasked:                   Yes
    wK tasked:                   No
    OpenMP threads:               4
    Memory [MiB]:              1430
    Algorithm:                 Core
    Schwarz Cutoff:           1E-12
    Mask sparsity (%):       0.0000
    Fitting Condition:        1E-10

   => Auxiliary Basis Set <=

  Basis Set: (CC-PVTZ AUX)
    Blend: CC-PVTZ-JKFIT
    Number of shells: 20
    Number of basis functions: 60
    Number of Cartesian functions: 70
    Spherical Harmonics?: true
    Max angular momentum: 3

  Minimum eigenvalue in the overlap matrix is 9.1611784601E-02.
  Reciprocal condition number of the overlap matrix is 3.7941474277E-02.
    Using symmetric orthogonalization.

  ==> Pre-Iterations <==

  SCF Guess: Superposition of Atomic Densities via on-the-fly atomic UHF (no occupation information).

   -------------------------
    Irrep   Nso     Nmo    
   -------------------------
     A         28      28 
   -------------------------
    Total      28      28
   -------------------------

  ==> Iterations <==

                           Total Energy        Delta E     RMS |[F,P]|

   @DF-UHF iter SAD:    -0.83393486033458   -8.33935e-01   0.00000e+00 
   @DF-UHF iter   1:    -0.49403463802268    3.39900e-01   4.03528e-03 DIIS/ADIIS
   @DF-UHF iter   2:    -0.51349193610672   -1.94573e-02   1.24951e-03 DIIS/ADIIS
   @DF-UHF iter   3:    -0.51559740169330   -2.10547e-03   8.12107e-05 DIIS
   @DF-UHF iter   4:    -0.51560542375919   -8.02207e-06   1.17430e-05 DIIS
   @DF-UHF iter   5:    -0.51560557533036   -1.51571e-07   4.32631e-07 DIIS
   @DF-UHF iter   6:    -0.51560557556886   -2.38496e-10   1.36087e-09 DIIS
   @DF-UHF iter   7:    -0.51560557556886    2.22045e-16   2.03674e-11 DIIS
  Energy and wave function converged.


  ==> Post-Iterations <==

   @Spin Contamination Metric:   0.000000000E+00
   @S^2 Expected:                7.500000000E-01
   @S^2 Observed:                7.500000000E-01
   @S   Expected:                5.000000000E-01
   @S   Observed:                5.000000000E-01

    Orbital Energies [Eh]
    ---------------------

    Alpha Occupied:                                                       

       1A     -0.698910  

    Alpha Virtual:                                                        

       2A     -0.481086     3A      0.084908     4A      0.135724  
       5A      0.376550     6A      0.418681     7A      0.418681  
       8A      0.437803     9A      0.437803    10A      0.524640  
      11A      2.100305    12A      2.104062    13A      3.032185  
      14A      3.032250    15A      3.032250    16A      3.032809  
      17A      3.032809    18A      3.034104    19A      3.034104  
      20A      3.034197    21A      3.034197    22A      3.035235  
      23A      3.377052    24A      3.420777    25A      3.420777  
      26A      3.434705    27A      3.434705    28A      3.516952  

    Beta Occupied:                                                        

    

    Beta Virtual:                                                         

       1A     -0.314456     2A     -0.274652     3A      0.143264  
       4A      0.181621     5A      0.431788     6A      0.469589  
       7A      0.469589     8A      0.483762     9A      0.483762  
      10A      0.568154    11A      2.158518    12A      2.162022  
      13A      3.059375    14A      3.059375    15A      3.059517  
      16A      3.059517    17A      3.059611    18A      3.060497  
      19A      3.060497    20A      3.060501    21A      3.060501  
      22A      3.062298    23A      3.418757    24A      3.461276  
      25A      3.461276    26A      3.474921    27A      3.474921  
      28A      3.556206  

    Final Occupation by Irrep:
              A 
    DOCC [     0 ]
    SOCC [     1 ]
    NA   [     1 ]
    NB   [     0 ]

  @DF-UHF Final Energy:    -0.51560557556886

   => Energetics <=

    Nuclear Repulsion Energy =              0.1833049120235479
    One-Electron Energy =                  -0.6989104875924071
    Two-Electron Energy =                  -0.0000000000000000
    Total Energy =                         -0.5156055755688592

  UHF NO Occupations:
  HONO-0 :    1  A 1.0000000
  LUNO+0 :    2  A 0.0000000
  LUNO+1 :    3  A 0.0000000
  LUNO+2 :    4  A 0.0000000
  LUNO+3 :    5  A 0.0000000


Computation Completed


Properties will be evaluated at   0.000000,   0.000000,   0.000000 [a0]

Properties computed using the SCF density matrix


 Multipole Moments:

 ------------------------------------------------------------------------------------
     Multipole            Electronic (a.u.)      Nuclear  (a.u.)        Total (a.u.)
 ------------------------------------------------------------------------------------

 L = 1.  Multiply by 2.5417464519 to convert [e a0] to [Debye]
 Dipole X            :         -0.0000000            0.0000000           -0.0000000
 Dipole Y            :         -0.0000000            0.0000000           -0.0000000
 Dipole Z            :          0.0000000            0.0000000            0.0000000
 Magnitude           :                                                    0.0000000

 ------------------------------------------------------------------------------------

*** tstop() called on Angelinas-MacBook-Pro-574.local at Thu Feb 12 13:23:14 2026
Module time:
	user time   =       0.05 seconds =       0.00 minutes
	system time =       0.01 seconds =       0.00 minutes
	total time  =          0 seconds =       0.00 minutes
Total time:
	user time   =      67.57 seconds =       1.13 minutes
	system time =      16.88 seconds =       0.28 minutes
	total time  =      61586 seconds =    1026.43 minutes

Scratch directory: /tmp/
   => Libint2 <=

    Primary   basis highest AM E, G, H:  6, 6, 3
    Auxiliary basis highest AM E, G, H:  7, 7, 4
    Onebody   basis highest AM E, G, H:  -, -, -
    Solid Harmonics ordering:            Gaussian

*** tstart() called on Angelinas-MacBook-Pro-574.local
*** at Thu Feb 12 13:23:14 2026

   => Loading Basis Set <=

    Name: CC-PVTZ
    Role: ORBITAL
    Keyword: BASIS
    atoms 1-2 entry H          line    23 file /opt/anaconda3/envs/psi4/share/psi4/basis/cc-pvtz.gbs 


         ---------------------------------------------------------
                                   SCF
               by Justin Turney, Rob Parrish, Andy Simmonett
                          and Daniel G. A. Smith
                              UHF Reference
                        4 Threads,   1907 MiB Core
         ---------------------------------------------------------

  ==> Geometry <==

    Molecular point group: c1
    Full point group: D_inf_h

    Geometry (in Angstrom), charge = 1, multiplicity = 2:

       Center              X                  Y                   Z               Mass       
    ------------   -----------------  -----------------  -----------------  -----------------
         H            0.000000000000     0.000000000000    -1.462626262626     1.007825032230
         H            0.000000000000     0.000000000000     1.462626262626     1.007825032230

  Running in c1 symmetry.

  Rotational constants: A = ************  B =      3.90944  C =      3.90944 [cm^-1]
  Rotational constants: A = ************  B = 117202.08238  C = 117202.08238 [MHz]
  Nuclear repulsion =    0.180899668012189

  Charge       = 1
  Multiplicity = 2
  Electrons    = 1
  Nalpha       = 1
  Nbeta        = 0

  ==> Algorithm <==

  SCF Algorithm Type is DF.
  DIIS enabled.
  MOM disabled.
  Fractional occupation disabled.
  Guess Type is SAD.
  Energy threshold   = 1.00e-10
  Density threshold  = 1.00e-10
  Integral threshold = 1.00e-12

  ==> Primary Basis <==

  Basis Set: CC-PVTZ
    Blend: CC-PVTZ
    Number of shells: 12
    Number of basis functions: 28
    Number of Cartesian functions: 30
    Spherical Harmonics?: true
    Max angular momentum: 2

   => Loading Basis Set <=

    Name: (CC-PVTZ AUX)
    Role: JKFIT
    Keyword: DF_BASIS_SCF
    atoms 1-2 entry H          line    51 file /opt/anaconda3/envs/psi4/share/psi4/basis/cc-pvtz-jkfit.gbs 

  ==> Integral Setup <==

  DFHelper Memory: AOs need 0.001 GiB; user supplied 1.397 GiB. 
  SCF_SUBTYPE=INCORE selected. In-core MEM_DF algorithm will be used.
  Using in-core AOs.

  ==> MemDFJK: Density-Fitted J/K Matrices <==

    J tasked:                   Yes
    K tasked:                   Yes
    wK tasked:                   No
    OpenMP threads:               4
    Memory [MiB]:              1430
    Algorithm:                 Core
    Schwarz Cutoff:           1E-12
    Mask sparsity (%):       0.0000
    Fitting Condition:        1E-10

   => Auxiliary Basis Set <=

  Basis Set: (CC-PVTZ AUX)
    Blend: CC-PVTZ-JKFIT
    Number of shells: 20
    Number of basis functions: 60
    Number of Cartesian functions: 70
    Spherical Harmonics?: true
    Max angular momentum: 3

  Minimum eigenvalue in the overlap matrix is 9.1931078654E-02.
  Reciprocal condition number of the overlap matrix is 3.8212532724E-02.
    Using symmetric orthogonalization.

  ==> Pre-Iterations <==

  SCF Guess: Superposition of Atomic Densities via on-the-fly atomic UHF (no occupation information).

   -------------------------
    Irrep   Nso     Nmo    
   -------------------------
     A         28      28 
   -------------------------
    Total      28      28
   -------------------------

  ==> Iterations <==

                           Total Energy        Delta E     RMS |[F,P]|

   @DF-UHF iter SAD:    -0.83360446552467   -8.33604e-01   0.00000e+00 
   @DF-UHF iter   1:    -0.49332121542236    3.40283e-01   4.01083e-03 DIIS/ADIIS
   @DF-UHF iter   2:    -0.51264146780542   -1.93203e-02   1.24413e-03 DIIS/ADIIS
   @DF-UHF iter   3:    -0.51474412394883   -2.10266e-03   8.10993e-05 DIIS
   @DF-UHF iter   4:    -0.51475217879422   -8.05485e-06   1.15961e-05 DIIS
   @DF-UHF iter   5:    -0.51475232570201   -1.46908e-07   4.19800e-07 DIIS
   @DF-UHF iter   6:    -0.51475232592456   -2.22548e-10   6.07708e-10 DIIS
   @DF-UHF iter   7:    -0.51475232592456    4.44089e-16   1.49654e-11 DIIS
  Energy and wave function converged.


  ==> Post-Iterations <==

   @Spin Contamination Metric:   0.000000000E+00
   @S^2 Expected:                7.500000000E-01
   @S^2 Observed:                7.500000000E-01
   @S   Expected:                5.000000000E-01
   @S   Observed:                5.000000000E-01

    Orbital Energies [Eh]
    ---------------------

    Alpha Occupied:                                                       

       1A     -0.695652  

    Alpha Virtual:                                                        

       2A     -0.482152     3A      0.083976     4A      0.137138  
       5A      0.382407     6A      0.420635     7A      0.420635  
       8A      0.437873     9A      0.437873    10A      0.518021  
      11A      2.101493    12A      2.104229    13A      3.033419  
      14A      3.033419    15A      3.033630    16A      3.033908  
      17A      3.033908    18A      3.035180    19A      3.035180  
      20A      3.035266    21A      3.035266    22A      3.036256  
      23A      3.382716    24A      3.422727    25A      3.422727  
      26A      3.434940    27A      3.434940    28A      3.509843  

    Beta Occupied:                                                        

    

    Beta Virtual:                                                         

       1A     -0.312737     2A     -0.274530     3A      0.142385  
       4A      0.183189     5A      0.437381     6A      0.471443  
       7A      0.471443     8A      0.483935     9A      0.483935  
      10A      0.561738    11A      2.159813    12A      2.162343  
      13A      3.060527    14A      3.060527    15A      3.060625  
      16A      3.060625    17A      3.061031    18A      3.061603  
      19A      3.061603    20A      3.061606    21A      3.061606  
      22A      3.063280    23A      3.424384    24A      3.463283  
      25A      3.463283    26A      3.475246    27A      3.475246  
      28A      3.549288  

    Final Occupation by Irrep:
              A 
    DOCC [     0 ]
    SOCC [     1 ]
    NA   [     1 ]
    NB   [     0 ]

  @DF-UHF Final Energy:    -0.51475232592456

   => Energetics <=

    Nuclear Repulsion Energy =              0.1808996680121892
    One-Electron Energy =                  -0.6956519939367480
    Two-Electron Energy =                  -0.0000000000000000
    Total Energy =                         -0.5147523259245588

  UHF NO Occupations:
  HONO-0 :    1  A 1.0000000
  LUNO+0 :    2  A 0.0000000
  LUNO+1 :    3  A 0.0000000
  LUNO+2 :    4  A 0.0000000
  LUNO+3 :    5  A 0.0000000


Computation Completed


Properties will be evaluated at   0.000000,   0.000000,   0.000000 [a0]

Properties computed using the SCF density matrix


 Multipole Moments:

 ------------------------------------------------------------------------------------
     Multipole            Electronic (a.u.)      Nuclear  (a.u.)        Total (a.u.)
 ------------------------------------------------------------------------------------

 L = 1.  Multiply by 2.5417464519 to convert [e a0] to [Debye]
 Dipole X            :         -0.0000000            0.0000000           -0.0000000
 Dipole Y            :         -0.0000000            0.0000000           -0.0000000
 Dipole Z            :          0.0000000            0.0000000            0.0000000
 Magnitude           :                                                    0.0000000

 ------------------------------------------------------------------------------------

*** tstop() called on Angelinas-MacBook-Pro-574.local at Thu Feb 12 13:23:14 2026
Module time:
	user time   =       0.05 seconds =       0.00 minutes
	system time =       0.00 seconds =       0.00 minutes
	total time  =          0 seconds =       0.00 minutes
Total time:
	user time   =      67.64 seconds =       1.13 minutes
	system time =      16.88 seconds =       0.28 minutes
	total time  =      61586 seconds =    1026.43 minutes

Scratch directory: /tmp/
   => Libint2 <=

    Primary   basis highest AM E, G, H:  6, 6, 3
    Auxiliary basis highest AM E, G, H:  7, 7, 4
    Onebody   basis highest AM E, G, H:  -, -, -
    Solid Harmonics ordering:            Gaussian

*** tstart() called on Angelinas-MacBook-Pro-574.local
*** at Thu Feb 12 13:23:14 2026

   => Loading Basis Set <=

    Name: CC-PVTZ
    Role: ORBITAL
    Keyword: BASIS
    atoms 1-2 entry H          line    23 file /opt/anaconda3/envs/psi4/share/psi4/basis/cc-pvtz.gbs 


         ---------------------------------------------------------
                                   SCF
               by Justin Turney, Rob Parrish, Andy Simmonett
                          and Daniel G. A. Smith
                              UHF Reference
                        4 Threads,   1907 MiB Core
         ---------------------------------------------------------

  ==> Geometry <==

    Molecular point group: c1
    Full point group: D_inf_h

    Geometry (in Angstrom), charge = 1, multiplicity = 2:

       Center              X                  Y                   Z               Mass       
    ------------   -----------------  -----------------  -----------------  -----------------
         H            0.000000000000     0.000000000000    -1.481818181818     1.007825032230
         H            0.000000000000     0.000000000000     1.481818181818     1.007825032230

  Running in c1 symmetry.

  Rotational constants: A = ************  B =      3.80883  C =      3.80883 [cm^-1]
  Rotational constants: A = ************  B = 114185.83289  C = 114185.83289 [MHz]
  Nuclear repulsion =    0.178556727526687

  Charge       = 1
  Multiplicity = 2
  Electrons    = 1
  Nalpha       = 1
  Nbeta        = 0

  ==> Algorithm <==

  SCF Algorithm Type is DF.
  DIIS enabled.
  MOM disabled.
  Fractional occupation disabled.
  Guess Type is SAD.
  Energy threshold   = 1.00e-10
  Density threshold  = 1.00e-10
  Integral threshold = 1.00e-12

  ==> Primary Basis <==

  Basis Set: CC-PVTZ
    Blend: CC-PVTZ
    Number of shells: 12
    Number of basis functions: 28
    Number of Cartesian functions: 30
    Spherical Harmonics?: true
    Max angular momentum: 2

   => Loading Basis Set <=

    Name: (CC-PVTZ AUX)
    Role: JKFIT
    Keyword: DF_BASIS_SCF
    atoms 1-2 entry H          line    51 file /opt/anaconda3/envs/psi4/share/psi4/basis/cc-pvtz-jkfit.gbs 

  ==> Integral Setup <==

  DFHelper Memory: AOs need 0.001 GiB; user supplied 1.397 GiB. 
  SCF_SUBTYPE=INCORE selected. In-core MEM_DF algorithm will be used.
  Using in-core AOs.

  ==> MemDFJK: Density-Fitted J/K Matrices <==

    J tasked:                   Yes
    K tasked:                   Yes
    wK tasked:                   No
    OpenMP threads:               4
    Memory [MiB]:              1430
    Algorithm:                 Core
    Schwarz Cutoff:           1E-12
    Mask sparsity (%):       0.0000
    Fitting Condition:        1E-10

   => Auxiliary Basis Set <=

  Basis Set: (CC-PVTZ AUX)
    Blend: CC-PVTZ-JKFIT
    Number of shells: 20
    Number of basis functions: 60
    Number of Cartesian functions: 70
    Spherical Harmonics?: true
    Max angular momentum: 3

  Minimum eigenvalue in the overlap matrix is 9.2249632126E-02.
  Reciprocal condition number of the overlap matrix is 3.8477823115E-02.
    Using symmetric orthogonalization.

  ==> Pre-Iterations <==

  SCF Guess: Superposition of Atomic Densities via on-the-fly atomic UHF (no occupation information).

   -------------------------
    Irrep   Nso     Nmo    
   -------------------------
     A         28      28 
   -------------------------
    Total      28      28
   -------------------------

  ==> Iterations <==

                           Total Energy        Delta E     RMS |[F,P]|

   @DF-UHF iter SAD:    -0.83332819756042   -8.33328e-01   0.00000e+00 
   @DF-UHF iter   1:    -0.49263029839304    3.40698e-01   3.98795e-03 DIIS/ADIIS
   @DF-UHF iter   2:    -0.51183219395113   -1.92019e-02   1.23926e-03 DIIS/ADIIS
   @DF-UHF iter   3:    -0.51393342933157   -2.10124e-03   8.07636e-05 DIIS
   @DF-UHF iter   4:    -0.51394146360983   -8.03428e-06   1.14267e-05 DIIS
   @DF-UHF iter   5:    -0.51394160535332   -1.41743e-07   4.08243e-07 DIIS
   @DF-UHF iter   6:    -0.51394160556150   -2.08181e-10   6.19261e-10 DIIS
   @DF-UHF iter   7:    -0.51394160556150    1.55431e-15   1.41243e-11 DIIS
  Energy and wave function converged.


  ==> Post-Iterations <==

   @Spin Contamination Metric:   0.000000000E+00
   @S^2 Expected:                7.500000000E-01
   @S^2 Observed:                7.500000000E-01
   @S   Expected:                5.000000000E-01
   @S   Observed:                5.000000000E-01

    Orbital Energies [Eh]
    ---------------------

    Alpha Occupied:                                                       

       1A     -0.692498  

    Alpha Virtual:                                                        

       2A     -0.483157     3A      0.083144     4A      0.138555  
       5A      0.387914     6A      0.422484     7A      0.422484  
       8A      0.438022     9A      0.438022    10A      0.511801  
      11A      2.102868    12A      2.104090    13A      3.034568  
      14A      3.034568    15A      3.034965    16A      3.035002  
      17A      3.035002    18A      3.036248    19A      3.036248  
      20A      3.036327    21A      3.036327    22A      3.037257  
      23A      3.388227    24A      3.424583    25A      3.424583  
      26A      3.435261    27A      3.435261    28A      3.503312  

    Beta Occupied:                                                        

    

    Beta Virtual:                                                         

       1A     -0.311047     2A     -0.274376     3A      0.141586  
       4A      0.184772     5A      0.442645     6A      0.473203  
       7A      0.473203     8A      0.484185     9A      0.484185  
      10A      0.555716    11A      2.161292    12A      2.162366  
      13A      3.061665    14A      3.061665    15A      3.061732  
      16A      3.061732    17A      3.062345    18A      3.062702  
      19A      3.062702    20A      3.062704    21A      3.062704  
      22A      3.064252    23A      3.429866    24A      3.465198  
      25A      3.465198    26A      3.475657    27A      3.475657  
      28A      3.542940  

    Final Occupation by Irrep:
              A 
    DOCC [     0 ]
    SOCC [     1 ]
    NA   [     1 ]
    NB   [     0 ]

  @DF-UHF Final Energy:    -0.51394160556150

   => Energetics <=

    Nuclear Repulsion Energy =              0.1785567275266872
    One-Electron Energy =                  -0.6924983330881838
    Two-Electron Energy =                  -0.0000000000000000
    Total Energy =                         -0.5139416055614965

  UHF NO Occupations:
  HONO-0 :    1  A 1.0000000
  LUNO+0 :    2  A 0.0000000
  LUNO+1 :    3  A 0.0000000
  LUNO+2 :    4  A 0.0000000
  LUNO+3 :    5  A 0.0000000


Computation Completed


Properties will be evaluated at   0.000000,   0.000000,   0.000000 [a0]

Properties computed using the SCF density matrix


 Multipole Moments:

 ------------------------------------------------------------------------------------
     Multipole            Electronic (a.u.)      Nuclear  (a.u.)        Total (a.u.)
 ------------------------------------------------------------------------------------

 L = 1.  Multiply by 2.5417464519 to convert [e a0] to [Debye]
 Dipole X            :         -0.0000000            0.0000000           -0.0000000
 Dipole Y            :         -0.0000000            0.0000000           -0.0000000
 Dipole Z            :          0.0000000            0.0000000            0.0000000
 Magnitude           :                                                    0.0000000

 ------------------------------------------------------------------------------------

*** tstop() called on Angelinas-MacBook-Pro-574.local at Thu Feb 12 13:23:14 2026
Module time:
	user time   =       0.06 seconds =       0.00 minutes
	system time =       0.01 seconds =       0.00 minutes
	total time  =          0 seconds =       0.00 minutes
Total time:
	user time   =      67.71 seconds =       1.13 minutes
	system time =      16.89 seconds =       0.28 minutes
	total time  =      61586 seconds =    1026.43 minutes

Scratch directory: /tmp/
   => Libint2 <=

    Primary   basis highest AM E, G, H:  6, 6, 3
    Auxiliary basis highest AM E, G, H:  7, 7, 4
    Onebody   basis highest AM E, G, H:  -, -, -
    Solid Harmonics ordering:            Gaussian

*** tstart() called on Angelinas-MacBook-Pro-574.local
*** at Thu Feb 12 13:23:14 2026

   => Loading Basis Set <=

    Name: CC-PVTZ
    Role: ORBITAL
    Keyword: BASIS
    atoms 1-2 entry H          line    23 file /opt/anaconda3/envs/psi4/share/psi4/basis/cc-pvtz.gbs 


         ---------------------------------------------------------
                                   SCF
               by Justin Turney, Rob Parrish, Andy Simmonett
                          and Daniel G. A. Smith
                              UHF Reference
                        4 Threads,   1907 MiB Core
         ---------------------------------------------------------

  ==> Geometry <==

    Molecular point group: c1
    Full point group: D_inf_h

    Geometry (in Angstrom), charge = 1, multiplicity = 2:

       Center              X                  Y                   Z               Mass       
    ------------   -----------------  -----------------  -----------------  -----------------
         H            0.000000000000     0.000000000000    -1.501010101010     1.007825032230
         H            0.000000000000     0.000000000000     1.501010101010     1.007825032230

  Running in c1 symmetry.

  Rotational constants: A = ************  B =      3.71205  C =      3.71205 [cm^-1]
  Rotational constants: A = ************  B = 111284.53947  C = 111284.53947 [MHz]
  Nuclear repulsion =    0.176273700727894

  Charge       = 1
  Multiplicity = 2
  Electrons    = 1
  Nalpha       = 1
  Nbeta        = 0

  ==> Algorithm <==

  SCF Algorithm Type is DF.
  DIIS enabled.
  MOM disabled.
  Fractional occupation disabled.
  Guess Type is SAD.
  Energy threshold   = 1.00e-10
  Density threshold  = 1.00e-10
  Integral threshold = 1.00e-12

  ==> Primary Basis <==

  Basis Set: CC-PVTZ
    Blend: CC-PVTZ
    Number of shells: 12
    Number of basis functions: 28
    Number of Cartesian functions: 30
    Spherical Harmonics?: true
    Max angular momentum: 2

   => Loading Basis Set <=

    Name: (CC-PVTZ AUX)
    Role: JKFIT
    Keyword: DF_BASIS_SCF
    atoms 1-2 entry H          line    51 file /opt/anaconda3/envs/psi4/share/psi4/basis/cc-pvtz-jkfit.gbs 

  ==> Integral Setup <==

  DFHelper Memory: AOs need 0.001 GiB; user supplied 1.397 GiB. 
  SCF_SUBTYPE=INCORE selected. In-core MEM_DF algorithm will be used.
  Using in-core AOs.

  ==> MemDFJK: Density-Fitted J/K Matrices <==

    J tasked:                   Yes
    K tasked:                   Yes
    wK tasked:                   No
    OpenMP threads:               4
    Memory [MiB]:              1430
    Algorithm:                 Core
    Schwarz Cutoff:           1E-12
    Mask sparsity (%):       0.0000
    Fitting Condition:        1E-10

   => Auxiliary Basis Set <=

  Basis Set: (CC-PVTZ AUX)
    Blend: CC-PVTZ-JKFIT
    Number of shells: 20
    Number of basis functions: 60
    Number of Cartesian functions: 70
    Spherical Harmonics?: true
    Max angular momentum: 3

  Minimum eigenvalue in the overlap matrix is 9.2567925824E-02.
  Reciprocal condition number of the overlap matrix is 3.8737697297E-02.
    Using symmetric orthogonalization.

  ==> Pre-Iterations <==

  SCF Guess: Superposition of Atomic Densities via on-the-fly atomic UHF (no occupation information).

   -------------------------
    Irrep   Nso     Nmo    
   -------------------------
     A         28      28 
   -------------------------
    Total      28      28
   -------------------------

  ==> Iterations <==

                           Total Energy        Delta E     RMS |[F,P]|

   @DF-UHF iter SAD:    -0.83310145235579   -8.33101e-01   0.00000e+00 
   @DF-UHF iter   1:    -0.49196163538224    3.41140e-01   3.96661e-03 DIIS/ADIIS
   @DF-UHF iter   2:    -0.51106254730590   -1.91009e-02   1.23486e-03 DIIS/ADIIS
   @DF-UHF iter   3:    -0.51316350884801   -2.10096e-03   8.02206e-05 DIIS
   @DF-UHF iter   4:    -0.51317147310048   -7.96425e-06   1.12385e-05 DIIS
   @DF-UHF iter   5:    -0.51317160932032   -1.36220e-07   3.97839e-07 DIIS
   @DF-UHF iter   6:    -0.51317160951553   -1.95207e-10   1.27134e-09 DIIS
   @DF-UHF iter   7:    -0.51317160951553   -7.77156e-16   1.83831e-11 DIIS
  Energy and wave function converged.


  ==> Post-Iterations <==

   @Spin Contamination Metric:   0.000000000E+00
   @S^2 Expected:                7.500000000E-01
   @S^2 Observed:                7.500000000E-01
   @S   Expected:                5.000000000E-01
   @S   Observed:                5.000000000E-01

    Orbital Energies [Eh]
    ---------------------

    Alpha Occupied:                                                       

       1A     -0.689445  

    Alpha Virtual:                                                        

       2A     -0.484107     3A      0.082413     4A      0.139970  
       5A      0.393070     6A      0.424236     7A      0.424236  
       8A      0.438244     9A      0.438244    10A      0.505974  
      11A      2.103689    12A      2.104403    13A      3.035700  
      14A      3.035700    15A      3.036089    16A      3.036089  
      17A      3.036212    18A      3.037306    19A      3.037306  
      20A      3.037380    21A      3.037380    22A      3.038237  
      23A      3.393530    24A      3.426350    25A      3.426350  
      26A      3.435661    27A      3.435661    28A      3.497332  

    Beta Occupied:                                                        

    

    Beta Virtual:                                                         

       1A     -0.309384     2A     -0.274193     3A      0.140870  
       4A      0.186362     5A      0.447576     6A      0.474873  
       7A      0.474873     8A      0.484505     9A      0.484505  
      10A      0.550085    11A      2.162134    12A      2.162929  
      13A      3.062789    14A      3.062789    15A      3.062834  
      16A      3.062834    17A      3.063574    18A      3.063793  
      19A      3.063793    20A      3.063795    21A      3.063795  
      22A      3.065212    23A      3.435148    24A      3.467027  
      25A      3.467027    26A      3.476145    27A      3.476145  
      28A      3.537135  

    Final Occupation by Irrep:
              A 
    DOCC [     0 ]
    SOCC [     1 ]
    NA   [     1 ]
    NB   [     0 ]

  @DF-UHF Final Energy:    -0.51317160951553

   => Energetics <=

    Nuclear Repulsion Energy =              0.1762737007278937
    One-Electron Energy =                  -0.6894453102434207
    Two-Electron Energy =                  -0.0000000000000000
    Total Energy =                         -0.5131716095155270

  UHF NO Occupations:
  HONO-0 :    1  A 1.0000000
  LUNO+0 :    2  A 0.0000000
  LUNO+1 :    3  A 0.0000000
  LUNO+2 :    4  A 0.0000000
  LUNO+3 :    5  A 0.0000000


Computation Completed


Properties will be evaluated at   0.000000,   0.000000,   0.000000 [a0]

Properties computed using the SCF density matrix


 Multipole Moments:

 ------------------------------------------------------------------------------------
     Multipole            Electronic (a.u.)      Nuclear  (a.u.)        Total (a.u.)
 ------------------------------------------------------------------------------------

 L = 1.  Multiply by 2.5417464519 to convert [e a0] to [Debye]
 Dipole X            :         -0.0000000            0.0000000           -0.0000000
 Dipole Y            :          0.0000000            0.0000000            0.0000000
 Dipole Z            :         -0.0000000            0.0000000           -0.0000000
 Magnitude           :                                                    0.0000000

 ------------------------------------------------------------------------------------

*** tstop() called on Angelinas-MacBook-Pro-574.local at Thu Feb 12 13:23:14 2026
Module time:
	user time   =       0.05 seconds =       0.00 minutes
	system time =       0.00 seconds =       0.00 minutes
	total time  =          0 seconds =       0.00 minutes
Total time:
	user time   =      67.77 seconds =       1.13 minutes
	system time =      16.89 seconds =       0.28 minutes
	total time  =      61586 seconds =    1026.43 minutes

Scratch directory: /tmp/
   => Libint2 <=

    Primary   basis highest AM E, G, H:  6, 6, 3
    Auxiliary basis highest AM E, G, H:  7, 7, 4
    Onebody   basis highest AM E, G, H:  -, -, -
    Solid Harmonics ordering:            Gaussian

*** tstart() called on Angelinas-MacBook-Pro-574.local
*** at Thu Feb 12 13:23:14 2026

   => Loading Basis Set <=

    Name: CC-PVTZ
    Role: ORBITAL
    Keyword: BASIS
    atoms 1-2 entry H          line    23 file /opt/anaconda3/envs/psi4/share/psi4/basis/cc-pvtz.gbs 


         ---------------------------------------------------------
                                   SCF
               by Justin Turney, Rob Parrish, Andy Simmonett
                          and Daniel G. A. Smith
                              UHF Reference
                        4 Threads,   1907 MiB Core
         ---------------------------------------------------------

  ==> Geometry <==

    Molecular point group: c1
    Full point group: D_inf_h

    Geometry (in Angstrom), charge = 1, multiplicity = 2:

       Center              X                  Y                   Z               Mass       
    ------------   -----------------  -----------------  -----------------  -----------------
         H            0.000000000000     0.000000000000    -1.520202020202     1.007825032230
         H            0.000000000000     0.000000000000     1.520202020202     1.007825032230

  Running in c1 symmetry.

  Rotational constants: A = ************  B =      3.61892  C =      3.61892 [cm^-1]
  Rotational constants: A = ************  B = 108492.43383  C = 108492.43383 [MHz]
  Nuclear repulsion =    0.174048318459568

  Charge       = 1
  Multiplicity = 2
  Electrons    = 1
  Nalpha       = 1
  Nbeta        = 0

  ==> Algorithm <==

  SCF Algorithm Type is DF.
  DIIS enabled.
  MOM disabled.
  Fractional occupation disabled.
  Guess Type is SAD.
  Energy threshold   = 1.00e-10
  Density threshold  = 1.00e-10
  Integral threshold = 1.00e-12

  ==> Primary Basis <==

  Basis Set: CC-PVTZ
    Blend: CC-PVTZ
    Number of shells: 12
    Number of basis functions: 28
    Number of Cartesian functions: 30
    Spherical Harmonics?: true
    Max angular momentum: 2

   => Loading Basis Set <=

    Name: (CC-PVTZ AUX)
    Role: JKFIT
    Keyword: DF_BASIS_SCF
    atoms 1-2 entry H          line    51 file /opt/anaconda3/envs/psi4/share/psi4/basis/cc-pvtz-jkfit.gbs 

  ==> Integral Setup <==

  DFHelper Memory: AOs need 0.001 GiB; user supplied 1.397 GiB. 
  SCF_SUBTYPE=INCORE selected. In-core MEM_DF algorithm will be used.
  Using in-core AOs.

  ==> MemDFJK: Density-Fitted J/K Matrices <==

    J tasked:                   Yes
    K tasked:                   Yes
    wK tasked:                   No
    OpenMP threads:               4
    Memory [MiB]:              1430
    Algorithm:                 Core
    Schwarz Cutoff:           1E-12
    Mask sparsity (%):       0.0000
    Fitting Condition:        1E-10

   => Auxiliary Basis Set <=

  Basis Set: (CC-PVTZ AUX)
    Blend: CC-PVTZ-JKFIT
    Number of shells: 20
    Number of basis functions: 60
    Number of Cartesian functions: 70
    Spherical Harmonics?: true
    Max angular momentum: 3

  Minimum eigenvalue in the overlap matrix is 9.2886403953E-02.
  Reciprocal condition number of the overlap matrix is 3.8992495521E-02.
    Using symmetric orthogonalization.

  ==> Pre-Iterations <==

  SCF Guess: Superposition of Atomic Densities via on-the-fly atomic UHF (no occupation information).

   -------------------------
    Irrep   Nso     Nmo    
   -------------------------
     A         28      28 
   -------------------------
    Total      28      28
   -------------------------

  ==> Iterations <==

                           Total Energy        Delta E     RMS |[F,P]|

   @DF-UHF iter SAD:    -0.83291993275491   -8.32920e-01   0.00000e+00 
   @DF-UHF iter   1:    -0.49131497693948    3.41605e-01   3.94678e-03 DIIS/ADIIS
   @DF-UHF iter   2:    -0.51033098262886   -1.90160e-02   1.23088e-03 DIIS/ADIIS
   @DF-UHF iter   3:    -0.51243259449888   -2.10161e-03   7.94877e-05 DIIS
   @DF-UHF iter   4:    -0.51244044374134   -7.84924e-06   1.10349e-05 DIIS
   @DF-UHF iter   5:    -0.51244057420204   -1.30461e-07   3.88474e-07 DIIS
   @DF-UHF iter   6:    -0.51244057438551   -1.83465e-10   1.94744e-09 DIIS
   @DF-UHF iter   7:    -0.51244057438551   -1.11022e-16   1.99094e-11 DIIS
  Energy and wave function converged.


  ==> Post-Iterations <==

   @Spin Contamination Metric:   0.000000000E+00
   @S^2 Expected:                7.500000000E-01
   @S^2 Observed:                7.500000000E-01
   @S   Expected:                5.000000000E-01
   @S   Observed:                5.000000000E-01

    Orbital Energies [Eh]
    ---------------------

    Alpha Occupied:                                                       

       1A     -0.686489  

    Alpha Virtual:                                                        

       2A     -0.485003     3A      0.081783     4A      0.141373  
       5A      0.397881     6A      0.425899     7A      0.425899  
       8A      0.438530     9A      0.438530    10A      0.500535  
      11A      2.103070    12A      2.106072    13A      3.036815  
      14A      3.036815    15A      3.037168    16A      3.037168  
      17A      3.037389    18A      3.038355    19A      3.038355  
      20A      3.038424    21A      3.038424    22A      3.039197  
      23A      3.398586    24A      3.428033    25A      3.428033  
      26A      3.436129    27A      3.436129    28A      3.491878  

    Beta Occupied:                                                        

    

    Beta Virtual:                                                         

       1A     -0.307750     2A     -0.273983     3A      0.140240  
       4A      0.187952     5A      0.452176     6A      0.476461  
       7A      0.476461     8A      0.484887     9A      0.484887  
      10A      0.544836    11A      2.161688    12A      2.164699  
      13A      3.063901    14A      3.063901    15A      3.063931  
      16A      3.063931    17A      3.064736    18A      3.064876  
      19A      3.064876    20A      3.064877    21A      3.064877  
      22A      3.066160    23A      3.440190    24A      3.468774  
      25A      3.468774    26A      3.476701    27A      3.476701  
      28A      3.531848  

    Final Occupation by Irrep:
              A 
    DOCC [     0 ]
    SOCC [     1 ]
    NA   [     1 ]
    NB   [     0 ]

  @DF-UHF Final Energy:    -0.51244057438551

   => Energetics <=

    Nuclear Repulsion Energy =              0.1740483184595681
    One-Electron Energy =                  -0.6864888928450761
    Two-Electron Energy =                   0.0000000000000000
    Total Energy =                         -0.5124405743855079

  UHF NO Occupations:
  HONO-0 :    1  A 1.0000000
  LUNO+0 :    2  A 0.0000000
  LUNO+1 :    3  A 0.0000000
  LUNO+2 :    4  A 0.0000000
  LUNO+3 :    5  A 0.0000000


Computation Completed


Properties will be evaluated at   0.000000,   0.000000,   0.000000 [a0]

Properties computed using the SCF density matrix


 Multipole Moments:

 ------------------------------------------------------------------------------------
     Multipole            Electronic (a.u.)      Nuclear  (a.u.)        Total (a.u.)
 ------------------------------------------------------------------------------------

 L = 1.  Multiply by 2.5417464519 to convert [e a0] to [Debye]
 Dipole X            :          0.0000000            0.0000000            0.0000000
 Dipole Y            :         -0.0000000            0.0000000           -0.0000000
 Dipole Z            :         -0.0000000            0.0000000           -0.0000000
 Magnitude           :                                                    0.0000000

 ------------------------------------------------------------------------------------

*** tstop() called on Angelinas-MacBook-Pro-574.local at Thu Feb 12 13:23:14 2026
Module time:
	user time   =       0.05 seconds =       0.00 minutes
	system time =       0.01 seconds =       0.00 minutes
	total time  =          0 seconds =       0.00 minutes
Total time:
	user time   =      67.84 seconds =       1.13 minutes
	system time =      16.90 seconds =       0.28 minutes
	total time  =      61586 seconds =    1026.43 minutes

Scratch directory: /tmp/
   => Libint2 <=

    Primary   basis highest AM E, G, H:  6, 6, 3
    Auxiliary basis highest AM E, G, H:  7, 7, 4
    Onebody   basis highest AM E, G, H:  -, -, -
    Solid Harmonics ordering:            Gaussian

*** tstart() called on Angelinas-MacBook-Pro-574.local
*** at Thu Feb 12 13:23:14 2026

   => Loading Basis Set <=

    Name: CC-PVTZ
    Role: ORBITAL
    Keyword: BASIS
    atoms 1-2 entry H          line    23 file /opt/anaconda3/envs/psi4/share/psi4/basis/cc-pvtz.gbs 


         ---------------------------------------------------------
                                   SCF
               by Justin Turney, Rob Parrish, Andy Simmonett
                          and Daniel G. A. Smith
                              UHF Reference
                        4 Threads,   1907 MiB Core
         ---------------------------------------------------------

  ==> Geometry <==

    Molecular point group: c1
    Full point group: D_inf_h

    Geometry (in Angstrom), charge = 1, multiplicity = 2:

       Center              X                  Y                   Z               Mass       
    ------------   -----------------  -----------------  -----------------  -----------------
         H            0.000000000000     0.000000000000    -1.539393939394     1.007825032230
         H            0.000000000000     0.000000000000     1.539393939394     1.007825032230

  Running in c1 symmetry.

  Rotational constants: A = ************  B =      3.52925  C =      3.52925 [cm^-1]
  Rotational constants: A = ************  B = 105804.10498  C = 105804.10498 [MHz]
  Nuclear repulsion =    0.171878424725492

  Charge       = 1
  Multiplicity = 2
  Electrons    = 1
  Nalpha       = 1
  Nbeta        = 0

  ==> Algorithm <==

  SCF Algorithm Type is DF.
  DIIS enabled.
  MOM disabled.
  Fractional occupation disabled.
  Guess Type is SAD.
  Energy threshold   = 1.00e-10
  Density threshold  = 1.00e-10
  Integral threshold = 1.00e-12

  ==> Primary Basis <==

  Basis Set: CC-PVTZ
    Blend: CC-PVTZ
    Number of shells: 12
    Number of basis functions: 28
    Number of Cartesian functions: 30
    Spherical Harmonics?: true
    Max angular momentum: 2

   => Loading Basis Set <=

    Name: (CC-PVTZ AUX)
    Role: JKFIT
    Keyword: DF_BASIS_SCF
    atoms 1-2 entry H          line    51 file /opt/anaconda3/envs/psi4/share/psi4/basis/cc-pvtz-jkfit.gbs 

  ==> Integral Setup <==

  DFHelper Memory: AOs need 0.001 GiB; user supplied 1.397 GiB. 
  SCF_SUBTYPE=INCORE selected. In-core MEM_DF algorithm will be used.
  Using in-core AOs.

  ==> MemDFJK: Density-Fitted J/K Matrices <==

    J tasked:                   Yes
    K tasked:                   Yes
    wK tasked:                   No
    OpenMP threads:               4
    Memory [MiB]:              1430
    Algorithm:                 Core
    Schwarz Cutoff:           1E-12
    Mask sparsity (%):       0.0000
    Fitting Condition:        1E-10

   => Auxiliary Basis Set <=

  Basis Set: (CC-PVTZ AUX)
    Blend: CC-PVTZ-JKFIT
    Number of shells: 20
    Number of basis functions: 60
    Number of Cartesian functions: 70
    Spherical Harmonics?: true
    Max angular momentum: 3

  Minimum eigenvalue in the overlap matrix is 9.3205469007E-02.
  Reciprocal condition number of the overlap matrix is 3.9242543310E-02.
    Using symmetric orthogonalization.

  ==> Pre-Iterations <==

  SCF Guess: Superposition of Atomic Densities via on-the-fly atomic UHF (no occupation information).

   -------------------------
    Irrep   Nso     Nmo    
   -------------------------
     A         28      28 
   -------------------------
    Total      28      28
   -------------------------

  ==> Iterations <==

                           Total Energy        Delta E     RMS |[F,P]|

   @DF-UHF iter SAD:    -0.83277963372837   -8.32780e-01   0.00000e+00 
   @DF-UHF iter   1:    -0.49069007116318    3.42090e-01   3.92840e-03 DIIS/ADIIS
   @DF-UHF iter   2:    -0.50963598180728   -1.89459e-02   1.22727e-03 DIIS/ADIIS
   @DF-UHF iter   3:    -0.51173896430550   -2.10298e-03   7.85824e-05 DIIS
   @DF-UHF iter   4:    -0.51174665842302   -7.69412e-06   1.08192e-05 DIIS
   @DF-UHF iter   5:    -0.51174678299491   -1.24572e-07   3.80036e-07 DIIS
   @DF-UHF iter   6:    -0.51174678316772   -1.72810e-10   2.57857e-09 DIIS
   @DF-UHF iter   7:    -0.51174678316772   -2.44249e-15   2.09478e-11 DIIS
  Energy and wave function converged.


  ==> Post-Iterations <==

   @Spin Contamination Metric:   0.000000000E+00
   @S^2 Expected:                7.500000000E-01
   @S^2 Observed:                7.500000000E-01
   @S   Expected:                5.000000000E-01
   @S   Observed:                5.000000000E-01

    Orbital Energies [Eh]
    ---------------------

    Alpha Occupied:                                                       

       1A     -0.683625  

    Alpha Virtual:                                                        

       2A     -0.485849     3A      0.081255     4A      0.142757  
       5A      0.402355     6A      0.427477     7A      0.427477  
       8A      0.438874     9A      0.438874    10A      0.495476  
      11A      2.102272    12A      2.107849    13A      3.037915  
      14A      3.037915    15A      3.038237    16A      3.038237  
      17A      3.038510    18A      3.039394    19A      3.039394  
      20A      3.039458    21A      3.039458    22A      3.040137  
      23A      3.403366    24A      3.429638    25A      3.429638  
      26A      3.436659    27A      3.436659    28A      3.486923  

    Beta Occupied:                                                        

    

    Beta Virtual:                                                         

       1A     -0.306144     2A     -0.273748     3A      0.139698  
       4A      0.189533     5A      0.456453     6A      0.477971  
       7A      0.477971     8A      0.485326     9A      0.485326  
      10A      0.539963    11A      2.161068    12A      2.166576  
      13A      3.064999    14A      3.064999    15A      3.065020  
      16A      3.065020    17A      3.065846    18A      3.065949  
      19A      3.065949    20A      3.065950    21A      3.065950  
      22A      3.067094    23A      3.444963    24A      3.470445  
      25A      3.470445    26A      3.477318    27A      3.477318  
      28A      3.527052  

    Final Occupation by Irrep:
              A 
    DOCC [     0 ]
    SOCC [     1 ]
    NA   [     1 ]
    NB   [     0 ]

  @DF-UHF Final Energy:    -0.51174678316772

   => Energetics <=

    Nuclear Repulsion Energy =              0.1718784247254921
    One-Electron Energy =                  -0.6836252078932147
    Two-Electron Energy =                   0.0000000000000000
    Total Energy =                         -0.5117467831677225

  UHF NO Occupations:
  HONO-0 :    1  A 1.0000000
  LUNO+0 :    2  A 0.0000000
  LUNO+1 :    3  A 0.0000000
  LUNO+2 :    4  A 0.0000000
  LUNO+3 :    5  A 0.0000000


Computation Completed


Properties will be evaluated at   0.000000,   0.000000,   0.000000 [a0]

Properties computed using the SCF density matrix


 Multipole Moments:

 ------------------------------------------------------------------------------------
     Multipole            Electronic (a.u.)      Nuclear  (a.u.)        Total (a.u.)
 ------------------------------------------------------------------------------------

 L = 1.  Multiply by 2.5417464519 to convert [e a0] to [Debye]
 Dipole X            :         -0.0000000            0.0000000           -0.0000000
 Dipole Y            :         -0.0000000            0.0000000           -0.0000000
 Dipole Z            :         -0.0000000            0.0000000           -0.0000000
 Magnitude           :                                                    0.0000000

 ------------------------------------------------------------------------------------

*** tstop() called on Angelinas-MacBook-Pro-574.local at Thu Feb 12 13:23:14 2026
Module time:
	user time   =       0.06 seconds =       0.00 minutes
	system time =       0.00 seconds =       0.00 minutes
	total time  =          0 seconds =       0.00 minutes
Total time:
	user time   =      67.91 seconds =       1.13 minutes
	system time =      16.90 seconds =       0.28 minutes
	total time  =      61586 seconds =    1026.43 minutes

Scratch directory: /tmp/
   => Libint2 <=

    Primary   basis highest AM E, G, H:  6, 6, 3
    Auxiliary basis highest AM E, G, H:  7, 7, 4
    Onebody   basis highest AM E, G, H:  -, -, -
    Solid Harmonics ordering:            Gaussian

*** tstart() called on Angelinas-MacBook-Pro-574.local
*** at Thu Feb 12 13:23:14 2026

   => Loading Basis Set <=

    Name: CC-PVTZ
    Role: ORBITAL
    Keyword: BASIS
    atoms 1-2 entry H          line    23 file /opt/anaconda3/envs/psi4/share/psi4/basis/cc-pvtz.gbs 


         ---------------------------------------------------------
                                   SCF
               by Justin Turney, Rob Parrish, Andy Simmonett
                          and Daniel G. A. Smith
                              UHF Reference
                        4 Threads,   1907 MiB Core
         ---------------------------------------------------------

  ==> Geometry <==

    Molecular point group: c1
    Full point group: D_inf_h

    Geometry (in Angstrom), charge = 1, multiplicity = 2:

       Center              X                  Y                   Z               Mass       
    ------------   -----------------  -----------------  -----------------  -----------------
         H            0.000000000000     0.000000000000    -1.558585858586     1.007825032230
         H            0.000000000000     0.000000000000     1.558585858586     1.007825032230

  Running in c1 symmetry.

  Rotational constants: A = ************  B =      3.44286  C =      3.44286 [cm^-1]
  Rotational constants: A = ************  B = 103214.47304  C = 103214.47304 [MHz]
  Nuclear repulsion =    0.169761969722391

  Charge       = 1
  Multiplicity = 2
  Electrons    = 1
  Nalpha       = 1
  Nbeta        = 0

  ==> Algorithm <==

  SCF Algorithm Type is DF.
  DIIS enabled.
  MOM disabled.
  Fractional occupation disabled.
  Guess Type is SAD.
  Energy threshold   = 1.00e-10
  Density threshold  = 1.00e-10
  Integral threshold = 1.00e-12

  ==> Primary Basis <==

  Basis Set: CC-PVTZ
    Blend: CC-PVTZ
    Number of shells: 12
    Number of basis functions: 28
    Number of Cartesian functions: 30
    Spherical Harmonics?: true
    Max angular momentum: 2

   => Loading Basis Set <=

    Name: (CC-PVTZ AUX)
    Role: JKFIT
    Keyword: DF_BASIS_SCF
    atoms 1-2 entry H          line    51 file /opt/anaconda3/envs/psi4/share/psi4/basis/cc-pvtz-jkfit.gbs 

  ==> Integral Setup <==

  DFHelper Memory: AOs need 0.001 GiB; user supplied 1.397 GiB. 
  SCF_SUBTYPE=INCORE selected. In-core MEM_DF algorithm will be used.
  Using in-core AOs.

  ==> MemDFJK: Density-Fitted J/K Matrices <==

    J tasked:                   Yes
    K tasked:                   Yes
    wK tasked:                   No
    OpenMP threads:               4
    Memory [MiB]:              1430
    Algorithm:                 Core
    Schwarz Cutoff:           1E-12
    Mask sparsity (%):       0.0000
    Fitting Condition:        1E-10

   => Auxiliary Basis Set <=

  Basis Set: (CC-PVTZ AUX)
    Blend: CC-PVTZ-JKFIT
    Number of shells: 20
    Number of basis functions: 60
    Number of Cartesian functions: 70
    Spherical Harmonics?: true
    Max angular momentum: 3

  Minimum eigenvalue in the overlap matrix is 9.3525476927E-02.
  Reciprocal condition number of the overlap matrix is 3.9488148475E-02.
    Using symmetric orthogonalization.

  ==> Pre-Iterations <==

  SCF Guess: Superposition of Atomic Densities via on-the-fly atomic UHF (no occupation information).

   -------------------------
    Irrep   Nso     Nmo    
   -------------------------
     A         28      28 
   -------------------------
    Total      28      28
   -------------------------

  ==> Iterations <==

                           Total Energy        Delta E     RMS |[F,P]|

   @DF-UHF iter SAD:    -0.83267682776923   -8.32677e-01   0.00000e+00 
   @DF-UHF iter   1:    -0.49008665996624    3.42590e-01   3.91143e-03 DIIS/ADIIS
   @DF-UHF iter   2:    -0.50897605783534   -1.88894e-02   1.22399e-03 DIIS/ADIIS
   @DF-UHF iter   3:    -0.51108094591589   -2.10489e-03   7.75219e-05 DIIS
   @DF-UHF iter   4:    -0.51108844988382   -7.50397e-06   1.05938e-05 DIIS
   @DF-UHF iter   5:    -0.51108856852553   -1.18642e-07   3.72421e-07 DIIS
   @DF-UHF iter   6:    -0.51108856868864   -1.63117e-10   3.15318e-09 DIIS
   @DF-UHF iter   7:    -0.51108856868865   -4.77396e-15   2.17315e-11 DIIS
  Energy and wave function converged.


  ==> Post-Iterations <==

   @Spin Contamination Metric:   0.000000000E+00
   @S^2 Expected:                7.500000000E-01
   @S^2 Observed:                7.500000000E-01
   @S   Expected:                5.000000000E-01
   @S   Observed:                5.000000000E-01

    Orbital Energies [Eh]
    ---------------------

    Alpha Occupied:                                                       

       1A     -0.680851  

    Alpha Virtual:                                                        

       2A     -0.486648     3A      0.080828     4A      0.144114  
       5A      0.406504     6A      0.428978     7A      0.428978  
       8A      0.439269     9A      0.439269    10A      0.490788  
      11A      2.101335    12A      2.109711    13A      3.038998  
      14A      3.038998    15A      3.039295    16A      3.039295  
      17A      3.039586    18A      3.040422    19A      3.040422  
      20A      3.040481    21A      3.040481    22A      3.041059  
      23A      3.407855    24A      3.431169    25A      3.431169  
      26A      3.437242    27A      3.437242    28A      3.482441  

    Beta Occupied:                                                        

    

    Beta Virtual:                                                         

       1A     -0.304567     2A     -0.273491     3A      0.139244  
       4A      0.191096     5A      0.460416     6A      0.479410  
       7A      0.479410     8A      0.485814     9A      0.485814  
      10A      0.535456    11A      2.160310    12A      2.168535  
      13A      3.066086    14A      3.066086    15A      3.066099  
      16A      3.066099    17A      3.066913    18A      3.067012  
      19A      3.067012    20A      3.067013    21A      3.067013  
      22A      3.068015    23A      3.449451    24A      3.472045  
      25A      3.472045    26A      3.477987    27A      3.477987  
      28A      3.522723  

    Final Occupation by Irrep:
              A 
    DOCC [     0 ]
    SOCC [     1 ]
    NA   [     1 ]
    NB   [     0 ]

  @DF-UHF Final Energy:    -0.51108856868865

   => Energetics <=

    Nuclear Repulsion Energy =              0.1697619697223915
    One-Electron Energy =                  -0.6808505384110392
    Two-Electron Energy =                  -0.0000000000000000
    Total Energy =                         -0.5110885686886477

  UHF NO Occupations:
  HONO-0 :    1  A 1.0000000
  LUNO+0 :    2  A 0.0000000
  LUNO+1 :    3  A 0.0000000
  LUNO+2 :    4  A 0.0000000
  LUNO+3 :    5  A 0.0000000


Computation Completed


Properties will be evaluated at   0.000000,   0.000000,   0.000000 [a0]

Properties computed using the SCF density matrix


 Multipole Moments:

 ------------------------------------------------------------------------------------
     Multipole            Electronic (a.u.)      Nuclear  (a.u.)        Total (a.u.)
 ------------------------------------------------------------------------------------

 L = 1.  Multiply by 2.5417464519 to convert [e a0] to [Debye]
 Dipole X            :         -0.0000000            0.0000000           -0.0000000
 Dipole Y            :          0.0000000            0.0000000            0.0000000
 Dipole Z            :          0.0000000            0.0000000            0.0000000
 Magnitude           :                                                    0.0000000

 ------------------------------------------------------------------------------------

*** tstop() called on Angelinas-MacBook-Pro-574.local at Thu Feb 12 13:23:14 2026
Module time:
	user time   =       0.06 seconds =       0.00 minutes
	system time =       0.01 seconds =       0.00 minutes
	total time  =          0 seconds =       0.00 minutes
Total time:
	user time   =      67.98 seconds =       1.13 minutes
	system time =      16.91 seconds =       0.28 minutes
	total time  =      61586 seconds =    1026.43 minutes

Scratch directory: /tmp/
   => Libint2 <=

    Primary   basis highest AM E, G, H:  6, 6, 3
    Auxiliary basis highest AM E, G, H:  7, 7, 4
    Onebody   basis highest AM E, G, H:  -, -, -
    Solid Harmonics ordering:            Gaussian

*** tstart() called on Angelinas-MacBook-Pro-574.local
*** at Thu Feb 12 13:23:14 2026

   => Loading Basis Set <=

    Name: CC-PVTZ
    Role: ORBITAL
    Keyword: BASIS
    atoms 1-2 entry H          line    23 file /opt/anaconda3/envs/psi4/share/psi4/basis/cc-pvtz.gbs 


         ---------------------------------------------------------
                                   SCF
               by Justin Turney, Rob Parrish, Andy Simmonett
                          and Daniel G. A. Smith
                              UHF Reference
                        4 Threads,   1907 MiB Core
         ---------------------------------------------------------

  ==> Geometry <==

    Molecular point group: c1
    Full point group: D_inf_h

    Geometry (in Angstrom), charge = 1, multiplicity = 2:

       Center              X                  Y                   Z               Mass       
    ------------   -----------------  -----------------  -----------------  -----------------
         H            0.000000000000     0.000000000000    -1.577777777778     1.007825032230
         H            0.000000000000     0.000000000000     1.577777777778     1.007825032230

  Running in c1 symmetry.

  Rotational constants: A = ************  B =      3.35962  C =      3.35962 [cm^-1]
  Rotational constants: A = ************  B = 100718.76519  C = 100718.76519 [MHz]
  Nuclear repulsion =    0.167697003381338

  Charge       = 1
  Multiplicity = 2
  Electrons    = 1
  Nalpha       = 1
  Nbeta        = 0

  ==> Algorithm <==

  SCF Algorithm Type is DF.
  DIIS enabled.
  MOM disabled.
  Fractional occupation disabled.
  Guess Type is SAD.
  Energy threshold   = 1.00e-10
  Density threshold  = 1.00e-10
  Integral threshold = 1.00e-12

  ==> Primary Basis <==

  Basis Set: CC-PVTZ
    Blend: CC-PVTZ
    Number of shells: 12
    Number of basis functions: 28
    Number of Cartesian functions: 30
    Spherical Harmonics?: true
    Max angular momentum: 2

   => Loading Basis Set <=

    Name: (CC-PVTZ AUX)
    Role: JKFIT
    Keyword: DF_BASIS_SCF
    atoms 1-2 entry H          line    51 file /opt/anaconda3/envs/psi4/share/psi4/basis/cc-pvtz-jkfit.gbs 

  ==> Integral Setup <==

  DFHelper Memory: AOs need 0.001 GiB; user supplied 1.397 GiB. 
  SCF_SUBTYPE=INCORE selected. In-core MEM_DF algorithm will be used.
  Using in-core AOs.

  ==> MemDFJK: Density-Fitted J/K Matrices <==

    J tasked:                   Yes
    K tasked:                   Yes
    wK tasked:                   No
    OpenMP threads:               4
    Memory [MiB]:              1430
    Algorithm:                 Core
    Schwarz Cutoff:           1E-12
    Mask sparsity (%):       0.0000
    Fitting Condition:        1E-10

   => Auxiliary Basis Set <=

  Basis Set: (CC-PVTZ AUX)
    Blend: CC-PVTZ-JKFIT
    Number of shells: 20
    Number of basis functions: 60
    Number of Cartesian functions: 70
    Spherical Harmonics?: true
    Max angular momentum: 3

  Minimum eigenvalue in the overlap matrix is 9.3846732708E-02.
  Reciprocal condition number of the overlap matrix is 3.9729598376E-02.
    Using symmetric orthogonalization.

  ==> Pre-Iterations <==

  SCF Guess: Superposition of Atomic Densities via on-the-fly atomic UHF (no occupation information).

   -------------------------
    Irrep   Nso     Nmo    
   -------------------------
     A         28      28 
   -------------------------
    Total      28      28
   -------------------------

  ==> Iterations <==

                           Total Energy        Delta E     RMS |[F,P]|

   @DF-UHF iter SAD:    -0.83260805055939   -8.32608e-01   0.00000e+00 
   @DF-UHF iter   1:    -0.48950447611609    3.43104e-01   3.89582e-03 DIIS/ADIIS
   @DF-UHF iter   2:    -0.50834975784099   -1.88453e-02   1.22101e-03 DIIS/ADIIS
   @DF-UHF iter   3:    -0.51045691906836   -2.10716e-03   7.63230e-05 DIIS
   @DF-UHF iter   4:    -0.51046420302036   -7.28395e-06   1.03612e-05 DIIS
   @DF-UHF iter   5:    -0.51046431576254   -1.12742e-07   3.65529e-07 DIIS
   @DF-UHF iter   6:    -0.51046431591681   -1.54279e-10   3.66811e-09 DIIS
   @DF-UHF iter   7:    -0.51046431591682   -6.10623e-15   2.23545e-11 DIIS
  Energy and wave function converged.


  ==> Post-Iterations <==

   @Spin Contamination Metric:   0.000000000E+00
   @S^2 Expected:                7.500000000E-01
   @S^2 Observed:                7.500000000E-01
   @S   Expected:                5.000000000E-01
   @S   Observed:                5.000000000E-01

    Orbital Energies [Eh]
    ---------------------

    Alpha Occupied:                                                       

       1A     -0.678161  

    Alpha Virtual:                                                        

       2A     -0.487401     3A      0.080500     4A      0.145436  
       5A      0.410342     6A      0.430406     7A      0.430406  
       8A      0.439709     9A      0.439709    10A      0.486462  
      11A      2.100293    12A      2.111633    13A      3.040066  
      14A      3.040066    15A      3.040340    16A      3.040340  
      17A      3.040626    18A      3.041438    19A      3.041438  
      20A      3.041494    21A      3.041494    22A      3.041964  
      23A      3.412045    24A      3.432633    25A      3.432633  
      26A      3.437872    27A      3.437872    28A      3.478405  

    Beta Occupied:                                                        

    

    Beta Virtual:                                                         

       1A     -0.303019     2A     -0.273213     3A      0.138879  
       4A      0.192631     5A      0.464077     6A      0.480783  
       7A      0.480783     8A      0.486346     9A      0.486346  
      10A      0.531304    11A      2.159449    12A      2.170553  
      13A      3.067159    14A      3.067159    15A      3.067167  
      16A      3.067167    17A      3.067947    18A      3.068064  
      19A      3.068064    20A      3.068065    21A      3.068065  
      22A      3.068925    23A      3.453647    24A      3.473577  
      25A      3.473577    26A      3.478702    27A      3.478702  
      28A      3.518832  

    Final Occupation by Irrep:
              A 
    DOCC [     0 ]
    SOCC [     1 ]
    NA   [     1 ]
    NB   [     0 ]

  @DF-UHF Final Energy:    -0.51046431591682

   => Energetics <=

    Nuclear Repulsion Energy =              0.1676970033813380
    One-Electron Energy =                  -0.6781613192981586
    Two-Electron Energy =                   0.0000000000000000
    Total Energy =                         -0.5104643159168205

  UHF NO Occupations:
  HONO-0 :    1  A 1.0000000
  LUNO+0 :    2  A 0.0000000
  LUNO+1 :    3  A 0.0000000
  LUNO+2 :    4  A 0.0000000
  LUNO+3 :    5  A 0.0000000


Computation Completed


Properties will be evaluated at   0.000000,   0.000000,   0.000000 [a0]

Properties computed using the SCF density matrix


 Multipole Moments:

 ------------------------------------------------------------------------------------
     Multipole            Electronic (a.u.)      Nuclear  (a.u.)        Total (a.u.)
 ------------------------------------------------------------------------------------

 L = 1.  Multiply by 2.5417464519 to convert [e a0] to [Debye]
 Dipole X            :         -0.0000000            0.0000000           -0.0000000
 Dipole Y            :          0.0000000            0.0000000            0.0000000
 Dipole Z            :         -0.0000000            0.0000000           -0.0000000
 Magnitude           :                                                    0.0000000

 ------------------------------------------------------------------------------------

*** tstop() called on Angelinas-MacBook-Pro-574.local at Thu Feb 12 13:23:14 2026
Module time:
	user time   =       0.06 seconds =       0.00 minutes
	system time =       0.01 seconds =       0.00 minutes
	total time  =          0 seconds =       0.00 minutes
Total time:
	user time   =      68.05 seconds =       1.13 minutes
	system time =      16.92 seconds =       0.28 minutes
	total time  =      61586 seconds =    1026.43 minutes

Scratch directory: /tmp/
   => Libint2 <=

    Primary   basis highest AM E, G, H:  6, 6, 3
    Auxiliary basis highest AM E, G, H:  7, 7, 4
    Onebody   basis highest AM E, G, H:  -, -, -
    Solid Harmonics ordering:            Gaussian

*** tstart() called on Angelinas-MacBook-Pro-574.local
*** at Thu Feb 12 13:23:14 2026

   => Loading Basis Set <=

    Name: CC-PVTZ
    Role: ORBITAL
    Keyword: BASIS
    atoms 1-2 entry H          line    23 file /opt/anaconda3/envs/psi4/share/psi4/basis/cc-pvtz.gbs 


         ---------------------------------------------------------
                                   SCF
               by Justin Turney, Rob Parrish, Andy Simmonett
                          and Daniel G. A. Smith
                              UHF Reference
                        4 Threads,   1907 MiB Core
         ---------------------------------------------------------

  ==> Geometry <==

    Molecular point group: c1
    Full point group: D_inf_h

    Geometry (in Angstrom), charge = 1, multiplicity = 2:

       Center              X                  Y                   Z               Mass       
    ------------   -----------------  -----------------  -----------------  -----------------
         H            0.000000000000     0.000000000000    -1.596969696970     1.007825032230
         H            0.000000000000     0.000000000000     1.596969696970     1.007825032230

  Running in c1 symmetry.

  Rotational constants: A = ************  B =      3.27935  C =      3.27935 [cm^-1]
  Rotational constants: A = ************  B =  98312.49365  C =  98312.49365 [MHz]
  Nuclear repulsion =    0.165681669374858

  Charge       = 1
  Multiplicity = 2
  Electrons    = 1
  Nalpha       = 1
  Nbeta        = 0

  ==> Algorithm <==

  SCF Algorithm Type is DF.
  DIIS enabled.
  MOM disabled.
  Fractional occupation disabled.
  Guess Type is SAD.
  Energy threshold   = 1.00e-10
  Density threshold  = 1.00e-10
  Integral threshold = 1.00e-12

  ==> Primary Basis <==

  Basis Set: CC-PVTZ
    Blend: CC-PVTZ
    Number of shells: 12
    Number of basis functions: 28
    Number of Cartesian functions: 30
    Spherical Harmonics?: true
    Max angular momentum: 2

   => Loading Basis Set <=

    Name: (CC-PVTZ AUX)
    Role: JKFIT
    Keyword: DF_BASIS_SCF
    atoms 1-2 entry H          line    51 file /opt/anaconda3/envs/psi4/share/psi4/basis/cc-pvtz-jkfit.gbs 

  ==> Integral Setup <==

  DFHelper Memory: AOs need 0.001 GiB; user supplied 1.397 GiB. 
  SCF_SUBTYPE=INCORE selected. In-core MEM_DF algorithm will be used.
  Using in-core AOs.

  ==> MemDFJK: Density-Fitted J/K Matrices <==

    J tasked:                   Yes
    K tasked:                   Yes
    wK tasked:                   No
    OpenMP threads:               4
    Memory [MiB]:              1430
    Algorithm:                 Core
    Schwarz Cutoff:           1E-12
    Mask sparsity (%):       0.0000
    Fitting Condition:        1E-10

   => Auxiliary Basis Set <=

  Basis Set: (CC-PVTZ AUX)
    Blend: CC-PVTZ-JKFIT
    Number of shells: 20
    Number of basis functions: 60
    Number of Cartesian functions: 70
    Spherical Harmonics?: true
    Max angular momentum: 3

  Minimum eigenvalue in the overlap matrix is 9.4169486617E-02.
  Reciprocal condition number of the overlap matrix is 3.9967157487E-02.
    Using symmetric orthogonalization.

  ==> Pre-Iterations <==

  SCF Guess: Superposition of Atomic Densities via on-the-fly atomic UHF (no occupation information).

   -------------------------
    Irrep   Nso     Nmo    
   -------------------------
     A         28      28 
   -------------------------
    Total      28      28
   -------------------------

  ==> Iterations <==

                           Total Energy        Delta E     RMS |[F,P]|

   @DF-UHF iter SAD:    -0.83257008696293   -8.32570e-01   0.00000e+00 
   @DF-UHF iter   1:    -0.48894324098058    3.43627e-01   3.88150e-03 DIIS/ADIIS
   @DF-UHF iter   2:    -0.50775566533783   -1.88124e-02   1.21828e-03 DIIS/ADIIS
   @DF-UHF iter   3:    -0.50986531714904   -2.10965e-03   7.50021e-05 DIIS
   @DF-UHF iter   4:    -0.50987235631470   -7.03917e-06   1.01233e-05 DIIS
   @DF-UHF iter   5:    -0.50987246324532   -1.06931e-07   3.59267e-07 DIIS
   @DF-UHF iter   6:    -0.50987246339152   -1.46201e-10   4.12280e-09 DIIS
   @DF-UHF iter   7:    -0.50987246339152   -7.10543e-15   2.28601e-11 DIIS
  Energy and wave function converged.


  ==> Post-Iterations <==

   @Spin Contamination Metric:   0.000000000E+00
   @S^2 Expected:                7.500000000E-01
   @S^2 Observed:                7.500000000E-01
   @S   Expected:                5.000000000E-01
   @S   Observed:                5.000000000E-01

    Orbital Energies [Eh]
    ---------------------

    Alpha Occupied:                                                       

       1A     -0.675554  

    Alpha Virtual:                                                        

       2A     -0.488112     3A      0.080269     4A      0.146715  
       5A      0.413884     6A      0.431768     7A      0.431768  
       8A      0.440189     9A      0.440189    10A      0.482485  
      11A      2.099180    12A      2.113593    13A      3.041119  
      14A      3.041119    15A      3.041373    16A      3.041373  
      17A      3.041636    18A      3.042442    19A      3.042442  
      20A      3.042494    21A      3.042494    22A      3.042855  
      23A      3.415937    24A      3.434034    25A      3.434034  
      26A      3.438541    27A      3.438541    28A      3.474790  

    Beta Occupied:                                                        

    

    Beta Virtual:                                                         

       1A     -0.301498     2A     -0.272916     3A      0.138602  
       4A      0.194130     5A      0.467452     6A      0.482094  
       7A      0.482094     8A      0.486915     9A      0.486915  
      10A      0.527497    11A      2.158516    12A      2.172607  
      13A      3.068220    14A      3.068220    15A      3.068225  
      16A      3.068225    17A      3.068954    18A      3.069105  
      19A      3.069105    20A      3.069105    21A      3.069105  
      22A      3.069824    23A      3.457551    24A      3.475047  
      25A      3.475047    26A      3.479455    27A      3.479455  
      28A      3.515355  

    Final Occupation by Irrep:
              A 
    DOCC [     0 ]
    SOCC [     1 ]
    NA   [     1 ]
    NB   [     0 ]

  @DF-UHF Final Energy:    -0.50987246339152

   => Energetics <=

    Nuclear Repulsion Energy =              0.1656816693748577
    One-Electron Energy =                  -0.6755541327663823
    Two-Electron Energy =                  -0.0000000000000000
    Total Energy =                         -0.5098724633915246

  UHF NO Occupations:
  HONO-0 :    1  A 1.0000000
  LUNO+0 :    2  A 0.0000000
  LUNO+1 :    3  A 0.0000000
  LUNO+2 :    4  A 0.0000000
  LUNO+3 :    5  A 0.0000000


Computation Completed


Properties will be evaluated at   0.000000,   0.000000,   0.000000 [a0]

Properties computed using the SCF density matrix


 Multipole Moments:

 ------------------------------------------------------------------------------------
     Multipole            Electronic (a.u.)      Nuclear  (a.u.)        Total (a.u.)
 ------------------------------------------------------------------------------------

 L = 1.  Multiply by 2.5417464519 to convert [e a0] to [Debye]
 Dipole X            :          0.0000000            0.0000000            0.0000000
 Dipole Y            :          0.0000000            0.0000000            0.0000000
 Dipole Z            :          0.0000000            0.0000000            0.0000000
 Magnitude           :                                                    0.0000000

 ------------------------------------------------------------------------------------

*** tstop() called on Angelinas-MacBook-Pro-574.local at Thu Feb 12 13:23:14 2026
Module time:
	user time   =       0.05 seconds =       0.00 minutes
	system time =       0.00 seconds =       0.00 minutes
	total time  =          0 seconds =       0.00 minutes
Total time:
	user time   =      68.11 seconds =       1.14 minutes
	system time =      16.92 seconds =       0.28 minutes
	total time  =      61586 seconds =    1026.43 minutes

Scratch directory: /tmp/
   => Libint2 <=

    Primary   basis highest AM E, G, H:  6, 6, 3
    Auxiliary basis highest AM E, G, H:  7, 7, 4
    Onebody   basis highest AM E, G, H:  -, -, -
    Solid Harmonics ordering:            Gaussian

*** tstart() called on Angelinas-MacBook-Pro-574.local
*** at Thu Feb 12 13:23:14 2026

   => Loading Basis Set <=

    Name: CC-PVTZ
    Role: ORBITAL
    Keyword: BASIS
    atoms 1-2 entry H          line    23 file /opt/anaconda3/envs/psi4/share/psi4/basis/cc-pvtz.gbs 


         ---------------------------------------------------------
                                   SCF
               by Justin Turney, Rob Parrish, Andy Simmonett
                          and Daniel G. A. Smith
                              UHF Reference
                        4 Threads,   1907 MiB Core
         ---------------------------------------------------------

  ==> Geometry <==

    Molecular point group: c1
    Full point group: D_inf_h

    Geometry (in Angstrom), charge = 1, multiplicity = 2:

       Center              X                  Y                   Z               Mass       
    ------------   -----------------  -----------------  -----------------  -----------------
         H            0.000000000000     0.000000000000    -1.616161616162     1.007825032230
         H            0.000000000000     0.000000000000     1.616161616162     1.007825032230

  Running in c1 symmetry.

  Rotational constants: A = ************  B =      3.20193  C =      3.20193 [cm^-1]
  Rotational constants: A = ************  B =  95991.43552  C =  95991.43552 [MHz]
  Nuclear repulsion =    0.163714199551031

  Charge       = 1
  Multiplicity = 2
  Electrons    = 1
  Nalpha       = 1
  Nbeta        = 0

  ==> Algorithm <==

  SCF Algorithm Type is DF.
  DIIS enabled.
  MOM disabled.
  Fractional occupation disabled.
  Guess Type is SAD.
  Energy threshold   = 1.00e-10
  Density threshold  = 1.00e-10
  Integral threshold = 1.00e-12

  ==> Primary Basis <==

  Basis Set: CC-PVTZ
    Blend: CC-PVTZ
    Number of shells: 12
    Number of basis functions: 28
    Number of Cartesian functions: 30
    Spherical Harmonics?: true
    Max angular momentum: 2

   => Loading Basis Set <=

    Name: (CC-PVTZ AUX)
    Role: JKFIT
    Keyword: DF_BASIS_SCF
    atoms 1-2 entry H          line    51 file /opt/anaconda3/envs/psi4/share/psi4/basis/cc-pvtz-jkfit.gbs 

  ==> Integral Setup <==

  DFHelper Memory: AOs need 0.001 GiB; user supplied 1.397 GiB. 
  SCF_SUBTYPE=INCORE selected. In-core MEM_DF algorithm will be used.
  Using in-core AOs.

  ==> MemDFJK: Density-Fitted J/K Matrices <==

    J tasked:                   Yes
    K tasked:                   Yes
    wK tasked:                   No
    OpenMP threads:               4
    Memory [MiB]:              1430
    Algorithm:                 Core
    Schwarz Cutoff:           1E-12
    Mask sparsity (%):       0.0000
    Fitting Condition:        1E-10

   => Auxiliary Basis Set <=

  Basis Set: (CC-PVTZ AUX)
    Blend: CC-PVTZ-JKFIT
    Number of shells: 20
    Number of basis functions: 60
    Number of Cartesian functions: 70
    Spherical Harmonics?: true
    Max angular momentum: 3

  Minimum eigenvalue in the overlap matrix is 9.4493931150E-02.
  Reciprocal condition number of the overlap matrix is 4.0201065328E-02.
    Using symmetric orthogonalization.

  ==> Pre-Iterations <==

  SCF Guess: Superposition of Atomic Densities via on-the-fly atomic UHF (no occupation information).

   -------------------------
    Irrep   Nso     Nmo    
   -------------------------
     A         28      28 
   -------------------------
    Total      28      28
   -------------------------

  ==> Iterations <==

                           Total Energy        Delta E     RMS |[F,P]|

   @DF-UHF iter SAD:    -0.83255995738957   -8.32560e-01   0.00000e+00 
   @DF-UHF iter   1:    -0.48840266289826    3.44157e-01   3.86842e-03 DIIS/ADIIS
   @DF-UHF iter   2:    -0.50719240185301   -1.87897e-02   1.21578e-03 DIIS/ADIIS
   @DF-UHF iter   3:    -0.50930462803903   -2.11223e-03   7.35750e-05 DIIS
   @DF-UHF iter   4:    -0.50931140257407   -6.77454e-06   9.88182e-06 DIIS
   @DF-UHF iter   5:    -0.50931150382551   -1.01251e-07   3.53549e-07 DIIS
   @DF-UHF iter   6:    -0.50931150396431   -1.38800e-10   4.51795e-09 DIIS
   @DF-UHF iter   7:    -0.50931150396432   -9.43690e-15   2.32702e-11 DIIS
  Energy and wave function converged.


  ==> Post-Iterations <==

   @Spin Contamination Metric:   0.000000000E+00
   @S^2 Expected:                7.500000000E-01
   @S^2 Observed:                7.500000000E-01
   @S   Expected:                5.000000000E-01
   @S   Observed:                5.000000000E-01

    Orbital Energies [Eh]
    ---------------------

    Alpha Occupied:                                                       

       1A     -0.673026  

    Alpha Virtual:                                                        

       2A     -0.488783     3A      0.080134     4A      0.147943  
       5A      0.417148     6A      0.433068     7A      0.433068  
       8A      0.440703     9A      0.440703    10A      0.478847  
      11A      2.098024    12A      2.115569    13A      3.042156  
      14A      3.042156    15A      3.042393    16A      3.042393  
      17A      3.042622    18A      3.043434    19A      3.043434  
      20A      3.043483    21A      3.043483    22A      3.043734  
      23A      3.419537    24A      3.435375    25A      3.435375  
      26A      3.439245    27A      3.439245    28A      3.471568  

    Beta Occupied:                                                        

    

    Beta Virtual:                                                         

       1A     -0.300007     2A     -0.272603     3A      0.138412  
       4A      0.195585     5A      0.470557     6A      0.483349  
       7A      0.483349     8A      0.487516     9A      0.487516  
      10A      0.524022    11A      2.157539    12A      2.174677  
      13A      3.069266    14A      3.069266    15A      3.069269  
      16A      3.069269    17A      3.069938    18A      3.070133  
      19A      3.070133    20A      3.070133    21A      3.070133  
      22A      3.070714    23A      3.461168    24A      3.476458  
      25A      3.476458    26A      3.480240    27A      3.480240  
      28A      3.512265  

    Final Occupation by Irrep:
              A 
    DOCC [     0 ]
    SOCC [     1 ]
    NA   [     1 ]
    NB   [     0 ]

  @DF-UHF Final Energy:    -0.50931150396432

   => Energetics <=

    Nuclear Repulsion Energy =              0.1637141995510313
    One-Electron Energy =                  -0.6730257035153477
    Two-Electron Energy =                  -0.0000000000000000
    Total Energy =                         -0.5093115039643165

  UHF NO Occupations:
  HONO-0 :    1  A 1.0000000
  LUNO+0 :    2  A 0.0000000
  LUNO+1 :    3  A 0.0000000
  LUNO+2 :    4  A 0.0000000
  LUNO+3 :    5  A 0.0000000


Computation Completed


Properties will be evaluated at   0.000000,   0.000000,   0.000000 [a0]

Properties computed using the SCF density matrix


 Multipole Moments:

 ------------------------------------------------------------------------------------
     Multipole            Electronic (a.u.)      Nuclear  (a.u.)        Total (a.u.)
 ------------------------------------------------------------------------------------

 L = 1.  Multiply by 2.5417464519 to convert [e a0] to [Debye]
 Dipole X            :         -0.0000000            0.0000000           -0.0000000
 Dipole Y            :         -0.0000000            0.0000000           -0.0000000
 Dipole Z            :          0.0000000            0.0000000            0.0000000
 Magnitude           :                                                    0.0000000

 ------------------------------------------------------------------------------------

*** tstop() called on Angelinas-MacBook-Pro-574.local at Thu Feb 12 13:23:14 2026
Module time:
	user time   =       0.05 seconds =       0.00 minutes
	system time =       0.01 seconds =       0.00 minutes
	total time  =          0 seconds =       0.00 minutes
Total time:
	user time   =      68.18 seconds =       1.14 minutes
	system time =      16.93 seconds =       0.28 minutes
	total time  =      61586 seconds =    1026.43 minutes

Scratch directory: /tmp/
   => Libint2 <=

    Primary   basis highest AM E, G, H:  6, 6, 3
    Auxiliary basis highest AM E, G, H:  7, 7, 4
    Onebody   basis highest AM E, G, H:  -, -, -
    Solid Harmonics ordering:            Gaussian

*** tstart() called on Angelinas-MacBook-Pro-574.local
*** at Thu Feb 12 13:23:14 2026

   => Loading Basis Set <=

    Name: CC-PVTZ
    Role: ORBITAL
    Keyword: BASIS
    atoms 1-2 entry H          line    23 file /opt/anaconda3/envs/psi4/share/psi4/basis/cc-pvtz.gbs 


         ---------------------------------------------------------
                                   SCF
               by Justin Turney, Rob Parrish, Andy Simmonett
                          and Daniel G. A. Smith
                              UHF Reference
                        4 Threads,   1907 MiB Core
         ---------------------------------------------------------

  ==> Geometry <==

    Molecular point group: c1
    Full point group: D_inf_h

    Geometry (in Angstrom), charge = 1, multiplicity = 2:

       Center              X                  Y                   Z               Mass       
    ------------   -----------------  -----------------  -----------------  -----------------
         H            0.000000000000     0.000000000000    -1.635353535354     1.007825032230
         H            0.000000000000     0.000000000000     1.635353535354     1.007825032230

  Running in c1 symmetry.

  Rotational constants: A = ************  B =      3.12722  C =      3.12722 [cm^-1]
  Rotational constants: A = ************  B =  93751.61424  C =  93751.61424 [MHz]
  Nuclear repulsion =    0.161792908759512

  Charge       = 1
  Multiplicity = 2
  Electrons    = 1
  Nalpha       = 1
  Nbeta        = 0

  ==> Algorithm <==

  SCF Algorithm Type is DF.
  DIIS enabled.
  MOM disabled.
  Fractional occupation disabled.
  Guess Type is SAD.
  Energy threshold   = 1.00e-10
  Density threshold  = 1.00e-10
  Integral threshold = 1.00e-12

  ==> Primary Basis <==

  Basis Set: CC-PVTZ
    Blend: CC-PVTZ
    Number of shells: 12
    Number of basis functions: 28
    Number of Cartesian functions: 30
    Spherical Harmonics?: true
    Max angular momentum: 2

   => Loading Basis Set <=

    Name: (CC-PVTZ AUX)
    Role: JKFIT
    Keyword: DF_BASIS_SCF
    atoms 1-2 entry H          line    51 file /opt/anaconda3/envs/psi4/share/psi4/basis/cc-pvtz-jkfit.gbs 

  ==> Integral Setup <==

  DFHelper Memory: AOs need 0.001 GiB; user supplied 1.397 GiB. 
  SCF_SUBTYPE=INCORE selected. In-core MEM_DF algorithm will be used.
  Using in-core AOs.

  ==> MemDFJK: Density-Fitted J/K Matrices <==

    J tasked:                   Yes
    K tasked:                   Yes
    wK tasked:                   No
    OpenMP threads:               4
    Memory [MiB]:              1430
    Algorithm:                 Core
    Schwarz Cutoff:           1E-12
    Mask sparsity (%):       0.5102
    Fitting Condition:        1E-10

   => Auxiliary Basis Set <=

  Basis Set: (CC-PVTZ AUX)
    Blend: CC-PVTZ-JKFIT
    Number of shells: 20
    Number of basis functions: 60
    Number of Cartesian functions: 70
    Spherical Harmonics?: true
    Max angular momentum: 3

  Minimum eigenvalue in the overlap matrix is 9.4820198843E-02.
  Reciprocal condition number of the overlap matrix is 4.0431534829E-02.
    Using symmetric orthogonalization.

  ==> Pre-Iterations <==

  SCF Guess: Superposition of Atomic Densities via on-the-fly atomic UHF (no occupation information).

   -------------------------
    Irrep   Nso     Nmo    
   -------------------------
     A         28      28 
   -------------------------
    Total      28      28
   -------------------------

  ==> Iterations <==

                           Total Energy        Delta E     RMS |[F,P]|

   @DF-UHF iter SAD:    -0.83257490456169   -8.32575e-01   0.00000e+00 
   @DF-UHF iter   1:    -0.48788243608762    3.44692e-01   3.85652e-03 DIIS/ADIIS
   @DF-UHF iter   2:    -0.50665862805692   -1.87762e-02   1.21346e-03 DIIS/ADIIS
   @DF-UHF iter   3:    -0.50877339441028   -2.11477e-03   7.20567e-05 DIIS
   @DF-UHF iter   4:    -0.50877988914146   -6.49473e-06   9.63819e-06 DIIS
   @DF-UHF iter   5:    -0.50877998487941   -9.57379e-08   3.48294e-07 DIIS
   @DF-UHF iter   6:    -0.50877998501141   -1.32000e-10   4.85502e-09 DIIS
   @DF-UHF iter   7:    -0.50877998501142   -9.32587e-15   2.35970e-11 DIIS
  Energy and wave function converged.


  ==> Post-Iterations <==

   @Spin Contamination Metric:   0.000000000E+00
   @S^2 Expected:                7.500000000E-01
   @S^2 Observed:                7.500000000E-01
   @S   Expected:                5.000000000E-01
   @S   Observed:                5.000000000E-01

    Orbital Energies [Eh]
    ---------------------

    Alpha Occupied:                                                       

       1A     -0.670573  

    Alpha Virtual:                                                        

       2A     -0.489417     3A      0.080091     4A      0.149113  
       5A      0.420150     6A      0.434311     7A      0.434311  
       8A      0.441247     9A      0.441247    10A      0.475534  
      11A      2.096852    12A      2.117543    13A      3.043177  
      14A      3.043177    15A      3.043399    16A      3.043399  
      17A      3.043587    18A      3.044413    19A      3.044413  
      20A      3.044459    21A      3.044459    22A      3.044601  
      23A      3.422855    24A      3.436663    25A      3.436663  
      26A      3.439976    27A      3.439976    28A      3.468714  

    Beta Occupied:                                                        

    

    Beta Virtual:                                                         

       1A     -0.298544     2A     -0.272275     3A      0.138307  
       4A      0.196986     5A      0.473408     6A      0.484551  
       7A      0.484551     8A      0.488145     9A      0.488145  
      10A      0.520866    11A      2.156544    12A      2.176742  
      13A      3.070299    14A      3.070299    15A      3.070301  
      16A      3.070301    17A      3.070904    18A      3.071148  
      19A      3.071148    20A      3.071148    21A      3.071148  
      22A      3.071596    23A      3.464509    24A      3.477816  
      25A      3.477816    26A      3.481052    27A      3.481052  
      28A      3.509538  

    Final Occupation by Irrep:
              A 
    DOCC [     0 ]
    SOCC [     1 ]
    NA   [     1 ]
    NB   [     0 ]

  @DF-UHF Final Energy:    -0.50877998501142

   => Energetics <=

    Nuclear Repulsion Energy =              0.1617929087595120
    One-Electron Energy =                  -0.6705728937709292
    Two-Electron Energy =                  -0.0000000000000001
    Total Energy =                         -0.5087799850114172

  UHF NO Occupations:
  HONO-0 :    1  A 1.0000000
  LUNO+0 :    2  A 0.0000000
  LUNO+1 :    3  A 0.0000000
  LUNO+2 :    4  A 0.0000000
  LUNO+3 :    5  A 0.0000000


Computation Completed


Properties will be evaluated at   0.000000,   0.000000,   0.000000 [a0]

Properties computed using the SCF density matrix


 Multipole Moments:

 ------------------------------------------------------------------------------------
     Multipole            Electronic (a.u.)      Nuclear  (a.u.)        Total (a.u.)
 ------------------------------------------------------------------------------------

 L = 1.  Multiply by 2.5417464519 to convert [e a0] to [Debye]
 Dipole X            :          0.0000000            0.0000000            0.0000000
 Dipole Y            :         -0.0000000            0.0000000           -0.0000000
 Dipole Z            :          0.0000000            0.0000000            0.0000000
 Magnitude           :                                                    0.0000000

 ------------------------------------------------------------------------------------

*** tstop() called on Angelinas-MacBook-Pro-574.local at Thu Feb 12 13:23:15 2026
Module time:
	user time   =       0.06 seconds =       0.00 minutes
	system time =       0.00 seconds =       0.00 minutes
	total time  =          1 seconds =       0.02 minutes
Total time:
	user time   =      68.25 seconds =       1.14 minutes
	system time =      16.93 seconds =       0.28 minutes
	total time  =      61587 seconds =    1026.45 minutes

Scratch directory: /tmp/
   => Libint2 <=

    Primary   basis highest AM E, G, H:  6, 6, 3
    Auxiliary basis highest AM E, G, H:  7, 7, 4
    Onebody   basis highest AM E, G, H:  -, -, -
    Solid Harmonics ordering:            Gaussian

*** tstart() called on Angelinas-MacBook-Pro-574.local
*** at Thu Feb 12 13:23:15 2026

   => Loading Basis Set <=

    Name: CC-PVTZ
    Role: ORBITAL
    Keyword: BASIS
    atoms 1-2 entry H          line    23 file /opt/anaconda3/envs/psi4/share/psi4/basis/cc-pvtz.gbs 


         ---------------------------------------------------------
                                   SCF
               by Justin Turney, Rob Parrish, Andy Simmonett
                          and Daniel G. A. Smith
                              UHF Reference
                        4 Threads,   1907 MiB Core
         ---------------------------------------------------------

  ==> Geometry <==

    Molecular point group: c1
    Full point group: D_inf_h

    Geometry (in Angstrom), charge = 1, multiplicity = 2:

       Center              X                  Y                   Z               Mass       
    ------------   -----------------  -----------------  -----------------  -----------------
         H            0.000000000000     0.000000000000    -1.654545454545     1.007825032230
         H            0.000000000000     0.000000000000     1.654545454545     1.007825032230

  Running in c1 symmetry.

  Rotational constants: A = ************  B =      3.05509  C =      3.05509 [cm^-1]
  Rotational constants: A = ************  B =  91589.28252  C =  91589.28252 [MHz]
  Nuclear repulsion =    0.159916190037637

  Charge       = 1
  Multiplicity = 2
  Electrons    = 1
  Nalpha       = 1
  Nbeta        = 0

  ==> Algorithm <==

  SCF Algorithm Type is DF.
  DIIS enabled.
  MOM disabled.
  Fractional occupation disabled.
  Guess Type is SAD.
  Energy threshold   = 1.00e-10
  Density threshold  = 1.00e-10
  Integral threshold = 1.00e-12

  ==> Primary Basis <==

  Basis Set: CC-PVTZ
    Blend: CC-PVTZ
    Number of shells: 12
    Number of basis functions: 28
    Number of Cartesian functions: 30
    Spherical Harmonics?: true
    Max angular momentum: 2

   => Loading Basis Set <=

    Name: (CC-PVTZ AUX)
    Role: JKFIT
    Keyword: DF_BASIS_SCF
    atoms 1-2 entry H          line    51 file /opt/anaconda3/envs/psi4/share/psi4/basis/cc-pvtz-jkfit.gbs 

  ==> Integral Setup <==

  DFHelper Memory: AOs need 0.001 GiB; user supplied 1.397 GiB. 
  SCF_SUBTYPE=INCORE selected. In-core MEM_DF algorithm will be used.
  Using in-core AOs.

  ==> MemDFJK: Density-Fitted J/K Matrices <==

    J tasked:                   Yes
    K tasked:                   Yes
    wK tasked:                   No
    OpenMP threads:               4
    Memory [MiB]:              1430
    Algorithm:                 Core
    Schwarz Cutoff:           1E-12
    Mask sparsity (%):       0.5102
    Fitting Condition:        1E-10

   => Auxiliary Basis Set <=

  Basis Set: (CC-PVTZ AUX)
    Blend: CC-PVTZ-JKFIT
    Number of shells: 20
    Number of basis functions: 60
    Number of Cartesian functions: 70
    Spherical Harmonics?: true
    Max angular momentum: 3

  Minimum eigenvalue in the overlap matrix is 9.5148360992E-02.
  Reciprocal condition number of the overlap matrix is 4.0658751136E-02.
    Using symmetric orthogonalization.

  ==> Pre-Iterations <==

  SCF Guess: Superposition of Atomic Densities via on-the-fly atomic UHF (no occupation information).

   -------------------------
    Irrep   Nso     Nmo    
   -------------------------
     A         28      28 
   -------------------------
    Total      28      28
   -------------------------

  ==> Iterations <==

                           Total Energy        Delta E     RMS |[F,P]|

   @DF-UHF iter SAD:    -0.83261238070875   -8.32612e-01   0.00000e+00 
   @DF-UHF iter   1:    -0.48738224001171    3.45230e-01   3.84574e-03 DIIS/ADIIS
   @DF-UHF iter   2:    -0.50615304449725   -1.87708e-02   1.21132e-03 DIIS/ADIIS
   @DF-UHF iter   3:    -0.50827021359603   -2.11717e-03   7.04615e-05 DIIS
   @DF-UHF iter   4:    -0.50827641770172   -6.20411e-06   9.39362e-06 DIIS
   @DF-UHF iter   5:    -0.50827650811589   -9.04142e-08   3.43431e-07 DIIS
   @DF-UHF iter   6:    -0.50827650824163   -1.25738e-10   5.13609e-09 DIIS
   @DF-UHF iter   7:    -0.50827650824164   -9.32587e-15   2.38483e-11 DIIS
  Energy and wave function converged.


  ==> Post-Iterations <==

   @Spin Contamination Metric:   0.000000000E+00
   @S^2 Expected:                7.500000000E-01
   @S^2 Observed:                7.500000000E-01
   @S   Expected:                5.000000000E-01
   @S   Observed:                5.000000000E-01

    Orbital Energies [Eh]
    ---------------------

    Alpha Occupied:                                                       

       1A     -0.668193  

    Alpha Virtual:                                                        

       2A     -0.490014     3A      0.080138     4A      0.150219  
       5A      0.422910     6A      0.435502     7A      0.435502  
       8A      0.441815     9A      0.441815    10A      0.472533  
      11A      2.095687    12A      2.119496    13A      3.044183  
      14A      3.044183    15A      3.044391    16A      3.044391  
      17A      3.044535    18A      3.045378    19A      3.045378  
      20A      3.045422    21A      3.045422    22A      3.045459  
      23A      3.425907    24A      3.437901    25A      3.437901  
      26A      3.440730    27A      3.440730    28A      3.466203  

    Beta Occupied:                                                        

    

    Beta Virtual:                                                         

       1A     -0.297109     2A     -0.271933     3A      0.138288  
       4A      0.198327     5A      0.476023     6A      0.485705  
       7A      0.485705     8A      0.488797     9A      0.488797  
      10A      0.518016    11A      2.155554    12A      2.178785  
      13A      3.071318    14A      3.071318    15A      3.071319  
      16A      3.071319    17A      3.071854    18A      3.072150  
      19A      3.072150    20A      3.072150    21A      3.072150  
      22A      3.072470    23A      3.467587    24A      3.479122  
      25A      3.479122    26A      3.481885    27A      3.481885  
      28A      3.507148  

    Final Occupation by Irrep:
              A 
    DOCC [     0 ]
    SOCC [     1 ]
    NA   [     1 ]
    NB   [     0 ]

  @DF-UHF Final Energy:    -0.50827650824164

   => Energetics <=

    Nuclear Repulsion Energy =              0.1599161900376374
    One-Electron Energy =                  -0.6681926982792785
    Two-Electron Energy =                   0.0000000000000000
    Total Energy =                         -0.5082765082416412

  UHF NO Occupations:
  HONO-0 :    1  A 1.0000000
  LUNO+0 :    2  A 0.0000000
  LUNO+1 :    3  A 0.0000000
  LUNO+2 :    4  A 0.0000000
  LUNO+3 :    5  A 0.0000000


Computation Completed


Properties will be evaluated at   0.000000,   0.000000,   0.000000 [a0]

Properties computed using the SCF density matrix


 Multipole Moments:

 ------------------------------------------------------------------------------------
     Multipole            Electronic (a.u.)      Nuclear  (a.u.)        Total (a.u.)
 ------------------------------------------------------------------------------------

 L = 1.  Multiply by 2.5417464519 to convert [e a0] to [Debye]
 Dipole X            :         -0.0000000            0.0000000           -0.0000000
 Dipole Y            :         -0.0000000            0.0000000           -0.0000000
 Dipole Z            :          0.0000000            0.0000000            0.0000000
 Magnitude           :                                                    0.0000000

 ------------------------------------------------------------------------------------

*** tstop() called on Angelinas-MacBook-Pro-574.local at Thu Feb 12 13:23:15 2026
Module time:
	user time   =       0.06 seconds =       0.00 minutes
	system time =       0.01 seconds =       0.00 minutes
	total time  =          0 seconds =       0.00 minutes
Total time:
	user time   =      68.32 seconds =       1.14 minutes
	system time =      16.94 seconds =       0.28 minutes
	total time  =      61587 seconds =    1026.45 minutes

Scratch directory: /tmp/
   => Libint2 <=

    Primary   basis highest AM E, G, H:  6, 6, 3
    Auxiliary basis highest AM E, G, H:  7, 7, 4
    Onebody   basis highest AM E, G, H:  -, -, -
    Solid Harmonics ordering:            Gaussian

*** tstart() called on Angelinas-MacBook-Pro-574.local
*** at Thu Feb 12 13:23:15 2026

   => Loading Basis Set <=

    Name: CC-PVTZ
    Role: ORBITAL
    Keyword: BASIS
    atoms 1-2 entry H          line    23 file /opt/anaconda3/envs/psi4/share/psi4/basis/cc-pvtz.gbs 


         ---------------------------------------------------------
                                   SCF
               by Justin Turney, Rob Parrish, Andy Simmonett
                          and Daniel G. A. Smith
                              UHF Reference
                        4 Threads,   1907 MiB Core
         ---------------------------------------------------------

  ==> Geometry <==

    Molecular point group: c1
    Full point group: D_inf_h

    Geometry (in Angstrom), charge = 1, multiplicity = 2:

       Center              X                  Y                   Z               Mass       
    ------------   -----------------  -----------------  -----------------  -----------------
         H            0.000000000000     0.000000000000    -1.673737373737     1.007825032230
         H            0.000000000000     0.000000000000     1.673737373737     1.007825032230

  Running in c1 symmetry.

  Rotational constants: A = ************  B =      2.98543  C =      2.98543 [cm^-1]
  Rotational constants: A = ************  B =  89500.90668  C =  89500.90668 [MHz]
  Nuclear repulsion =    0.158082510127731

  Charge       = 1
  Multiplicity = 2
  Electrons    = 1
  Nalpha       = 1
  Nbeta        = 0

  ==> Algorithm <==

  SCF Algorithm Type is DF.
  DIIS enabled.
  MOM disabled.
  Fractional occupation disabled.
  Guess Type is SAD.
  Energy threshold   = 1.00e-10
  Density threshold  = 1.00e-10
  Integral threshold = 1.00e-12

  ==> Primary Basis <==

  Basis Set: CC-PVTZ
    Blend: CC-PVTZ
    Number of shells: 12
    Number of basis functions: 28
    Number of Cartesian functions: 30
    Spherical Harmonics?: true
    Max angular momentum: 2

   => Loading Basis Set <=

    Name: (CC-PVTZ AUX)
    Role: JKFIT
    Keyword: DF_BASIS_SCF
    atoms 1-2 entry H          line    51 file /opt/anaconda3/envs/psi4/share/psi4/basis/cc-pvtz-jkfit.gbs 

  ==> Integral Setup <==

  DFHelper Memory: AOs need 0.001 GiB; user supplied 1.397 GiB. 
  SCF_SUBTYPE=INCORE selected. In-core MEM_DF algorithm will be used.
  Using in-core AOs.

  ==> MemDFJK: Density-Fitted J/K Matrices <==

    J tasked:                   Yes
    K tasked:                   Yes
    wK tasked:                   No
    OpenMP threads:               4
    Memory [MiB]:              1430
    Algorithm:                 Core
    Schwarz Cutoff:           1E-12
    Mask sparsity (%):       1.0204
    Fitting Condition:        1E-10

   => Auxiliary Basis Set <=

  Basis Set: (CC-PVTZ AUX)
    Blend: CC-PVTZ-JKFIT
    Number of shells: 20
    Number of basis functions: 60
    Number of Cartesian functions: 70
    Spherical Harmonics?: true
    Max angular momentum: 3

  Minimum eigenvalue in the overlap matrix is 9.5478427330E-02.
  Reciprocal condition number of the overlap matrix is 4.0882870899E-02.
    Using symmetric orthogonalization.

  ==> Pre-Iterations <==

  SCF Guess: Superposition of Atomic Densities via on-the-fly atomic UHF (no occupation information).

   -------------------------
    Irrep   Nso     Nmo    
   -------------------------
     A         28      28 
   -------------------------
    Total      28      28
   -------------------------

  ==> Iterations <==

                           Total Energy        Delta E     RMS |[F,P]|

   @DF-UHF iter SAD:    -0.83267003520643   -8.32670e-01   0.00000e+00 
   @DF-UHF iter   1:    -0.48690173912090    3.45768e-01   3.83602e-03 DIIS/ADIIS
   @DF-UHF iter   2:    -0.50567439201906   -1.87727e-02   1.20931e-03 DIIS/ADIIS
   @DF-UHF iter   3:    -0.50779373713459   -2.11935e-03   6.88029e-05 DIIS
   @DF-UHF iter   4:    -0.50779964378000   -5.90665e-06   9.14913e-06 DIIS
   @DF-UHF iter   5:    -0.50779972907646   -8.52965e-08   3.38894e-07 DIIS
   @DF-UHF iter   6:    -0.50779972919642   -1.19956e-10   5.36361e-09 DIIS
   @DF-UHF iter   7:    -0.50779972919643   -1.15463e-14   2.40291e-11 DIIS
  Energy and wave function converged.


  ==> Post-Iterations <==

   @Spin Contamination Metric:   0.000000000E+00
   @S^2 Expected:                7.500000000E-01
   @S^2 Observed:                7.500000000E-01
   @S   Expected:                5.000000000E-01
   @S   Observed:                5.000000000E-01

    Orbital Energies [Eh]
    ---------------------

    Alpha Occupied:                                                       

       1A     -0.665882  

    Alpha Virtual:                                                        

       2A     -0.490577     3A      0.080273     4A      0.151254  
       5A      0.425445     6A      0.436644     7A      0.436644  
       8A      0.442404     9A      0.442404    10A      0.469830  
      11A      2.094551    12A      2.121411    13A      3.045173  
      14A      3.045173    15A      3.045368    16A      3.045368  
      17A      3.045466    18A      3.046308    19A      3.046330  
      20A      3.046330    21A      3.046371    22A      3.046371  
      23A      3.428707    24A      3.439092    25A      3.439092  
      26A      3.441503    27A      3.441503    28A      3.464012  

    Beta Occupied:                                                        

    

    Beta Virtual:                                                         

       1A     -0.295703     2A     -0.271579     3A      0.138350  
       4A      0.199601     5A      0.478420     6A      0.486814  
       7A      0.486814     8A      0.489468     9A      0.489468  
      10A      0.515458    11A      2.154588    12A      2.180790  
      13A      3.072322    14A      3.072322    15A      3.072323  
      16A      3.072323    17A      3.072789    18A      3.073138  
      19A      3.073138    20A      3.073138    21A      3.073138  
      22A      3.073337    23A      3.470417    24A      3.480382  
      25A      3.480382    26A      3.482735    27A      3.482735  
      28A      3.505070  

    Final Occupation by Irrep:
              A 
    DOCC [     0 ]
    SOCC [     1 ]
    NA   [     1 ]
    NB   [     0 ]

  @DF-UHF Final Energy:    -0.50779972919643

   => Energetics <=

    Nuclear Repulsion Energy =              0.1580825101277308
    One-Electron Energy =                  -0.6658822393241592
    Two-Electron Energy =                  -0.0000000000000000
    Total Energy =                         -0.5077997291964285

  UHF NO Occupations:
  HONO-0 :    1  A 1.0000000
  LUNO+0 :    2  A 0.0000000
  LUNO+1 :    3  A 0.0000000
  LUNO+2 :    4  A 0.0000000
  LUNO+3 :    5  A 0.0000000


Computation Completed


Properties will be evaluated at   0.000000,   0.000000,   0.000000 [a0]

Properties computed using the SCF density matrix


 Multipole Moments:

 ------------------------------------------------------------------------------------
     Multipole            Electronic (a.u.)      Nuclear  (a.u.)        Total (a.u.)
 ------------------------------------------------------------------------------------

 L = 1.  Multiply by 2.5417464519 to convert [e a0] to [Debye]
 Dipole X            :          0.0000000            0.0000000            0.0000000
 Dipole Y            :         -0.0000000            0.0000000           -0.0000000
 Dipole Z            :          0.0000000            0.0000000            0.0000000
 Magnitude           :                                                    0.0000000

 ------------------------------------------------------------------------------------

*** tstop() called on Angelinas-MacBook-Pro-574.local at Thu Feb 12 13:23:15 2026
Module time:
	user time   =       0.05 seconds =       0.00 minutes
	system time =       0.00 seconds =       0.00 minutes
	total time  =          0 seconds =       0.00 minutes
Total time:
	user time   =      68.38 seconds =       1.14 minutes
	system time =      16.94 seconds =       0.28 minutes
	total time  =      61587 seconds =    1026.45 minutes

Scratch directory: /tmp/
   => Libint2 <=

    Primary   basis highest AM E, G, H:  6, 6, 3
    Auxiliary basis highest AM E, G, H:  7, 7, 4
    Onebody   basis highest AM E, G, H:  -, -, -
    Solid Harmonics ordering:            Gaussian

*** tstart() called on Angelinas-MacBook-Pro-574.local
*** at Thu Feb 12 13:23:15 2026

   => Loading Basis Set <=

    Name: CC-PVTZ
    Role: ORBITAL
    Keyword: BASIS
    atoms 1-2 entry H          line    23 file /opt/anaconda3/envs/psi4/share/psi4/basis/cc-pvtz.gbs 


         ---------------------------------------------------------
                                   SCF
               by Justin Turney, Rob Parrish, Andy Simmonett
                          and Daniel G. A. Smith
                              UHF Reference
                        4 Threads,   1907 MiB Core
         ---------------------------------------------------------

  ==> Geometry <==

    Molecular point group: c1
    Full point group: D_inf_h

    Geometry (in Angstrom), charge = 1, multiplicity = 2:

       Center              X                  Y                   Z               Mass       
    ------------   -----------------  -----------------  -----------------  -----------------
         H            0.000000000000     0.000000000000    -1.692929292929     1.007825032230
         H            0.000000000000     0.000000000000     1.692929292929     1.007825032230

  Running in c1 symmetry.

  Rotational constants: A = ************  B =      2.91812  C =      2.91812 [cm^-1]
  Rotational constants: A = ************  B =  87483.15220  C =  87483.15220 [MHz]
  Nuclear repulsion =    0.156290405299314

  Charge       = 1
  Multiplicity = 2
  Electrons    = 1
  Nalpha       = 1
  Nbeta        = 0

  ==> Algorithm <==

  SCF Algorithm Type is DF.
  DIIS enabled.
  MOM disabled.
  Fractional occupation disabled.
  Guess Type is SAD.
  Energy threshold   = 1.00e-10
  Density threshold  = 1.00e-10
  Integral threshold = 1.00e-12

  ==> Primary Basis <==

  Basis Set: CC-PVTZ
    Blend: CC-PVTZ
    Number of shells: 12
    Number of basis functions: 28
    Number of Cartesian functions: 30
    Spherical Harmonics?: true
    Max angular momentum: 2

   => Loading Basis Set <=

    Name: (CC-PVTZ AUX)
    Role: JKFIT
    Keyword: DF_BASIS_SCF
    atoms 1-2 entry H          line    51 file /opt/anaconda3/envs/psi4/share/psi4/basis/cc-pvtz-jkfit.gbs 

  ==> Integral Setup <==

  DFHelper Memory: AOs need 0.001 GiB; user supplied 1.397 GiB. 
  SCF_SUBTYPE=INCORE selected. In-core MEM_DF algorithm will be used.
  Using in-core AOs.

  ==> MemDFJK: Density-Fitted J/K Matrices <==

    J tasked:                   Yes
    K tasked:                   Yes
    wK tasked:                   No
    OpenMP threads:               4
    Memory [MiB]:              1430
    Algorithm:                 Core
    Schwarz Cutoff:           1E-12
    Mask sparsity (%):       1.0204
    Fitting Condition:        1E-10

   => Auxiliary Basis Set <=

  Basis Set: (CC-PVTZ AUX)
    Blend: CC-PVTZ-JKFIT
    Number of shells: 20
    Number of basis functions: 60
    Number of Cartesian functions: 70
    Spherical Harmonics?: true
    Max angular momentum: 3

  Minimum eigenvalue in the overlap matrix is 9.5810346664E-02.
  Reciprocal condition number of the overlap matrix is 4.1104022031E-02.
    Using symmetric orthogonalization.

  ==> Pre-Iterations <==

  SCF Guess: Superposition of Atomic Densities via on-the-fly atomic UHF (no occupation information).

   -------------------------
    Irrep   Nso     Nmo    
   -------------------------
     A         28      28 
   -------------------------
    Total      28      28
   -------------------------

  ==> Iterations <==

                           Total Energy        Delta E     RMS |[F,P]|

   @DF-UHF iter SAD:    -0.83274570267184   -8.32746e-01   0.00000e+00 
   @DF-UHF iter   1:    -0.48644058290426    3.46305e-01   3.82729e-03 DIIS/ADIIS
   @DF-UHF iter   2:    -0.50522145193501   -1.87809e-02   1.20742e-03 DIIS/ADIIS
   @DF-UHF iter   3:    -0.50734267006205   -2.12122e-03   6.70934e-05 DIIS
   @DF-UHF iter   4:    -0.50734827600587   -5.60594e-06   8.90558e-06 DIIS
   @DF-UHF iter   5:    -0.50734835640084   -8.03950e-08   3.34627e-07 DIIS
   @DF-UHF iter   6:    -0.50734835651545   -1.14609e-10   5.54039e-09 DIIS
   @DF-UHF iter   7:    -0.50734835651546   -1.37668e-14   2.41436e-11 DIIS
  Energy and wave function converged.


  ==> Post-Iterations <==

   @Spin Contamination Metric:   0.000000000E+00
   @S^2 Expected:                7.500000000E-01
   @S^2 Observed:                7.500000000E-01
   @S   Expected:                5.000000000E-01
   @S   Observed:                5.000000000E-01

    Orbital Energies [Eh]
    ---------------------

    Alpha Occupied:                                                       

       1A     -0.663639  

    Alpha Virtual:                                                        

       2A     -0.491109     3A      0.080492     4A      0.152214  
       5A      0.427773     6A      0.437741     7A      0.437741  
       8A      0.443011     9A      0.443011    10A      0.467409  
      11A      2.093459    12A      2.123275    13A      3.046147  
      14A      3.046147    15A      3.046330    16A      3.046330  
      17A      3.046384    18A      3.047149    19A      3.047268  
      20A      3.047268    21A      3.047306    22A      3.047306  
      23A      3.431275    24A      3.440240    25A      3.440240  
      26A      3.442289    27A      3.442289    28A      3.462114  

    Beta Occupied:                                                        

    

    Beta Virtual:                                                         

       1A     -0.294326     2A     -0.271214     3A      0.138493  
       4A      0.200802     5A      0.480616     6A      0.487882  
       7A      0.487882     8A      0.490155     9A      0.490155  
      10A      0.513176    11A      2.153664    12A      2.182741  
      13A      3.073312    14A      3.073312    15A      3.073312  
      16A      3.073312    17A      3.073712    18A      3.074111  
      19A      3.074111    20A      3.074111    21A      3.074111  
      22A      3.074197    23A      3.473017    24A      3.481599  
      25A      3.481599    26A      3.483597    27A      3.483597  
      28A      3.503282  

    Final Occupation by Irrep:
              A 
    DOCC [     0 ]
    SOCC [     1 ]
    NA   [     1 ]
    NB   [     0 ]

  @DF-UHF Final Energy:    -0.50734835651546

   => Energetics <=

    Nuclear Repulsion Energy =              0.1562904052993138
    One-Electron Energy =                  -0.6636387618147781
    Two-Electron Energy =                   0.0000000000000000
    Total Energy =                         -0.5073483565154643

  UHF NO Occupations:
  HONO-0 :    1  A 1.0000000
  LUNO+0 :    2  A 0.0000000
  LUNO+1 :    3  A 0.0000000
  LUNO+2 :    4  A 0.0000000
  LUNO+3 :    5  A 0.0000000


Computation Completed


Properties will be evaluated at   0.000000,   0.000000,   0.000000 [a0]

Properties computed using the SCF density matrix


 Multipole Moments:

 ------------------------------------------------------------------------------------
     Multipole            Electronic (a.u.)      Nuclear  (a.u.)        Total (a.u.)
 ------------------------------------------------------------------------------------

 L = 1.  Multiply by 2.5417464519 to convert [e a0] to [Debye]
 Dipole X            :          0.0000000            0.0000000            0.0000000
 Dipole Y            :         -0.0000000            0.0000000           -0.0000000
 Dipole Z            :          0.0000000            0.0000000            0.0000000
 Magnitude           :                                                    0.0000000

 ------------------------------------------------------------------------------------

*** tstop() called on Angelinas-MacBook-Pro-574.local at Thu Feb 12 13:23:15 2026
Module time:
	user time   =       0.05 seconds =       0.00 minutes
	system time =       0.01 seconds =       0.00 minutes
	total time  =          0 seconds =       0.00 minutes
Total time:
	user time   =      68.45 seconds =       1.14 minutes
	system time =      16.95 seconds =       0.28 minutes
	total time  =      61587 seconds =    1026.45 minutes

Scratch directory: /tmp/
   => Libint2 <=

    Primary   basis highest AM E, G, H:  6, 6, 3
    Auxiliary basis highest AM E, G, H:  7, 7, 4
    Onebody   basis highest AM E, G, H:  -, -, -
    Solid Harmonics ordering:            Gaussian

*** tstart() called on Angelinas-MacBook-Pro-574.local
*** at Thu Feb 12 13:23:15 2026

   => Loading Basis Set <=

    Name: CC-PVTZ
    Role: ORBITAL
    Keyword: BASIS
    atoms 1-2 entry H          line    23 file /opt/anaconda3/envs/psi4/share/psi4/basis/cc-pvtz.gbs 


         ---------------------------------------------------------
                                   SCF
               by Justin Turney, Rob Parrish, Andy Simmonett
                          and Daniel G. A. Smith
                              UHF Reference
                        4 Threads,   1907 MiB Core
         ---------------------------------------------------------

  ==> Geometry <==

    Molecular point group: c1
    Full point group: D_inf_h

    Geometry (in Angstrom), charge = 1, multiplicity = 2:

       Center              X                  Y                   Z               Mass       
    ------------   -----------------  -----------------  -----------------  -----------------
         H            0.000000000000     0.000000000000    -1.712121212121     1.007825032230
         H            0.000000000000     0.000000000000     1.712121212121     1.007825032230

  Running in c1 symmetry.

  Rotational constants: A = ************  B =      2.85307  C =      2.85307 [cm^-1]
  Rotational constants: A = ************  B =  85532.87038  C =  85532.87038 [MHz]
  Nuclear repulsion =    0.154538477452301

  Charge       = 1
  Multiplicity = 2
  Electrons    = 1
  Nalpha       = 1
  Nbeta        = 0

  ==> Algorithm <==

  SCF Algorithm Type is DF.
  DIIS enabled.
  MOM disabled.
  Fractional occupation disabled.
  Guess Type is SAD.
  Energy threshold   = 1.00e-10
  Density threshold  = 1.00e-10
  Integral threshold = 1.00e-12

  ==> Primary Basis <==

  Basis Set: CC-PVTZ
    Blend: CC-PVTZ
    Number of shells: 12
    Number of basis functions: 28
    Number of Cartesian functions: 30
    Spherical Harmonics?: true
    Max angular momentum: 2

   => Loading Basis Set <=

    Name: (CC-PVTZ AUX)
    Role: JKFIT
    Keyword: DF_BASIS_SCF
    atoms 1-2 entry H          line    51 file /opt/anaconda3/envs/psi4/share/psi4/basis/cc-pvtz-jkfit.gbs 

  ==> Integral Setup <==

  DFHelper Memory: AOs need 0.001 GiB; user supplied 1.397 GiB. 
  SCF_SUBTYPE=INCORE selected. In-core MEM_DF algorithm will be used.
  Using in-core AOs.

  ==> MemDFJK: Density-Fitted J/K Matrices <==

    J tasked:                   Yes
    K tasked:                   Yes
    wK tasked:                   No
    OpenMP threads:               4
    Memory [MiB]:              1430
    Algorithm:                 Core
    Schwarz Cutoff:           1E-12
    Mask sparsity (%):       2.0408
    Fitting Condition:        1E-10

   => Auxiliary Basis Set <=

  Basis Set: (CC-PVTZ AUX)
    Blend: CC-PVTZ-JKFIT
    Number of shells: 20
    Number of basis functions: 60
    Number of Cartesian functions: 70
    Spherical Harmonics?: true
    Max angular momentum: 3

  Minimum eigenvalue in the overlap matrix is 9.6144008439E-02.
  Reciprocal condition number of the overlap matrix is 4.1322303947E-02.
    Using symmetric orthogonalization.

  ==> Pre-Iterations <==

  SCF Guess: Superposition of Atomic Densities via on-the-fly atomic UHF (no occupation information).

   -------------------------
    Irrep   Nso     Nmo    
   -------------------------
     A         28      28 
   -------------------------
    Total      28      28
   -------------------------

  ==> Iterations <==

                           Total Energy        Delta E     RMS |[F,P]|

   @DF-UHF iter SAD:    -0.83283739152137   -8.32837e-01   0.00000e+00 
   @DF-UHF iter   1:    -0.48599840618971    3.46839e-01   3.81950e-03 DIIS/ADIIS
   @DF-UHF iter   2:    -0.50479304599551   -1.87946e-02   1.20562e-03 DIIS/ADIIS
   @DF-UHF iter   3:    -0.50691577001140   -2.12272e-03   6.53450e-05 DIIS
   @DF-UHF iter   4:    -0.50692107519855   -5.30519e-06   8.66368e-06 DIIS
   @DF-UHF iter   5:    -0.50692115091354   -7.57150e-08   3.30577e-07 DIIS
   @DF-UHF iter   6:    -0.50692115102319   -1.09649e-10   5.66943e-09 DIIS
   @DF-UHF iter   7:    -0.50692115102321   -1.40998e-14   2.41952e-11 DIIS
  Energy and wave function converged.


  ==> Post-Iterations <==

   @Spin Contamination Metric:   0.000000000E+00
   @S^2 Expected:                7.500000000E-01
   @S^2 Observed:                7.500000000E-01
   @S   Expected:                5.000000000E-01
   @S   Observed:                5.000000000E-01

    Orbital Energies [Eh]
    ---------------------

    Alpha Occupied:                                                       

       1A     -0.661460  

    Alpha Virtual:                                                        

       2A     -0.491610     3A      0.080791     4A      0.153096  
       5A      0.429912     6A      0.438797     7A      0.438797  
       8A      0.443631     9A      0.443631    10A      0.465257  
      11A      2.092428    12A      2.125075    13A      3.047105  
      14A      3.047105    15A      3.047276    16A      3.047276  
      17A      3.047287    18A      3.047982    19A      3.048192  
      20A      3.048192    21A      3.048228    22A      3.048228  
      23A      3.433626    24A      3.441348    25A      3.441348  
      26A      3.443086    27A      3.443086    28A      3.460488  

    Beta Occupied:                                                        

    

    Beta Virtual:                                                         

       1A     -0.292976     2A     -0.270840     3A      0.138714  
       4A      0.201925     5A      0.482628     6A      0.488911  
       7A      0.488911     8A      0.490853     9A      0.490853  
      10A      0.511156    11A      2.152795    12A      2.184628  
      13A      3.074286    14A      3.074286    15A      3.074286  
      16A      3.074286    17A      3.074622    18A      3.075052  
      19A      3.075070    20A      3.075070    21A      3.075070  
      22A      3.075070    23A      3.475404    24A      3.482774  
      25A      3.482774    26A      3.484467    27A      3.484467  
      28A      3.501760  

    Final Occupation by Irrep:
              A 
    DOCC [     0 ]
    SOCC [     1 ]
    NA   [     1 ]
    NB   [     0 ]

  @DF-UHF Final Energy:    -0.50692115102321

   => Energetics <=

    Nuclear Repulsion Energy =              0.1545384774523009
    One-Electron Energy =                  -0.6614596284755063
    Two-Electron Energy =                  -0.0000000000000000
    Total Energy =                         -0.5069211510232055

  UHF NO Occupations:
  HONO-0 :    1  A 1.0000000
  LUNO+0 :    2  A 0.0000000
  LUNO+1 :    3  A 0.0000000
  LUNO+2 :    4  A 0.0000000
  LUNO+3 :    5  A 0.0000000


Computation Completed


Properties will be evaluated at   0.000000,   0.000000,   0.000000 [a0]

Properties computed using the SCF density matrix


 Multipole Moments:

 ------------------------------------------------------------------------------------
     Multipole            Electronic (a.u.)      Nuclear  (a.u.)        Total (a.u.)
 ------------------------------------------------------------------------------------

 L = 1.  Multiply by 2.5417464519 to convert [e a0] to [Debye]
 Dipole X            :         -0.0000000            0.0000000           -0.0000000
 Dipole Y            :         -0.0000000            0.0000000           -0.0000000
 Dipole Z            :         -0.0000000            0.0000000           -0.0000000
 Magnitude           :                                                    0.0000000

 ------------------------------------------------------------------------------------

*** tstop() called on Angelinas-MacBook-Pro-574.local at Thu Feb 12 13:23:15 2026
Module time:
	user time   =       0.05 seconds =       0.00 minutes
	system time =       0.01 seconds =       0.00 minutes
	total time  =          0 seconds =       0.00 minutes
Total time:
	user time   =      68.52 seconds =       1.14 minutes
	system time =      16.96 seconds =       0.28 minutes
	total time  =      61587 seconds =    1026.45 minutes

Scratch directory: /tmp/
   => Libint2 <=

    Primary   basis highest AM E, G, H:  6, 6, 3
    Auxiliary basis highest AM E, G, H:  7, 7, 4
    Onebody   basis highest AM E, G, H:  -, -, -
    Solid Harmonics ordering:            Gaussian

*** tstart() called on Angelinas-MacBook-Pro-574.local
*** at Thu Feb 12 13:23:15 2026

   => Loading Basis Set <=

    Name: CC-PVTZ
    Role: ORBITAL
    Keyword: BASIS
    atoms 1-2 entry H          line    23 file /opt/anaconda3/envs/psi4/share/psi4/basis/cc-pvtz.gbs 


         ---------------------------------------------------------
                                   SCF
               by Justin Turney, Rob Parrish, Andy Simmonett
                          and Daniel G. A. Smith
                              UHF Reference
                        4 Threads,   1907 MiB Core
         ---------------------------------------------------------

  ==> Geometry <==

    Molecular point group: c1
    Full point group: D_inf_h

    Geometry (in Angstrom), charge = 1, multiplicity = 2:

       Center              X                  Y                   Z               Mass       
    ------------   -----------------  -----------------  -----------------  -----------------
         H            0.000000000000     0.000000000000    -1.731313131313     1.007825032230
         H            0.000000000000     0.000000000000     1.731313131313     1.007825032230

  Running in c1 symmetry.

  Rotational constants: A = ************  B =      2.79017  C =      2.79017 [cm^-1]
  Rotational constants: A = ************  B =  83647.08609  C =  83647.08609 [MHz]
  Nuclear repulsion =    0.152825390479376

  Charge       = 1
  Multiplicity = 2
  Electrons    = 1
  Nalpha       = 1
  Nbeta        = 0

  ==> Algorithm <==

  SCF Algorithm Type is DF.
  DIIS enabled.
  MOM disabled.
  Fractional occupation disabled.
  Guess Type is SAD.
  Energy threshold   = 1.00e-10
  Density threshold  = 1.00e-10
  Integral threshold = 1.00e-12

  ==> Primary Basis <==

  Basis Set: CC-PVTZ
    Blend: CC-PVTZ
    Number of shells: 12
    Number of basis functions: 28
    Number of Cartesian functions: 30
    Spherical Harmonics?: true
    Max angular momentum: 2

   => Loading Basis Set <=

    Name: (CC-PVTZ AUX)
    Role: JKFIT
    Keyword: DF_BASIS_SCF
    atoms 1-2 entry H          line    51 file /opt/anaconda3/envs/psi4/share/psi4/basis/cc-pvtz-jkfit.gbs 

  ==> Integral Setup <==

  DFHelper Memory: AOs need 0.001 GiB; user supplied 1.397 GiB. 
  SCF_SUBTYPE=INCORE selected. In-core MEM_DF algorithm will be used.
  Using in-core AOs.

  ==> MemDFJK: Density-Fitted J/K Matrices <==

    J tasked:                   Yes
    K tasked:                   Yes
    wK tasked:                   No
    OpenMP threads:               4
    Memory [MiB]:              1430
    Algorithm:                 Core
    Schwarz Cutoff:           1E-12
    Mask sparsity (%):       3.0612
    Fitting Condition:        1E-10

   => Auxiliary Basis Set <=

  Basis Set: (CC-PVTZ AUX)
    Blend: CC-PVTZ-JKFIT
    Number of shells: 20
    Number of basis functions: 60
    Number of Cartesian functions: 70
    Spherical Harmonics?: true
    Max angular momentum: 3

  Minimum eigenvalue in the overlap matrix is 9.6479245194E-02.
  Reciprocal condition number of the overlap matrix is 4.1537788238E-02.
    Using symmetric orthogonalization.

  ==> Pre-Iterations <==

  SCF Guess: Superposition of Atomic Densities via on-the-fly atomic UHF (no occupation information).

   -------------------------
    Irrep   Nso     Nmo    
   -------------------------
     A         28      28 
   -------------------------
    Total      28      28
   -------------------------

  ==> Iterations <==

                           Total Energy        Delta E     RMS |[F,P]|

   @DF-UHF iter SAD:    -0.83294327299457   -8.32943e-01   0.00000e+00 
   @DF-UHF iter   1:    -0.48557482964212    3.47368e-01   3.81257e-03 DIIS/ADIIS
   @DF-UHF iter   2:    -0.50438803619670   -1.88132e-02   1.20390e-03 DIIS/ADIIS
   @DF-UHF iter   3:    -0.50651184616154   -2.12381e-03   6.35685e-05 DIIS
   @DF-UHF iter   4:    -0.50651685331423   -5.00715e-06   8.42404e-06 DIIS
   @DF-UHF iter   5:    -0.50651692457219   -7.12580e-08   3.26703e-07 DIIS
   @DF-UHF iter   6:    -0.50651692467723   -1.05043e-10   5.75391e-09 DIIS
   @DF-UHF iter   7:    -0.50651692467725   -1.34337e-14   2.41870e-11 DIIS
  Energy and wave function converged.


  ==> Post-Iterations <==

   @Spin Contamination Metric:   0.000000000E+00
   @S^2 Expected:                7.500000000E-01
   @S^2 Observed:                7.500000000E-01
   @S   Expected:                5.000000000E-01
   @S   Observed:                5.000000000E-01

    Orbital Energies [Eh]
    ---------------------

    Alpha Occupied:                                                       

       1A     -0.659342  

    Alpha Virtual:                                                        

       2A     -0.492083     3A      0.081169     4A      0.153895  
       5A      0.431878     6A      0.439814     7A      0.439814  
       8A      0.444262     9A      0.444262    10A      0.463357  
      11A      2.091470    12A      2.126799    13A      3.048046  
      14A      3.048046    15A      3.048178    16A      3.048208  
      17A      3.048208    18A      3.048809    19A      3.049101  
      20A      3.049101    21A      3.049135    22A      3.049135  
      23A      3.435781    24A      3.442419    25A      3.442419  
      26A      3.443890    27A      3.443890    28A      3.459112  

    Beta Occupied:                                                        

    

    Beta Virtual:                                                         

       1A     -0.291654     2A     -0.270457     3A      0.139010  
       4A      0.202966     5A      0.484472     6A      0.489904  
       7A      0.489904     8A      0.491560     9A      0.491560  
      10A      0.509383    11A      2.151994    12A      2.186438  
      13A      3.075245    14A      3.075245    15A      3.075245  
      16A      3.075245    17A      3.075521    18A      3.075900  
      19A      3.076015    20A      3.076015    21A      3.076015  
      22A      3.076015    23A      3.477597    24A      3.483911  
      25A      3.483911    26A      3.485343    27A      3.485343  
      28A      3.500482  

    Final Occupation by Irrep:
              A 
    DOCC [     0 ]
    SOCC [     1 ]
    NA   [     1 ]
    NB   [     0 ]

  @DF-UHF Final Energy:    -0.50651692467725

   => Energetics <=

    Nuclear Repulsion Energy =              0.1528253904793757
    One-Electron Energy =                  -0.6593423151566227
    Two-Electron Energy =                   0.0000000000000000
    Total Energy =                         -0.5065169246772470

  UHF NO Occupations:
  HONO-0 :    1  A 1.0000000
  LUNO+0 :    2  A 0.0000000
  LUNO+1 :    3  A 0.0000000
  LUNO+2 :    4  A 0.0000000
  LUNO+3 :    5  A 0.0000000


Computation Completed


Properties will be evaluated at   0.000000,   0.000000,   0.000000 [a0]

Properties computed using the SCF density matrix


 Multipole Moments:

 ------------------------------------------------------------------------------------
     Multipole            Electronic (a.u.)      Nuclear  (a.u.)        Total (a.u.)
 ------------------------------------------------------------------------------------

 L = 1.  Multiply by 2.5417464519 to convert [e a0] to [Debye]
 Dipole X            :         -0.0000000            0.0000000           -0.0000000
 Dipole Y            :         -0.0000000            0.0000000           -0.0000000
 Dipole Z            :         -0.0000000            0.0000000           -0.0000000
 Magnitude           :                                                    0.0000000

 ------------------------------------------------------------------------------------

*** tstop() called on Angelinas-MacBook-Pro-574.local at Thu Feb 12 13:23:15 2026
Module time:
	user time   =       0.06 seconds =       0.00 minutes
	system time =       0.00 seconds =       0.00 minutes
	total time  =          0 seconds =       0.00 minutes
Total time:
	user time   =      68.59 seconds =       1.14 minutes
	system time =      16.96 seconds =       0.28 minutes
	total time  =      61587 seconds =    1026.45 minutes

Scratch directory: /tmp/
   => Libint2 <=

    Primary   basis highest AM E, G, H:  6, 6, 3
    Auxiliary basis highest AM E, G, H:  7, 7, 4
    Onebody   basis highest AM E, G, H:  -, -, -
    Solid Harmonics ordering:            Gaussian

*** tstart() called on Angelinas-MacBook-Pro-574.local
*** at Thu Feb 12 13:23:15 2026

   => Loading Basis Set <=

    Name: CC-PVTZ
    Role: ORBITAL
    Keyword: BASIS
    atoms 1-2 entry H          line    23 file /opt/anaconda3/envs/psi4/share/psi4/basis/cc-pvtz.gbs 


         ---------------------------------------------------------
                                   SCF
               by Justin Turney, Rob Parrish, Andy Simmonett
                          and Daniel G. A. Smith
                              UHF Reference
                        4 Threads,   1907 MiB Core
         ---------------------------------------------------------

  ==> Geometry <==

    Molecular point group: c1
    Full point group: D_inf_h

    Geometry (in Angstrom), charge = 1, multiplicity = 2:

       Center              X                  Y                   Z               Mass       
    ------------   -----------------  -----------------  -----------------  -----------------
         H            0.000000000000     0.000000000000    -1.750505050505     1.007825032230
         H            0.000000000000     0.000000000000     1.750505050505     1.007825032230

  Running in c1 symmetry.

  Rotational constants: A = ************  B =      2.72932  C =      2.72932 [cm^-1]
  Rotational constants: A = ************  B =  81822.98638  C =  81822.98638 [MHz]
  Nuclear repulsion =    0.151149866867657

  Charge       = 1
  Multiplicity = 2
  Electrons    = 1
  Nalpha       = 1
  Nbeta        = 0

  ==> Algorithm <==

  SCF Algorithm Type is DF.
  DIIS enabled.
  MOM disabled.
  Fractional occupation disabled.
  Guess Type is SAD.
  Energy threshold   = 1.00e-10
  Density threshold  = 1.00e-10
  Integral threshold = 1.00e-12

  ==> Primary Basis <==

  Basis Set: CC-PVTZ
    Blend: CC-PVTZ
    Number of shells: 12
    Number of basis functions: 28
    Number of Cartesian functions: 30
    Spherical Harmonics?: true
    Max angular momentum: 2

   => Loading Basis Set <=

    Name: (CC-PVTZ AUX)
    Role: JKFIT
    Keyword: DF_BASIS_SCF
    atoms 1-2 entry H          line    51 file /opt/anaconda3/envs/psi4/share/psi4/basis/cc-pvtz-jkfit.gbs 

  ==> Integral Setup <==

  DFHelper Memory: AOs need 0.001 GiB; user supplied 1.397 GiB. 
  SCF_SUBTYPE=INCORE selected. In-core MEM_DF algorithm will be used.
  Using in-core AOs.

  ==> MemDFJK: Density-Fitted J/K Matrices <==

    J tasked:                   Yes
    K tasked:                   Yes
    wK tasked:                   No
    OpenMP threads:               4
    Memory [MiB]:              1430
    Algorithm:                 Core
    Schwarz Cutoff:           1E-12
    Mask sparsity (%):       3.0612
    Fitting Condition:        1E-10

   => Auxiliary Basis Set <=

  Basis Set: (CC-PVTZ AUX)
    Blend: CC-PVTZ-JKFIT
    Number of shells: 20
    Number of basis functions: 60
    Number of Cartesian functions: 70
    Spherical Harmonics?: true
    Max angular momentum: 3

  Minimum eigenvalue in the overlap matrix is 9.6815835810E-02.
  Reciprocal condition number of the overlap matrix is 4.1750519760E-02.
    Using symmetric orthogonalization.

  ==> Pre-Iterations <==

  SCF Guess: Superposition of Atomic Densities via on-the-fly atomic UHF (no occupation information).

   -------------------------
    Irrep   Nso     Nmo    
   -------------------------
     A         28      28 
   -------------------------
    Total      28      28
   -------------------------

  ==> Iterations <==

                           Total Energy        Delta E     RMS |[F,P]|

   @DF-UHF iter SAD:    -0.83306167064406   -8.33062e-01   0.00000e+00 
   @DF-UHF iter   1:    -0.48516946041763    3.47892e-01   3.80647e-03 DIIS/ADIIS
   @DF-UHF iter   2:    -0.50400532445526   -1.88359e-02   1.20224e-03 DIIS/ADIIS
   @DF-UHF iter   3:    -0.50612975806875   -2.12443e-03   6.17741e-05 DIIS
   @DF-UHF iter   4:    -0.50613447228586   -4.71422e-06   8.18717e-06 DIIS
   @DF-UHF iter   5:    -0.50613453930831   -6.70225e-08   3.22966e-07 DIIS
   @DF-UHF iter   6:    -0.50613453940906   -1.00751e-10   5.79710e-09 DIIS
   @DF-UHF iter   7:    -0.50613453940908   -1.44329e-14   2.41221e-11 DIIS
  Energy and wave function converged.


  ==> Post-Iterations <==

   @Spin Contamination Metric:   0.000000000E+00
   @S^2 Expected:                7.500000000E-01
   @S^2 Observed:                7.500000000E-01
   @S   Expected:                5.000000000E-01
   @S   Observed:                5.000000000E-01

    Orbital Energies [Eh]
    ---------------------

    Alpha Occupied:                                                       

       1A     -0.657284  

    Alpha Virtual:                                                        

       2A     -0.492529     3A      0.081621     4A      0.154610  
       5A      0.433688     6A      0.440796     7A      0.440796  
       8A      0.444901     9A      0.444901    10A      0.461693  
      11A      2.090595    12A      2.128438    13A      3.048972  
      14A      3.048972    15A      3.049056    16A      3.049124  
      17A      3.049124    18A      3.049628    19A      3.049996  
      20A      3.049996    21A      3.050028    22A      3.050028  
      23A      3.437757    24A      3.443455    25A      3.443455  
      26A      3.444697    27A      3.444697    28A      3.457963  

    Beta Occupied:                                                        

    

    Beta Virtual:                                                         

       1A     -0.290360     2A     -0.270067     3A      0.139379  
       4A      0.203922     5A      0.486165     6A      0.490865  
       7A      0.490865     8A      0.492273     9A      0.492273  
      10A      0.507841    11A      2.151271    12A      2.188163  
      13A      3.076188    14A      3.076188    15A      3.076188  
      16A      3.076188    17A      3.076409    18A      3.076741  
      19A      3.076944    20A      3.076944    21A      3.076944  
      22A      3.076944    23A      3.479612    24A      3.485013  
      25A      3.485013    26A      3.486220    27A      3.486220  
      28A      3.499427  

    Final Occupation by Irrep:
              A 
    DOCC [     0 ]
    SOCC [     1 ]
    NA   [     1 ]
    NB   [     0 ]

  @DF-UHF Final Energy:    -0.50613453940908

   => Energetics <=

    Nuclear Repulsion Energy =              0.1511498668676572
    One-Electron Energy =                  -0.6572844062767363
    Two-Electron Energy =                  -0.0000000000000001
    Total Energy =                         -0.5061345394090790

  UHF NO Occupations:
  HONO-0 :    1  A 1.0000000
  LUNO+0 :    2  A 0.0000000
  LUNO+1 :    3  A 0.0000000
  LUNO+2 :    4  A 0.0000000
  LUNO+3 :    5  A 0.0000000


Computation Completed


Properties will be evaluated at   0.000000,   0.000000,   0.000000 [a0]

Properties computed using the SCF density matrix


 Multipole Moments:

 ------------------------------------------------------------------------------------
     Multipole            Electronic (a.u.)      Nuclear  (a.u.)        Total (a.u.)
 ------------------------------------------------------------------------------------

 L = 1.  Multiply by 2.5417464519 to convert [e a0] to [Debye]
 Dipole X            :         -0.0000000            0.0000000           -0.0000000
 Dipole Y            :          0.0000000            0.0000000            0.0000000
 Dipole Z            :         -0.0000000            0.0000000           -0.0000000
 Magnitude           :                                                    0.0000000

 ------------------------------------------------------------------------------------

*** tstop() called on Angelinas-MacBook-Pro-574.local at Thu Feb 12 13:23:15 2026
Module time:
	user time   =       0.06 seconds =       0.00 minutes
	system time =       0.01 seconds =       0.00 minutes
	total time  =          0 seconds =       0.00 minutes
Total time:
	user time   =      68.66 seconds =       1.14 minutes
	system time =      16.97 seconds =       0.28 minutes
	total time  =      61587 seconds =    1026.45 minutes

Scratch directory: /tmp/
   => Libint2 <=

    Primary   basis highest AM E, G, H:  6, 6, 3
    Auxiliary basis highest AM E, G, H:  7, 7, 4
    Onebody   basis highest AM E, G, H:  -, -, -
    Solid Harmonics ordering:            Gaussian

*** tstart() called on Angelinas-MacBook-Pro-574.local
*** at Thu Feb 12 13:23:15 2026

   => Loading Basis Set <=

    Name: CC-PVTZ
    Role: ORBITAL
    Keyword: BASIS
    atoms 1-2 entry H          line    23 file /opt/anaconda3/envs/psi4/share/psi4/basis/cc-pvtz.gbs 


         ---------------------------------------------------------
                                   SCF
               by Justin Turney, Rob Parrish, Andy Simmonett
                          and Daniel G. A. Smith
                              UHF Reference
                        4 Threads,   1907 MiB Core
         ---------------------------------------------------------

  ==> Geometry <==

    Molecular point group: c1
    Full point group: D_inf_h

    Geometry (in Angstrom), charge = 1, multiplicity = 2:

       Center              X                  Y                   Z               Mass       
    ------------   -----------------  -----------------  -----------------  -----------------
         H            0.000000000000     0.000000000000    -1.769696969697     1.007825032230
         H            0.000000000000     0.000000000000     1.769696969697     1.007825032230

  Running in c1 symmetry.

  Rotational constants: A = ************  B =      2.67044  C =      2.67044 [cm^-1]
  Rotational constants: A = ************  B =  80057.90998  C =  80057.90998 [MHz]
  Nuclear repulsion =    0.149510684521490

  Charge       = 1
  Multiplicity = 2
  Electrons    = 1
  Nalpha       = 1
  Nbeta        = 0

  ==> Algorithm <==

  SCF Algorithm Type is DF.
  DIIS enabled.
  MOM disabled.
  Fractional occupation disabled.
  Guess Type is SAD.
  Energy threshold   = 1.00e-10
  Density threshold  = 1.00e-10
  Integral threshold = 1.00e-12

  ==> Primary Basis <==

  Basis Set: CC-PVTZ
    Blend: CC-PVTZ
    Number of shells: 12
    Number of basis functions: 28
    Number of Cartesian functions: 30
    Spherical Harmonics?: true
    Max angular momentum: 2

   => Loading Basis Set <=

    Name: (CC-PVTZ AUX)
    Role: JKFIT
    Keyword: DF_BASIS_SCF
    atoms 1-2 entry H          line    51 file /opt/anaconda3/envs/psi4/share/psi4/basis/cc-pvtz-jkfit.gbs 

  ==> Integral Setup <==

  DFHelper Memory: AOs need 0.001 GiB; user supplied 1.397 GiB. 
  SCF_SUBTYPE=INCORE selected. In-core MEM_DF algorithm will be used.
  Using in-core AOs.

  ==> MemDFJK: Density-Fitted J/K Matrices <==

    J tasked:                   Yes
    K tasked:                   Yes
    wK tasked:                   No
    OpenMP threads:               4
    Memory [MiB]:              1430
    Algorithm:                 Core
    Schwarz Cutoff:           1E-12
    Mask sparsity (%):       5.1020
    Fitting Condition:        1E-10

   => Auxiliary Basis Set <=

  Basis Set: (CC-PVTZ AUX)
    Blend: CC-PVTZ-JKFIT
    Number of shells: 20
    Number of basis functions: 60
    Number of Cartesian functions: 70
    Spherical Harmonics?: true
    Max angular momentum: 3

  Minimum eigenvalue in the overlap matrix is 9.7153509486E-02.
  Reciprocal condition number of the overlap matrix is 4.1960518103E-02.
    Using symmetric orthogonalization.

  ==> Pre-Iterations <==

  SCF Guess: Superposition of Atomic Densities via on-the-fly atomic UHF (no occupation information).

   -------------------------
    Irrep   Nso     Nmo    
   -------------------------
     A         28      28 
   -------------------------
    Total      28      28
   -------------------------

  ==> Iterations <==

                           Total Energy        Delta E     RMS |[F,P]|

   @DF-UHF iter SAD:    -0.83319105028949   -8.33191e-01   0.00000e+00 
   @DF-UHF iter   1:    -0.48478189294035    3.48409e-01   3.80112e-03 DIIS/ADIIS
   @DF-UHF iter   2:    -0.50364385217235   -1.88620e-02   1.20062e-03 DIIS/ADIIS
   @DF-UHF iter   3:    -0.50576841440542   -2.12456e-03   5.99710e-05 DIIS
   @DF-UHF iter   4:    -0.50577284277822   -4.42837e-06   7.95350e-06 DIIS
   @DF-UHF iter   5:    -0.50577290578311   -6.30049e-08   3.19337e-07 DIIS
   @DF-UHF iter   6:    -0.50577290587986   -9.67464e-11   5.80231e-09 DIIS
   @DF-UHF iter   7:    -0.50577290587987   -1.39888e-14   2.40032e-11 DIIS
  Energy and wave function converged.


  ==> Post-Iterations <==

   @Spin Contamination Metric:   0.000000000E+00
   @S^2 Expected:                7.500000000E-01
   @S^2 Observed:                7.500000000E-01
   @S   Expected:                5.000000000E-01
   @S   Observed:                5.000000000E-01

    Orbital Energies [Eh]
    ---------------------

    Alpha Occupied:                                                       

       1A     -0.655284  

    Alpha Virtual:                                                        

       2A     -0.492949     3A      0.082143     4A      0.155240  
       5A      0.435355     6A      0.441745     7A      0.441745  
       8A      0.445546     9A      0.445546    10A      0.460252  
      11A      2.089811    12A      2.129986    13A      3.049881  
      14A      3.049881    15A      3.049923    16A      3.050025  
      17A      3.050025    18A      3.050440    19A      3.050876  
      20A      3.050876    21A      3.050906    22A      3.050906  
      23A      3.439571    24A      3.444459    25A      3.444459  
      26A      3.445506    27A      3.445506    28A      3.457022  

    Beta Occupied:                                                        

    

    Beta Virtual:                                                         

       1A     -0.289094     2A     -0.269671     3A      0.139819  
       4A      0.204791     5A      0.487721     6A      0.491795  
       7A      0.491795     8A      0.492990     9A      0.492990  
      10A      0.506515    11A      2.150633    12A      2.189795  
      13A      3.077115    14A      3.077115    15A      3.077115  
      16A      3.077115    17A      3.077285    18A      3.077576  
      19A      3.077857    20A      3.077857    21A      3.077857  
      22A      3.077857    23A      3.481467    24A      3.486081  
      25A      3.486081    26A      3.487097    27A      3.487097  
      28A      3.498574  

    Final Occupation by Irrep:
              A 
    DOCC [     0 ]
    SOCC [     1 ]
    NA   [     1 ]
    NB   [     0 ]

  @DF-UHF Final Energy:    -0.50577290587987

   => Energetics <=

    Nuclear Repulsion Energy =              0.1495106845214897
    One-Electron Energy =                  -0.6552835904013619
    Two-Electron Energy =                   0.0000000000000000
    Total Energy =                         -0.5057729058798721

  UHF NO Occupations:
  HONO-0 :    1  A 1.0000000
  LUNO+0 :    2  A 0.0000000
  LUNO+1 :    3  A 0.0000000
  LUNO+2 :    4  A 0.0000000
  LUNO+3 :    5  A 0.0000000


Computation Completed


Properties will be evaluated at   0.000000,   0.000000,   0.000000 [a0]

Properties computed using the SCF density matrix


 Multipole Moments:

 ------------------------------------------------------------------------------------
     Multipole            Electronic (a.u.)      Nuclear  (a.u.)        Total (a.u.)
 ------------------------------------------------------------------------------------

 L = 1.  Multiply by 2.5417464519 to convert [e a0] to [Debye]
 Dipole X            :         -0.0000000            0.0000000           -0.0000000
 Dipole Y            :          0.0000000            0.0000000            0.0000000
 Dipole Z            :          0.0000000            0.0000000            0.0000000
 Magnitude           :                                                    0.0000000

 ------------------------------------------------------------------------------------

*** tstop() called on Angelinas-MacBook-Pro-574.local at Thu Feb 12 13:23:15 2026
Module time:
	user time   =       0.05 seconds =       0.00 minutes
	system time =       0.00 seconds =       0.00 minutes
	total time  =          0 seconds =       0.00 minutes
Total time:
	user time   =      68.72 seconds =       1.15 minutes
	system time =      16.97 seconds =       0.28 minutes
	total time  =      61587 seconds =    1026.45 minutes

Scratch directory: /tmp/
   => Libint2 <=

    Primary   basis highest AM E, G, H:  6, 6, 3
    Auxiliary basis highest AM E, G, H:  7, 7, 4
    Onebody   basis highest AM E, G, H:  -, -, -
    Solid Harmonics ordering:            Gaussian

*** tstart() called on Angelinas-MacBook-Pro-574.local
*** at Thu Feb 12 13:23:15 2026

   => Loading Basis Set <=

    Name: CC-PVTZ
    Role: ORBITAL
    Keyword: BASIS
    atoms 1-2 entry H          line    23 file /opt/anaconda3/envs/psi4/share/psi4/basis/cc-pvtz.gbs 


         ---------------------------------------------------------
                                   SCF
               by Justin Turney, Rob Parrish, Andy Simmonett
                          and Daniel G. A. Smith
                              UHF Reference
                        4 Threads,   1907 MiB Core
         ---------------------------------------------------------

  ==> Geometry <==

    Molecular point group: c1
    Full point group: D_inf_h

    Geometry (in Angstrom), charge = 1, multiplicity = 2:

       Center              X                  Y                   Z               Mass       
    ------------   -----------------  -----------------  -----------------  -----------------
         H            0.000000000000     0.000000000000    -1.788888888889     1.007825032230
         H            0.000000000000     0.000000000000     1.788888888889     1.007825032230

  Running in c1 symmetry.

  Rotational constants: A = ************  B =      2.61345  C =      2.61345 [cm^-1]
  Rotational constants: A = ************  B =  78349.33765  C =  78349.33765 [MHz]
  Nuclear repulsion =    0.147906673789752

  Charge       = 1
  Multiplicity = 2
  Electrons    = 1
  Nalpha       = 1
  Nbeta        = 0

  ==> Algorithm <==

  SCF Algorithm Type is DF.
  DIIS enabled.
  MOM disabled.
  Fractional occupation disabled.
  Guess Type is SAD.
  Energy threshold   = 1.00e-10
  Density threshold  = 1.00e-10
  Integral threshold = 1.00e-12

  ==> Primary Basis <==

  Basis Set: CC-PVTZ
    Blend: CC-PVTZ
    Number of shells: 12
    Number of basis functions: 28
    Number of Cartesian functions: 30
    Spherical Harmonics?: true
    Max angular momentum: 2

   => Loading Basis Set <=

    Name: (CC-PVTZ AUX)
    Role: JKFIT
    Keyword: DF_BASIS_SCF
    atoms 1-2 entry H          line    51 file /opt/anaconda3/envs/psi4/share/psi4/basis/cc-pvtz-jkfit.gbs 

  ==> Integral Setup <==

  DFHelper Memory: AOs need 0.001 GiB; user supplied 1.397 GiB. 
  SCF_SUBTYPE=INCORE selected. In-core MEM_DF algorithm will be used.
  Using in-core AOs.

  ==> MemDFJK: Density-Fitted J/K Matrices <==

    J tasked:                   Yes
    K tasked:                   Yes
    wK tasked:                   No
    OpenMP threads:               4
    Memory [MiB]:              1430
    Algorithm:                 Core
    Schwarz Cutoff:           1E-12
    Mask sparsity (%):       5.3571
    Fitting Condition:        1E-10

   => Auxiliary Basis Set <=

  Basis Set: (CC-PVTZ AUX)
    Blend: CC-PVTZ-JKFIT
    Number of shells: 20
    Number of basis functions: 60
    Number of Cartesian functions: 70
    Spherical Harmonics?: true
    Max angular momentum: 3

  Minimum eigenvalue in the overlap matrix is 9.7491950309E-02.
  Reciprocal condition number of the overlap matrix is 4.2167779367E-02.
    Using symmetric orthogonalization.

  ==> Pre-Iterations <==

  SCF Guess: Superposition of Atomic Densities via on-the-fly atomic UHF (no occupation information).

   -------------------------
    Irrep   Nso     Nmo    
   -------------------------
     A         28      28 
   -------------------------
    Total      28      28
   -------------------------

  ==> Iterations <==

                           Total Energy        Delta E     RMS |[F,P]|

   @DF-UHF iter SAD:    -0.83333001043157   -8.33330e-01   0.00000e+00 
   @DF-UHF iter   1:    -0.48441170977487    3.48918e-01   3.79647e-03 DIIS/ADIIS
   @DF-UHF iter   2:    -0.50330259970362   -1.88909e-02   1.19904e-03 DIIS/ADIIS
   @DF-UHF iter   3:    -0.50542677162531   -2.12417e-03   5.81677e-05 DIIS
   @DF-UHF iter   4:    -0.50543092287549   -4.15125e-06   7.72340e-06 DIIS
   @DF-UHF iter   5:    -0.50543098207559   -5.92001e-08   3.15789e-07 DIIS
   @DF-UHF iter   6:    -0.50543098216860   -9.30047e-11   5.77280e-09 DIIS
   @DF-UHF iter   7:    -0.50543098216861   -1.34337e-14   2.38337e-11 DIIS
  Energy and wave function converged.


  ==> Post-Iterations <==

   @Spin Contamination Metric:   0.000000000E+00
   @S^2 Expected:                7.500000000E-01
   @S^2 Observed:                7.500000000E-01
   @S   Expected:                5.000000000E-01
   @S   Observed:                5.000000000E-01

    Orbital Energies [Eh]
    ---------------------

    Alpha Occupied:                                                       

       1A     -0.653338  

    Alpha Virtual:                                                        

       2A     -0.493346     3A      0.082734     4A      0.155785  
       5A      0.436896     6A      0.442664     7A      0.442664  
       8A      0.446194     9A      0.446194    10A      0.459015  
      11A      2.089125    12A      2.131435    13A      3.050775  
      14A      3.050775    15A      3.050777    16A      3.050910  
      17A      3.050910    18A      3.051245    19A      3.051741  
      20A      3.051741    21A      3.051770    22A      3.051770  
      23A      3.441240    24A      3.445434    25A      3.445434  
      26A      3.446314    27A      3.446314    28A      3.456270  

    Beta Occupied:                                                        

    

    Beta Virtual:                                                         

       1A     -0.287855     2A     -0.269270     3A      0.140325  
       4A      0.205573     5A      0.489154     6A      0.492697  
       7A      0.492697     8A      0.493708     9A      0.493708  
      10A      0.505390    11A      2.150087    12A      2.191328  
      13A      3.078027    14A      3.078027    15A      3.078027  
      16A      3.078027    17A      3.078150    18A      3.078404  
      19A      3.078756    20A      3.078756    21A      3.078756  
      22A      3.078756    23A      3.483177    24A      3.487118  
      25A      3.487118    26A      3.487970    27A      3.487970  
      28A      3.497906  

    Final Occupation by Irrep:
              A 
    DOCC [     0 ]
    SOCC [     1 ]
    NA   [     1 ]
    NB   [     0 ]

  @DF-UHF Final Energy:    -0.50543098216861

   => Energetics <=

    Nuclear Repulsion Energy =              0.1479066737897516
    One-Electron Energy =                  -0.6533376559583630
    Two-Electron Energy =                   0.0000000000000000
    Total Energy =                         -0.5054309821686115

  UHF NO Occupations:
  HONO-0 :    1  A 1.0000000
  LUNO+0 :    2  A 0.0000000
  LUNO+1 :    3  A 0.0000000
  LUNO+2 :    4  A 0.0000000
  LUNO+3 :    5  A 0.0000000


Computation Completed


Properties will be evaluated at   0.000000,   0.000000,   0.000000 [a0]

Properties computed using the SCF density matrix


 Multipole Moments:

 ------------------------------------------------------------------------------------
     Multipole            Electronic (a.u.)      Nuclear  (a.u.)        Total (a.u.)
 ------------------------------------------------------------------------------------

 L = 1.  Multiply by 2.5417464519 to convert [e a0] to [Debye]
 Dipole X            :          0.0000000            0.0000000            0.0000000
 Dipole Y            :         -0.0000000            0.0000000           -0.0000000
 Dipole Z            :         -0.0000000            0.0000000           -0.0000000
 Magnitude           :                                                    0.0000000

 ------------------------------------------------------------------------------------

*** tstop() called on Angelinas-MacBook-Pro-574.local at Thu Feb 12 13:23:15 2026
Module time:
	user time   =       0.05 seconds =       0.00 minutes
	system time =       0.01 seconds =       0.00 minutes
	total time  =          0 seconds =       0.00 minutes
Total time:
	user time   =      68.79 seconds =       1.15 minutes
	system time =      16.98 seconds =       0.28 minutes
	total time  =      61587 seconds =    1026.45 minutes

Scratch directory: /tmp/
   => Libint2 <=

    Primary   basis highest AM E, G, H:  6, 6, 3
    Auxiliary basis highest AM E, G, H:  7, 7, 4
    Onebody   basis highest AM E, G, H:  -, -, -
    Solid Harmonics ordering:            Gaussian

*** tstart() called on Angelinas-MacBook-Pro-574.local
*** at Thu Feb 12 13:23:15 2026

   => Loading Basis Set <=

    Name: CC-PVTZ
    Role: ORBITAL
    Keyword: BASIS
    atoms 1-2 entry H          line    23 file /opt/anaconda3/envs/psi4/share/psi4/basis/cc-pvtz.gbs 


         ---------------------------------------------------------
                                   SCF
               by Justin Turney, Rob Parrish, Andy Simmonett
                          and Daniel G. A. Smith
                              UHF Reference
                        4 Threads,   1907 MiB Core
         ---------------------------------------------------------

  ==> Geometry <==

    Molecular point group: c1
    Full point group: D_inf_h

    Geometry (in Angstrom), charge = 1, multiplicity = 2:

       Center              X                  Y                   Z               Mass       
    ------------   -----------------  -----------------  -----------------  -----------------
         H            0.000000000000     0.000000000000    -1.808080808081     1.007825032230
         H            0.000000000000     0.000000000000     1.808080808081     1.007825032230

  Running in c1 symmetry.

  Rotational constants: A = ************  B =      2.55827  C =      2.55827 [cm^-1]
  Rotational constants: A = ************  B =  76694.88310  C =  76694.88310 [MHz]
  Nuclear repulsion =    0.146336714682486

  Charge       = 1
  Multiplicity = 2
  Electrons    = 1
  Nalpha       = 1
  Nbeta        = 0

  ==> Algorithm <==

  SCF Algorithm Type is DF.
  DIIS enabled.
  MOM disabled.
  Fractional occupation disabled.
  Guess Type is SAD.
  Energy threshold   = 1.00e-10
  Density threshold  = 1.00e-10
  Integral threshold = 1.00e-12

  ==> Primary Basis <==

  Basis Set: CC-PVTZ
    Blend: CC-PVTZ
    Number of shells: 12
    Number of basis functions: 28
    Number of Cartesian functions: 30
    Spherical Harmonics?: true
    Max angular momentum: 2

   => Loading Basis Set <=

    Name: (CC-PVTZ AUX)
    Role: JKFIT
    Keyword: DF_BASIS_SCF
    atoms 1-2 entry H          line    51 file /opt/anaconda3/envs/psi4/share/psi4/basis/cc-pvtz-jkfit.gbs 

  ==> Integral Setup <==

  DFHelper Memory: AOs need 0.001 GiB; user supplied 1.397 GiB. 
  SCF_SUBTYPE=INCORE selected. In-core MEM_DF algorithm will be used.
  Using in-core AOs.

  ==> MemDFJK: Density-Fitted J/K Matrices <==

    J tasked:                   Yes
    K tasked:                   Yes
    wK tasked:                   No
    OpenMP threads:               4
    Memory [MiB]:              1430
    Algorithm:                 Core
    Schwarz Cutoff:           1E-12
    Mask sparsity (%):       5.3571
    Fitting Condition:        1E-10

   => Auxiliary Basis Set <=

  Basis Set: (CC-PVTZ AUX)
    Blend: CC-PVTZ-JKFIT
    Number of shells: 20
    Number of basis functions: 60
    Number of Cartesian functions: 70
    Spherical Harmonics?: true
    Max angular momentum: 3

  Minimum eigenvalue in the overlap matrix is 9.7830802326E-02.
  Reciprocal condition number of the overlap matrix is 4.2372278210E-02.
    Using symmetric orthogonalization.

  ==> Pre-Iterations <==

  SCF Guess: Superposition of Atomic Densities via on-the-fly atomic UHF (no occupation information).

   -------------------------
    Irrep   Nso     Nmo    
   -------------------------
     A         28      28 
   -------------------------
    Total      28      28
   -------------------------

  ==> Iterations <==

                           Total Energy        Delta E     RMS |[F,P]|

   @DF-UHF iter SAD:    -0.83347727312081   -8.33477e-01   0.00000e+00 
   @DF-UHF iter   1:    -0.48405848257350    3.49419e-01   3.79247e-03 DIIS/ADIIS
   @DF-UHF iter   2:    -0.50298058574918   -1.89221e-02   1.19748e-03 DIIS/ADIIS
   @DF-UHF iter   3:    -0.50510383257043   -2.12325e-03   5.63719e-05 DIIS
   @DF-UHF iter   4:    -0.50510771671480   -3.88414e-06   7.49720e-06 DIIS
   @DF-UHF iter   5:    -0.50510777231664   -5.56018e-08   3.12303e-07 DIIS
   @DF-UHF iter   6:    -0.50510777240614   -8.95000e-11   5.71184e-09 DIIS
   @DF-UHF iter   7:    -0.50510777240616   -1.39888e-14   2.36166e-11 DIIS
  Energy and wave function converged.


  ==> Post-Iterations <==

   @Spin Contamination Metric:   0.000000000E+00
   @S^2 Expected:                7.500000000E-01
   @S^2 Observed:                7.500000000E-01
   @S   Expected:                5.000000000E-01
   @S   Observed:                5.000000000E-01

    Orbital Energies [Eh]
    ---------------------

    Alpha Occupied:                                                       

       1A     -0.651444  

    Alpha Virtual:                                                        

       2A     -0.493720     3A      0.083389     4A      0.156247  
       5A      0.438321     6A      0.443554     7A      0.443554  
       8A      0.446844     9A      0.446844    10A      0.457970  
      11A      2.088540    12A      2.132783    13A      3.051619  
      14A      3.051652    15A      3.051652    16A      3.051779  
      17A      3.051779    18A      3.052043    19A      3.052591  
      20A      3.052591    21A      3.052619    22A      3.052619  
      23A      3.442778    24A      3.446380    25A      3.446380  
      26A      3.447118    27A      3.447118    28A      3.455687  

    Beta Occupied:                                                        

    

    Beta Virtual:                                                         

       1A     -0.286643     2A     -0.268864     3A      0.140896  
       4A      0.206267     5A      0.490477     6A      0.493572  
       7A      0.493572     8A      0.494426     9A      0.494426  
      10A      0.504450    11A      2.149637    12A      2.192758  
      13A      3.078923    14A      3.078923    15A      3.078923  
      16A      3.078923    17A      3.079003    18A      3.079224  
      19A      3.079638    20A      3.079638    21A      3.079638  
      22A      3.079638    23A      3.484757    24A      3.488125  
      25A      3.488125    26A      3.488839    27A      3.488839  
      28A      3.497403  

    Final Occupation by Irrep:
              A 
    DOCC [     0 ]
    SOCC [     1 ]
    NA   [     1 ]
    NB   [     0 ]

  @DF-UHF Final Energy:    -0.50510777240616

   => Energetics <=

    Nuclear Repulsion Energy =              0.1463367146824860
    One-Electron Energy =                  -0.6514444870886444
    Two-Electron Energy =                   0.0000000000000001
    Total Energy =                         -0.5051077724061583

  UHF NO Occupations:
  HONO-0 :    1  A 1.0000000
  LUNO+0 :    2  A 0.0000000
  LUNO+1 :    3  A 0.0000000
  LUNO+2 :    4  A 0.0000000
  LUNO+3 :    5  A 0.0000000


Computation Completed


Properties will be evaluated at   0.000000,   0.000000,   0.000000 [a0]

Properties computed using the SCF density matrix


 Multipole Moments:

 ------------------------------------------------------------------------------------
     Multipole            Electronic (a.u.)      Nuclear  (a.u.)        Total (a.u.)
 ------------------------------------------------------------------------------------

 L = 1.  Multiply by 2.5417464519 to convert [e a0] to [Debye]
 Dipole X            :         -0.0000000            0.0000000           -0.0000000
 Dipole Y            :          0.0000000            0.0000000            0.0000000
 Dipole Z            :          0.0000000            0.0000000            0.0000000
 Magnitude           :                                                    0.0000000

 ------------------------------------------------------------------------------------

*** tstop() called on Angelinas-MacBook-Pro-574.local at Thu Feb 12 13:23:15 2026
Module time:
	user time   =       0.06 seconds =       0.00 minutes
	system time =       0.00 seconds =       0.00 minutes
	total time  =          0 seconds =       0.00 minutes
Total time:
	user time   =      68.86 seconds =       1.15 minutes
	system time =      16.98 seconds =       0.28 minutes
	total time  =      61587 seconds =    1026.45 minutes

Scratch directory: /tmp/
   => Libint2 <=

    Primary   basis highest AM E, G, H:  6, 6, 3
    Auxiliary basis highest AM E, G, H:  7, 7, 4
    Onebody   basis highest AM E, G, H:  -, -, -
    Solid Harmonics ordering:            Gaussian

*** tstart() called on Angelinas-MacBook-Pro-574.local
*** at Thu Feb 12 13:23:15 2026

   => Loading Basis Set <=

    Name: CC-PVTZ
    Role: ORBITAL
    Keyword: BASIS
    atoms 1-2 entry H          line    23 file /opt/anaconda3/envs/psi4/share/psi4/basis/cc-pvtz.gbs 


         ---------------------------------------------------------
                                   SCF
               by Justin Turney, Rob Parrish, Andy Simmonett
                          and Daniel G. A. Smith
                              UHF Reference
                        4 Threads,   1907 MiB Core
         ---------------------------------------------------------

  ==> Geometry <==

    Molecular point group: c1
    Full point group: D_inf_h

    Geometry (in Angstrom), charge = 1, multiplicity = 2:

       Center              X                  Y                   Z               Mass       
    ------------   -----------------  -----------------  -----------------  -----------------
         H            0.000000000000     0.000000000000    -1.827272727273     1.007825032230
         H            0.000000000000     0.000000000000     1.827272727273     1.007825032230

  Running in c1 symmetry.

  Rotational constants: A = ************  B =      2.50481  C =      2.50481 [cm^-1]
  Rotational constants: A = ************  B =  75092.28470  C =  75092.28470 [MHz]
  Nuclear repulsion =    0.144799734262935

  Charge       = 1
  Multiplicity = 2
  Electrons    = 1
  Nalpha       = 1
  Nbeta        = 0

  ==> Algorithm <==

  SCF Algorithm Type is DF.
  DIIS enabled.
  MOM disabled.
  Fractional occupation disabled.
  Guess Type is SAD.
  Energy threshold   = 1.00e-10
  Density threshold  = 1.00e-10
  Integral threshold = 1.00e-12

  ==> Primary Basis <==

  Basis Set: CC-PVTZ
    Blend: CC-PVTZ
    Number of shells: 12
    Number of basis functions: 28
    Number of Cartesian functions: 30
    Spherical Harmonics?: true
    Max angular momentum: 2

   => Loading Basis Set <=

    Name: (CC-PVTZ AUX)
    Role: JKFIT
    Keyword: DF_BASIS_SCF
    atoms 1-2 entry H          line    51 file /opt/anaconda3/envs/psi4/share/psi4/basis/cc-pvtz-jkfit.gbs 

  ==> Integral Setup <==

  DFHelper Memory: AOs need 0.000 GiB; user supplied 1.397 GiB. 
  SCF_SUBTYPE=INCORE selected. In-core MEM_DF algorithm will be used.
  Using in-core AOs.

  ==> MemDFJK: Density-Fitted J/K Matrices <==

    J tasked:                   Yes
    K tasked:                   Yes
    wK tasked:                   No
    OpenMP threads:               4
    Memory [MiB]:              1430
    Algorithm:                 Core
    Schwarz Cutoff:           1E-12
    Mask sparsity (%):       9.1837
    Fitting Condition:        1E-10

   => Auxiliary Basis Set <=

  Basis Set: (CC-PVTZ AUX)
    Blend: CC-PVTZ-JKFIT
    Number of shells: 20
    Number of basis functions: 60
    Number of Cartesian functions: 70
    Spherical Harmonics?: true
    Max angular momentum: 3

  Minimum eigenvalue in the overlap matrix is 9.8169674971E-02.
  Reciprocal condition number of the overlap matrix is 4.2573970113E-02.
    Using symmetric orthogonalization.

  ==> Pre-Iterations <==

  SCF Guess: Superposition of Atomic Densities via on-the-fly atomic UHF (no occupation information).

   -------------------------
    Irrep   Nso     Nmo    
   -------------------------
     A         28      28 
   -------------------------
    Total      28      28
   -------------------------

  ==> Iterations <==

                           Total Energy        Delta E     RMS |[F,P]|

   @DF-UHF iter SAD:    -0.83363167527403   -8.33632e-01   0.00000e+00 
   @DF-UHF iter   1:    -0.48372177308248    3.49910e-01   3.78907e-03 DIIS/ADIIS
   @DF-UHF iter   2:    -0.50267686667432   -1.89551e-02   1.19593e-03 DIIS/ADIIS
   @DF-UHF iter   3:    -0.50479864503255   -2.12178e-03   5.45903e-05 DIIS
   @DF-UHF iter   4:    -0.50480227307713   -3.62804e-06   7.27517e-06 DIIS
   @DF-UHF iter   5:    -0.50480232528028   -5.22032e-08   3.08862e-07 DIIS
   @DF-UHF iter   6:    -0.50480232536649   -8.62147e-11   5.62256e-09 DIIS
   @DF-UHF iter   7:    -0.50480232536651   -1.35447e-14   2.33551e-11 DIIS
  Energy and wave function converged.


  ==> Post-Iterations <==

   @Spin Contamination Metric:   0.000000000E+00
   @S^2 Expected:                7.500000000E-01
   @S^2 Observed:                7.500000000E-01
   @S   Expected:                5.000000000E-01
   @S   Observed:                5.000000000E-01

    Orbital Energies [Eh]
    ---------------------

    Alpha Occupied:                                                       

       1A     -0.649602  

    Alpha Virtual:                                                        

       2A     -0.494072     3A      0.084105     4A      0.156625  
       5A      0.439645     6A      0.444418     7A      0.444418  
       8A      0.447494     9A      0.447494    10A      0.457100  
      11A      2.088059    12A      2.134025    13A      3.052449  
      14A      3.052513    15A      3.052513    16A      3.052634  
      17A      3.052634    18A      3.052832    19A      3.053427  
      20A      3.053427    21A      3.053453    22A      3.053453  
      23A      3.444200    24A      3.447300    25A      3.447300  
      26A      3.447918    27A      3.447918    28A      3.455257  

    Beta Occupied:                                                        

    

    Beta Virtual:                                                         

       1A     -0.285458     2A     -0.268455     3A      0.141529  
       4A      0.206875     5A      0.491703     6A      0.494422  
       7A      0.494422     8A      0.495142     9A      0.495142  
      10A      0.503682    11A      2.149285    12A      2.194083  
      13A      3.079802    14A      3.079802    15A      3.079802  
      16A      3.079802    17A      3.079845    18A      3.080036  
      19A      3.080505    20A      3.080505    21A      3.080505  
      22A      3.080505    23A      3.486222    24A      3.489104  
      25A      3.489104    26A      3.489701    27A      3.489701  
      28A      3.497049  

    Final Occupation by Irrep:
              A 
    DOCC [     0 ]
    SOCC [     1 ]
    NA   [     1 ]
    NB   [     0 ]

  @DF-UHF Final Energy:    -0.50480232536651

   => Energetics <=

    Nuclear Repulsion Energy =              0.1447997342629354
    One-Electron Energy =                  -0.6496020596294432
    Two-Electron Energy =                   0.0000000000000000
    Total Energy =                         -0.5048023253665078

  UHF NO Occupations:
  HONO-0 :    1  A 1.0000000
  LUNO+0 :    2  A 0.0000000
  LUNO+1 :    3  A 0.0000000
  LUNO+2 :    4  A 0.0000000
  LUNO+3 :    5  A 0.0000000


Computation Completed


Properties will be evaluated at   0.000000,   0.000000,   0.000000 [a0]

Properties computed using the SCF density matrix


 Multipole Moments:

 ------------------------------------------------------------------------------------
     Multipole            Electronic (a.u.)      Nuclear  (a.u.)        Total (a.u.)
 ------------------------------------------------------------------------------------

 L = 1.  Multiply by 2.5417464519 to convert [e a0] to [Debye]
 Dipole X            :          0.0000000            0.0000000            0.0000000
 Dipole Y            :          0.0000000            0.0000000            0.0000000
 Dipole Z            :         -0.0000000            0.0000000           -0.0000000
 Magnitude           :                                                    0.0000000

 ------------------------------------------------------------------------------------

*** tstop() called on Angelinas-MacBook-Pro-574.local at Thu Feb 12 13:23:15 2026
Module time:
	user time   =       0.05 seconds =       0.00 minutes
	system time =       0.01 seconds =       0.00 minutes
	total time  =          0 seconds =       0.00 minutes
Total time:
	user time   =      68.92 seconds =       1.15 minutes
	system time =      16.99 seconds =       0.28 minutes
	total time  =      61587 seconds =    1026.45 minutes

Scratch directory: /tmp/
   => Libint2 <=

    Primary   basis highest AM E, G, H:  6, 6, 3
    Auxiliary basis highest AM E, G, H:  7, 7, 4
    Onebody   basis highest AM E, G, H:  -, -, -
    Solid Harmonics ordering:            Gaussian

*** tstart() called on Angelinas-MacBook-Pro-574.local
*** at Thu Feb 12 13:23:15 2026

   => Loading Basis Set <=

    Name: CC-PVTZ
    Role: ORBITAL
    Keyword: BASIS
    atoms 1-2 entry H          line    23 file /opt/anaconda3/envs/psi4/share/psi4/basis/cc-pvtz.gbs 


         ---------------------------------------------------------
                                   SCF
               by Justin Turney, Rob Parrish, Andy Simmonett
                          and Daniel G. A. Smith
                              UHF Reference
                        4 Threads,   1907 MiB Core
         ---------------------------------------------------------

  ==> Geometry <==

    Molecular point group: c1
    Full point group: D_inf_h

    Geometry (in Angstrom), charge = 1, multiplicity = 2:

       Center              X                  Y                   Z               Mass       
    ------------   -----------------  -----------------  -----------------  -----------------
         H            0.000000000000     0.000000000000    -1.846464646465     1.007825032230
         H            0.000000000000     0.000000000000     1.846464646465     1.007825032230

  Running in c1 symmetry.

  Rotational constants: A = ************  B =      2.45301  C =      2.45301 [cm^-1]
  Rotational constants: A = ************  B =  73539.39776  C =  73539.39776 [MHz]
  Nuclear repulsion =    0.143294704202216

  Charge       = 1
  Multiplicity = 2
  Electrons    = 1
  Nalpha       = 1
  Nbeta        = 0

  ==> Algorithm <==

  SCF Algorithm Type is DF.
  DIIS enabled.
  MOM disabled.
  Fractional occupation disabled.
  Guess Type is SAD.
  Energy threshold   = 1.00e-10
  Density threshold  = 1.00e-10
  Integral threshold = 1.00e-12

  ==> Primary Basis <==

  Basis Set: CC-PVTZ
    Blend: CC-PVTZ
    Number of shells: 12
    Number of basis functions: 28
    Number of Cartesian functions: 30
    Spherical Harmonics?: true
    Max angular momentum: 2

   => Loading Basis Set <=

    Name: (CC-PVTZ AUX)
    Role: JKFIT
    Keyword: DF_BASIS_SCF
    atoms 1-2 entry H          line    51 file /opt/anaconda3/envs/psi4/share/psi4/basis/cc-pvtz-jkfit.gbs 

  ==> Integral Setup <==

  DFHelper Memory: AOs need 0.000 GiB; user supplied 1.397 GiB. 
  SCF_SUBTYPE=INCORE selected. In-core MEM_DF algorithm will be used.
  Using in-core AOs.

  ==> MemDFJK: Density-Fitted J/K Matrices <==

    J tasked:                   Yes
    K tasked:                   Yes
    wK tasked:                   No
    OpenMP threads:               4
    Memory [MiB]:              1430
    Algorithm:                 Core
    Schwarz Cutoff:           1E-12
    Mask sparsity (%):       9.1837
    Fitting Condition:        1E-10

   => Auxiliary Basis Set <=

  Basis Set: (CC-PVTZ AUX)
    Blend: CC-PVTZ-JKFIT
    Number of shells: 20
    Number of basis functions: 60
    Number of Cartesian functions: 70
    Spherical Harmonics?: true
    Max angular momentum: 3

  Minimum eigenvalue in the overlap matrix is 9.8508148757E-02.
  Reciprocal condition number of the overlap matrix is 4.2772793786E-02.
    Using symmetric orthogonalization.

  ==> Pre-Iterations <==

  SCF Guess: Superposition of Atomic Densities via on-the-fly atomic UHF (no occupation information).

   -------------------------
    Irrep   Nso     Nmo    
   -------------------------
     A         28      28 
   -------------------------
    Total      28      28
   -------------------------

  ==> Iterations <==

                           Total Energy        Delta E     RMS |[F,P]|

   @DF-UHF iter SAD:    -0.83379216043105   -8.33792e-01   0.00000e+00 
   @DF-UHF iter   1:    -0.48340113419446    3.50391e-01   3.78621e-03 DIIS/ADIIS
   @DF-UHF iter   2:    -0.50239053577088   -1.89894e-02   1.19439e-03 DIIS/ADIIS
   @DF-UHF iter   3:    -0.50451030028017   -2.11976e-03   5.28293e-05 DIIS
   @DF-UHF iter   4:    -0.50451368394537   -3.38367e-06   7.05754e-06 DIIS
   @DF-UHF iter   5:    -0.50451373294193   -4.89966e-08   3.05457e-07 DIIS
   @DF-UHF iter   6:    -0.50451373302507   -8.31303e-11   5.50803e-09 DIIS
   @DF-UHF iter   7:    -0.50451373302508   -1.29896e-14   2.30526e-11 DIIS
  Energy and wave function converged.


  ==> Post-Iterations <==

   @Spin Contamination Metric:   0.000000000E+00
   @S^2 Expected:                7.500000000E-01
   @S^2 Observed:                7.500000000E-01
   @S   Expected:                5.000000000E-01
   @S   Observed:                5.000000000E-01

    Orbital Energies [Eh]
    ---------------------

    Alpha Occupied:                                                       

       1A     -0.647808  

    Alpha Virtual:                                                        

       2A     -0.494404     3A      0.084878     4A      0.156924  
       5A      0.440877     6A      0.445257     7A      0.445257  
       8A      0.448142     9A      0.448142    10A      0.456390  
      11A      2.087685    12A      2.135162    13A      3.053267  
      14A      3.053358    15A      3.053358    16A      3.053472  
      17A      3.053472    18A      3.053614    19A      3.054248  
      20A      3.054248    21A      3.054272    22A      3.054272  
      23A      3.445520    24A      3.448194    25A      3.448194  
      26A      3.448711    27A      3.448711    28A      3.454964  

    Beta Occupied:                                                        

    

    Beta Virtual:                                                         

       1A     -0.284299     2A     -0.268042     3A      0.142219  
       4A      0.207399     5A      0.492841     6A      0.495249  
       7A      0.495249     8A      0.495854     9A      0.495854  
      10A      0.503069    11A      2.149034    12A      2.195300  
      13A      3.080666    14A      3.080666    15A      3.080666  
      16A      3.080666    17A      3.080675    18A      3.080840  
      19A      3.081357    20A      3.081357    21A      3.081357  
      22A      3.081357    23A      3.487584    24A      3.490056  
      25A      3.490056    26A      3.490554    27A      3.490554  
      28A      3.496828  

    Final Occupation by Irrep:
              A 
    DOCC [     0 ]
    SOCC [     1 ]
    NA   [     1 ]
    NB   [     0 ]

  @DF-UHF Final Energy:    -0.50451373302508

   => Energetics <=

    Nuclear Repulsion Energy =              0.1432947042022156
    One-Electron Energy =                  -0.6478084372272936
    Two-Electron Energy =                   0.0000000000000000
    Total Energy =                         -0.5045137330250781

  UHF NO Occupations:
  HONO-0 :    1  A 1.0000000
  LUNO+0 :    2  A 0.0000000
  LUNO+1 :    3  A 0.0000000
  LUNO+2 :    4  A 0.0000000
  LUNO+3 :    5  A 0.0000000


Computation Completed


Properties will be evaluated at   0.000000,   0.000000,   0.000000 [a0]

Properties computed using the SCF density matrix


 Multipole Moments:

 ------------------------------------------------------------------------------------
     Multipole            Electronic (a.u.)      Nuclear  (a.u.)        Total (a.u.)
 ------------------------------------------------------------------------------------

 L = 1.  Multiply by 2.5417464519 to convert [e a0] to [Debye]
 Dipole X            :         -0.0000000            0.0000000           -0.0000000
 Dipole Y            :          0.0000000            0.0000000            0.0000000
 Dipole Z            :          0.0000000            0.0000000            0.0000000
 Magnitude           :                                                    0.0000000

 ------------------------------------------------------------------------------------

*** tstop() called on Angelinas-MacBook-Pro-574.local at Thu Feb 12 13:23:15 2026
Module time:
	user time   =       0.05 seconds =       0.00 minutes
	system time =       0.01 seconds =       0.00 minutes
	total time  =          0 seconds =       0.00 minutes
Total time:
	user time   =      68.99 seconds =       1.15 minutes
	system time =      17.00 seconds =       0.28 minutes
	total time  =      61587 seconds =    1026.45 minutes

Scratch directory: /tmp/
   => Libint2 <=

    Primary   basis highest AM E, G, H:  6, 6, 3
    Auxiliary basis highest AM E, G, H:  7, 7, 4
    Onebody   basis highest AM E, G, H:  -, -, -
    Solid Harmonics ordering:            Gaussian

*** tstart() called on Angelinas-MacBook-Pro-574.local
*** at Thu Feb 12 13:23:15 2026

   => Loading Basis Set <=

    Name: CC-PVTZ
    Role: ORBITAL
    Keyword: BASIS
    atoms 1-2 entry H          line    23 file /opt/anaconda3/envs/psi4/share/psi4/basis/cc-pvtz.gbs 


         ---------------------------------------------------------
                                   SCF
               by Justin Turney, Rob Parrish, Andy Simmonett
                          and Daniel G. A. Smith
                              UHF Reference
                        4 Threads,   1907 MiB Core
         ---------------------------------------------------------

  ==> Geometry <==

    Molecular point group: c1
    Full point group: D_inf_h

    Geometry (in Angstrom), charge = 1, multiplicity = 2:

       Center              X                  Y                   Z               Mass       
    ------------   -----------------  -----------------  -----------------  -----------------
         H            0.000000000000     0.000000000000    -1.865656565657     1.007825032230
         H            0.000000000000     0.000000000000     1.865656565657     1.007825032230

  Running in c1 symmetry.

  Rotational constants: A = ************  B =      2.40280  C =      2.40280 [cm^-1]
  Rotational constants: A = ************  B =  72034.18732  C =  72034.18732 [MHz]
  Nuclear repulsion =    0.141820638484921

  Charge       = 1
  Multiplicity = 2
  Electrons    = 1
  Nalpha       = 1
  Nbeta        = 0

  ==> Algorithm <==

  SCF Algorithm Type is DF.
  DIIS enabled.
  MOM disabled.
  Fractional occupation disabled.
  Guess Type is SAD.
  Energy threshold   = 1.00e-10
  Density threshold  = 1.00e-10
  Integral threshold = 1.00e-12

  ==> Primary Basis <==

  Basis Set: CC-PVTZ
    Blend: CC-PVTZ
    Number of shells: 12
    Number of basis functions: 28
    Number of Cartesian functions: 30
    Spherical Harmonics?: true
    Max angular momentum: 2

   => Loading Basis Set <=

    Name: (CC-PVTZ AUX)
    Role: JKFIT
    Keyword: DF_BASIS_SCF
    atoms 1-2 entry H          line    51 file /opt/anaconda3/envs/psi4/share/psi4/basis/cc-pvtz-jkfit.gbs 

  ==> Integral Setup <==

  DFHelper Memory: AOs need 0.000 GiB; user supplied 1.397 GiB. 
  SCF_SUBTYPE=INCORE selected. In-core MEM_DF algorithm will be used.
  Using in-core AOs.

  ==> MemDFJK: Density-Fitted J/K Matrices <==

    J tasked:                   Yes
    K tasked:                   Yes
    wK tasked:                   No
    OpenMP threads:               4
    Memory [MiB]:              1430
    Algorithm:                 Core
    Schwarz Cutoff:           1E-12
    Mask sparsity (%):      10.7143
    Fitting Condition:        1E-10

   => Auxiliary Basis Set <=

  Basis Set: (CC-PVTZ AUX)
    Blend: CC-PVTZ-JKFIT
    Number of shells: 20
    Number of basis functions: 60
    Number of Cartesian functions: 70
    Spherical Harmonics?: true
    Max angular momentum: 3

  Minimum eigenvalue in the overlap matrix is 9.8845781085E-02.
  Reciprocal condition number of the overlap matrix is 4.2968673676E-02.
    Using symmetric orthogonalization.

  ==> Pre-Iterations <==

  SCF Guess: Superposition of Atomic Densities via on-the-fly atomic UHF (no occupation information).

   -------------------------
    Irrep   Nso     Nmo    
   -------------------------
     A         28      28 
   -------------------------
    Total      28      28
   -------------------------

  ==> Iterations <==

                           Total Energy        Delta E     RMS |[F,P]|

   @DF-UHF iter SAD:    -0.83395777094275   -8.33958e-01   0.00000e+00 
   @DF-UHF iter   1:    -0.48309611103798    3.50862e-01   3.78386e-03 DIIS/ADIIS
   @DF-UHF iter   2:    -0.50212072246752   -1.90246e-02   1.19284e-03 DIIS/ADIIS
   @DF-UHF iter   3:    -0.50423793156119   -2.11721e-03   5.10941e-05 DIIS
   @DF-UHF iter   4:    -0.50424108303834   -3.15148e-06   6.84453e-06 DIIS
   @DF-UHF iter   5:    -0.50424112901274   -4.59744e-08   3.02078e-07 DIIS
   @DF-UHF iter   6:    -0.50424112909297   -8.02327e-11   5.37115e-09 DIIS
   @DF-UHF iter   7:    -0.50424112909298   -1.11022e-14   2.27126e-11 DIIS
  Energy and wave function converged.


  ==> Post-Iterations <==

   @Spin Contamination Metric:   0.000000000E+00
   @S^2 Expected:                7.500000000E-01
   @S^2 Observed:                7.500000000E-01
   @S   Expected:                5.000000000E-01
   @S   Observed:                5.000000000E-01

    Orbital Energies [Eh]
    ---------------------

    Alpha Occupied:                                                       

       1A     -0.646062  

    Alpha Virtual:                                                        

       2A     -0.494718     3A      0.085704     4A      0.157146  
       5A      0.442028     6A      0.446072     7A      0.446072  
       8A      0.448787     9A      0.448787    10A      0.455827  
      11A      2.087418    12A      2.136191    13A      3.054072  
      14A      3.054187    15A      3.054187    16A      3.054295  
      17A      3.054295    18A      3.054386    19A      3.055054  
      20A      3.055054    21A      3.055077    22A      3.055077  
      23A      3.446748    24A      3.449066    25A      3.449066  
      26A      3.449497    27A      3.449497    28A      3.454793  

    Beta Occupied:                                                        

    

    Beta Virtual:                                                         

       1A     -0.283166     2A     -0.267627     3A      0.142965  
       4A      0.207840     5A      0.493902     6A      0.496054  
       7A      0.496054     8A      0.496562     9A      0.496562  
      10A      0.502599    11A      2.148882    12A      2.196410  
      13A      3.081493    14A      3.081514    15A      3.081514  
      16A      3.081514    17A      3.081514    18A      3.081635  
      19A      3.082193    20A      3.082193    21A      3.082193  
      22A      3.082193    23A      3.488854    24A      3.490983  
      25A      3.490983    26A      3.491397    27A      3.491397  
      28A      3.496725  

    Final Occupation by Irrep:
              A 
    DOCC [     0 ]
    SOCC [     1 ]
    NA   [     1 ]
    NB   [     0 ]

  @DF-UHF Final Energy:    -0.50424112909298

   => Energetics <=

    Nuclear Repulsion Energy =              0.1418206384849215
    One-Electron Energy =                  -0.6460617675779040
    Two-Electron Energy =                  -0.0000000000000000
    Total Energy =                         -0.5042411290929825

  UHF NO Occupations:
  HONO-0 :    1  A 1.0000000
  LUNO+0 :    2  A 0.0000000
  LUNO+1 :    3  A 0.0000000
  LUNO+2 :    4  A 0.0000000
  LUNO+3 :    5  A 0.0000000


Computation Completed


Properties will be evaluated at   0.000000,   0.000000,   0.000000 [a0]

Properties computed using the SCF density matrix


 Multipole Moments:

 ------------------------------------------------------------------------------------
     Multipole            Electronic (a.u.)      Nuclear  (a.u.)        Total (a.u.)
 ------------------------------------------------------------------------------------

 L = 1.  Multiply by 2.5417464519 to convert [e a0] to [Debye]
 Dipole X            :          0.0000000            0.0000000            0.0000000
 Dipole Y            :          0.0000000            0.0000000            0.0000000
 Dipole Z            :         -0.0000000            0.0000000           -0.0000000
 Magnitude           :                                                    0.0000000

 ------------------------------------------------------------------------------------

*** tstop() called on Angelinas-MacBook-Pro-574.local at Thu Feb 12 13:23:15 2026
Module time:
	user time   =       0.06 seconds =       0.00 minutes
	system time =       0.00 seconds =       0.00 minutes
	total time  =          0 seconds =       0.00 minutes
Total time:
	user time   =      69.06 seconds =       1.15 minutes
	system time =      17.00 seconds =       0.28 minutes
	total time  =      61587 seconds =    1026.45 minutes

Scratch directory: /tmp/
   => Libint2 <=

    Primary   basis highest AM E, G, H:  6, 6, 3
    Auxiliary basis highest AM E, G, H:  7, 7, 4
    Onebody   basis highest AM E, G, H:  -, -, -
    Solid Harmonics ordering:            Gaussian

*** tstart() called on Angelinas-MacBook-Pro-574.local
*** at Thu Feb 12 13:23:15 2026

   => Loading Basis Set <=

    Name: CC-PVTZ
    Role: ORBITAL
    Keyword: BASIS
    atoms 1-2 entry H          line    23 file /opt/anaconda3/envs/psi4/share/psi4/basis/cc-pvtz.gbs 


         ---------------------------------------------------------
                                   SCF
               by Justin Turney, Rob Parrish, Andy Simmonett
                          and Daniel G. A. Smith
                              UHF Reference
                        4 Threads,   1907 MiB Core
         ---------------------------------------------------------

  ==> Geometry <==

    Molecular point group: c1
    Full point group: D_inf_h

    Geometry (in Angstrom), charge = 1, multiplicity = 2:

       Center              X                  Y                   Z               Mass       
    ------------   -----------------  -----------------  -----------------  -----------------
         H            0.000000000000     0.000000000000    -1.884848484848     1.007825032230
         H            0.000000000000     0.000000000000     1.884848484848     1.007825032230

  Running in c1 symmetry.

  Rotational constants: A = ************  B =      2.35412  C =      2.35412 [cm^-1]
  Rotational constants: A = ************  B =  70574.72149  C =  70574.72149 [MHz]
  Nuclear repulsion =    0.140376591254904

  Charge       = 1
  Multiplicity = 2
  Electrons    = 1
  Nalpha       = 1
  Nbeta        = 0

  ==> Algorithm <==

  SCF Algorithm Type is DF.
  DIIS enabled.
  MOM disabled.
  Fractional occupation disabled.
  Guess Type is SAD.
  Energy threshold   = 1.00e-10
  Density threshold  = 1.00e-10
  Integral threshold = 1.00e-12

  ==> Primary Basis <==

  Basis Set: CC-PVTZ
    Blend: CC-PVTZ
    Number of shells: 12
    Number of basis functions: 28
    Number of Cartesian functions: 30
    Spherical Harmonics?: true
    Max angular momentum: 2

   => Loading Basis Set <=

    Name: (CC-PVTZ AUX)
    Role: JKFIT
    Keyword: DF_BASIS_SCF
    atoms 1-2 entry H          line    51 file /opt/anaconda3/envs/psi4/share/psi4/basis/cc-pvtz-jkfit.gbs 

  ==> Integral Setup <==

  DFHelper Memory: AOs need 0.000 GiB; user supplied 1.397 GiB. 
  SCF_SUBTYPE=INCORE selected. In-core MEM_DF algorithm will be used.
  Using in-core AOs.

  ==> MemDFJK: Density-Fitted J/K Matrices <==

    J tasked:                   Yes
    K tasked:                   Yes
    wK tasked:                   No
    OpenMP threads:               4
    Memory [MiB]:              1430
    Algorithm:                 Core
    Schwarz Cutoff:           1E-12
    Mask sparsity (%):      10.7143
    Fitting Condition:        1E-10

   => Auxiliary Basis Set <=

  Basis Set: (CC-PVTZ AUX)
    Blend: CC-PVTZ-JKFIT
    Number of shells: 20
    Number of basis functions: 60
    Number of Cartesian functions: 70
    Spherical Harmonics?: true
    Max angular momentum: 3

  Minimum eigenvalue in the overlap matrix is 9.9182112081E-02.
  Reciprocal condition number of the overlap matrix is 4.3161522519E-02.
    Using symmetric orthogonalization.

  ==> Pre-Iterations <==

  SCF Guess: Superposition of Atomic Densities via on-the-fly atomic UHF (no occupation information).

   -------------------------
    Irrep   Nso     Nmo    
   -------------------------
     A         28      28 
   -------------------------
    Total      28      28
   -------------------------

  ==> Iterations <==

                           Total Energy        Delta E     RMS |[F,P]|

   @DF-UHF iter SAD:    -0.83412764058066   -8.34128e-01   0.00000e+00 
   @DF-UHF iter   1:    -0.48280624209600    3.51321e-01   3.78196e-03 DIIS/ADIIS
   @DF-UHF iter   2:    -0.50186659149660   -1.90603e-02   1.19128e-03 DIIS/ADIIS
   @DF-UHF iter   3:    -0.50398071259044   -2.11412e-03   4.93896e-05 DIIS
   @DF-UHF iter   4:    -0.50398364432942   -2.93174e-06   6.63632e-06 DIIS
   @DF-UHF iter   5:    -0.50398368745824   -4.31288e-08   2.98721e-07 DIIS
   @DF-UHF iter   6:    -0.50398368753574   -7.75031e-11   5.21470e-09 DIIS
   @DF-UHF iter   7:    -0.50398368753576   -1.36557e-14   2.23385e-11 DIIS
  Energy and wave function converged.


  ==> Post-Iterations <==

   @Spin Contamination Metric:   0.000000000E+00
   @S^2 Expected:                7.500000000E-01
   @S^2 Observed:                7.500000000E-01
   @S   Expected:                5.000000000E-01
   @S   Observed:                5.000000000E-01

    Orbital Energies [Eh]
    ---------------------

    Alpha Occupied:                                                       

       1A     -0.644360  

    Alpha Virtual:                                                        

       2A     -0.495013     3A      0.086581     4A      0.157294  
       5A      0.443107     6A      0.446866     7A      0.446866  
       8A      0.449429     9A      0.449429    10A      0.455397  
      11A      2.087256    12A      2.137115    13A      3.054865  
      14A      3.055001    15A      3.055001    16A      3.055103  
      17A      3.055103    18A      3.055150    19A      3.055845  
      20A      3.055845    21A      3.055867    22A      3.055867  
      23A      3.447895    24A      3.449915    25A      3.449915  
      26A      3.450273    27A      3.450273    28A      3.454730  

    Beta Occupied:                                                        

    

    Beta Virtual:                                                         

       1A     -0.282059     2A     -0.267211     3A      0.143762  
       4A      0.208202     5A      0.494896     6A      0.496839  
       7A      0.496839     8A      0.497263     9A      0.497263  
      10A      0.502258    11A      2.148830    12A      2.197414  
      13A      3.082298    14A      3.082346    15A      3.082346  
      16A      3.082346    17A      3.082346    18A      3.082421  
      19A      3.083013    20A      3.083013    21A      3.083013  
      22A      3.083013    23A      3.490043    24A      3.491886  
      25A      3.491886    26A      3.492230    27A      3.492230  
      28A      3.496726  

    Final Occupation by Irrep:
              A 
    DOCC [     0 ]
    SOCC [     1 ]
    NA   [     1 ]
    NB   [     0 ]

  @DF-UHF Final Energy:    -0.50398368753576

   => Energetics <=

    Nuclear Repulsion Energy =              0.1403765912549035
    One-Electron Energy =                  -0.6443602787906609
    Two-Electron Energy =                   0.0000000000000000
    Total Energy =                         -0.5039836875357574

  UHF NO Occupations:
  HONO-0 :    1  A 1.0000000
  LUNO+0 :    2  A 0.0000000
  LUNO+1 :    3  A 0.0000000
  LUNO+2 :    4  A 0.0000000
  LUNO+3 :    5  A 0.0000000


Computation Completed


Properties will be evaluated at   0.000000,   0.000000,   0.000000 [a0]

Properties computed using the SCF density matrix


 Multipole Moments:

 ------------------------------------------------------------------------------------
     Multipole            Electronic (a.u.)      Nuclear  (a.u.)        Total (a.u.)
 ------------------------------------------------------------------------------------

 L = 1.  Multiply by 2.5417464519 to convert [e a0] to [Debye]
 Dipole X            :          0.0000000            0.0000000            0.0000000
 Dipole Y            :          0.0000000            0.0000000            0.0000000
 Dipole Z            :          0.0000000            0.0000000            0.0000000
 Magnitude           :                                                    0.0000000

 ------------------------------------------------------------------------------------

*** tstop() called on Angelinas-MacBook-Pro-574.local at Thu Feb 12 13:23:15 2026
Module time:
	user time   =       0.05 seconds =       0.00 minutes
	system time =       0.01 seconds =       0.00 minutes
	total time  =          0 seconds =       0.00 minutes
Total time:
	user time   =      69.12 seconds =       1.15 minutes
	system time =      17.01 seconds =       0.28 minutes
	total time  =      61587 seconds =    1026.45 minutes

Scratch directory: /tmp/
   => Libint2 <=

    Primary   basis highest AM E, G, H:  6, 6, 3
    Auxiliary basis highest AM E, G, H:  7, 7, 4
    Onebody   basis highest AM E, G, H:  -, -, -
    Solid Harmonics ordering:            Gaussian

*** tstart() called on Angelinas-MacBook-Pro-574.local
*** at Thu Feb 12 13:23:15 2026

   => Loading Basis Set <=

    Name: CC-PVTZ
    Role: ORBITAL
    Keyword: BASIS
    atoms 1-2 entry H          line    23 file /opt/anaconda3/envs/psi4/share/psi4/basis/cc-pvtz.gbs 


         ---------------------------------------------------------
                                   SCF
               by Justin Turney, Rob Parrish, Andy Simmonett
                          and Daniel G. A. Smith
                              UHF Reference
                        4 Threads,   1907 MiB Core
         ---------------------------------------------------------

  ==> Geometry <==

    Molecular point group: c1
    Full point group: D_inf_h

    Geometry (in Angstrom), charge = 1, multiplicity = 2:

       Center              X                  Y                   Z               Mass       
    ------------   -----------------  -----------------  -----------------  -----------------
         H            0.000000000000     0.000000000000    -1.904040404040     1.007825032230
         H            0.000000000000     0.000000000000     1.904040404040     1.007825032230

  Running in c1 symmetry.

  Rotational constants: A = ************  B =      2.30690  C =      2.30690 [cm^-1]
  Rotational constants: A = ************  B =  69159.16525  C =  69159.16525 [MHz]
  Nuclear repulsion =    0.138961654791326

  Charge       = 1
  Multiplicity = 2
  Electrons    = 1
  Nalpha       = 1
  Nbeta        = 0

  ==> Algorithm <==

  SCF Algorithm Type is DF.
  DIIS enabled.
  MOM disabled.
  Fractional occupation disabled.
  Guess Type is SAD.
  Energy threshold   = 1.00e-10
  Density threshold  = 1.00e-10
  Integral threshold = 1.00e-12

  ==> Primary Basis <==

  Basis Set: CC-PVTZ
    Blend: CC-PVTZ
    Number of shells: 12
    Number of basis functions: 28
    Number of Cartesian functions: 30
    Spherical Harmonics?: true
    Max angular momentum: 2

   => Loading Basis Set <=

    Name: (CC-PVTZ AUX)
    Role: JKFIT
    Keyword: DF_BASIS_SCF
    atoms 1-2 entry H          line    51 file /opt/anaconda3/envs/psi4/share/psi4/basis/cc-pvtz-jkfit.gbs 

  ==> Integral Setup <==

  DFHelper Memory: AOs need 0.000 GiB; user supplied 1.397 GiB. 
  SCF_SUBTYPE=INCORE selected. In-core MEM_DF algorithm will be used.
  Using in-core AOs.

  ==> MemDFJK: Density-Fitted J/K Matrices <==

    J tasked:                   Yes
    K tasked:                   Yes
    wK tasked:                   No
    OpenMP threads:               4
    Memory [MiB]:              1430
    Algorithm:                 Core
    Schwarz Cutoff:           1E-12
    Mask sparsity (%):      12.7551
    Fitting Condition:        1E-10

   => Auxiliary Basis Set <=

  Basis Set: (CC-PVTZ AUX)
    Blend: CC-PVTZ-JKFIT
    Number of shells: 20
    Number of basis functions: 60
    Number of Cartesian functions: 70
    Spherical Harmonics?: true
    Max angular momentum: 3

  Minimum eigenvalue in the overlap matrix is 9.9516670350E-02.
  Reciprocal condition number of the overlap matrix is 4.3351243881E-02.
    Using symmetric orthogonalization.

  ==> Pre-Iterations <==

  SCF Guess: Superposition of Atomic Densities via on-the-fly atomic UHF (no occupation information).

   -------------------------
    Irrep   Nso     Nmo    
   -------------------------
     A         28      28 
   -------------------------
    Total      28      28
   -------------------------

  ==> Iterations <==

                           Total Energy        Delta E     RMS |[F,P]|

   @DF-UHF iter SAD:    -0.83430098755817   -8.34301e-01   0.00000e+00 
   @DF-UHF iter   1:    -0.48253106034713    3.51770e-01   3.78047e-03 DIIS/ADIIS
   @DF-UHF iter   2:    -0.50162734202524   -1.90963e-02   1.18971e-03 DIIS/ADIIS
   @DF-UHF iter   3:    -0.50373785603107   -2.11051e-03   4.77198e-05 DIIS
   @DF-UHF iter   4:    -0.50374058055783   -2.72453e-06   6.43306e-06 DIIS
   @DF-UHF iter   5:    -0.50374062100985   -4.04520e-08   2.95383e-07 DIIS
   @DF-UHF iter   6:    -0.50374062108479   -7.49379e-11   5.04131e-09 DIIS
   @DF-UHF iter   7:    -0.50374062108480   -1.03251e-14   2.19340e-11 DIIS
  Energy and wave function converged.


  ==> Post-Iterations <==

   @Spin Contamination Metric:   0.000000000E+00
   @S^2 Expected:                7.500000000E-01
   @S^2 Observed:                7.500000000E-01
   @S   Expected:                5.000000000E-01
   @S   Observed:                5.000000000E-01

    Orbital Energies [Eh]
    ---------------------

    Alpha Occupied:                                                       

       1A     -0.642702  

    Alpha Virtual:                                                        

       2A     -0.495291     3A      0.087505     4A      0.157373  
       5A      0.444123     6A      0.447640     7A      0.447640  
       8A      0.450066     9A      0.450066    10A      0.455088  
      11A      2.087197    12A      2.137935    13A      3.055646  
      14A      3.055799    15A      3.055799    16A      3.055896  
      17A      3.055896    18A      3.055905    19A      3.056621  
      20A      3.056621    21A      3.056643    22A      3.056643  
      23A      3.448971    24A      3.450743    25A      3.450743  
      26A      3.451041    27A      3.451041    28A      3.454762  

    Beta Occupied:                                                        

    

    Beta Virtual:                                                         

       1A     -0.280977     2A     -0.266793     3A      0.144608  
       4A      0.208489     5A      0.495830     6A      0.497604  
       7A      0.497604     8A      0.497958     9A      0.497958  
      10A      0.502034    11A      2.148876    12A      2.198313  
      13A      3.083092    14A      3.083162    15A      3.083162  
      16A      3.083162    17A      3.083162    18A      3.083196  
      19A      3.083818    20A      3.083818    21A      3.083818  
      22A      3.083818    23A      3.491160    24A      3.492767  
      25A      3.492767    26A      3.493051    27A      3.493051  
      28A      3.496819  

    Final Occupation by Irrep:
              A 
    DOCC [     0 ]
    SOCC [     1 ]
    NA   [     1 ]
    NB   [     0 ]

  @DF-UHF Final Energy:    -0.50374062108480

   => Energetics <=

    Nuclear Repulsion Energy =              0.1389616547913263
    One-Electron Energy =                  -0.6427022758761248
    Two-Electron Energy =                   0.0000000000000000
    Total Energy =                         -0.5037406210847986

  UHF NO Occupations:
  HONO-0 :    1  A 1.0000000
  LUNO+0 :    2  A 0.0000000
  LUNO+1 :    3  A 0.0000000
  LUNO+2 :    4  A 0.0000000
  LUNO+3 :    5  A 0.0000000


Computation Completed


Properties will be evaluated at   0.000000,   0.000000,   0.000000 [a0]

Properties computed using the SCF density matrix


 Multipole Moments:

 ------------------------------------------------------------------------------------
     Multipole            Electronic (a.u.)      Nuclear  (a.u.)        Total (a.u.)
 ------------------------------------------------------------------------------------

 L = 1.  Multiply by 2.5417464519 to convert [e a0] to [Debye]
 Dipole X            :         -0.0000000            0.0000000           -0.0000000
 Dipole Y            :         -0.0000000            0.0000000           -0.0000000
 Dipole Z            :         -0.0000000            0.0000000           -0.0000000
 Magnitude           :                                                    0.0000000

 ------------------------------------------------------------------------------------

*** tstop() called on Angelinas-MacBook-Pro-574.local at Thu Feb 12 13:23:16 2026
Module time:
	user time   =       0.07 seconds =       0.00 minutes
	system time =       0.00 seconds =       0.00 minutes
	total time  =          1 seconds =       0.02 minutes
Total time:
	user time   =      69.21 seconds =       1.15 minutes
	system time =      17.01 seconds =       0.28 minutes
	total time  =      61588 seconds =    1026.47 minutes

Scratch directory: /tmp/
   => Libint2 <=

    Primary   basis highest AM E, G, H:  6, 6, 3
    Auxiliary basis highest AM E, G, H:  7, 7, 4
    Onebody   basis highest AM E, G, H:  -, -, -
    Solid Harmonics ordering:            Gaussian

*** tstart() called on Angelinas-MacBook-Pro-574.local
*** at Thu Feb 12 13:23:16 2026

   => Loading Basis Set <=

    Name: CC-PVTZ
    Role: ORBITAL
    Keyword: BASIS
    atoms 1-2 entry H          line    23 file /opt/anaconda3/envs/psi4/share/psi4/basis/cc-pvtz.gbs 


         ---------------------------------------------------------
                                   SCF
               by Justin Turney, Rob Parrish, Andy Simmonett
                          and Daniel G. A. Smith
                              UHF Reference
                        4 Threads,   1907 MiB Core
         ---------------------------------------------------------

  ==> Geometry <==

    Molecular point group: c1
    Full point group: D_inf_h

    Geometry (in Angstrom), charge = 1, multiplicity = 2:

       Center              X                  Y                   Z               Mass       
    ------------   -----------------  -----------------  -----------------  -----------------
         H            0.000000000000     0.000000000000    -1.923232323232     1.007825032230
         H            0.000000000000     0.000000000000     1.923232323232     1.007825032230

  Running in c1 symmetry.

  Rotational constants: A = ************  B =      2.26109  C =      2.26109 [cm^-1]
  Rotational constants: A = ************  B =  67785.77468  C =  67785.77468 [MHz]
  Nuclear repulsion =    0.137574957605909

  Charge       = 1
  Multiplicity = 2
  Electrons    = 1
  Nalpha       = 1
  Nbeta        = 0

  ==> Algorithm <==

  SCF Algorithm Type is DF.
  DIIS enabled.
  MOM disabled.
  Fractional occupation disabled.
  Guess Type is SAD.
  Energy threshold   = 1.00e-10
  Density threshold  = 1.00e-10
  Integral threshold = 1.00e-12

  ==> Primary Basis <==

  Basis Set: CC-PVTZ
    Blend: CC-PVTZ
    Number of shells: 12
    Number of basis functions: 28
    Number of Cartesian functions: 30
    Spherical Harmonics?: true
    Max angular momentum: 2

   => Loading Basis Set <=

    Name: (CC-PVTZ AUX)
    Role: JKFIT
    Keyword: DF_BASIS_SCF
    atoms 1-2 entry H          line    51 file /opt/anaconda3/envs/psi4/share/psi4/basis/cc-pvtz-jkfit.gbs 

  ==> Integral Setup <==

  DFHelper Memory: AOs need 0.000 GiB; user supplied 1.397 GiB. 
  SCF_SUBTYPE=INCORE selected. In-core MEM_DF algorithm will be used.
  Using in-core AOs.

  ==> MemDFJK: Density-Fitted J/K Matrices <==

    J tasked:                   Yes
    K tasked:                   Yes
    wK tasked:                   No
    OpenMP threads:               4
    Memory [MiB]:              1430
    Algorithm:                 Core
    Schwarz Cutoff:           1E-12
    Mask sparsity (%):      14.2857
    Fitting Condition:        1E-10

   => Auxiliary Basis Set <=

  Basis Set: (CC-PVTZ AUX)
    Blend: CC-PVTZ-JKFIT
    Number of shells: 20
    Number of basis functions: 60
    Number of Cartesian functions: 70
    Spherical Harmonics?: true
    Max angular momentum: 3

  Minimum eigenvalue in the overlap matrix is 9.9848978558E-02.
  Reciprocal condition number of the overlap matrix is 4.3537734653E-02.
    Using symmetric orthogonalization.

  ==> Pre-Iterations <==

  SCF Guess: Superposition of Atomic Densities via on-the-fly atomic UHF (no occupation information).

   -------------------------
    Irrep   Nso     Nmo    
   -------------------------
     A         28      28 
   -------------------------
    Total      28      28
   -------------------------

  ==> Iterations <==

                           Total Energy        Delta E     RMS |[F,P]|

   @DF-UHF iter SAD:    -0.83447710795187   -8.34477e-01   0.00000e+00 
   @DF-UHF iter   1:    -0.48227009442372    3.52207e-01   3.77935e-03 DIIS/ADIIS
   @DF-UHF iter   2:    -0.50140220675714   -1.91321e-02   1.18813e-03 DIIS/ADIIS
   @DF-UHF iter   3:    -0.50350861197823   -2.10641e-03   4.60884e-05 DIIS
   @DF-UHF iter   4:    -0.50351114174062   -2.52976e-06   6.23489e-06 DIIS
   @DF-UHF iter   5:    -0.50351117967687   -3.79362e-08   2.92066e-07 DIIS
   @DF-UHF iter   6:    -0.50351117974939   -7.25205e-11   4.85343e-09 DIIS
   @DF-UHF iter   7:    -0.50351117974940   -9.88098e-15   2.15024e-11 DIIS
  Energy and wave function converged.


  ==> Post-Iterations <==

   @Spin Contamination Metric:   0.000000000E+00
   @S^2 Expected:                7.500000000E-01
   @S^2 Observed:                7.500000000E-01
   @S   Expected:                5.000000000E-01
   @S   Observed:                5.000000000E-01

    Orbital Energies [Eh]
    ---------------------

    Alpha Occupied:                                                       

       1A     -0.641086  

    Alpha Virtual:                                                        

       2A     -0.495553     3A      0.088473     4A      0.157387  
       5A      0.445082     6A      0.448394     7A      0.448394  
       8A      0.450697     9A      0.450697    10A      0.454886  
      11A      2.087240    12A      2.138653    13A      3.056414  
      14A      3.056582    15A      3.056582    16A      3.056649  
      17A      3.056674    18A      3.056674    19A      3.057384  
      20A      3.057384    21A      3.057404    22A      3.057404  
      23A      3.449985    24A      3.451550    25A      3.451550  
      26A      3.451798    27A      3.451798    28A      3.454878  

    Beta Occupied:                                                        

    

    Beta Virtual:                                                         

       1A     -0.279920     2A     -0.266374     3A      0.145500  
       4A      0.208705     5A      0.496711     6A      0.498350  
       7A      0.498350     8A      0.498646     9A      0.498646  
      10A      0.501914    11A      2.149017    12A      2.199110  
      13A      3.083873    14A      3.083962    15A      3.083963  
      16A      3.083963    17A      3.083963    18A      3.083963  
      19A      3.084607    20A      3.084607    21A      3.084607  
      22A      3.084607    23A      3.492214    24A      3.493625  
      25A      3.493625    26A      3.493860    27A      3.493860  
      28A      3.496993  

    Final Occupation by Irrep:
              A 
    DOCC [     0 ]
    SOCC [     1 ]
    NA   [     1 ]
    NB   [     0 ]

  @DF-UHF Final Energy:    -0.50351117974940

   => Energetics <=

    Nuclear Repulsion Energy =              0.1375749576059086
    One-Electron Energy =                  -0.6410861373553047
    Two-Electron Energy =                   0.0000000000000000
    Total Energy =                         -0.5035111797493961

  UHF NO Occupations:
  HONO-0 :    1  A 1.0000000
  LUNO+0 :    2  A 0.0000000
  LUNO+1 :    3  A 0.0000000
  LUNO+2 :    4  A 0.0000000
  LUNO+3 :    5  A 0.0000000


Computation Completed


Properties will be evaluated at   0.000000,   0.000000,   0.000000 [a0]

Properties computed using the SCF density matrix


 Multipole Moments:

 ------------------------------------------------------------------------------------
     Multipole            Electronic (a.u.)      Nuclear  (a.u.)        Total (a.u.)
 ------------------------------------------------------------------------------------

 L = 1.  Multiply by 2.5417464519 to convert [e a0] to [Debye]
 Dipole X            :         -0.0000000            0.0000000           -0.0000000
 Dipole Y            :          0.0000000            0.0000000            0.0000000
 Dipole Z            :         -0.0000000            0.0000000           -0.0000000
 Magnitude           :                                                    0.0000000

 ------------------------------------------------------------------------------------

*** tstop() called on Angelinas-MacBook-Pro-574.local at Thu Feb 12 13:23:16 2026
Module time:
	user time   =       0.05 seconds =       0.00 minutes
	system time =       0.01 seconds =       0.00 minutes
	total time  =          0 seconds =       0.00 minutes
Total time:
	user time   =      69.27 seconds =       1.15 minutes
	system time =      17.02 seconds =       0.28 minutes
	total time  =      61588 seconds =    1026.47 minutes

Scratch directory: /tmp/
   => Libint2 <=

    Primary   basis highest AM E, G, H:  6, 6, 3
    Auxiliary basis highest AM E, G, H:  7, 7, 4
    Onebody   basis highest AM E, G, H:  -, -, -
    Solid Harmonics ordering:            Gaussian

*** tstart() called on Angelinas-MacBook-Pro-574.local
*** at Thu Feb 12 13:23:16 2026

   => Loading Basis Set <=

    Name: CC-PVTZ
    Role: ORBITAL
    Keyword: BASIS
    atoms 1-2 entry H          line    23 file /opt/anaconda3/envs/psi4/share/psi4/basis/cc-pvtz.gbs 


         ---------------------------------------------------------
                                   SCF
               by Justin Turney, Rob Parrish, Andy Simmonett
                          and Daniel G. A. Smith
                              UHF Reference
                        4 Threads,   1907 MiB Core
         ---------------------------------------------------------

  ==> Geometry <==

    Molecular point group: c1
    Full point group: D_inf_h

    Geometry (in Angstrom), charge = 1, multiplicity = 2:

       Center              X                  Y                   Z               Mass       
    ------------   -----------------  -----------------  -----------------  -----------------
         H            0.000000000000     0.000000000000    -1.942424242424     1.007825032230
         H            0.000000000000     0.000000000000     1.942424242424     1.007825032230

  Running in c1 symmetry.

  Rotational constants: A = ************  B =      2.21663  C =      2.21663 [cm^-1]
  Rotational constants: A = ************  B =  66452.89159  C =  66452.89159 [MHz]
  Nuclear repulsion =    0.136215662652964

  Charge       = 1
  Multiplicity = 2
  Electrons    = 1
  Nalpha       = 1
  Nbeta        = 0

  ==> Algorithm <==

  SCF Algorithm Type is DF.
  DIIS enabled.
  MOM disabled.
  Fractional occupation disabled.
  Guess Type is SAD.
  Energy threshold   = 1.00e-10
  Density threshold  = 1.00e-10
  Integral threshold = 1.00e-12

  ==> Primary Basis <==

  Basis Set: CC-PVTZ
    Blend: CC-PVTZ
    Number of shells: 12
    Number of basis functions: 28
    Number of Cartesian functions: 30
    Spherical Harmonics?: true
    Max angular momentum: 2

   => Loading Basis Set <=

    Name: (CC-PVTZ AUX)
    Role: JKFIT
    Keyword: DF_BASIS_SCF
    atoms 1-2 entry H          line    51 file /opt/anaconda3/envs/psi4/share/psi4/basis/cc-pvtz-jkfit.gbs 

  ==> Integral Setup <==

  DFHelper Memory: AOs need 0.000 GiB; user supplied 1.397 GiB. 
  SCF_SUBTYPE=INCORE selected. In-core MEM_DF algorithm will be used.
  Using in-core AOs.

  ==> MemDFJK: Density-Fitted J/K Matrices <==

    J tasked:                   Yes
    K tasked:                   Yes
    wK tasked:                   No
    OpenMP threads:               4
    Memory [MiB]:              1430
    Algorithm:                 Core
    Schwarz Cutoff:           1E-12
    Mask sparsity (%):      14.2857
    Fitting Condition:        1E-10

   => Auxiliary Basis Set <=

  Basis Set: (CC-PVTZ AUX)
    Blend: CC-PVTZ-JKFIT
    Number of shells: 20
    Number of basis functions: 60
    Number of Cartesian functions: 70
    Spherical Harmonics?: true
    Max angular momentum: 3

  Minimum eigenvalue in the overlap matrix is 1.0017855875E-01.
  Reciprocal condition number of the overlap matrix is 4.3720887453E-02.
    Using symmetric orthogonalization.

  ==> Pre-Iterations <==

  SCF Guess: Superposition of Atomic Densities via on-the-fly atomic UHF (no occupation information).

   -------------------------
    Irrep   Nso     Nmo    
   -------------------------
     A         28      28 
   -------------------------
    Total      28      28
   -------------------------

  ==> Iterations <==

                           Total Energy        Delta E     RMS |[F,P]|

   @DF-UHF iter SAD:    -0.83465536951161   -8.34655e-01   0.00000e+00 
   @DF-UHF iter   1:    -0.48202286978124    3.52632e-01   3.77857e-03 DIIS/ADIIS
   @DF-UHF iter   2:    -0.50119045101211   -1.91676e-02   1.18652e-03 DIIS/ADIIS
   @DF-UHF iter   3:    -0.50329226645295   -2.10182e-03   4.44983e-05 DIIS
   @DF-UHF iter   4:    -0.50329461369293   -2.34724e-06   6.04193e-06 DIIS
   @DF-UHF iter   5:    -0.50329464926677   -3.55738e-08   2.88770e-07 DIIS
   @DF-UHF iter   6:    -0.50329464933701   -7.02430e-11   4.65336e-09 DIIS
   @DF-UHF iter   7:    -0.50329464933702   -8.77076e-15   2.10471e-11 DIIS
  Energy and wave function converged.


  ==> Post-Iterations <==

   @Spin Contamination Metric:   0.000000000E+00
   @S^2 Expected:                7.500000000E-01
   @S^2 Observed:                7.500000000E-01
   @S   Expected:                5.000000000E-01
   @S   Observed:                5.000000000E-01

    Orbital Energies [Eh]
    ---------------------

    Alpha Occupied:                                                       

       1A     -0.639510  

    Alpha Virtual:                                                        

       2A     -0.495800     3A      0.089480     4A      0.157340  
       5A      0.445992     6A      0.449130     7A      0.449130  
       8A      0.451322     9A      0.451322    10A      0.454780  
      11A      2.087381    12A      2.139274    13A      3.057169  
      14A      3.057350    15A      3.057350    16A      3.057384  
      17A      3.057437    18A      3.057437    19A      3.058132  
      20A      3.058132    21A      3.058151    22A      3.058151  
      23A      3.450943    24A      3.452339    25A      3.452339  
      26A      3.452544    27A      3.452544    28A      3.455066  

    Beta Occupied:                                                        

    

    Beta Virtual:                                                         

       1A     -0.278887     2A     -0.265956     3A      0.146434  
       4A      0.208854     5A      0.497546     6A      0.499080  
       7A      0.499080     8A      0.499325     9A      0.499325  
      10A      0.501887    11A      2.149250    12A      2.199808  
      13A      3.084641    14A      3.084717    15A      3.084748  
      16A      3.084748    17A      3.084748    18A      3.084748  
      19A      3.085381    20A      3.085381    21A      3.085381  
      22A      3.085381    23A      3.493212    24A      3.494462  
      25A      3.494462    26A      3.494656    27A      3.494656  
      28A      3.497236  

    Final Occupation by Irrep:
              A 
    DOCC [     0 ]
    SOCC [     1 ]
    NA   [     1 ]
    NB   [     0 ]

  @DF-UHF Final Energy:    -0.50329464933702

   => Energetics <=

    Nuclear Repulsion Energy =              0.1362156626529641
    One-Electron Energy =                  -0.6395103119899825
    Two-Electron Energy =                   0.0000000000000000
    Total Energy =                         -0.5032946493370184

  UHF NO Occupations:
  HONO-0 :    1  A 1.0000000
  LUNO+0 :    2  A 0.0000000
  LUNO+1 :    3  A 0.0000000
  LUNO+2 :    4  A 0.0000000
  LUNO+3 :    5  A 0.0000000


Computation Completed


Properties will be evaluated at   0.000000,   0.000000,   0.000000 [a0]

Properties computed using the SCF density matrix


 Multipole Moments:

 ------------------------------------------------------------------------------------
     Multipole            Electronic (a.u.)      Nuclear  (a.u.)        Total (a.u.)
 ------------------------------------------------------------------------------------

 L = 1.  Multiply by 2.5417464519 to convert [e a0] to [Debye]
 Dipole X            :          0.0000000            0.0000000            0.0000000
 Dipole Y            :         -0.0000000            0.0000000           -0.0000000
 Dipole Z            :         -0.0000000            0.0000000           -0.0000000
 Magnitude           :                                                    0.0000000

 ------------------------------------------------------------------------------------

*** tstop() called on Angelinas-MacBook-Pro-574.local at Thu Feb 12 13:23:16 2026
Module time:
	user time   =       0.06 seconds =       0.00 minutes
	system time =       0.01 seconds =       0.00 minutes
	total time  =          0 seconds =       0.00 minutes
Total time:
	user time   =      69.35 seconds =       1.16 minutes
	system time =      17.03 seconds =       0.28 minutes
	total time  =      61588 seconds =    1026.47 minutes

Scratch directory: /tmp/
   => Libint2 <=

    Primary   basis highest AM E, G, H:  6, 6, 3
    Auxiliary basis highest AM E, G, H:  7, 7, 4
    Onebody   basis highest AM E, G, H:  -, -, -
    Solid Harmonics ordering:            Gaussian

*** tstart() called on Angelinas-MacBook-Pro-574.local
*** at Thu Feb 12 13:23:16 2026

   => Loading Basis Set <=

    Name: CC-PVTZ
    Role: ORBITAL
    Keyword: BASIS
    atoms 1-2 entry H          line    23 file /opt/anaconda3/envs/psi4/share/psi4/basis/cc-pvtz.gbs 


         ---------------------------------------------------------
                                   SCF
               by Justin Turney, Rob Parrish, Andy Simmonett
                          and Daniel G. A. Smith
                              UHF Reference
                        4 Threads,   1907 MiB Core
         ---------------------------------------------------------

  ==> Geometry <==

    Molecular point group: c1
    Full point group: D_inf_h

    Geometry (in Angstrom), charge = 1, multiplicity = 2:

       Center              X                  Y                   Z               Mass       
    ------------   -----------------  -----------------  -----------------  -----------------
         H            0.000000000000     0.000000000000    -1.961616161616     1.007825032230
         H            0.000000000000     0.000000000000     1.961616161616     1.007825032230

  Running in c1 symmetry.

  Rotational constants: A = ************  B =      2.17347  C =      2.17347 [cm^-1]
  Rotational constants: A = ************  B =  65158.93850  C =  65158.93850 [MHz]
  Nuclear repulsion =    0.134882965644516

  Charge       = 1
  Multiplicity = 2
  Electrons    = 1
  Nalpha       = 1
  Nbeta        = 0

  ==> Algorithm <==

  SCF Algorithm Type is DF.
  DIIS enabled.
  MOM disabled.
  Fractional occupation disabled.
  Guess Type is SAD.
  Energy threshold   = 1.00e-10
  Density threshold  = 1.00e-10
  Integral threshold = 1.00e-12

  ==> Primary Basis <==

  Basis Set: CC-PVTZ
    Blend: CC-PVTZ
    Number of shells: 12
    Number of basis functions: 28
    Number of Cartesian functions: 30
    Spherical Harmonics?: true
    Max angular momentum: 2

   => Loading Basis Set <=

    Name: (CC-PVTZ AUX)
    Role: JKFIT
    Keyword: DF_BASIS_SCF
    atoms 1-2 entry H          line    51 file /opt/anaconda3/envs/psi4/share/psi4/basis/cc-pvtz-jkfit.gbs 

  ==> Integral Setup <==

  DFHelper Memory: AOs need 0.000 GiB; user supplied 1.397 GiB. 
  SCF_SUBTYPE=INCORE selected. In-core MEM_DF algorithm will be used.
  Using in-core AOs.

  ==> MemDFJK: Density-Fitted J/K Matrices <==

    J tasked:                   Yes
    K tasked:                   Yes
    wK tasked:                   No
    OpenMP threads:               4
    Memory [MiB]:              1430
    Algorithm:                 Core
    Schwarz Cutoff:           1E-12
    Mask sparsity (%):      16.3265
    Fitting Condition:        1E-10

   => Auxiliary Basis Set <=

  Basis Set: (CC-PVTZ AUX)
    Blend: CC-PVTZ-JKFIT
    Number of shells: 20
    Number of basis functions: 60
    Number of Cartesian functions: 70
    Spherical Harmonics?: true
    Max angular momentum: 3

  Minimum eigenvalue in the overlap matrix is 1.0050493739E-01.
  Reciprocal condition number of the overlap matrix is 4.3900592905E-02.
    Using symmetric orthogonalization.

  ==> Pre-Iterations <==

  SCF Guess: Superposition of Atomic Densities via on-the-fly atomic UHF (no occupation information).

   -------------------------
    Irrep   Nso     Nmo    
   -------------------------
     A         28      28 
   -------------------------
    Total      28      28
   -------------------------

  ==> Iterations <==

                           Total Energy        Delta E     RMS |[F,P]|

   @DF-UHF iter SAD:    -0.83483520584699   -8.34835e-01   0.00000e+00 
   @DF-UHF iter   1:    -0.48178890987329    3.53046e-01   3.77809e-03 DIIS/ADIIS
   @DF-UHF iter   2:    -0.50099137178925   -1.92025e-02   1.18489e-03 DIIS/ADIIS
   @DF-UHF iter   3:    -0.50308813991387   -2.09677e-03   4.29520e-05 DIIS
   @DF-UHF iter   4:    -0.50309031656372   -2.17665e-06   5.85426e-06 DIIS
   @DF-UHF iter   5:    -0.50309034992104   -3.33573e-08   2.85499e-07 DIIS
   @DF-UHF iter   6:    -0.50309034998914   -6.80968e-11   4.44325e-09 DIIS
   @DF-UHF iter   7:    -0.50309034998914   -7.77156e-15   2.05715e-11 DIIS
  Energy and wave function converged.


  ==> Post-Iterations <==

   @Spin Contamination Metric:   0.000000000E+00
   @S^2 Expected:                7.500000000E-01
   @S^2 Observed:                7.500000000E-01
   @S   Expected:                5.000000000E-01
   @S   Observed:                5.000000000E-01

    Orbital Energies [Eh]
    ---------------------

    Alpha Occupied:                                                       

       1A     -0.637973  

    Alpha Virtual:                                                        

       2A     -0.496032     3A      0.090524     4A      0.157238  
       5A      0.446859     6A      0.449848     7A      0.449848  
       8A      0.451940     9A      0.451940    10A      0.454760  
      11A      2.087616    12A      2.139802    13A      3.057912  
      14A      3.058103    15A      3.058103    16A      3.058108  
      17A      3.058186    18A      3.058186    19A      3.058865  
      20A      3.058865    21A      3.058884    22A      3.058884  
      23A      3.451852    24A      3.453109    25A      3.453109  
      26A      3.453278    27A      3.453278    28A      3.455318  

    Beta Occupied:                                                        

    

    Beta Virtual:                                                         

       1A     -0.277879     2A     -0.265537     3A      0.147406  
       4A      0.208940     5A      0.498341     6A      0.499792  
       7A      0.499792     8A      0.499996     9A      0.499996  
      10A      0.501942    11A      2.149571    12A      2.200411  
      13A      3.085396    14A      3.085461    15A      3.085518  
      16A      3.085518    17A      3.085518    18A      3.085518  
      19A      3.086140    20A      3.086140    21A      3.086140  
      22A      3.086140    23A      3.494160    24A      3.495279  
      25A      3.495279    26A      3.495439    27A      3.495439  
      28A      3.497539  

    Final Occupation by Irrep:
              A 
    DOCC [     0 ]
    SOCC [     1 ]
    NA   [     1 ]
    NB   [     0 ]

  @DF-UHF Final Energy:    -0.50309034998914

   => Energetics <=

    Nuclear Repulsion Energy =              0.1348829656445160
    One-Electron Energy =                  -0.6379733156336591
    Two-Electron Energy =                   0.0000000000000000
    Total Energy =                         -0.5030903499891431

  UHF NO Occupations:
  HONO-0 :    1  A 1.0000000
  LUNO+0 :    2  A 0.0000000
  LUNO+1 :    3  A 0.0000000
  LUNO+2 :    4  A 0.0000000
  LUNO+3 :    5  A 0.0000000


Computation Completed


Properties will be evaluated at   0.000000,   0.000000,   0.000000 [a0]

Properties computed using the SCF density matrix


 Multipole Moments:

 ------------------------------------------------------------------------------------
     Multipole            Electronic (a.u.)      Nuclear  (a.u.)        Total (a.u.)
 ------------------------------------------------------------------------------------

 L = 1.  Multiply by 2.5417464519 to convert [e a0] to [Debye]
 Dipole X            :          0.0000000            0.0000000            0.0000000
 Dipole Y            :          0.0000000            0.0000000            0.0000000
 Dipole Z            :         -0.0000000            0.0000000           -0.0000000
 Magnitude           :                                                    0.0000000

 ------------------------------------------------------------------------------------

*** tstop() called on Angelinas-MacBook-Pro-574.local at Thu Feb 12 13:23:16 2026
Module time:
	user time   =       0.06 seconds =       0.00 minutes
	system time =       0.00 seconds =       0.00 minutes
	total time  =          0 seconds =       0.00 minutes
Total time:
	user time   =      69.42 seconds =       1.16 minutes
	system time =      17.03 seconds =       0.28 minutes
	total time  =      61588 seconds =    1026.47 minutes

Scratch directory: /tmp/
   => Libint2 <=

    Primary   basis highest AM E, G, H:  6, 6, 3
    Auxiliary basis highest AM E, G, H:  7, 7, 4
    Onebody   basis highest AM E, G, H:  -, -, -
    Solid Harmonics ordering:            Gaussian

*** tstart() called on Angelinas-MacBook-Pro-574.local
*** at Thu Feb 12 13:23:16 2026

   => Loading Basis Set <=

    Name: CC-PVTZ
    Role: ORBITAL
    Keyword: BASIS
    atoms 1-2 entry H          line    23 file /opt/anaconda3/envs/psi4/share/psi4/basis/cc-pvtz.gbs 


         ---------------------------------------------------------
                                   SCF
               by Justin Turney, Rob Parrish, Andy Simmonett
                          and Daniel G. A. Smith
                              UHF Reference
                        4 Threads,   1907 MiB Core
         ---------------------------------------------------------

  ==> Geometry <==

    Molecular point group: c1
    Full point group: D_inf_h

    Geometry (in Angstrom), charge = 1, multiplicity = 2:

       Center              X                  Y                   Z               Mass       
    ------------   -----------------  -----------------  -----------------  -----------------
         H            0.000000000000     0.000000000000    -1.980808080808     1.007825032230
         H            0.000000000000     0.000000000000     1.980808080808     1.007825032230

  Running in c1 symmetry.

  Rotational constants: A = ************  B =      2.13156  C =      2.13156 [cm^-1]
  Rotational constants: A = ************  B =  63902.41398  C =  63902.41398 [MHz]
  Nuclear repulsion =    0.133576093463361

  Charge       = 1
  Multiplicity = 2
  Electrons    = 1
  Nalpha       = 1
  Nbeta        = 0

  ==> Algorithm <==

  SCF Algorithm Type is DF.
  DIIS enabled.
  MOM disabled.
  Fractional occupation disabled.
  Guess Type is SAD.
  Energy threshold   = 1.00e-10
  Density threshold  = 1.00e-10
  Integral threshold = 1.00e-12

  ==> Primary Basis <==

  Basis Set: CC-PVTZ
    Blend: CC-PVTZ
    Number of shells: 12
    Number of basis functions: 28
    Number of Cartesian functions: 30
    Spherical Harmonics?: true
    Max angular momentum: 2

   => Loading Basis Set <=

    Name: (CC-PVTZ AUX)
    Role: JKFIT
    Keyword: DF_BASIS_SCF
    atoms 1-2 entry H          line    51 file /opt/anaconda3/envs/psi4/share/psi4/basis/cc-pvtz-jkfit.gbs 

  ==> Integral Setup <==

  DFHelper Memory: AOs need 0.000 GiB; user supplied 1.397 GiB. 
  SCF_SUBTYPE=INCORE selected. In-core MEM_DF algorithm will be used.
  Using in-core AOs.

  ==> MemDFJK: Density-Fitted J/K Matrices <==

    J tasked:                   Yes
    K tasked:                   Yes
    wK tasked:                   No
    OpenMP threads:               4
    Memory [MiB]:              1430
    Algorithm:                 Core
    Schwarz Cutoff:           1E-12
    Mask sparsity (%):      16.8367
    Fitting Condition:        1E-10

   => Auxiliary Basis Set <=

  Basis Set: (CC-PVTZ AUX)
    Blend: CC-PVTZ-JKFIT
    Number of shells: 20
    Number of basis functions: 60
    Number of Cartesian functions: 70
    Spherical Harmonics?: true
    Max angular momentum: 3

  Minimum eigenvalue in the overlap matrix is 1.0082764994E-01.
  Reciprocal condition number of the overlap matrix is 4.4076741768E-02.
    Using symmetric orthogonalization.

  ==> Pre-Iterations <==

  SCF Guess: Superposition of Atomic Densities via on-the-fly atomic UHF (no occupation information).

   -------------------------
    Irrep   Nso     Nmo    
   -------------------------
     A         28      28 
   -------------------------
    Total      28      28
   -------------------------

  ==> Iterations <==

                           Total Energy        Delta E     RMS |[F,P]|

   @DF-UHF iter SAD:    -0.83501611097756   -8.35016e-01   0.00000e+00 
   @DF-UHF iter   1:    -0.48156773732629    3.53448e-01   3.77788e-03 DIIS/ADIIS
   @DF-UHF iter   2:    -0.50080429681979   -1.92366e-02   1.18324e-03 DIIS/ADIIS
   @DF-UHF iter   3:    -0.50289558579349   -2.09129e-03   4.14514e-05 DIIS
   @DF-UHF iter   4:    -0.50289760339386   -2.01760e-06   5.67196e-06 DIIS
   @DF-UHF iter   5:    -0.50289763467324   -3.12794e-08   2.82256e-07 DIIS
   @DF-UHF iter   6:    -0.50289763473932   -6.60733e-11   4.22506e-09 DIIS
   @DF-UHF iter   7:    -0.50289763473932   -8.10463e-15   2.00786e-11 DIIS
  Energy and wave function converged.


  ==> Post-Iterations <==

   @Spin Contamination Metric:   0.000000000E+00
   @S^2 Expected:                7.500000000E-01
   @S^2 Observed:                7.500000000E-01
   @S   Expected:                5.000000000E-01
   @S   Observed:                5.000000000E-01

    Orbital Energies [Eh]
    ---------------------

    Alpha Occupied:                                                       

       1A     -0.636474  

    Alpha Virtual:                                                        

       2A     -0.496251     3A      0.091601     4A      0.157085  
       5A      0.447686     6A      0.450550     7A      0.450550  
       8A      0.452550     9A      0.452550    10A      0.454815  
      11A      2.087941    12A      2.140240    13A      3.058642  
      14A      3.058821    15A      3.058841    16A      3.058841  
      17A      3.058920    18A      3.058920    19A      3.059585  
      20A      3.059585    21A      3.059603    22A      3.059603  
      23A      3.452719    24A      3.453861    25A      3.453861  
      26A      3.454001    27A      3.454001    28A      3.455623  

    Beta Occupied:                                                        

    

    Beta Virtual:                                                         

       1A     -0.276894     2A     -0.265119     3A      0.148414  
       4A      0.208970     5A      0.499100     6A      0.500489  
       7A      0.500489     8A      0.500657     9A      0.500657  
      10A      0.502070    11A      2.149977    12A      2.200925  
      13A      3.086139    14A      3.086194    15A      3.086273  
      16A      3.086273    17A      3.086273    18A      3.086273  
      19A      3.086884    20A      3.086884    21A      3.086884  
      22A      3.086884    23A      3.495065    24A      3.496077  
      25A      3.496077    26A      3.496208    27A      3.496208  
      28A      3.497894  

    Final Occupation by Irrep:
              A 
    DOCC [     0 ]
    SOCC [     1 ]
    NA   [     1 ]
    NB   [     0 ]

  @DF-UHF Final Energy:    -0.50289763473932

   => Energetics <=

    Nuclear Repulsion Energy =              0.1335760934633606
    One-Electron Energy =                  -0.6364737282026847
    Two-Electron Energy =                   0.0000000000000000
    Total Energy =                         -0.5028976347393241

  UHF NO Occupations:
  HONO-0 :    1  A 1.0000000
  LUNO+0 :    2  A 0.0000000
  LUNO+1 :    3  A 0.0000000
  LUNO+2 :    4  A 0.0000000
  LUNO+3 :    5  A 0.0000000


Computation Completed


Properties will be evaluated at   0.000000,   0.000000,   0.000000 [a0]

Properties computed using the SCF density matrix


 Multipole Moments:

 ------------------------------------------------------------------------------------
     Multipole            Electronic (a.u.)      Nuclear  (a.u.)        Total (a.u.)
 ------------------------------------------------------------------------------------

 L = 1.  Multiply by 2.5417464519 to convert [e a0] to [Debye]
 Dipole X            :         -0.0000000            0.0000000           -0.0000000
 Dipole Y            :         -0.0000000            0.0000000           -0.0000000
 Dipole Z            :         -0.0000000            0.0000000           -0.0000000
 Magnitude           :                                                    0.0000000

 ------------------------------------------------------------------------------------

*** tstop() called on Angelinas-MacBook-Pro-574.local at Thu Feb 12 13:23:16 2026
Module time:
	user time   =       0.05 seconds =       0.00 minutes
	system time =       0.01 seconds =       0.00 minutes
	total time  =          0 seconds =       0.00 minutes
Total time:
	user time   =      69.48 seconds =       1.16 minutes
	system time =      17.04 seconds =       0.28 minutes
	total time  =      61588 seconds =    1026.47 minutes

Scratch directory: /tmp/
   => Libint2 <=

    Primary   basis highest AM E, G, H:  6, 6, 3
    Auxiliary basis highest AM E, G, H:  7, 7, 4
    Onebody   basis highest AM E, G, H:  -, -, -
    Solid Harmonics ordering:            Gaussian

*** tstart() called on Angelinas-MacBook-Pro-574.local
*** at Thu Feb 12 13:23:16 2026

   => Loading Basis Set <=

    Name: CC-PVTZ
    Role: ORBITAL
    Keyword: BASIS
    atoms 1-2 entry H          line    23 file /opt/anaconda3/envs/psi4/share/psi4/basis/cc-pvtz.gbs 


         ---------------------------------------------------------
                                   SCF
               by Justin Turney, Rob Parrish, Andy Simmonett
                          and Daniel G. A. Smith
                              UHF Reference
                        4 Threads,   1907 MiB Core
         ---------------------------------------------------------

  ==> Geometry <==

    Molecular point group: c1
    Full point group: D_inf_h

    Geometry (in Angstrom), charge = 1, multiplicity = 2:

       Center              X                  Y                   Z               Mass       
    ------------   -----------------  -----------------  -----------------  -----------------
         H            0.000000000000     0.000000000000    -2.000000000000     1.007825032230
         H            0.000000000000     0.000000000000     2.000000000000     1.007825032230

  Running in c1 symmetry.

  Rotational constants: A = ************  B =      2.09084  C =      2.09084 [cm^-1]
  Rotational constants: A = ************  B =  62681.88831  C =  62681.88831 [MHz]
  Nuclear repulsion =    0.132294302667500

  Charge       = 1
  Multiplicity = 2
  Electrons    = 1
  Nalpha       = 1
  Nbeta        = 0

  ==> Algorithm <==

  SCF Algorithm Type is DF.
  DIIS enabled.
  MOM disabled.
  Fractional occupation disabled.
  Guess Type is SAD.
  Energy threshold   = 1.00e-10
  Density threshold  = 1.00e-10
  Integral threshold = 1.00e-12

  ==> Primary Basis <==

  Basis Set: CC-PVTZ
    Blend: CC-PVTZ
    Number of shells: 12
    Number of basis functions: 28
    Number of Cartesian functions: 30
    Spherical Harmonics?: true
    Max angular momentum: 2

   => Loading Basis Set <=

    Name: (CC-PVTZ AUX)
    Role: JKFIT
    Keyword: DF_BASIS_SCF
    atoms 1-2 entry H          line    51 file /opt/anaconda3/envs/psi4/share/psi4/basis/cc-pvtz-jkfit.gbs 

  ==> Integral Setup <==

  DFHelper Memory: AOs need 0.000 GiB; user supplied 1.397 GiB. 
  SCF_SUBTYPE=INCORE selected. In-core MEM_DF algorithm will be used.
  Using in-core AOs.

  ==> MemDFJK: Density-Fitted J/K Matrices <==

    J tasked:                   Yes
    K tasked:                   Yes
    wK tasked:                   No
    OpenMP threads:               4
    Memory [MiB]:              1430
    Algorithm:                 Core
    Schwarz Cutoff:           1E-12
    Mask sparsity (%):      18.3673
    Fitting Condition:        1E-10

   => Auxiliary Basis Set <=

  Basis Set: (CC-PVTZ AUX)
    Blend: CC-PVTZ-JKFIT
    Number of shells: 20
    Number of basis functions: 60
    Number of Cartesian functions: 70
    Spherical Harmonics?: true
    Max angular momentum: 3

  Minimum eigenvalue in the overlap matrix is 1.0114624515E-01.
  Reciprocal condition number of the overlap matrix is 4.4249226891E-02.
    Using symmetric orthogonalization.

  ==> Pre-Iterations <==

  SCF Guess: Superposition of Atomic Densities via on-the-fly atomic UHF (no occupation information).

   -------------------------
    Irrep   Nso     Nmo    
   -------------------------
     A         28      28 
   -------------------------
    Total      28      28
   -------------------------

  ==> Iterations <==

                           Total Energy        Delta E     RMS |[F,P]|

   @DF-UHF iter SAD:    -0.83519763423366   -8.35198e-01   0.00000e+00 
   @DF-UHF iter   1:    -0.48135887510769    3.53839e-01   3.77790e-03 DIIS/ADIIS
   @DF-UHF iter   2:    -0.50062858361493   -1.92697e-02   1.18157e-03 DIIS/ADIIS
   @DF-UHF iter   3:    -0.50271398906535   -2.08541e-03   3.99981e-05 DIIS
   @DF-UHF iter   4:    -0.50271585870263   -1.86964e-06   5.49508e-06 DIIS
   @DF-UHF iter   5:    -0.50271588803552   -2.93329e-08   2.79047e-07 DIIS
   @DF-UHF iter   6:    -0.50271588809968   -6.41642e-11   4.00060e-09 DIIS
   @DF-UHF iter   7:    -0.50271588809969   -7.54952e-15   1.95713e-11 DIIS
  Energy and wave function converged.


  ==> Post-Iterations <==

   @Spin Contamination Metric:   0.000000000E+00
   @S^2 Expected:                7.500000000E-01
   @S^2 Observed:                7.500000000E-01
   @S   Expected:                5.000000000E-01
   @S   Observed:                5.000000000E-01

    Orbital Energies [Eh]
    ---------------------

    Alpha Occupied:                                                       

       1A     -0.635010  

    Alpha Virtual:                                                        

       2A     -0.496458     3A      0.092708     4A      0.156886  
       5A      0.448480     6A      0.451237     7A      0.451237  
       8A      0.453153     9A      0.453153    10A      0.454937  
      11A      2.088351    12A      2.140594    13A      3.059359  
      14A      3.059524    15A      3.059565    16A      3.059565  
      17A      3.059640    18A      3.059640    19A      3.060291  
      20A      3.060291    21A      3.060308    22A      3.060308  
      23A      3.453547    24A      3.454597    25A      3.454597  
      26A      3.454712    27A      3.454712    28A      3.455975  

    Beta Occupied:                                                        

    

    Beta Virtual:                                                         

       1A     -0.275932     2A     -0.264701     3A      0.149455  
       4A      0.208946     5A      0.499829     6A      0.501170  
       7A      0.501170     8A      0.501309     9A      0.501309  
      10A      0.502262    11A      2.150462    12A      2.201353  
      13A      3.086869    14A      3.086915    15A      3.087013  
      16A      3.087013    17A      3.087013    18A      3.087013  
      19A      3.087614    20A      3.087614    21A      3.087614  
      22A      3.087614    23A      3.495930    24A      3.496856  
      25A      3.496856    26A      3.496963    27A      3.496963  
      28A      3.498292  

    Final Occupation by Irrep:
              A 
    DOCC [     0 ]
    SOCC [     1 ]
    NA   [     1 ]
    NB   [     0 ]

  @DF-UHF Final Energy:    -0.50271588809969

   => Energetics <=

    Nuclear Repulsion Energy =              0.1322943026675000
    One-Electron Energy =                  -0.6350101907671910
    Two-Electron Energy =                   0.0000000000000000
    Total Energy =                         -0.5027158880996910

  UHF NO Occupations:
  HONO-0 :    1  A 1.0000000
  LUNO+0 :    2  A 0.0000000
  LUNO+1 :    3  A 0.0000000
  LUNO+2 :    4  A 0.0000000
  LUNO+3 :    5  A 0.0000000


Computation Completed


Properties will be evaluated at   0.000000,   0.000000,   0.000000 [a0]

Properties computed using the SCF density matrix


 Multipole Moments:

 ------------------------------------------------------------------------------------
     Multipole            Electronic (a.u.)      Nuclear  (a.u.)        Total (a.u.)
 ------------------------------------------------------------------------------------

 L = 1.  Multiply by 2.5417464519 to convert [e a0] to [Debye]
 Dipole X            :          0.0000000            0.0000000            0.0000000
 Dipole Y            :         -0.0000000            0.0000000           -0.0000000
 Dipole Z            :         -0.0000000            0.0000000           -0.0000000
 Magnitude           :                                                    0.0000000

 ------------------------------------------------------------------------------------

*** tstop() called on Angelinas-MacBook-Pro-574.local at Thu Feb 12 13:23:16 2026
Module time:
	user time   =       0.05 seconds =       0.00 minutes
	system time =       0.00 seconds =       0.00 minutes
	total time  =          0 seconds =       0.00 minutes
Total time:
	user time   =      69.55 seconds =       1.16 minutes
	system time =      17.04 seconds =       0.28 minutes
	total time  =      61588 seconds =    1026.47 minutes
