
  Memory set to   1.863 GiB by Python driver.
  Threads set to 4 by Python driver.

Scratch directory: /tmp/
   => Libint2 <=

    Primary   basis highest AM E, G, H:  6, 6, 3
    Auxiliary basis highest AM E, G, H:  7, 7, 4
    Onebody   basis highest AM E, G, H:  -, -, -
    Solid Harmonics ordering:            Gaussian

*** tstart() called on Angelinas-MacBook-Pro-574.local
*** at Thu Feb 12 13:22:55 2026

   => Loading Basis Set <=

    Name: CC-PVTZ
    Role: ORBITAL
    Keyword: BASIS
    atoms 1-2 entry H          line    23 file /opt/anaconda3/envs/psi4/share/psi4/basis/cc-pvtz.gbs 


         ---------------------------------------------------------
                                   SCF
               by Justin Turney, Rob Parrish, Andy Simmonett
                          and Daniel G. A. Smith
                              RHF Reference
                        4 Threads,   1907 MiB Core
         ---------------------------------------------------------

  ==> Geometry <==

    Molecular point group: c1
    Full point group: D_inf_h

    Geometry (in Angstrom), charge = 0, multiplicity = 1:

       Center              X                  Y                   Z               Mass       
    ------------   -----------------  -----------------  -----------------  -----------------
         H            0.000000000000     0.000000000000    -0.100000000000     1.007825032230
         H            0.000000000000     0.000000000000     0.100000000000     1.007825032230

  Running in c1 symmetry.

  Rotational constants: A = ************  B =    836.33709  C =    836.33709 [cm^-1]
  Rotational constants: A = ************  B = 25072755.32386  C = 25072755.32386 [MHz]
  Nuclear repulsion =    2.645886053350000

  Charge       = 0
  Multiplicity = 1
  Electrons    = 2
  Nalpha       = 1
  Nbeta        = 1

  ==> Algorithm <==

  SCF Algorithm Type is DF.
  DIIS enabled.
  MOM disabled.
  Fractional occupation disabled.
  Guess Type is SAD.
  Energy threshold   = 1.00e-10
  Density threshold  = 1.00e-10
  Integral threshold = 1.00e-12

  ==> Primary Basis <==

  Basis Set: CC-PVTZ
    Blend: CC-PVTZ
    Number of shells: 12
    Number of basis functions: 28
    Number of Cartesian functions: 30
    Spherical Harmonics?: true
    Max angular momentum: 2

   => Loading Basis Set <=

    Name: (CC-PVTZ AUX)
    Role: JKFIT
    Keyword: DF_BASIS_SCF
    atoms 1-2 entry H          line    51 file /opt/anaconda3/envs/psi4/share/psi4/basis/cc-pvtz-jkfit.gbs 

  ==> Integral Setup <==

  DFHelper Memory: AOs need 0.001 GiB; user supplied 1.397 GiB. 
  SCF_SUBTYPE=INCORE selected. In-core MEM_DF algorithm will be used.
  Using in-core AOs.

  ==> MemDFJK: Density-Fitted J/K Matrices <==

    J tasked:                   Yes
    K tasked:                   Yes
    wK tasked:                   No
    OpenMP threads:               4
    Memory [MiB]:              1430
    Algorithm:                 Core
    Schwarz Cutoff:           1E-12
    Mask sparsity (%):       0.0000
    Fitting Condition:        1E-10

   => Auxiliary Basis Set <=

  Basis Set: (CC-PVTZ AUX)
    Blend: CC-PVTZ-JKFIT
    Number of shells: 20
    Number of basis functions: 60
    Number of Cartesian functions: 70
    Spherical Harmonics?: true
    Max angular momentum: 3

  Minimum eigenvalue in the overlap matrix is 8.3161057204E-05.
  Reciprocal condition number of the overlap matrix is 1.8480420484E-05.
    Using symmetric orthogonalization.

  ==> Pre-Iterations <==

  SCF Guess: Superposition of Atomic Densities via on-the-fly atomic UHF (no occupation information).

   -------------------------
    Irrep   Nso     Nmo    
   -------------------------
     A         28      28 
   -------------------------
    Total      28      28
   -------------------------

  ==> Iterations <==

                           Total Energy        Delta E     RMS |[F,P]|

   @DF-RHF iter SAD:     0.12158556349076    1.21586e-01   0.00000e+00 
   @DF-RHF iter   1:     0.09367849436676   -2.79071e-02   6.98276e-03 DIIS/ADIIS
   @DF-RHF iter   2:     0.05923213183887   -3.44464e-02   1.11051e-03 DIIS/ADIIS
   @DF-RHF iter   3:     0.05826201359757   -9.70118e-04   1.39913e-04 DIIS/ADIIS
   @DF-RHF iter   4:     0.05824824391946   -1.37697e-05   3.69688e-06 DIIS
   @DF-RHF iter   5:     0.05824823850622   -5.41324e-09   2.22670e-07 DIIS
   @DF-RHF iter   6:     0.05824823848076   -2.54519e-11   1.43770e-08 DIIS
   @DF-RHF iter   7:     0.05824823848065   -1.17129e-13   3.91333e-10 DIIS
   @DF-RHF iter   8:     0.05824823848063   -1.92069e-14   4.37027e-11 DIIS
  Energy and wave function converged.


  ==> Post-Iterations <==

    Orbital Energies [Eh]
    ---------------------

    Doubly Occupied:                                                      

       1A     -0.828958  

    Virtual:                                                              

       2A      0.204463     3A      0.254147     4A      0.730818  
       5A      0.773560     6A      0.773560     7A      1.153113  
       8A      1.153113     9A      1.177741    10A      1.838563  
      11A      1.904318    12A      3.412355    13A      3.412355  
      14A      3.609864    15A      3.609864    16A      3.621412  
      17A      3.621412    18A      3.995084    19A      4.564277  
      20A      4.575768    21A      4.575768    22A      4.615071  
      23A      4.615071    24A      4.650122    25A      6.975677  
      26A      8.322075    27A      8.322075    28A     18.799292  

    Final Occupation by Irrep:
              A 
    DOCC [     1 ]
    NA   [     1 ]
    NB   [     1 ]

  @DF-RHF Final Energy:     0.05824823848063

   => Energetics <=

    Nuclear Repulsion Energy =              2.6458860533499999
    One-Electron Energy =                  -3.5173598316955452
    Two-Electron Energy =                   0.9297220168261737
    Total Energy =                          0.0582482384806284

Computation Completed


Properties will be evaluated at   0.000000,   0.000000,   0.000000 [a0]

Properties computed using the SCF density matrix


 Multipole Moments:

 ------------------------------------------------------------------------------------
     Multipole            Electronic (a.u.)      Nuclear  (a.u.)        Total (a.u.)
 ------------------------------------------------------------------------------------

 L = 1.  Multiply by 2.5417464519 to convert [e a0] to [Debye]
 Dipole X            :         -0.0000000            0.0000000           -0.0000000
 Dipole Y            :          0.0000000            0.0000000            0.0000000
 Dipole Z            :          0.0000000            0.0000000            0.0000000
 Magnitude           :                                                    0.0000000

 ------------------------------------------------------------------------------------

*** tstop() called on Angelinas-MacBook-Pro-574.local at Thu Feb 12 13:22:55 2026
Module time:
	user time   =       0.06 seconds =       0.00 minutes
	system time =       0.00 seconds =       0.00 minutes
	total time  =          0 seconds =       0.00 minutes
Total time:
	user time   =      56.06 seconds =       0.93 minutes
	system time =      15.93 seconds =       0.27 minutes
	total time  =      61567 seconds =    1026.12 minutes

Scratch directory: /tmp/
   => Libint2 <=

    Primary   basis highest AM E, G, H:  6, 6, 3
    Auxiliary basis highest AM E, G, H:  7, 7, 4
    Onebody   basis highest AM E, G, H:  -, -, -
    Solid Harmonics ordering:            Gaussian

*** tstart() called on Angelinas-MacBook-Pro-574.local
*** at Thu Feb 12 13:22:55 2026

   => Loading Basis Set <=

    Name: CC-PVTZ
    Role: ORBITAL
    Keyword: BASIS
    atoms 1-2 entry H          line    23 file /opt/anaconda3/envs/psi4/share/psi4/basis/cc-pvtz.gbs 


         ---------------------------------------------------------
                                   SCF
               by Justin Turney, Rob Parrish, Andy Simmonett
                          and Daniel G. A. Smith
                              RHF Reference
                        4 Threads,   1907 MiB Core
         ---------------------------------------------------------

  ==> Geometry <==

    Molecular point group: c1
    Full point group: D_inf_h

    Geometry (in Angstrom), charge = 0, multiplicity = 1:

       Center              X                  Y                   Z               Mass       
    ------------   -----------------  -----------------  -----------------  -----------------
         H            0.000000000000     0.000000000000    -0.119191919192     1.007825032230
         H            0.000000000000     0.000000000000     0.119191919192     1.007825032230

  Running in c1 symmetry.

  Rotational constants: A = ************  B =    588.69146  C =    588.69146 [cm^-1]
  Rotational constants: A = ************  B = 17648525.92137  C = 17648525.92137 [MHz]
  Nuclear repulsion =    2.219853553234322

  Charge       = 0
  Multiplicity = 1
  Electrons    = 2
  Nalpha       = 1
  Nbeta        = 1

  ==> Algorithm <==

  SCF Algorithm Type is DF.
  DIIS enabled.
  MOM disabled.
  Fractional occupation disabled.
  Guess Type is SAD.
  Energy threshold   = 1.00e-10
  Density threshold  = 1.00e-10
  Integral threshold = 1.00e-12

  ==> Primary Basis <==

  Basis Set: CC-PVTZ
    Blend: CC-PVTZ
    Number of shells: 12
    Number of basis functions: 28
    Number of Cartesian functions: 30
    Spherical Harmonics?: true
    Max angular momentum: 2

   => Loading Basis Set <=

    Name: (CC-PVTZ AUX)
    Role: JKFIT
    Keyword: DF_BASIS_SCF
    atoms 1-2 entry H          line    51 file /opt/anaconda3/envs/psi4/share/psi4/basis/cc-pvtz-jkfit.gbs 

  ==> Integral Setup <==

  DFHelper Memory: AOs need 0.001 GiB; user supplied 1.397 GiB. 
  SCF_SUBTYPE=INCORE selected. In-core MEM_DF algorithm will be used.
  Using in-core AOs.

  ==> MemDFJK: Density-Fitted J/K Matrices <==

    J tasked:                   Yes
    K tasked:                   Yes
    wK tasked:                   No
    OpenMP threads:               4
    Memory [MiB]:              1430
    Algorithm:                 Core
    Schwarz Cutoff:           1E-12
    Mask sparsity (%):       0.0000
    Fitting Condition:        1E-10

   => Auxiliary Basis Set <=

  Basis Set: (CC-PVTZ AUX)
    Blend: CC-PVTZ-JKFIT
    Number of shells: 20
    Number of basis functions: 60
    Number of Cartesian functions: 70
    Spherical Harmonics?: true
    Max angular momentum: 3

  Minimum eigenvalue in the overlap matrix is 1.0768979379E-04.
  Reciprocal condition number of the overlap matrix is 2.3980524843E-05.
    Using symmetric orthogonalization.

  ==> Pre-Iterations <==

  SCF Guess: Superposition of Atomic Densities via on-the-fly atomic UHF (no occupation information).

   -------------------------
    Irrep   Nso     Nmo    
   -------------------------
     A         28      28 
   -------------------------
    Total      28      28
   -------------------------

  ==> Iterations <==

                           Total Energy        Delta E     RMS |[F,P]|

   @DF-RHF iter SAD:    -0.26226013873394   -2.62260e-01   0.00000e+00 
   @DF-RHF iter   1:    -0.26775782913457   -5.49769e-03   6.90339e-03 DIIS/ADIIS
   @DF-RHF iter   2:    -0.30200750799953   -3.42497e-02   1.10024e-03 DIIS/ADIIS
   @DF-RHF iter   3:    -0.30298301708704   -9.75509e-04   1.41156e-04 DIIS/ADIIS
   @DF-RHF iter   4:    -0.30299722790457   -1.42108e-05   3.67056e-06 DIIS
   @DF-RHF iter   5:    -0.30299723324404   -5.33948e-09   2.37113e-07 DIIS
   @DF-RHF iter   6:    -0.30299723327350   -2.94528e-11   1.53737e-08 DIIS
   @DF-RHF iter   7:    -0.30299723327368   -1.82743e-13   4.20521e-10 DIIS
   @DF-RHF iter   8:    -0.30299723327368   -2.22045e-16   4.65669e-11 DIIS
  Energy and wave function converged.


  ==> Post-Iterations <==

    Orbital Energies [Eh]
    ---------------------

    Doubly Occupied:                                                      

       1A     -0.808485  

    Virtual:                                                              

       2A      0.202773     3A      0.257303     4A      0.721948  
       5A      0.767256     6A      0.767256     7A      1.148550  
       8A      1.148550     9A      1.172353    10A      1.810283  
      11A      1.932566    12A      3.394030    13A      3.394030  
      14A      3.598409    15A      3.598409    16A      3.599124  
      17A      3.599124    18A      3.951041    19A      4.420734  
      20A      4.552824    21A      4.552824    22A      4.591969  
      23A      4.591969    24A      4.677309    25A      6.918522  
      26A      8.206151    27A      8.206151    28A     17.319484  

    Final Occupation by Irrep:
              A 
    DOCC [     1 ]
    NA   [     1 ]
    NB   [     1 ]

  @DF-RHF Final Energy:    -0.30299723327368

   => Energetics <=

    Nuclear Repulsion Energy =              2.2198535532343224
    One-Electron Energy =                  -3.4287307594780776
    Two-Electron Energy =                   0.9058799729700748
    Total Energy =                         -0.3029972332736803

Computation Completed


Properties will be evaluated at   0.000000,   0.000000,   0.000000 [a0]

Properties computed using the SCF density matrix


 Multipole Moments:

 ------------------------------------------------------------------------------------
     Multipole            Electronic (a.u.)      Nuclear  (a.u.)        Total (a.u.)
 ------------------------------------------------------------------------------------

 L = 1.  Multiply by 2.5417464519 to convert [e a0] to [Debye]
 Dipole X            :          0.0000000            0.0000000            0.0000000
 Dipole Y            :          0.0000000            0.0000000            0.0000000
 Dipole Z            :          0.0000000            0.0000000            0.0000000
 Magnitude           :                                                    0.0000000

 ------------------------------------------------------------------------------------

*** tstop() called on Angelinas-MacBook-Pro-574.local at Thu Feb 12 13:22:55 2026
Module time:
	user time   =       0.05 seconds =       0.00 minutes
	system time =       0.01 seconds =       0.00 minutes
	total time  =          0 seconds =       0.00 minutes
Total time:
	user time   =      56.13 seconds =       0.94 minutes
	system time =      15.94 seconds =       0.27 minutes
	total time  =      61567 seconds =    1026.12 minutes

Scratch directory: /tmp/
   => Libint2 <=

    Primary   basis highest AM E, G, H:  6, 6, 3
    Auxiliary basis highest AM E, G, H:  7, 7, 4
    Onebody   basis highest AM E, G, H:  -, -, -
    Solid Harmonics ordering:            Gaussian

*** tstart() called on Angelinas-MacBook-Pro-574.local
*** at Thu Feb 12 13:22:55 2026

   => Loading Basis Set <=

    Name: CC-PVTZ
    Role: ORBITAL
    Keyword: BASIS
    atoms 1-2 entry H          line    23 file /opt/anaconda3/envs/psi4/share/psi4/basis/cc-pvtz.gbs 


         ---------------------------------------------------------
                                   SCF
               by Justin Turney, Rob Parrish, Andy Simmonett
                          and Daniel G. A. Smith
                              RHF Reference
                        4 Threads,   1907 MiB Core
         ---------------------------------------------------------

  ==> Geometry <==

    Molecular point group: c1
    Full point group: D_inf_h

    Geometry (in Angstrom), charge = 0, multiplicity = 1:

       Center              X                  Y                   Z               Mass       
    ------------   -----------------  -----------------  -----------------  -----------------
         H            0.000000000000     0.000000000000    -0.138383838384     1.007825032230
         H            0.000000000000     0.000000000000     0.138383838384     1.007825032230

  Running in c1 symmetry.

  Rotational constants: A = ************  B =    436.72758  C =    436.72758 [cm^-1]
  Rotational constants: A = ************  B = 13092763.32938  C = 13092763.32938 [MHz]
  Nuclear repulsion =    1.911990651690876

  Charge       = 0
  Multiplicity = 1
  Electrons    = 2
  Nalpha       = 1
  Nbeta        = 1

  ==> Algorithm <==

  SCF Algorithm Type is DF.
  DIIS enabled.
  MOM disabled.
  Fractional occupation disabled.
  Guess Type is SAD.
  Energy threshold   = 1.00e-10
  Density threshold  = 1.00e-10
  Integral threshold = 1.00e-12

  ==> Primary Basis <==

  Basis Set: CC-PVTZ
    Blend: CC-PVTZ
    Number of shells: 12
    Number of basis functions: 28
    Number of Cartesian functions: 30
    Spherical Harmonics?: true
    Max angular momentum: 2

   => Loading Basis Set <=

    Name: (CC-PVTZ AUX)
    Role: JKFIT
    Keyword: DF_BASIS_SCF
    atoms 1-2 entry H          line    51 file /opt/anaconda3/envs/psi4/share/psi4/basis/cc-pvtz-jkfit.gbs 

  ==> Integral Setup <==

  DFHelper Memory: AOs need 0.001 GiB; user supplied 1.397 GiB. 
  SCF_SUBTYPE=INCORE selected. In-core MEM_DF algorithm will be used.
  Using in-core AOs.

  ==> MemDFJK: Density-Fitted J/K Matrices <==

    J tasked:                   Yes
    K tasked:                   Yes
    wK tasked:                   No
    OpenMP threads:               4
    Memory [MiB]:              1430
    Algorithm:                 Core
    Schwarz Cutoff:           1E-12
    Mask sparsity (%):       0.0000
    Fitting Condition:        1E-10

   => Auxiliary Basis Set <=

  Basis Set: (CC-PVTZ AUX)
    Blend: CC-PVTZ-JKFIT
    Number of shells: 20
    Number of basis functions: 60
    Number of Cartesian functions: 70
    Spherical Harmonics?: true
    Max angular momentum: 3

  Minimum eigenvalue in the overlap matrix is 1.3081746774E-04.
  Reciprocal condition number of the overlap matrix is 2.9200669847E-05.
    Using symmetric orthogonalization.

  ==> Pre-Iterations <==

  SCF Guess: Superposition of Atomic Densities via on-the-fly atomic UHF (no occupation information).

   -------------------------
    Irrep   Nso     Nmo    
   -------------------------
     A         28      28 
   -------------------------
    Total      28      28
   -------------------------

  ==> Iterations <==

                           Total Energy        Delta E     RMS |[F,P]|

   @DF-RHF iter SAD:    -0.52506294300552   -5.25063e-01   0.00000e+00 
   @DF-RHF iter   1:    -0.51136578411066    1.36972e-02   6.81602e-03 DIIS/ADIIS
   @DF-RHF iter   2:    -0.54533653203857   -3.39707e-02   1.08842e-03 DIIS/ADIIS
   @DF-RHF iter   3:    -0.54631534450817   -9.78812e-04   1.41431e-04 DIIS/ADIIS
   @DF-RHF iter   4:    -0.54632981204591   -1.44675e-05   3.65334e-06 DIIS
   @DF-RHF iter   5:    -0.54632981736934   -5.32343e-09   2.52498e-07 DIIS
   @DF-RHF iter   6:    -0.54632981740343   -3.40901e-11   1.63691e-08 DIIS
   @DF-RHF iter   7:    -0.54632981740362   -1.94067e-13   4.44039e-10 DIIS
   @DF-RHF iter   8:    -0.54632981740364   -1.74305e-14   4.90699e-11 DIIS
  Energy and wave function converged.


  ==> Post-Iterations <==

    Orbital Energies [Eh]
    ---------------------

    Doubly Occupied:                                                      

       1A     -0.788073  

    Virtual:                                                              

       2A      0.200956     3A      0.260664     4A      0.712904  
       5A      0.760815     6A      0.760815     7A      1.144421  
       8A      1.144421     9A      1.167083    10A      1.778381  
      11A      1.967133    12A      3.374477    13A      3.374477  
      14A      3.579961    15A      3.579961    16A      3.586969  
      17A      3.586969    18A      3.909348    19A      4.251856  
      20A      4.527159    21A      4.527159    22A      4.565952  
      23A      4.565952    24A      4.720188    25A      6.892950  
      26A      8.066804    27A      8.066804    28A     16.065894  

    Final Occupation by Irrep:
              A 
    DOCC [     1 ]
    NA   [     1 ]
    NB   [     1 ]

  @DF-RHF Final Energy:    -0.54632981740364

   => Energetics <=

    Nuclear Repulsion Energy =              1.9119906516908758
    One-Electron Energy =                  -3.3404940639437743
    Two-Electron Energy =                   0.8821735948492581
    Total Energy =                         -0.5463298174036405

Computation Completed


Properties will be evaluated at   0.000000,   0.000000,   0.000000 [a0]

Properties computed using the SCF density matrix


 Multipole Moments:

 ------------------------------------------------------------------------------------
     Multipole            Electronic (a.u.)      Nuclear  (a.u.)        Total (a.u.)
 ------------------------------------------------------------------------------------

 L = 1.  Multiply by 2.5417464519 to convert [e a0] to [Debye]
 Dipole X            :          0.0000000            0.0000000            0.0000000
 Dipole Y            :          0.0000000            0.0000000            0.0000000
 Dipole Z            :          0.0000000            0.0000000            0.0000000
 Magnitude           :                                                    0.0000000

 ------------------------------------------------------------------------------------

*** tstop() called on Angelinas-MacBook-Pro-574.local at Thu Feb 12 13:22:55 2026
Module time:
	user time   =       0.05 seconds =       0.00 minutes
	system time =       0.00 seconds =       0.00 minutes
	total time  =          0 seconds =       0.00 minutes
Total time:
	user time   =      56.20 seconds =       0.94 minutes
	system time =      15.94 seconds =       0.27 minutes
	total time  =      61567 seconds =    1026.12 minutes

Scratch directory: /tmp/
   => Libint2 <=

    Primary   basis highest AM E, G, H:  6, 6, 3
    Auxiliary basis highest AM E, G, H:  7, 7, 4
    Onebody   basis highest AM E, G, H:  -, -, -
    Solid Harmonics ordering:            Gaussian

*** tstart() called on Angelinas-MacBook-Pro-574.local
*** at Thu Feb 12 13:22:55 2026

   => Loading Basis Set <=

    Name: CC-PVTZ
    Role: ORBITAL
    Keyword: BASIS
    atoms 1-2 entry H          line    23 file /opt/anaconda3/envs/psi4/share/psi4/basis/cc-pvtz.gbs 


         ---------------------------------------------------------
                                   SCF
               by Justin Turney, Rob Parrish, Andy Simmonett
                          and Daniel G. A. Smith
                              RHF Reference
                        4 Threads,   1907 MiB Core
         ---------------------------------------------------------

  ==> Geometry <==

    Molecular point group: c1
    Full point group: D_inf_h

    Geometry (in Angstrom), charge = 0, multiplicity = 1:

       Center              X                  Y                   Z               Mass       
    ------------   -----------------  -----------------  -----------------  -----------------
         H            0.000000000000     0.000000000000    -0.157575757576     1.007825032230
         H            0.000000000000     0.000000000000     0.157575757576     1.007825032230

  Running in c1 symmetry.

  Rotational constants: A = ************  B =    336.82363  C =    336.82363 [cm^-1]
  Rotational constants: A = ************  B = 10097718.39781  C = 10097718.39781 [MHz]
  Nuclear repulsion =    1.679119995395192

  Charge       = 0
  Multiplicity = 1
  Electrons    = 2
  Nalpha       = 1
  Nbeta        = 1

  ==> Algorithm <==

  SCF Algorithm Type is DF.
  DIIS enabled.
  MOM disabled.
  Fractional occupation disabled.
  Guess Type is SAD.
  Energy threshold   = 1.00e-10
  Density threshold  = 1.00e-10
  Integral threshold = 1.00e-12

  ==> Primary Basis <==

  Basis Set: CC-PVTZ
    Blend: CC-PVTZ
    Number of shells: 12
    Number of basis functions: 28
    Number of Cartesian functions: 30
    Spherical Harmonics?: true
    Max angular momentum: 2

   => Loading Basis Set <=

    Name: (CC-PVTZ AUX)
    Role: JKFIT
    Keyword: DF_BASIS_SCF
    atoms 1-2 entry H          line    51 file /opt/anaconda3/envs/psi4/share/psi4/basis/cc-pvtz-jkfit.gbs 

  ==> Integral Setup <==

  DFHelper Memory: AOs need 0.001 GiB; user supplied 1.397 GiB. 
  SCF_SUBTYPE=INCORE selected. In-core MEM_DF algorithm will be used.
  Using in-core AOs.

  ==> MemDFJK: Density-Fitted J/K Matrices <==

    J tasked:                   Yes
    K tasked:                   Yes
    wK tasked:                   No
    OpenMP threads:               4
    Memory [MiB]:              1430
    Algorithm:                 Core
    Schwarz Cutoff:           1E-12
    Mask sparsity (%):       0.0000
    Fitting Condition:        1E-10

   => Auxiliary Basis Set <=

  Basis Set: (CC-PVTZ AUX)
    Blend: CC-PVTZ-JKFIT
    Number of shells: 20
    Number of basis functions: 60
    Number of Cartesian functions: 70
    Spherical Harmonics?: true
    Max angular momentum: 3

  Minimum eigenvalue in the overlap matrix is 1.5216140079E-04.
  Reciprocal condition number of the overlap matrix is 3.4058635054E-05.
    Using symmetric orthogonalization.

  ==> Pre-Iterations <==

  SCF Guess: Superposition of Atomic Densities via on-the-fly atomic UHF (no occupation information).

   -------------------------
    Irrep   Nso     Nmo    
   -------------------------
     A         28      28 
   -------------------------
    Total      28      28
   -------------------------

  ==> Iterations <==

                           Total Energy        Delta E     RMS |[F,P]|

   @DF-RHF iter SAD:    -0.71087596321014   -7.10876e-01   0.00000e+00 
   @DF-RHF iter   1:    -0.68134928679210    2.95267e-02   6.72061e-03 DIIS/ADIIS
   @DF-RHF iter   2:    -0.71495378234518   -3.36045e-02   1.07518e-03 DIIS/ADIIS
   @DF-RHF iter   3:    -0.71593358924615   -9.79807e-04   1.40779e-04 DIIS/ADIIS
   @DF-RHF iter   4:    -0.71594812344338   -1.45342e-05   3.64206e-06 DIIS
   @DF-RHF iter   5:    -0.71594812881151   -5.36813e-09   2.68246e-07 DIIS
   @DF-RHF iter   6:    -0.71594812885076   -3.92488e-11   1.73278e-08 DIIS
   @DF-RHF iter   7:    -0.71594812885099   -2.34590e-13   4.61598e-10 DIIS
   @DF-RHF iter   8:    -0.71594812885100   -9.54792e-15   5.10606e-11 DIIS
  Energy and wave function converged.


  ==> Post-Iterations <==

    Orbital Energies [Eh]
    ---------------------

    Doubly Occupied:                                                      

       1A     -0.768048  

    Virtual:                                                              

       2A      0.199113     3A      0.264186     4A      0.704555  
       5A      0.754335     6A      0.754335     7A      1.141103  
       8A      1.141103     9A      1.162209    10A      1.743373  
      11A      2.007832    12A      3.354080    13A      3.354080  
      14A      3.566587    15A      3.566587    16A      3.575592  
      17A      3.575592    18A      3.871134    19A      4.056524  
      20A      4.499021    21A      4.499021    22A      4.537183  
      23A      4.537183    24A      4.781453    25A      6.889970  
      26A      7.904137    27A      7.904137    28A     14.918886  

    Final Occupation by Irrep:
              A 
    DOCC [     1 ]
    NA   [     1 ]
    NB   [     1 ]

  @DF-RHF Final Energy:    -0.71594812885100

   => Energetics <=

    Nuclear Repulsion Energy =              1.6791199953951923
    One-Electron Energy =                  -3.2540405660184151
    Two-Electron Energy =                   0.8589724417722210
    Total Energy =                         -0.7159481288510018

Computation Completed


Properties will be evaluated at   0.000000,   0.000000,   0.000000 [a0]

Properties computed using the SCF density matrix


 Multipole Moments:

 ------------------------------------------------------------------------------------
     Multipole            Electronic (a.u.)      Nuclear  (a.u.)        Total (a.u.)
 ------------------------------------------------------------------------------------

 L = 1.  Multiply by 2.5417464519 to convert [e a0] to [Debye]
 Dipole X            :          0.0000000            0.0000000            0.0000000
 Dipole Y            :          0.0000000            0.0000000            0.0000000
 Dipole Z            :         -0.0000000            0.0000000           -0.0000000
 Magnitude           :                                                    0.0000000

 ------------------------------------------------------------------------------------

*** tstop() called on Angelinas-MacBook-Pro-574.local at Thu Feb 12 13:22:55 2026
Module time:
	user time   =       0.06 seconds =       0.00 minutes
	system time =       0.01 seconds =       0.00 minutes
	total time  =          0 seconds =       0.00 minutes
Total time:
	user time   =      56.27 seconds =       0.94 minutes
	system time =      15.95 seconds =       0.27 minutes
	total time  =      61567 seconds =    1026.12 minutes

Scratch directory: /tmp/
   => Libint2 <=

    Primary   basis highest AM E, G, H:  6, 6, 3
    Auxiliary basis highest AM E, G, H:  7, 7, 4
    Onebody   basis highest AM E, G, H:  -, -, -
    Solid Harmonics ordering:            Gaussian

*** tstart() called on Angelinas-MacBook-Pro-574.local
*** at Thu Feb 12 13:22:55 2026

   => Loading Basis Set <=

    Name: CC-PVTZ
    Role: ORBITAL
    Keyword: BASIS
    atoms 1-2 entry H          line    23 file /opt/anaconda3/envs/psi4/share/psi4/basis/cc-pvtz.gbs 


         ---------------------------------------------------------
                                   SCF
               by Justin Turney, Rob Parrish, Andy Simmonett
                          and Daniel G. A. Smith
                              RHF Reference
                        4 Threads,   1907 MiB Core
         ---------------------------------------------------------

  ==> Geometry <==

    Molecular point group: c1
    Full point group: D_inf_h

    Geometry (in Angstrom), charge = 0, multiplicity = 1:

       Center              X                  Y                   Z               Mass       
    ------------   -----------------  -----------------  -----------------  -----------------
         H            0.000000000000     0.000000000000    -0.176767676768     1.007825032230
         H            0.000000000000     0.000000000000     0.176767676768     1.007825032230

  Running in c1 symmetry.

  Rotational constants: A = ************  B =    267.65518  C =    267.65518 [cm^-1]
  Rotational constants: A = ************  B = 8024100.40585  C = 8024100.40585 [MHz]
  Nuclear repulsion =    1.496815538752286

  Charge       = 0
  Multiplicity = 1
  Electrons    = 2
  Nalpha       = 1
  Nbeta        = 1

  ==> Algorithm <==

  SCF Algorithm Type is DF.
  DIIS enabled.
  MOM disabled.
  Fractional occupation disabled.
  Guess Type is SAD.
  Energy threshold   = 1.00e-10
  Density threshold  = 1.00e-10
  Integral threshold = 1.00e-12

  ==> Primary Basis <==

  Basis Set: CC-PVTZ
    Blend: CC-PVTZ
    Number of shells: 12
    Number of basis functions: 28
    Number of Cartesian functions: 30
    Spherical Harmonics?: true
    Max angular momentum: 2

   => Loading Basis Set <=

    Name: (CC-PVTZ AUX)
    Role: JKFIT
    Keyword: DF_BASIS_SCF
    atoms 1-2 entry H          line    51 file /opt/anaconda3/envs/psi4/share/psi4/basis/cc-pvtz-jkfit.gbs 

  ==> Integral Setup <==

  DFHelper Memory: AOs need 0.001 GiB; user supplied 1.397 GiB. 
  SCF_SUBTYPE=INCORE selected. In-core MEM_DF algorithm will be used.
  Using in-core AOs.

  ==> MemDFJK: Density-Fitted J/K Matrices <==

    J tasked:                   Yes
    K tasked:                   Yes
    wK tasked:                   No
    OpenMP threads:               4
    Memory [MiB]:              1430
    Algorithm:                 Core
    Schwarz Cutoff:           1E-12
    Mask sparsity (%):       0.0000
    Fitting Condition:        1E-10

   => Auxiliary Basis Set <=

  Basis Set: (CC-PVTZ AUX)
    Blend: CC-PVTZ-JKFIT
    Number of shells: 20
    Number of basis functions: 60
    Number of Cartesian functions: 70
    Spherical Harmonics?: true
    Max angular momentum: 3

  Minimum eigenvalue in the overlap matrix is 1.7300169811E-04.
  Reciprocal condition number of the overlap matrix is 3.8844108238E-05.
    Using symmetric orthogonalization.

  ==> Pre-Iterations <==

  SCF Guess: Superposition of Atomic Densities via on-the-fly atomic UHF (no occupation information).

   -------------------------
    Irrep   Nso     Nmo    
   -------------------------
     A         28      28 
   -------------------------
    Total      28      28
   -------------------------

  ==> Iterations <==

                           Total Energy        Delta E     RMS |[F,P]|

   @DF-RHF iter SAD:    -0.84485388535295   -8.44854e-01   0.00000e+00 
   @DF-RHF iter   1:    -0.80276123173341    4.20927e-02   6.61751e-03 DIIS/ADIIS
   @DF-RHF iter   2:    -0.83591321804426   -3.31520e-02   1.06082e-03 DIIS/ADIIS
   @DF-RHF iter   3:    -0.83689175731980   -9.78539e-04   1.39300e-04 DIIS/ADIIS
   @DF-RHF iter   4:    -0.83690617983092   -1.44225e-05   3.63661e-06 DIIS
   @DF-RHF iter   5:    -0.83690618531618   -5.48526e-09   2.83495e-07 DIIS
   @DF-RHF iter   6:    -0.83690618536104   -4.48627e-11   1.82095e-08 DIIS
   @DF-RHF iter   7:    -0.83690618536128   -2.40030e-13   4.74584e-10 DIIS
   @DF-RHF iter   8:    -0.83690618536130   -1.62093e-14   5.25030e-11 DIIS
  Energy and wave function converged.


  ==> Post-Iterations <==

    Orbital Energies [Eh]
    ---------------------

    Doubly Occupied:                                                      

       1A     -0.748615  

    Virtual:                                                              

       2A      0.197372     3A      0.267821     4A      0.698099  
       5A      0.747887     6A      0.747887     7A      1.138855  
       8A      1.138855     9A      1.157779    10A      1.706319  
      11A      2.053453    12A      3.333198    13A      3.333198  
      14A      3.561418    15A      3.561418    16A      3.564235  
      17A      3.564235    18A      3.834434    19A      3.836824  
      20A      4.468638    21A      4.468638    22A      4.505818  
      23A      4.505818    24A      4.861594    25A      6.897263  
      26A      7.719972    27A      7.719972    28A     13.797234  

    Final Occupation by Irrep:
              A 
    DOCC [     1 ]
    NA   [     1 ]
    NB   [     1 ]

  @DF-RHF Final Energy:    -0.83690618536130

   => Energetics <=

    Nuclear Repulsion Energy =              1.4968155387522859
    One-Electron Energy =                  -3.1702142992259001
    Two-Electron Energy =                   0.8364925751123146
    Total Energy =                         -0.8369061853612997

Computation Completed


Properties will be evaluated at   0.000000,   0.000000,   0.000000 [a0]

Properties computed using the SCF density matrix


 Multipole Moments:

 ------------------------------------------------------------------------------------
     Multipole            Electronic (a.u.)      Nuclear  (a.u.)        Total (a.u.)
 ------------------------------------------------------------------------------------

 L = 1.  Multiply by 2.5417464519 to convert [e a0] to [Debye]
 Dipole X            :          0.0000000            0.0000000            0.0000000
 Dipole Y            :          0.0000000            0.0000000            0.0000000
 Dipole Z            :          0.0000000            0.0000000            0.0000000
 Magnitude           :                                                    0.0000000

 ------------------------------------------------------------------------------------

*** tstop() called on Angelinas-MacBook-Pro-574.local at Thu Feb 12 13:22:55 2026
Module time:
	user time   =       0.05 seconds =       0.00 minutes
	system time =       0.00 seconds =       0.00 minutes
	total time  =          0 seconds =       0.00 minutes
Total time:
	user time   =      56.33 seconds =       0.94 minutes
	system time =      15.95 seconds =       0.27 minutes
	total time  =      61567 seconds =    1026.12 minutes

Scratch directory: /tmp/
   => Libint2 <=

    Primary   basis highest AM E, G, H:  6, 6, 3
    Auxiliary basis highest AM E, G, H:  7, 7, 4
    Onebody   basis highest AM E, G, H:  -, -, -
    Solid Harmonics ordering:            Gaussian

*** tstart() called on Angelinas-MacBook-Pro-574.local
*** at Thu Feb 12 13:22:55 2026

   => Loading Basis Set <=

    Name: CC-PVTZ
    Role: ORBITAL
    Keyword: BASIS
    atoms 1-2 entry H          line    23 file /opt/anaconda3/envs/psi4/share/psi4/basis/cc-pvtz.gbs 


         ---------------------------------------------------------
                                   SCF
               by Justin Turney, Rob Parrish, Andy Simmonett
                          and Daniel G. A. Smith
                              RHF Reference
                        4 Threads,   1907 MiB Core
         ---------------------------------------------------------

  ==> Geometry <==

    Molecular point group: c1
    Full point group: D_inf_h

    Geometry (in Angstrom), charge = 0, multiplicity = 1:

       Center              X                  Y                   Z               Mass       
    ------------   -----------------  -----------------  -----------------  -----------------
         H            0.000000000000     0.000000000000    -0.195959595960     1.007825032230
         H            0.000000000000     0.000000000000     0.195959595960     1.007825032230

  Running in c1 symmetry.

  Rotational constants: A = ************  B =    217.79519  C =    217.79519 [cm^-1]
  Rotational constants: A = ************  B = 6529335.60764  C = 6529335.60764 [MHz]
  Nuclear repulsion =    1.350220202482732

  Charge       = 0
  Multiplicity = 1
  Electrons    = 2
  Nalpha       = 1
  Nbeta        = 1

  ==> Algorithm <==

  SCF Algorithm Type is DF.
  DIIS enabled.
  MOM disabled.
  Fractional occupation disabled.
  Guess Type is SAD.
  Energy threshold   = 1.00e-10
  Density threshold  = 1.00e-10
  Integral threshold = 1.00e-12

  ==> Primary Basis <==

  Basis Set: CC-PVTZ
    Blend: CC-PVTZ
    Number of shells: 12
    Number of basis functions: 28
    Number of Cartesian functions: 30
    Spherical Harmonics?: true
    Max angular momentum: 2

   => Loading Basis Set <=

    Name: (CC-PVTZ AUX)
    Role: JKFIT
    Keyword: DF_BASIS_SCF
    atoms 1-2 entry H          line    51 file /opt/anaconda3/envs/psi4/share/psi4/basis/cc-pvtz-jkfit.gbs 

  ==> Integral Setup <==

  DFHelper Memory: AOs need 0.001 GiB; user supplied 1.397 GiB. 
  SCF_SUBTYPE=INCORE selected. In-core MEM_DF algorithm will be used.
  Using in-core AOs.

  ==> MemDFJK: Density-Fitted J/K Matrices <==

    J tasked:                   Yes
    K tasked:                   Yes
    wK tasked:                   No
    OpenMP threads:               4
    Memory [MiB]:              1430
    Algorithm:                 Core
    Schwarz Cutoff:           1E-12
    Mask sparsity (%):       0.0000
    Fitting Condition:        1E-10

   => Auxiliary Basis Set <=

  Basis Set: (CC-PVTZ AUX)
    Blend: CC-PVTZ-JKFIT
    Number of shells: 20
    Number of basis functions: 60
    Number of Cartesian functions: 70
    Spherical Harmonics?: true
    Max angular momentum: 3

  Minimum eigenvalue in the overlap matrix is 1.9668095434E-04.
  Reciprocal condition number of the overlap matrix is 4.4314981540E-05.
    Using symmetric orthogonalization.

  ==> Pre-Iterations <==

  SCF Guess: Superposition of Atomic Densities via on-the-fly atomic UHF (no occupation information).

   -------------------------
    Irrep   Nso     Nmo    
   -------------------------
     A         28      28 
   -------------------------
    Total      28      28
   -------------------------

  ==> Iterations <==

                           Total Energy        Delta E     RMS |[F,P]|

   @DF-RHF iter SAD:    -0.94243904010033   -9.42439e-01   0.00000e+00 
   @DF-RHF iter   1:    -0.89081861565251    5.16204e-02   6.50750e-03 DIIS/ADIIS
   @DF-RHF iter   2:    -0.92343784518728   -3.26192e-02   1.04570e-03 DIIS/ADIIS
   @DF-RHF iter   3:    -0.92441296845830   -9.75123e-04   1.37108e-04 DIIS/ADIIS
   @DF-RHF iter   4:    -0.92442712115469   -1.41527e-05   3.64002e-06 DIIS
   @DF-RHF iter   5:    -0.92442712684256   -5.68787e-09   2.97382e-07 DIIS
   @DF-RHF iter   6:    -0.92442712689329   -5.07285e-11   1.89727e-08 DIIS
   @DF-RHF iter   7:    -0.92442712689357   -2.77667e-13   4.86075e-10 DIIS
   @DF-RHF iter   8:    -0.92442712689356    1.55431e-15   5.34961e-11 DIIS
  Energy and wave function converged.


  ==> Post-Iterations <==

    Orbital Energies [Eh]
    ---------------------

    Doubly Occupied:                                                      

       1A     -0.729894  

    Virtual:                                                              

       2A      0.195843     3A      0.271526     4A      0.694852  
       5A      0.741525     6A      0.741525     7A      1.137727  
       8A      1.137727     9A      1.153649    10A      1.669247  
      11A      2.101608    12A      3.312188    13A      3.312188  
      14A      3.552800    15A      3.552800    16A      3.566227  
      17A      3.566227    18A      3.589362    19A      3.806320  
      20A      4.436227    21A      4.436227    22A      4.472038  
      23A      4.472038    24A      4.955714    25A      6.899538  
      26A      7.518086    27A      7.518086    28A     12.672426  

    Final Occupation by Irrep:
              A 
    DOCC [     1 ]
    NA   [     1 ]
    NB   [     1 ]

  @DF-RHF Final Energy:    -0.92442712689356

   => Energetics <=

    Nuclear Repulsion Energy =              1.3502202024827321
    One-Electron Energy =                  -3.0895062053607649
    Two-Electron Energy =                   0.8148588759844678
    Total Energy =                         -0.9244271268935650

Computation Completed


Properties will be evaluated at   0.000000,   0.000000,   0.000000 [a0]

Properties computed using the SCF density matrix


 Multipole Moments:

 ------------------------------------------------------------------------------------
     Multipole            Electronic (a.u.)      Nuclear  (a.u.)        Total (a.u.)
 ------------------------------------------------------------------------------------

 L = 1.  Multiply by 2.5417464519 to convert [e a0] to [Debye]
 Dipole X            :         -0.0000000            0.0000000           -0.0000000
 Dipole Y            :         -0.0000000            0.0000000           -0.0000000
 Dipole Z            :         -0.0000000            0.0000000           -0.0000000
 Magnitude           :                                                    0.0000000

 ------------------------------------------------------------------------------------

*** tstop() called on Angelinas-MacBook-Pro-574.local at Thu Feb 12 13:22:55 2026
Module time:
	user time   =       0.05 seconds =       0.00 minutes
	system time =       0.01 seconds =       0.00 minutes
	total time  =          0 seconds =       0.00 minutes
Total time:
	user time   =      56.40 seconds =       0.94 minutes
	system time =      15.96 seconds =       0.27 minutes
	total time  =      61567 seconds =    1026.12 minutes

Scratch directory: /tmp/
   => Libint2 <=

    Primary   basis highest AM E, G, H:  6, 6, 3
    Auxiliary basis highest AM E, G, H:  7, 7, 4
    Onebody   basis highest AM E, G, H:  -, -, -
    Solid Harmonics ordering:            Gaussian

*** tstart() called on Angelinas-MacBook-Pro-574.local
*** at Thu Feb 12 13:22:55 2026

   => Loading Basis Set <=

    Name: CC-PVTZ
    Role: ORBITAL
    Keyword: BASIS
    atoms 1-2 entry H          line    23 file /opt/anaconda3/envs/psi4/share/psi4/basis/cc-pvtz.gbs 


         ---------------------------------------------------------
                                   SCF
               by Justin Turney, Rob Parrish, Andy Simmonett
                          and Daniel G. A. Smith
                              RHF Reference
                        4 Threads,   1907 MiB Core
         ---------------------------------------------------------

  ==> Geometry <==

    Molecular point group: c1
    Full point group: D_inf_h

    Geometry (in Angstrom), charge = 0, multiplicity = 1:

       Center              X                  Y                   Z               Mass       
    ------------   -----------------  -----------------  -----------------  -----------------
         H            0.000000000000     0.000000000000    -0.215151515152     1.007825032230
         H            0.000000000000     0.000000000000     0.215151515152     1.007825032230

  Running in c1 symmetry.

  Rotational constants: A = ************  B =    180.67270  C =    180.67270 [cm^-1]
  Rotational constants: A = ************  B = 5416431.37228  C = 5416431.37228 [MHz]
  Nuclear repulsion =    1.229778024796479

  Charge       = 0
  Multiplicity = 1
  Electrons    = 2
  Nalpha       = 1
  Nbeta        = 1

  ==> Algorithm <==

  SCF Algorithm Type is DF.
  DIIS enabled.
  MOM disabled.
  Fractional occupation disabled.
  Guess Type is SAD.
  Energy threshold   = 1.00e-10
  Density threshold  = 1.00e-10
  Integral threshold = 1.00e-12

  ==> Primary Basis <==

  Basis Set: CC-PVTZ
    Blend: CC-PVTZ
    Number of shells: 12
    Number of basis functions: 28
    Number of Cartesian functions: 30
    Spherical Harmonics?: true
    Max angular momentum: 2

   => Loading Basis Set <=

    Name: (CC-PVTZ AUX)
    Role: JKFIT
    Keyword: DF_BASIS_SCF
    atoms 1-2 entry H          line    51 file /opt/anaconda3/envs/psi4/share/psi4/basis/cc-pvtz-jkfit.gbs 

  ==> Integral Setup <==

  DFHelper Memory: AOs need 0.001 GiB; user supplied 1.397 GiB. 
  SCF_SUBTYPE=INCORE selected. In-core MEM_DF algorithm will be used.
  Using in-core AOs.

  ==> MemDFJK: Density-Fitted J/K Matrices <==

    J tasked:                   Yes
    K tasked:                   Yes
    wK tasked:                   No
    OpenMP threads:               4
    Memory [MiB]:              1430
    Algorithm:                 Core
    Schwarz Cutoff:           1E-12
    Mask sparsity (%):       0.0000
    Fitting Condition:        1E-10

   => Auxiliary Basis Set <=

  Basis Set: (CC-PVTZ AUX)
    Blend: CC-PVTZ-JKFIT
    Number of shells: 20
    Number of basis functions: 60
    Number of Cartesian functions: 70
    Spherical Harmonics?: true
    Max angular momentum: 3

  Minimum eigenvalue in the overlap matrix is 2.2857548066E-04.
  Reciprocal condition number of the overlap matrix is 5.1700998725E-05.
    Using symmetric orthogonalization.

  ==> Pre-Iterations <==

  SCF Guess: Superposition of Atomic Densities via on-the-fly atomic UHF (no occupation information).

   -------------------------
    Irrep   Nso     Nmo    
   -------------------------
     A         28      28 
   -------------------------
    Total      28      28
   -------------------------

  ==> Iterations <==

                           Total Energy        Delta E     RMS |[F,P]|

   @DF-RHF iter SAD:    -1.01365132749560   -1.01365e+00   0.00000e+00 
   @DF-RHF iter   1:    -0.95525451244692    5.83968e-02   6.39165e-03 DIIS/ADIIS
   @DF-RHF iter   2:    -0.98726980829127   -3.20153e-02   1.03013e-03 DIIS/ADIIS
   @DF-RHF iter   3:    -0.98823948220234   -9.69674e-04   1.34317e-04 DIIS/ADIIS
   @DF-RHF iter   4:    -0.98825323161470   -1.37494e-05   3.65393e-06 DIIS
   @DF-RHF iter   5:    -0.98825323758773   -5.97303e-09   3.09522e-07 DIIS
   @DF-RHF iter   6:    -0.98825323764461   -5.68785e-11   1.95623e-08 DIIS
   @DF-RHF iter   7:    -0.98825323764491   -2.95208e-13   5.00789e-10 DIIS
   @DF-RHF iter   8:    -0.98825323764491   -1.99840e-15   5.41745e-11 DIIS
  Energy and wave function converged.


  ==> Post-Iterations <==

    Orbital Energies [Eh]
    ---------------------

    Doubly Occupied:                                                      

       1A     -0.711948  

    Virtual:                                                              

       2A      0.194514     3A      0.275267     4A      0.695468  
       5A      0.735293     6A      0.735293     7A      1.137520  
       8A      1.137520     9A      1.149588    10A      1.635356  
      11A      2.149538    12A      3.291412    13A      3.291412  
      14A      3.332648    15A      3.541152    16A      3.541152  
      17A      3.581775    18A      3.581775    19A      3.779501  
      20A      4.402002    21A      4.402002    22A      4.436063  
      23A      4.436063    24A      5.051077    25A      6.881868  
      26A      7.303916    27A      7.303916    28A     11.568552  

    Final Occupation by Irrep:
              A 
    DOCC [     1 ]
    NA   [     1 ]
    NB   [     1 ]

  @DF-RHF Final Energy:    -0.98825323764491

   => Energetics <=

    Nuclear Repulsion Energy =              1.2297780247964791
    One-Electron Energy =                  -3.0121670506189808
    Two-Electron Energy =                   0.7941357881775912
    Total Energy =                         -0.9882532376449105

Computation Completed


Properties will be evaluated at   0.000000,   0.000000,   0.000000 [a0]

Properties computed using the SCF density matrix


 Multipole Moments:

 ------------------------------------------------------------------------------------
     Multipole            Electronic (a.u.)      Nuclear  (a.u.)        Total (a.u.)
 ------------------------------------------------------------------------------------

 L = 1.  Multiply by 2.5417464519 to convert [e a0] to [Debye]
 Dipole X            :         -0.0000000            0.0000000           -0.0000000
 Dipole Y            :          0.0000000            0.0000000            0.0000000
 Dipole Z            :          0.0000000            0.0000000            0.0000000
 Magnitude           :                                                    0.0000000

 ------------------------------------------------------------------------------------

*** tstop() called on Angelinas-MacBook-Pro-574.local at Thu Feb 12 13:22:55 2026
Module time:
	user time   =       0.06 seconds =       0.00 minutes
	system time =       0.00 seconds =       0.00 minutes
	total time  =          0 seconds =       0.00 minutes
Total time:
	user time   =      56.47 seconds =       0.94 minutes
	system time =      15.96 seconds =       0.27 minutes
	total time  =      61567 seconds =    1026.12 minutes

Scratch directory: /tmp/
   => Libint2 <=

    Primary   basis highest AM E, G, H:  6, 6, 3
    Auxiliary basis highest AM E, G, H:  7, 7, 4
    Onebody   basis highest AM E, G, H:  -, -, -
    Solid Harmonics ordering:            Gaussian

*** tstart() called on Angelinas-MacBook-Pro-574.local
*** at Thu Feb 12 13:22:55 2026

   => Loading Basis Set <=

    Name: CC-PVTZ
    Role: ORBITAL
    Keyword: BASIS
    atoms 1-2 entry H          line    23 file /opt/anaconda3/envs/psi4/share/psi4/basis/cc-pvtz.gbs 


         ---------------------------------------------------------
                                   SCF
               by Justin Turney, Rob Parrish, Andy Simmonett
                          and Daniel G. A. Smith
                              RHF Reference
                        4 Threads,   1907 MiB Core
         ---------------------------------------------------------

  ==> Geometry <==

    Molecular point group: c1
    Full point group: D_inf_h

    Geometry (in Angstrom), charge = 0, multiplicity = 1:

       Center              X                  Y                   Z               Mass       
    ------------   -----------------  -----------------  -----------------  -----------------
         H            0.000000000000     0.000000000000    -0.234343434343     1.007825032230
         H            0.000000000000     0.000000000000     0.234343434343     1.007825032230

  Running in c1 symmetry.

  Rotational constants: A = ************  B =    152.29154  C =    152.29154 [cm^-1]
  Rotational constants: A = ************  B = 4565585.51815  C = 4565585.51815 [MHz]
  Nuclear repulsion =    1.129063445179526

  Charge       = 0
  Multiplicity = 1
  Electrons    = 2
  Nalpha       = 1
  Nbeta        = 1

  ==> Algorithm <==

  SCF Algorithm Type is DF.
  DIIS enabled.
  MOM disabled.
  Fractional occupation disabled.
  Guess Type is SAD.
  Energy threshold   = 1.00e-10
  Density threshold  = 1.00e-10
  Integral threshold = 1.00e-12

  ==> Primary Basis <==

  Basis Set: CC-PVTZ
    Blend: CC-PVTZ
    Number of shells: 12
    Number of basis functions: 28
    Number of Cartesian functions: 30
    Spherical Harmonics?: true
    Max angular momentum: 2

   => Loading Basis Set <=

    Name: (CC-PVTZ AUX)
    Role: JKFIT
    Keyword: DF_BASIS_SCF
    atoms 1-2 entry H          line    51 file /opt/anaconda3/envs/psi4/share/psi4/basis/cc-pvtz-jkfit.gbs 

  ==> Integral Setup <==

  DFHelper Memory: AOs need 0.001 GiB; user supplied 1.397 GiB. 
  SCF_SUBTYPE=INCORE selected. In-core MEM_DF algorithm will be used.
  Using in-core AOs.

  ==> MemDFJK: Density-Fitted J/K Matrices <==

    J tasked:                   Yes
    K tasked:                   Yes
    wK tasked:                   No
    OpenMP threads:               4
    Memory [MiB]:              1430
    Algorithm:                 Core
    Schwarz Cutoff:           1E-12
    Mask sparsity (%):       0.0000
    Fitting Condition:        1E-10

   => Auxiliary Basis Set <=

  Basis Set: (CC-PVTZ AUX)
    Blend: CC-PVTZ-JKFIT
    Number of shells: 20
    Number of basis functions: 60
    Number of Cartesian functions: 70
    Spherical Harmonics?: true
    Max angular momentum: 3

  Minimum eigenvalue in the overlap matrix is 2.7549093692E-04.
  Reciprocal condition number of the overlap matrix is 6.2579486434E-05.
    Using symmetric orthogonalization.

  ==> Pre-Iterations <==

  SCF Guess: Superposition of Atomic Densities via on-the-fly atomic UHF (no occupation information).

   -------------------------
    Irrep   Nso     Nmo    
   -------------------------
     A         28      28 
   -------------------------
    Total      28      28
   -------------------------

  ==> Iterations <==

                           Total Energy        Delta E     RMS |[F,P]|

   @DF-RHF iter SAD:    -1.06528547056486   -1.06529e+00   0.00000e+00 
   @DF-RHF iter   1:    -1.00254649839046    6.27390e-02   6.27116e-03 DIIS/ADIIS
   @DF-RHF iter   2:    -1.03389713522345   -3.13506e-02   1.01435e-03 DIIS/ADIIS
   @DF-RHF iter   3:    -1.03485945559322   -9.62320e-04   1.31044e-04 DIIS/ADIIS
   @DF-RHF iter   4:    -1.03487269490958   -1.32393e-05   3.67621e-06 DIIS
   @DF-RHF iter   5:    -1.03487270122702   -6.31744e-09   3.20178e-07 DIIS
   @DF-RHF iter   6:    -1.03487270129048   -6.34519e-11   1.98985e-08 DIIS
   @DF-RHF iter   7:    -1.03487270129079   -3.18412e-13   5.24003e-10 DIIS
   @DF-RHF iter   8:    -1.03487270129079    0.00000e+00   5.46334e-11 DIIS
  Energy and wave function converged.


  ==> Post-Iterations <==

    Orbital Energies [Eh]
    ---------------------

    Doubly Occupied:                                                      

       1A     -0.694796  

    Virtual:                                                              

       2A      0.193158     3A      0.279019     4A      0.698802  
       5A      0.729222     6A      0.729222     7A      1.137821  
       8A      1.137821     9A      1.145372    10A      1.608307  
      11A      2.194984    12A      3.083472    13A      3.271237  
      14A      3.271237    15A      3.529116    16A      3.529116  
      17A      3.607601    18A      3.607601    19A      3.756506  
      20A      4.366173    21A      4.366173    22A      4.398173  
      23A      4.398173    24A      5.128434    25A      6.833494  
      26A      7.083772    27A      7.083772    28A     10.545795  

    Final Occupation by Irrep:
              A 
    DOCC [     1 ]
    NA   [     1 ]
    NB   [     1 ]

  @DF-RHF Final Energy:    -1.03487270129079

   => Energetics <=

    Nuclear Repulsion Energy =              1.1290634451795261
    One-Electron Energy =                  -2.9382800783072822
    Two-Electron Energy =                   0.7743439318369618
    Total Energy =                         -1.0348727012907943

Computation Completed


Properties will be evaluated at   0.000000,   0.000000,   0.000000 [a0]

Properties computed using the SCF density matrix


 Multipole Moments:

 ------------------------------------------------------------------------------------
     Multipole            Electronic (a.u.)      Nuclear  (a.u.)        Total (a.u.)
 ------------------------------------------------------------------------------------

 L = 1.  Multiply by 2.5417464519 to convert [e a0] to [Debye]
 Dipole X            :          0.0000000            0.0000000            0.0000000
 Dipole Y            :         -0.0000000            0.0000000           -0.0000000
 Dipole Z            :         -0.0000000            0.0000000           -0.0000000
 Magnitude           :                                                    0.0000000

 ------------------------------------------------------------------------------------

*** tstop() called on Angelinas-MacBook-Pro-574.local at Thu Feb 12 13:22:55 2026
Module time:
	user time   =       0.05 seconds =       0.00 minutes
	system time =       0.01 seconds =       0.00 minutes
	total time  =          0 seconds =       0.00 minutes
Total time:
	user time   =      56.53 seconds =       0.94 minutes
	system time =      15.97 seconds =       0.27 minutes
	total time  =      61567 seconds =    1026.12 minutes

Scratch directory: /tmp/
   => Libint2 <=

    Primary   basis highest AM E, G, H:  6, 6, 3
    Auxiliary basis highest AM E, G, H:  7, 7, 4
    Onebody   basis highest AM E, G, H:  -, -, -
    Solid Harmonics ordering:            Gaussian

*** tstart() called on Angelinas-MacBook-Pro-574.local
*** at Thu Feb 12 13:22:55 2026

   => Loading Basis Set <=

    Name: CC-PVTZ
    Role: ORBITAL
    Keyword: BASIS
    atoms 1-2 entry H          line    23 file /opt/anaconda3/envs/psi4/share/psi4/basis/cc-pvtz.gbs 


         ---------------------------------------------------------
                                   SCF
               by Justin Turney, Rob Parrish, Andy Simmonett
                          and Daniel G. A. Smith
                              RHF Reference
                        4 Threads,   1907 MiB Core
         ---------------------------------------------------------

  ==> Geometry <==

    Molecular point group: c1
    Full point group: D_inf_h

    Geometry (in Angstrom), charge = 0, multiplicity = 1:

       Center              X                  Y                   Z               Mass       
    ------------   -----------------  -----------------  -----------------  -----------------
         H            0.000000000000     0.000000000000    -0.253535353535     1.007825032230
         H            0.000000000000     0.000000000000     0.253535353535     1.007825032230

  Running in c1 symmetry.

  Rotational constants: A = ************  B =    130.10809  C =    130.10809 [cm^-1]
  Rotational constants: A = ************  B = 3900542.45058  C = 3900542.45058 [MHz]
  Nuclear repulsion =    1.043596491161952

  Charge       = 0
  Multiplicity = 1
  Electrons    = 2
  Nalpha       = 1
  Nbeta        = 1

  ==> Algorithm <==

  SCF Algorithm Type is DF.
  DIIS enabled.
  MOM disabled.
  Fractional occupation disabled.
  Guess Type is SAD.
  Energy threshold   = 1.00e-10
  Density threshold  = 1.00e-10
  Integral threshold = 1.00e-12

  ==> Primary Basis <==

  Basis Set: CC-PVTZ
    Blend: CC-PVTZ
    Number of shells: 12
    Number of basis functions: 28
    Number of Cartesian functions: 30
    Spherical Harmonics?: true
    Max angular momentum: 2

   => Loading Basis Set <=

    Name: (CC-PVTZ AUX)
    Role: JKFIT
    Keyword: DF_BASIS_SCF
    atoms 1-2 entry H          line    51 file /opt/anaconda3/envs/psi4/share/psi4/basis/cc-pvtz-jkfit.gbs 

  ==> Integral Setup <==

  DFHelper Memory: AOs need 0.001 GiB; user supplied 1.397 GiB. 
  SCF_SUBTYPE=INCORE selected. In-core MEM_DF algorithm will be used.
  Using in-core AOs.

  ==> MemDFJK: Density-Fitted J/K Matrices <==

    J tasked:                   Yes
    K tasked:                   Yes
    wK tasked:                   No
    OpenMP threads:               4
    Memory [MiB]:              1430
    Algorithm:                 Core
    Schwarz Cutoff:           1E-12
    Mask sparsity (%):       0.0000
    Fitting Condition:        1E-10

   => Auxiliary Basis Set <=

  Basis Set: (CC-PVTZ AUX)
    Blend: CC-PVTZ-JKFIT
    Number of shells: 20
    Number of basis functions: 60
    Number of Cartesian functions: 70
    Spherical Harmonics?: true
    Max angular momentum: 3

  Minimum eigenvalue in the overlap matrix is 3.4464887124E-04.
  Reciprocal condition number of the overlap matrix is 7.8657189159E-05.
    Using symmetric orthogonalization.

  ==> Pre-Iterations <==

  SCF Guess: Superposition of Atomic Densities via on-the-fly atomic UHF (no occupation information).

   -------------------------
    Irrep   Nso     Nmo    
   -------------------------
     A         28      28 
   -------------------------
    Total      28      28
   -------------------------

  ==> Iterations <==

                           Total Energy        Delta E     RMS |[F,P]|

   @DF-RHF iter SAD:    -1.10211859490523   -1.10212e+00   0.00000e+00 
   @DF-RHF iter   1:    -1.03714681105511    6.49718e-02   6.14722e-03 DIIS/ADIIS
   @DF-RHF iter   2:    -1.06778279304282   -3.06360e-02   9.98533e-04 DIIS/ADIIS
   @DF-RHF iter   3:    -1.06873601221211   -9.53219e-04   1.27396e-04 DIIS/ADIIS
   @DF-RHF iter   4:    -1.06874866093564   -1.26487e-05   3.70208e-06 DIIS
   @DF-RHF iter   5:    -1.06874866762211   -6.68647e-09   3.29896e-07 DIIS
   @DF-RHF iter   6:    -1.06874866769276   -7.06566e-11   1.98879e-08 DIIS
   @DF-RHF iter   7:    -1.06874866769309   -3.23519e-13   5.57499e-10 DIIS
   @DF-RHF iter   8:    -1.06874866769309   -6.66134e-16   5.49011e-11 DIIS
  Energy and wave function converged.


  ==> Post-Iterations <==

    Orbital Energies [Eh]
    ---------------------

    Doubly Occupied:                                                      

       1A     -0.678436  

    Virtual:                                                              

       2A      0.191405     3A      0.282767     4A      0.701749  
       5A      0.723340     6A      0.723340     7A      1.138107  
       8A      1.138107     9A      1.140807    10A      1.590214  
      11A      2.236573    12A      2.862461    13A      3.252035  
      14A      3.252035    15A      3.516489    16A      3.516489  
      17A      3.642093    18A      3.642093    19A      3.737624  
      20A      4.328956    21A      4.328956    22A      4.358718  
      23A      4.358718    24A      5.169117    25A      6.749993  
      26A      6.863851    27A      6.863851    28A      9.661226  

    Final Occupation by Irrep:
              A 
    DOCC [     1 ]
    NA   [     1 ]
    NB   [     1 ]

  @DF-RHF Final Energy:    -1.06874866769309

   => Energetics <=

    Nuclear Repulsion Energy =              1.0435964911619517
    One-Electron Energy =                  -2.8678191723106532
    Two-Electron Energy =                   0.7554740134556138
    Total Energy =                         -1.0687486676930877

Computation Completed


Properties will be evaluated at   0.000000,   0.000000,   0.000000 [a0]

Properties computed using the SCF density matrix


 Multipole Moments:

 ------------------------------------------------------------------------------------
     Multipole            Electronic (a.u.)      Nuclear  (a.u.)        Total (a.u.)
 ------------------------------------------------------------------------------------

 L = 1.  Multiply by 2.5417464519 to convert [e a0] to [Debye]
 Dipole X            :         -0.0000000            0.0000000           -0.0000000
 Dipole Y            :         -0.0000000            0.0000000           -0.0000000
 Dipole Z            :          0.0000000            0.0000000            0.0000000
 Magnitude           :                                                    0.0000000

 ------------------------------------------------------------------------------------

*** tstop() called on Angelinas-MacBook-Pro-574.local at Thu Feb 12 13:22:55 2026
Module time:
	user time   =       0.05 seconds =       0.00 minutes
	system time =       0.00 seconds =       0.00 minutes
	total time  =          0 seconds =       0.00 minutes
Total time:
	user time   =      56.60 seconds =       0.94 minutes
	system time =      15.97 seconds =       0.27 minutes
	total time  =      61567 seconds =    1026.12 minutes

Scratch directory: /tmp/
   => Libint2 <=

    Primary   basis highest AM E, G, H:  6, 6, 3
    Auxiliary basis highest AM E, G, H:  7, 7, 4
    Onebody   basis highest AM E, G, H:  -, -, -
    Solid Harmonics ordering:            Gaussian

*** tstart() called on Angelinas-MacBook-Pro-574.local
*** at Thu Feb 12 13:22:55 2026

   => Loading Basis Set <=

    Name: CC-PVTZ
    Role: ORBITAL
    Keyword: BASIS
    atoms 1-2 entry H          line    23 file /opt/anaconda3/envs/psi4/share/psi4/basis/cc-pvtz.gbs 


         ---------------------------------------------------------
                                   SCF
               by Justin Turney, Rob Parrish, Andy Simmonett
                          and Daniel G. A. Smith
                              RHF Reference
                        4 Threads,   1907 MiB Core
         ---------------------------------------------------------

  ==> Geometry <==

    Molecular point group: c1
    Full point group: D_inf_h

    Geometry (in Angstrom), charge = 0, multiplicity = 1:

       Center              X                  Y                   Z               Mass       
    ------------   -----------------  -----------------  -----------------  -----------------
         H            0.000000000000     0.000000000000    -0.272727272727     1.007825032230
         H            0.000000000000     0.000000000000     0.272727272727     1.007825032230

  Running in c1 symmetry.

  Rotational constants: A = ************  B =    112.44088  C =    112.44088 [cm^-1]
  Rotational constants: A = ************  B = 3370892.66021  C = 3370892.66021 [MHz]
  Nuclear repulsion =    0.970158219561667

  Charge       = 0
  Multiplicity = 1
  Electrons    = 2
  Nalpha       = 1
  Nbeta        = 1

  ==> Algorithm <==

  SCF Algorithm Type is DF.
  DIIS enabled.
  MOM disabled.
  Fractional occupation disabled.
  Guess Type is SAD.
  Energy threshold   = 1.00e-10
  Density threshold  = 1.00e-10
  Integral threshold = 1.00e-12

  ==> Primary Basis <==

  Basis Set: CC-PVTZ
    Blend: CC-PVTZ
    Number of shells: 12
    Number of basis functions: 28
    Number of Cartesian functions: 30
    Spherical Harmonics?: true
    Max angular momentum: 2

   => Loading Basis Set <=

    Name: (CC-PVTZ AUX)
    Role: JKFIT
    Keyword: DF_BASIS_SCF
    atoms 1-2 entry H          line    51 file /opt/anaconda3/envs/psi4/share/psi4/basis/cc-pvtz-jkfit.gbs 

  ==> Integral Setup <==

  DFHelper Memory: AOs need 0.001 GiB; user supplied 1.397 GiB. 
  SCF_SUBTYPE=INCORE selected. In-core MEM_DF algorithm will be used.
  Using in-core AOs.

  ==> MemDFJK: Density-Fitted J/K Matrices <==

    J tasked:                   Yes
    K tasked:                   Yes
    wK tasked:                   No
    OpenMP threads:               4
    Memory [MiB]:              1430
    Algorithm:                 Core
    Schwarz Cutoff:           1E-12
    Mask sparsity (%):       0.0000
    Fitting Condition:        1E-10

   => Auxiliary Basis Set <=

  Basis Set: (CC-PVTZ AUX)
    Blend: CC-PVTZ-JKFIT
    Number of shells: 20
    Number of basis functions: 60
    Number of Cartesian functions: 70
    Spherical Harmonics?: true
    Max angular momentum: 3

  Minimum eigenvalue in the overlap matrix is 4.4274342686E-04.
  Reciprocal condition number of the overlap matrix is 1.0156386028E-04.
    Using symmetric orthogonalization.

  ==> Pre-Iterations <==

  SCF Guess: Superposition of Atomic Densities via on-the-fly atomic UHF (no occupation information).

   -------------------------
    Irrep   Nso     Nmo    
   -------------------------
     A         28      28 
   -------------------------
    Total      28      28
   -------------------------

  ==> Iterations <==

                           Total Energy        Delta E     RMS |[F,P]|

   @DF-RHF iter SAD:    -1.12761120033592   -1.12761e+00   0.00000e+00 
   @DF-RHF iter   1:    -1.06220052987336    6.54107e-02   6.02093e-03 DIIS/ADIIS
   @DF-RHF iter   2:    -1.09208225078215   -2.98817e-02   9.82806e-04 DIIS/ADIIS
   @DF-RHF iter   3:    -1.09302480259343   -9.42552e-04   1.23469e-04 DIIS/ADIIS
   @DF-RHF iter   4:    -1.09303680438842   -1.20018e-05   3.72639e-06 DIIS
   @DF-RHF iter   5:    -1.09303681143479   -7.04637e-09   3.38935e-07 DIIS
   @DF-RHF iter   6:    -1.09303681151324   -7.84490e-11   1.94607e-08 DIIS
   @DF-RHF iter   7:    -1.09303681151355   -3.11084e-13   5.95582e-10 DIIS
   @DF-RHF iter   8:    -1.09303681151355   -5.10703e-15   5.49433e-11 DIIS
  Energy and wave function converged.


  ==> Post-Iterations <==

    Orbital Energies [Eh]
    ---------------------

    Doubly Occupied:                                                      

       1A     -0.662848  

    Virtual:                                                              

       2A      0.188975     3A      0.286500     4A      0.701108  
       5A      0.717666     6A      0.717666     7A      1.135720  
       8A      1.137875     9A      1.137875    10A      1.579739  
      11A      2.273768    12A      2.682654    13A      3.234172  
      14A      3.234172    15A      3.503042    16A      3.503042  
      17A      3.682808    18A      3.682808    19A      3.722944  
      20A      4.290568    21A      4.290568    22A      4.318126  
      23A      4.318126    24A      5.163571    25A      6.633249  
      26A      6.649380    27A      6.649380    28A      8.935382  

    Final Occupation by Irrep:
              A 
    DOCC [     1 ]
    NA   [     1 ]
    NB   [     1 ]

  @DF-RHF Final Energy:    -1.09303681151355

   => Energetics <=

    Nuclear Repulsion Energy =              0.9701582195616668
    One-Electron Energy =                  -2.8006936505487374
    Two-Electron Energy =                   0.7374986194735179
    Total Energy =                         -1.0930368115135529

Computation Completed


Properties will be evaluated at   0.000000,   0.000000,   0.000000 [a0]

Properties computed using the SCF density matrix


 Multipole Moments:

 ------------------------------------------------------------------------------------
     Multipole            Electronic (a.u.)      Nuclear  (a.u.)        Total (a.u.)
 ------------------------------------------------------------------------------------

 L = 1.  Multiply by 2.5417464519 to convert [e a0] to [Debye]
 Dipole X            :          0.0000000            0.0000000            0.0000000
 Dipole Y            :         -0.0000000            0.0000000           -0.0000000
 Dipole Z            :         -0.0000000            0.0000000           -0.0000000
 Magnitude           :                                                    0.0000000

 ------------------------------------------------------------------------------------

*** tstop() called on Angelinas-MacBook-Pro-574.local at Thu Feb 12 13:22:55 2026
Module time:
	user time   =       0.06 seconds =       0.00 minutes
	system time =       0.01 seconds =       0.00 minutes
	total time  =          0 seconds =       0.00 minutes
Total time:
	user time   =      56.67 seconds =       0.94 minutes
	system time =      15.98 seconds =       0.27 minutes
	total time  =      61567 seconds =    1026.12 minutes

Scratch directory: /tmp/
   => Libint2 <=

    Primary   basis highest AM E, G, H:  6, 6, 3
    Auxiliary basis highest AM E, G, H:  7, 7, 4
    Onebody   basis highest AM E, G, H:  -, -, -
    Solid Harmonics ordering:            Gaussian

*** tstart() called on Angelinas-MacBook-Pro-574.local
*** at Thu Feb 12 13:22:55 2026

   => Loading Basis Set <=

    Name: CC-PVTZ
    Role: ORBITAL
    Keyword: BASIS
    atoms 1-2 entry H          line    23 file /opt/anaconda3/envs/psi4/share/psi4/basis/cc-pvtz.gbs 


         ---------------------------------------------------------
                                   SCF
               by Justin Turney, Rob Parrish, Andy Simmonett
                          and Daniel G. A. Smith
                              RHF Reference
                        4 Threads,   1907 MiB Core
         ---------------------------------------------------------

  ==> Geometry <==

    Molecular point group: c1
    Full point group: D_inf_h

    Geometry (in Angstrom), charge = 0, multiplicity = 1:

       Center              X                  Y                   Z               Mass       
    ------------   -----------------  -----------------  -----------------  -----------------
         H            0.000000000000     0.000000000000    -0.291919191919     1.007825032230
         H            0.000000000000     0.000000000000     0.291919191919     1.007825032230

  Running in c1 symmetry.

  Rotational constants: A = ************  B =     98.14226  C =     98.14226 [cm^-1]
  Rotational constants: A = ************  B = 2942230.99495  C = 2942230.99495 [MHz]
  Nuclear repulsion =    0.906376191285986

  Charge       = 0
  Multiplicity = 1
  Electrons    = 2
  Nalpha       = 1
  Nbeta        = 1

  ==> Algorithm <==

  SCF Algorithm Type is DF.
  DIIS enabled.
  MOM disabled.
  Fractional occupation disabled.
  Guess Type is SAD.
  Energy threshold   = 1.00e-10
  Density threshold  = 1.00e-10
  Integral threshold = 1.00e-12

  ==> Primary Basis <==

  Basis Set: CC-PVTZ
    Blend: CC-PVTZ
    Number of shells: 12
    Number of basis functions: 28
    Number of Cartesian functions: 30
    Spherical Harmonics?: true
    Max angular momentum: 2

   => Loading Basis Set <=

    Name: (CC-PVTZ AUX)
    Role: JKFIT
    Keyword: DF_BASIS_SCF
    atoms 1-2 entry H          line    51 file /opt/anaconda3/envs/psi4/share/psi4/basis/cc-pvtz-jkfit.gbs 

  ==> Integral Setup <==

  DFHelper Memory: AOs need 0.001 GiB; user supplied 1.397 GiB. 
  SCF_SUBTYPE=INCORE selected. In-core MEM_DF algorithm will be used.
  Using in-core AOs.

  ==> MemDFJK: Density-Fitted J/K Matrices <==

    J tasked:                   Yes
    K tasked:                   Yes
    wK tasked:                   No
    OpenMP threads:               4
    Memory [MiB]:              1430
    Algorithm:                 Core
    Schwarz Cutoff:           1E-12
    Mask sparsity (%):       0.0000
    Fitting Condition:        1E-10

   => Auxiliary Basis Set <=

  Basis Set: (CC-PVTZ AUX)
    Blend: CC-PVTZ-JKFIT
    Number of shells: 20
    Number of basis functions: 60
    Number of Cartesian functions: 70
    Spherical Harmonics?: true
    Max angular momentum: 3

  Minimum eigenvalue in the overlap matrix is 5.7554765747E-04.
  Reciprocal condition number of the overlap matrix is 1.3276677540E-04.
    Using symmetric orthogonalization.

  ==> Pre-Iterations <==

  SCF Guess: Superposition of Atomic Densities via on-the-fly atomic UHF (no occupation information).

   -------------------------
    Irrep   Nso     Nmo    
   -------------------------
     A         28      28 
   -------------------------
    Total      28      28
   -------------------------

  ==> Iterations <==

                           Total Energy        Delta E     RMS |[F,P]|

   @DF-RHF iter SAD:    -1.14433235436891   -1.14433e+00   0.00000e+00 
   @DF-RHF iter   1:    -1.07998178384527    6.43506e-02   5.89325e-03 DIIS/ADIIS
   @DF-RHF iter   2:    -1.10907935002249   -2.90976e-02   9.67241e-04 DIIS/ADIIS
   @DF-RHF iter   3:    -1.11000986609451   -9.30516e-04   1.19346e-04 DIIS/ADIIS
   @DF-RHF iter   4:    -1.11002118571327   -1.13196e-05   3.74519e-06 DIIS
   @DF-RHF iter   5:    -1.11002119308532   -7.37205e-09   3.47043e-07 DIIS
   @DF-RHF iter   6:    -1.11002119317172   -8.64004e-11   1.86137e-08 DIIS
   @DF-RHF iter   7:    -1.11002119317200   -2.81108e-13   6.27112e-10 DIIS
   @DF-RHF iter   8:    -1.11002119317201   -1.11022e-14   5.46769e-11 DIIS
  Energy and wave function converged.


  ==> Post-Iterations <==

    Orbital Energies [Eh]
    ---------------------

    Doubly Occupied:                                                      

       1A     -0.648008  

    Virtual:                                                              

       2A      0.185804     3A      0.290212     4A      0.695620  
       5A      0.712220     6A      0.712220     7A      1.129945  
       8A      1.136740     9A      1.136740    10A      1.572748  
      11A      2.306640    12A      2.546473    13A      3.218007  
      14A      3.218007    15A      3.488522    16A      3.488522  
      17A      3.712016    18A      3.726943    19A      3.726943  
      20A      4.251226    21A      4.251226    22A      4.276903  
      23A      4.276903    24A      5.113771    25A      6.444147  
      26A      6.444147    27A      6.489790    28A      8.353887  

    Final Occupation by Irrep:
              A 
    DOCC [     1 ]
    NA   [     1 ]
    NB   [     1 ]

  @DF-RHF Final Energy:    -1.11002119317201

   => Energetics <=

    Nuclear Repulsion Energy =              0.9063761912859862
    One-Electron Energy =                  -2.7367779763587095
    Two-Electron Energy =                   0.7203805919007109
    Total Energy =                         -1.1100211931720123

Computation Completed


Properties will be evaluated at   0.000000,   0.000000,   0.000000 [a0]

Properties computed using the SCF density matrix


 Multipole Moments:

 ------------------------------------------------------------------------------------
     Multipole            Electronic (a.u.)      Nuclear  (a.u.)        Total (a.u.)
 ------------------------------------------------------------------------------------

 L = 1.  Multiply by 2.5417464519 to convert [e a0] to [Debye]
 Dipole X            :         -0.0000000            0.0000000           -0.0000000
 Dipole Y            :         -0.0000000            0.0000000           -0.0000000
 Dipole Z            :         -0.0000000            0.0000000           -0.0000000
 Magnitude           :                                                    0.0000000

 ------------------------------------------------------------------------------------

*** tstop() called on Angelinas-MacBook-Pro-574.local at Thu Feb 12 13:22:56 2026
Module time:
	user time   =       0.05 seconds =       0.00 minutes
	system time =       0.00 seconds =       0.00 minutes
	total time  =          1 seconds =       0.02 minutes
Total time:
	user time   =      56.73 seconds =       0.95 minutes
	system time =      15.98 seconds =       0.27 minutes
	total time  =      61568 seconds =    1026.13 minutes

Scratch directory: /tmp/
   => Libint2 <=

    Primary   basis highest AM E, G, H:  6, 6, 3
    Auxiliary basis highest AM E, G, H:  7, 7, 4
    Onebody   basis highest AM E, G, H:  -, -, -
    Solid Harmonics ordering:            Gaussian

*** tstart() called on Angelinas-MacBook-Pro-574.local
*** at Thu Feb 12 13:22:56 2026

   => Loading Basis Set <=

    Name: CC-PVTZ
    Role: ORBITAL
    Keyword: BASIS
    atoms 1-2 entry H          line    23 file /opt/anaconda3/envs/psi4/share/psi4/basis/cc-pvtz.gbs 


         ---------------------------------------------------------
                                   SCF
               by Justin Turney, Rob Parrish, Andy Simmonett
                          and Daniel G. A. Smith
                              RHF Reference
                        4 Threads,   1907 MiB Core
         ---------------------------------------------------------

  ==> Geometry <==

    Molecular point group: c1
    Full point group: D_inf_h

    Geometry (in Angstrom), charge = 0, multiplicity = 1:

       Center              X                  Y                   Z               Mass       
    ------------   -----------------  -----------------  -----------------  -----------------
         H            0.000000000000     0.000000000000    -0.311111111111     1.007825032230
         H            0.000000000000     0.000000000000     0.311111111111     1.007825032230

  Running in c1 symmetry.

  Rotational constants: A = ************  B =     86.40728  C =     86.40728 [cm^-1]
  Rotational constants: A = ************  B = 2590424.97606  C = 2590424.97606 [MHz]
  Nuclear repulsion =    0.850463374291071

  Charge       = 0
  Multiplicity = 1
  Electrons    = 2
  Nalpha       = 1
  Nbeta        = 1

  ==> Algorithm <==

  SCF Algorithm Type is DF.
  DIIS enabled.
  MOM disabled.
  Fractional occupation disabled.
  Guess Type is SAD.
  Energy threshold   = 1.00e-10
  Density threshold  = 1.00e-10
  Integral threshold = 1.00e-12

  ==> Primary Basis <==

  Basis Set: CC-PVTZ
    Blend: CC-PVTZ
    Number of shells: 12
    Number of basis functions: 28
    Number of Cartesian functions: 30
    Spherical Harmonics?: true
    Max angular momentum: 2

   => Loading Basis Set <=

    Name: (CC-PVTZ AUX)
    Role: JKFIT
    Keyword: DF_BASIS_SCF
    atoms 1-2 entry H          line    51 file /opt/anaconda3/envs/psi4/share/psi4/basis/cc-pvtz-jkfit.gbs 

  ==> Integral Setup <==

  DFHelper Memory: AOs need 0.001 GiB; user supplied 1.397 GiB. 
  SCF_SUBTYPE=INCORE selected. In-core MEM_DF algorithm will be used.
  Using in-core AOs.

  ==> MemDFJK: Density-Fitted J/K Matrices <==

    J tasked:                   Yes
    K tasked:                   Yes
    wK tasked:                   No
    OpenMP threads:               4
    Memory [MiB]:              1430
    Algorithm:                 Core
    Schwarz Cutoff:           1E-12
    Mask sparsity (%):       0.0000
    Fitting Condition:        1E-10

   => Auxiliary Basis Set <=

  Basis Set: (CC-PVTZ AUX)
    Blend: CC-PVTZ-JKFIT
    Number of shells: 20
    Number of basis functions: 60
    Number of Cartesian functions: 70
    Spherical Harmonics?: true
    Max angular momentum: 3

  Minimum eigenvalue in the overlap matrix is 7.4822014467E-04.
  Reciprocal condition number of the overlap matrix is 1.7364430415E-04.
    Using symmetric orthogonalization.

  ==> Pre-Iterations <==

  SCF Guess: Superposition of Atomic Densities via on-the-fly atomic UHF (no occupation information).

   -------------------------
    Irrep   Nso     Nmo    
   -------------------------
     A         28      28 
   -------------------------
    Total      28      28
   -------------------------

  ==> Iterations <==

                           Total Energy        Delta E     RMS |[F,P]|

   @DF-RHF iter SAD:    -1.15422751260936   -1.15423e+00   0.00000e+00 
   @DF-RHF iter   1:    -1.09216727722662    6.20602e-02   5.76505e-03 DIIS/ADIIS
   @DF-RHF iter   2:    -1.12045964056909   -2.82924e-02   9.51885e-04 DIIS/ADIIS
   @DF-RHF iter   3:    -1.12137695716573   -9.17317e-04   1.15096e-04 DIIS/ADIIS
   @DF-RHF iter   4:    -1.12138757716850   -1.06200e-05   3.75623e-06 DIIS
   @DF-RHF iter   5:    -1.12138758481757   -7.64906e-09   3.53686e-07 DIIS
   @DF-RHF iter   6:    -1.12138758491149   -9.39246e-11   1.74235e-08 DIIS
   @DF-RHF iter   7:    -1.12138758491174   -2.45359e-13   6.42135e-10 DIIS
   @DF-RHF iter   8:    -1.12138758491174   -3.55271e-15   5.39168e-11 DIIS
  Energy and wave function converged.


  ==> Post-Iterations <==

    Orbital Energies [Eh]
    ---------------------

    Doubly Occupied:                                                      

       1A     -0.633886  

    Virtual:                                                              

       2A      0.181977     3A      0.293899     4A      0.685980  
       5A      0.707018     6A      0.707018     7A      1.123326  
       8A      1.134473     9A      1.134473    10A      1.565165  
      11A      2.335632    12A      2.449579    13A      3.203874  
      14A      3.203874    15A      3.472665    16A      3.472665  
      17A      3.703708    18A      3.771792    19A      3.771792  
      20A      4.211153    21A      4.211153    22A      4.235626  
      23A      4.235626    24A      5.028852    25A      6.250427  
      26A      6.250427    27A      6.328464    28A      7.889435  

    Final Occupation by Irrep:
              A 
    DOCC [     1 ]
    NA   [     1 ]
    NB   [     1 ]

  @DF-RHF Final Energy:    -1.12138758491174

   => Energetics <=

    Nuclear Repulsion Energy =              0.8504633742910714
    One-Electron Energy =                  -2.6759291712407749
    Two-Electron Energy =                   0.7040782120379647
    Total Energy =                         -1.1213875849117387

Computation Completed


Properties will be evaluated at   0.000000,   0.000000,   0.000000 [a0]

Properties computed using the SCF density matrix


 Multipole Moments:

 ------------------------------------------------------------------------------------
     Multipole            Electronic (a.u.)      Nuclear  (a.u.)        Total (a.u.)
 ------------------------------------------------------------------------------------

 L = 1.  Multiply by 2.5417464519 to convert [e a0] to [Debye]
 Dipole X            :          0.0000000            0.0000000            0.0000000
 Dipole Y            :         -0.0000000            0.0000000           -0.0000000
 Dipole Z            :         -0.0000000            0.0000000           -0.0000000
 Magnitude           :                                                    0.0000000

 ------------------------------------------------------------------------------------

*** tstop() called on Angelinas-MacBook-Pro-574.local at Thu Feb 12 13:22:56 2026
Module time:
	user time   =       0.05 seconds =       0.00 minutes
	system time =       0.01 seconds =       0.00 minutes
	total time  =          0 seconds =       0.00 minutes
Total time:
	user time   =      56.80 seconds =       0.95 minutes
	system time =      15.99 seconds =       0.27 minutes
	total time  =      61568 seconds =    1026.13 minutes

Scratch directory: /tmp/
   => Libint2 <=

    Primary   basis highest AM E, G, H:  6, 6, 3
    Auxiliary basis highest AM E, G, H:  7, 7, 4
    Onebody   basis highest AM E, G, H:  -, -, -
    Solid Harmonics ordering:            Gaussian

*** tstart() called on Angelinas-MacBook-Pro-574.local
*** at Thu Feb 12 13:22:56 2026

   => Loading Basis Set <=

    Name: CC-PVTZ
    Role: ORBITAL
    Keyword: BASIS
    atoms 1-2 entry H          line    23 file /opt/anaconda3/envs/psi4/share/psi4/basis/cc-pvtz.gbs 


         ---------------------------------------------------------
                                   SCF
               by Justin Turney, Rob Parrish, Andy Simmonett
                          and Daniel G. A. Smith
                              RHF Reference
                        4 Threads,   1907 MiB Core
         ---------------------------------------------------------

  ==> Geometry <==

    Molecular point group: c1
    Full point group: D_inf_h

    Geometry (in Angstrom), charge = 0, multiplicity = 1:

       Center              X                  Y                   Z               Mass       
    ------------   -----------------  -----------------  -----------------  -----------------
         H            0.000000000000     0.000000000000    -0.330303030303     1.007825032230
         H            0.000000000000     0.000000000000     0.330303030303     1.007825032230

  Running in c1 symmetry.

  Rotational constants: A = ************  B =     76.65778  C =     76.65778 [cm^-1]
  Rotational constants: A = ************  B = 2298142.45835  C = 2298142.45835 [MHz]
  Nuclear repulsion =    0.801048071197706

  Charge       = 0
  Multiplicity = 1
  Electrons    = 2
  Nalpha       = 1
  Nbeta        = 1

  ==> Algorithm <==

  SCF Algorithm Type is DF.
  DIIS enabled.
  MOM disabled.
  Fractional occupation disabled.
  Guess Type is SAD.
  Energy threshold   = 1.00e-10
  Density threshold  = 1.00e-10
  Integral threshold = 1.00e-12

  ==> Primary Basis <==

  Basis Set: CC-PVTZ
    Blend: CC-PVTZ
    Number of shells: 12
    Number of basis functions: 28
    Number of Cartesian functions: 30
    Spherical Harmonics?: true
    Max angular momentum: 2

   => Loading Basis Set <=

    Name: (CC-PVTZ AUX)
    Role: JKFIT
    Keyword: DF_BASIS_SCF
    atoms 1-2 entry H          line    51 file /opt/anaconda3/envs/psi4/share/psi4/basis/cc-pvtz-jkfit.gbs 

  ==> Integral Setup <==

  DFHelper Memory: AOs need 0.001 GiB; user supplied 1.397 GiB. 
  SCF_SUBTYPE=INCORE selected. In-core MEM_DF algorithm will be used.
  Using in-core AOs.

  ==> MemDFJK: Density-Fitted J/K Matrices <==

    J tasked:                   Yes
    K tasked:                   Yes
    wK tasked:                   No
    OpenMP threads:               4
    Memory [MiB]:              1430
    Algorithm:                 Core
    Schwarz Cutoff:           1E-12
    Mask sparsity (%):       0.0000
    Fitting Condition:        1E-10

   => Auxiliary Basis Set <=

  Basis Set: (CC-PVTZ AUX)
    Blend: CC-PVTZ-JKFIT
    Number of shells: 20
    Number of basis functions: 60
    Number of Cartesian functions: 70
    Spherical Harmonics?: true
    Max angular momentum: 3

  Minimum eigenvalue in the overlap matrix is 9.6612213836E-04.
  Reciprocal condition number of the overlap matrix is 2.2568052509E-04.
    Using symmetric orthogonalization.

  ==> Pre-Iterations <==

  SCF Guess: Superposition of Atomic Densities via on-the-fly atomic UHF (no occupation information).

   -------------------------
    Irrep   Nso     Nmo    
   -------------------------
     A         28      28 
   -------------------------
    Total      28      28
   -------------------------

  ==> Iterations <==

                           Total Energy        Delta E     RMS |[F,P]|

   @DF-RHF iter SAD:    -1.15879317237551   -1.15879e+00   0.00000e+00 
   @DF-RHF iter   1:    -1.10001315128890    5.87800e-02   5.63705e-03 DIIS/ADIIS
   @DF-RHF iter   2:    -1.12748714206147   -2.74740e-02   9.36768e-04 DIIS/ADIIS
   @DF-RHF iter   3:    -1.12839029739933   -9.03155e-04   1.10776e-04 DIIS/ADIIS
   @DF-RHF iter   4:    -1.12840021502388   -9.91762e-06   3.75872e-06 DIIS
   @DF-RHF iter   5:    -1.12840022289578   -7.87190e-09   3.58397e-07 DIIS
   @DF-RHF iter   6:    -1.12840022299624   -1.00461e-10   1.60165e-08 DIIS
   @DF-RHF iter   7:    -1.12840022299645   -2.14273e-13   6.36340e-10 DIIS
   @DF-RHF iter   8:    -1.12840022299645    1.11022e-15   5.20248e-11 DIIS
  Energy and wave function converged.


  ==> Post-Iterations <==

    Orbital Energies [Eh]
    ---------------------

    Doubly Occupied:                                                      

       1A     -0.620450  

    Virtual:                                                              

       2A      0.177614     3A      0.297556     4A      0.673587  
       5A      0.702077     6A      0.702077     7A      1.115734  
       8A      1.130994     9A      1.130994    10A      1.555116  
      11A      2.361357    12A      2.385790    13A      3.192077  
      14A      3.192077    15A      3.455206    16A      3.455206  
      17A      3.696295    18A      3.815066    19A      3.815066  
      20A      4.170571    21A      4.170571    22A      4.194931  
      23A      4.194931    24A      4.919793    25A      6.069192  
      26A      6.069192    27A      6.158322    28A      7.517650  

    Final Occupation by Irrep:
              A 
    DOCC [     1 ]
    NA   [     1 ]
    NB   [     1 ]

  @DF-RHF Final Energy:    -1.12840022299645

   => Energetics <=

    Nuclear Repulsion Energy =              0.8010480711977064
    One-Electron Energy =                  -2.6179965255630462
    Two-Electron Energy =                   0.6885482313688875
    Total Energy =                         -1.1284002229964523

Computation Completed


Properties will be evaluated at   0.000000,   0.000000,   0.000000 [a0]

Properties computed using the SCF density matrix


 Multipole Moments:

 ------------------------------------------------------------------------------------
     Multipole            Electronic (a.u.)      Nuclear  (a.u.)        Total (a.u.)
 ------------------------------------------------------------------------------------

 L = 1.  Multiply by 2.5417464519 to convert [e a0] to [Debye]
 Dipole X            :         -0.0000000            0.0000000           -0.0000000
 Dipole Y            :          0.0000000            0.0000000            0.0000000
 Dipole Z            :         -0.0000000            0.0000000           -0.0000000
 Magnitude           :                                                    0.0000000

 ------------------------------------------------------------------------------------

*** tstop() called on Angelinas-MacBook-Pro-574.local at Thu Feb 12 13:22:56 2026
Module time:
	user time   =       0.06 seconds =       0.00 minutes
	system time =       0.00 seconds =       0.00 minutes
	total time  =          0 seconds =       0.00 minutes
Total time:
	user time   =      56.87 seconds =       0.95 minutes
	system time =      15.99 seconds =       0.27 minutes
	total time  =      61568 seconds =    1026.13 minutes

Scratch directory: /tmp/
   => Libint2 <=

    Primary   basis highest AM E, G, H:  6, 6, 3
    Auxiliary basis highest AM E, G, H:  7, 7, 4
    Onebody   basis highest AM E, G, H:  -, -, -
    Solid Harmonics ordering:            Gaussian

*** tstart() called on Angelinas-MacBook-Pro-574.local
*** at Thu Feb 12 13:22:56 2026

   => Loading Basis Set <=

    Name: CC-PVTZ
    Role: ORBITAL
    Keyword: BASIS
    atoms 1-2 entry H          line    23 file /opt/anaconda3/envs/psi4/share/psi4/basis/cc-pvtz.gbs 


         ---------------------------------------------------------
                                   SCF
               by Justin Turney, Rob Parrish, Andy Simmonett
                          and Daniel G. A. Smith
                              RHF Reference
                        4 Threads,   1907 MiB Core
         ---------------------------------------------------------

  ==> Geometry <==

    Molecular point group: c1
    Full point group: D_inf_h

    Geometry (in Angstrom), charge = 0, multiplicity = 1:

       Center              X                  Y                   Z               Mass       
    ------------   -----------------  -----------------  -----------------  -----------------
         H            0.000000000000     0.000000000000    -0.349494949495     1.007825032230
         H            0.000000000000     0.000000000000     0.349494949495     1.007825032230

  Running in c1 symmetry.

  Rotational constants: A = ************  B =     68.46988  C =     68.46988 [cm^-1]
  Rotational constants: A = ************  B = 2052675.28926  C = 2052675.28926 [MHz]
  Nuclear repulsion =    0.757059882316908

  Charge       = 0
  Multiplicity = 1
  Electrons    = 2
  Nalpha       = 1
  Nbeta        = 1

  ==> Algorithm <==

  SCF Algorithm Type is DF.
  DIIS enabled.
  MOM disabled.
  Fractional occupation disabled.
  Guess Type is SAD.
  Energy threshold   = 1.00e-10
  Density threshold  = 1.00e-10
  Integral threshold = 1.00e-12

  ==> Primary Basis <==

  Basis Set: CC-PVTZ
    Blend: CC-PVTZ
    Number of shells: 12
    Number of basis functions: 28
    Number of Cartesian functions: 30
    Spherical Harmonics?: true
    Max angular momentum: 2

   => Loading Basis Set <=

    Name: (CC-PVTZ AUX)
    Role: JKFIT
    Keyword: DF_BASIS_SCF
    atoms 1-2 entry H          line    51 file /opt/anaconda3/envs/psi4/share/psi4/basis/cc-pvtz-jkfit.gbs 

  ==> Integral Setup <==

  DFHelper Memory: AOs need 0.001 GiB; user supplied 1.397 GiB. 
  SCF_SUBTYPE=INCORE selected. In-core MEM_DF algorithm will be used.
  Using in-core AOs.

  ==> MemDFJK: Density-Fitted J/K Matrices <==

    J tasked:                   Yes
    K tasked:                   Yes
    wK tasked:                   No
    OpenMP threads:               4
    Memory [MiB]:              1430
    Algorithm:                 Core
    Schwarz Cutoff:           1E-12
    Mask sparsity (%):       0.0000
    Fitting Condition:        1E-10

   => Auxiliary Basis Set <=

  Basis Set: (CC-PVTZ AUX)
    Blend: CC-PVTZ-JKFIT
    Number of shells: 20
    Number of basis functions: 60
    Number of Cartesian functions: 70
    Spherical Harmonics?: true
    Max angular momentum: 3

  Minimum eigenvalue in the overlap matrix is 1.2358472744E-03.
  Reciprocal condition number of the overlap matrix is 2.9071725075E-04.
    Using symmetric orthogonalization.

  ==> Pre-Iterations <==

  SCF Guess: Superposition of Atomic Densities via on-the-fly atomic UHF (no occupation information).

   -------------------------
    Irrep   Nso     Nmo    
   -------------------------
     A         28      28 
   -------------------------
    Total      28      28
   -------------------------

  ==> Iterations <==

                           Total Energy        Delta E     RMS |[F,P]|

   @DF-RHF iter SAD:    -1.15919463026161   -1.15919e+00   0.00000e+00 
   @DF-RHF iter   1:    -1.10447293112822    5.47217e-02   5.50986e-03 DIIS/ADIIS
   @DF-RHF iter   2:    -1.13112226330035   -2.66493e-02   9.21911e-04 DIIS/ADIIS
   @DF-RHF iter   3:    -1.13201048560212   -8.88222e-04   1.06432e-04 DIIS/ADIIS
   @DF-RHF iter   4:    -1.13201970989575   -9.22429e-06   3.75288e-06 DIIS
   @DF-RHF iter   5:    -1.13201971793665   -8.04091e-09   3.60938e-07 DIIS
   @DF-RHF iter   6:    -1.13201971804231   -1.05663e-10   1.45220e-08 DIIS
   @DF-RHF iter   7:    -1.13201971804248   -1.67422e-13   6.10936e-10 DIIS
   @DF-RHF iter   8:    -1.13201971804248    2.22045e-15   4.57267e-11 DIIS
  Energy and wave function converged.


  ==> Post-Iterations <==

    Orbital Energies [Eh]
    ---------------------

    Doubly Occupied:                                                      

       1A     -0.607666  

    Virtual:                                                              

       2A      0.172810     3A      0.301182     4A      0.659642  
       5A      0.697413     6A      0.697413     7A      1.107090  
       8A      1.126336     9A      1.126336    10A      1.543009  
      11A      2.349701    12A      2.384464    13A      3.182868  
      14A      3.182868    15A      3.435903    16A      3.435903  
      17A      3.687758    18A      3.855055    19A      3.855055  
      20A      4.129701    21A      4.129701    22A      4.155480  
      23A      4.155480    24A      4.796818    25A      5.900455  
      26A      5.900455    27A      5.987196    28A      7.220803  

    Final Occupation by Irrep:
              A 
    DOCC [     1 ]
    NA   [     1 ]
    NB   [     1 ]

  @DF-RHF Final Energy:    -1.13201971804248

   => Energetics <=

    Nuclear Repulsion Energy =              0.7570598823169076
    One-Electron Energy =                  -2.5628272588018861
    Two-Electron Energy =                   0.6737476584424988
    Total Energy =                         -1.1320197180424798

Computation Completed


Properties will be evaluated at   0.000000,   0.000000,   0.000000 [a0]

Properties computed using the SCF density matrix


 Multipole Moments:

 ------------------------------------------------------------------------------------
     Multipole            Electronic (a.u.)      Nuclear  (a.u.)        Total (a.u.)
 ------------------------------------------------------------------------------------

 L = 1.  Multiply by 2.5417464519 to convert [e a0] to [Debye]
 Dipole X            :          0.0000000            0.0000000            0.0000000
 Dipole Y            :          0.0000000            0.0000000            0.0000000
 Dipole Z            :         -0.0000000            0.0000000           -0.0000000
 Magnitude           :                                                    0.0000000

 ------------------------------------------------------------------------------------

*** tstop() called on Angelinas-MacBook-Pro-574.local at Thu Feb 12 13:22:56 2026
Module time:
	user time   =       0.05 seconds =       0.00 minutes
	system time =       0.01 seconds =       0.00 minutes
	total time  =          0 seconds =       0.00 minutes
Total time:
	user time   =      56.93 seconds =       0.95 minutes
	system time =      16.00 seconds =       0.27 minutes
	total time  =      61568 seconds =    1026.13 minutes

Scratch directory: /tmp/
   => Libint2 <=

    Primary   basis highest AM E, G, H:  6, 6, 3
    Auxiliary basis highest AM E, G, H:  7, 7, 4
    Onebody   basis highest AM E, G, H:  -, -, -
    Solid Harmonics ordering:            Gaussian

*** tstart() called on Angelinas-MacBook-Pro-574.local
*** at Thu Feb 12 13:22:56 2026

   => Loading Basis Set <=

    Name: CC-PVTZ
    Role: ORBITAL
    Keyword: BASIS
    atoms 1-2 entry H          line    23 file /opt/anaconda3/envs/psi4/share/psi4/basis/cc-pvtz.gbs 


         ---------------------------------------------------------
                                   SCF
               by Justin Turney, Rob Parrish, Andy Simmonett
                          and Daniel G. A. Smith
                              RHF Reference
                        4 Threads,   1907 MiB Core
         ---------------------------------------------------------

  ==> Geometry <==

    Molecular point group: c1
    Full point group: D_inf_h

    Geometry (in Angstrom), charge = 0, multiplicity = 1:

       Center              X                  Y                   Z               Mass       
    ------------   -----------------  -----------------  -----------------  -----------------
         H            0.000000000000     0.000000000000    -0.368686868687     1.007825032230
         H            0.000000000000     0.000000000000     0.368686868687     1.007825032230

  Running in c1 symmetry.

  Rotational constants: A = ************  B =     61.52704  C =     61.52704 [cm^-1]
  Rotational constants: A = ************  B = 1844534.24604  C = 1844534.24604 [MHz]
  Nuclear repulsion =    0.717651285703151

  Charge       = 0
  Multiplicity = 1
  Electrons    = 2
  Nalpha       = 1
  Nbeta        = 1

  ==> Algorithm <==

  SCF Algorithm Type is DF.
  DIIS enabled.
  MOM disabled.
  Fractional occupation disabled.
  Guess Type is SAD.
  Energy threshold   = 1.00e-10
  Density threshold  = 1.00e-10
  Integral threshold = 1.00e-12

  ==> Primary Basis <==

  Basis Set: CC-PVTZ
    Blend: CC-PVTZ
    Number of shells: 12
    Number of basis functions: 28
    Number of Cartesian functions: 30
    Spherical Harmonics?: true
    Max angular momentum: 2

   => Loading Basis Set <=

    Name: (CC-PVTZ AUX)
    Role: JKFIT
    Keyword: DF_BASIS_SCF
    atoms 1-2 entry H          line    51 file /opt/anaconda3/envs/psi4/share/psi4/basis/cc-pvtz-jkfit.gbs 

  ==> Integral Setup <==

  DFHelper Memory: AOs need 0.001 GiB; user supplied 1.397 GiB. 
  SCF_SUBTYPE=INCORE selected. In-core MEM_DF algorithm will be used.
  Using in-core AOs.

  ==> MemDFJK: Density-Fitted J/K Matrices <==

    J tasked:                   Yes
    K tasked:                   Yes
    wK tasked:                   No
    OpenMP threads:               4
    Memory [MiB]:              1430
    Algorithm:                 Core
    Schwarz Cutoff:           1E-12
    Mask sparsity (%):       0.0000
    Fitting Condition:        1E-10

   => Auxiliary Basis Set <=

  Basis Set: (CC-PVTZ AUX)
    Blend: CC-PVTZ-JKFIT
    Number of shells: 20
    Number of basis functions: 60
    Number of Cartesian functions: 70
    Spherical Harmonics?: true
    Max angular momentum: 3

  Minimum eigenvalue in the overlap matrix is 1.5662481561E-03.
  Reciprocal condition number of the overlap matrix is 3.7121701431E-04.
    Using symmetric orthogonalization.

  ==> Pre-Iterations <==

  SCF Guess: Superposition of Atomic Densities via on-the-fly atomic UHF (no occupation information).

   -------------------------
    Irrep   Nso     Nmo    
   -------------------------
     A         28      28 
   -------------------------
    Total      28      28
   -------------------------

  ==> Iterations <==

                           Total Energy        Delta E     RMS |[F,P]|

   @DF-RHF iter SAD:    -1.15634794050444   -1.15635e+00   0.00000e+00 
   @DF-RHF iter   1:    -1.10627850733244    5.00694e-02   5.38400e-03 DIIS/ADIIS
   @DF-RHF iter   2:    -1.13210281745975   -2.58243e-02   9.07329e-04 DIIS/ADIIS
   @DF-RHF iter   3:    -1.13297550566289   -8.72688e-04   1.02102e-04 DIIS/ADIIS
   @DF-RHF iter   4:    -1.13298405489319   -8.54923e-06   3.73939e-06 DIIS
   @DF-RHF iter   5:    -1.13298406305263   -8.15944e-09   3.61279e-07 DIIS
   @DF-RHF iter   6:    -1.13298406316195   -1.09320e-10   1.30435e-08 DIIS
   @DF-RHF iter   7:    -1.13298406316208   -1.26121e-13   5.70236e-10 DIIS
   @DF-RHF iter   8:    -1.13298406316208   -3.55271e-15   1.75894e-11 DIIS
  Energy and wave function converged.


  ==> Post-Iterations <==

    Orbital Energies [Eh]
    ---------------------

    Doubly Occupied:                                                      

       1A     -0.595500  

    Virtual:                                                              

       2A      0.167628     3A      0.304774     4A      0.644916  
       5A      0.693039     6A      0.693039     7A      1.097369  
       8A      1.120599     9A      1.120599    10A      1.530408  
      11A      2.337227    12A      2.405551    13A      3.176443  
      14A      3.176443    15A      3.414574    16A      3.414574  
      17A      3.676153    18A      3.890639    19A      3.890639  
      20A      4.088763    21A      4.088763    22A      4.117924  
      23A      4.117924    24A      4.668940    25A      5.743605  
      26A      5.743605    27A      5.821036    28A      6.985619  

    Final Occupation by Irrep:
              A 
    DOCC [     1 ]
    NA   [     1 ]
    NB   [     1 ]

  @DF-RHF Final Energy:    -1.13298406316208

   => Energetics <=

    Nuclear Repulsion Energy =              0.7176512857031508
    One-Electron Energy =                  -2.5102701779997654
    Two-Electron Energy =                   0.6596348291345309
    Total Energy =                         -1.1329840631620836

Computation Completed


Properties will be evaluated at   0.000000,   0.000000,   0.000000 [a0]

Properties computed using the SCF density matrix


 Multipole Moments:

 ------------------------------------------------------------------------------------
     Multipole            Electronic (a.u.)      Nuclear  (a.u.)        Total (a.u.)
 ------------------------------------------------------------------------------------

 L = 1.  Multiply by 2.5417464519 to convert [e a0] to [Debye]
 Dipole X            :          0.0000000            0.0000000            0.0000000
 Dipole Y            :         -0.0000000            0.0000000           -0.0000000
 Dipole Z            :          0.0000000            0.0000000            0.0000000
 Magnitude           :                                                    0.0000000

 ------------------------------------------------------------------------------------

*** tstop() called on Angelinas-MacBook-Pro-574.local at Thu Feb 12 13:22:56 2026
Module time:
	user time   =       0.05 seconds =       0.00 minutes
	system time =       0.01 seconds =       0.00 minutes
	total time  =          0 seconds =       0.00 minutes
Total time:
	user time   =      57.00 seconds =       0.95 minutes
	system time =      16.01 seconds =       0.27 minutes
	total time  =      61568 seconds =    1026.13 minutes

Scratch directory: /tmp/
   => Libint2 <=

    Primary   basis highest AM E, G, H:  6, 6, 3
    Auxiliary basis highest AM E, G, H:  7, 7, 4
    Onebody   basis highest AM E, G, H:  -, -, -
    Solid Harmonics ordering:            Gaussian

*** tstart() called on Angelinas-MacBook-Pro-574.local
*** at Thu Feb 12 13:22:56 2026

   => Loading Basis Set <=

    Name: CC-PVTZ
    Role: ORBITAL
    Keyword: BASIS
    atoms 1-2 entry H          line    23 file /opt/anaconda3/envs/psi4/share/psi4/basis/cc-pvtz.gbs 


         ---------------------------------------------------------
                                   SCF
               by Justin Turney, Rob Parrish, Andy Simmonett
                          and Daniel G. A. Smith
                              RHF Reference
                        4 Threads,   1907 MiB Core
         ---------------------------------------------------------

  ==> Geometry <==

    Molecular point group: c1
    Full point group: D_inf_h

    Geometry (in Angstrom), charge = 0, multiplicity = 1:

       Center              X                  Y                   Z               Mass       
    ------------   -----------------  -----------------  -----------------  -----------------
         H            0.000000000000     0.000000000000    -0.387878787879     1.007825032230
         H            0.000000000000     0.000000000000     0.387878787879     1.007825032230

  Running in c1 symmetry.

  Rotational constants: A = ************  B =     55.58906  C =     55.58906 [cm^-1]
  Rotational constants: A = ************  B = 1666517.97776  C = 1666517.97776 [MHz]
  Nuclear repulsion =    0.682142498129297

  Charge       = 0
  Multiplicity = 1
  Electrons    = 2
  Nalpha       = 1
  Nbeta        = 1

  ==> Algorithm <==

  SCF Algorithm Type is DF.
  DIIS enabled.
  MOM disabled.
  Fractional occupation disabled.
  Guess Type is SAD.
  Energy threshold   = 1.00e-10
  Density threshold  = 1.00e-10
  Integral threshold = 1.00e-12

  ==> Primary Basis <==

  Basis Set: CC-PVTZ
    Blend: CC-PVTZ
    Number of shells: 12
    Number of basis functions: 28
    Number of Cartesian functions: 30
    Spherical Harmonics?: true
    Max angular momentum: 2

   => Loading Basis Set <=

    Name: (CC-PVTZ AUX)
    Role: JKFIT
    Keyword: DF_BASIS_SCF
    atoms 1-2 entry H          line    51 file /opt/anaconda3/envs/psi4/share/psi4/basis/cc-pvtz-jkfit.gbs 

  ==> Integral Setup <==

  DFHelper Memory: AOs need 0.001 GiB; user supplied 1.397 GiB. 
  SCF_SUBTYPE=INCORE selected. In-core MEM_DF algorithm will be used.
  Using in-core AOs.

  ==> MemDFJK: Density-Fitted J/K Matrices <==

    J tasked:                   Yes
    K tasked:                   Yes
    wK tasked:                   No
    OpenMP threads:               4
    Memory [MiB]:              1430
    Algorithm:                 Core
    Schwarz Cutoff:           1E-12
    Mask sparsity (%):       0.0000
    Fitting Condition:        1E-10

   => Auxiliary Basis Set <=

  Basis Set: (CC-PVTZ AUX)
    Blend: CC-PVTZ-JKFIT
    Number of shells: 20
    Number of basis functions: 60
    Number of Cartesian functions: 70
    Spherical Harmonics?: true
    Max angular momentum: 3

  Minimum eigenvalue in the overlap matrix is 1.9693662943E-03.
  Reciprocal condition number of the overlap matrix is 4.7051745495E-04.
    Using symmetric orthogonalization.

  ==> Pre-Iterations <==

  SCF Guess: Superposition of Atomic Densities via on-the-fly atomic UHF (no occupation information).

   -------------------------
    Irrep   Nso     Nmo    
   -------------------------
     A         28      28 
   -------------------------
    Total      28      28
   -------------------------

  ==> Iterations <==

                           Total Energy        Delta E     RMS |[F,P]|

   @DF-RHF iter SAD:    -1.15097863030702   -1.15098e+00   0.00000e+00 
   @DF-RHF iter   1:    -1.10599713281061    4.49815e-02   5.25987e-03 DIIS/ADIIS
   @DF-RHF iter   2:    -1.13100109348147   -2.50040e-02   8.93036e-04 DIIS/ADIIS
   @DF-RHF iter   3:    -1.13185779396511   -8.56700e-04   9.78167e-05 DIIS
   @DF-RHF iter   4:    -1.13186569331790   -7.89935e-06   3.71869e-06 DIIS
   @DF-RHF iter   5:    -1.13186570154586   -8.22795e-09   3.59516e-07 DIIS
   @DF-RHF iter   6:    -1.13186570165725   -1.11391e-10   1.16513e-08 DIIS
   @DF-RHF iter   7:    -1.13186570165734   -9.61453e-14   5.19404e-10 DIIS
   @DF-RHF iter   8:    -1.13186570165735   -5.99520e-15   7.30308e-14 DIIS
  Energy and wave function converged.


  ==> Post-Iterations <==

    Orbital Energies [Eh]
    ---------------------

    Doubly Occupied:                                                      

       1A     -0.583919  

    Virtual:                                                              

       2A      0.162105     3A      0.308331     4A      0.629848  
       5A      0.688968     6A      0.688968     7A      1.086597  
       8A      1.113917     9A      1.113917    10A      1.518821  
      11A      2.345132    12A      2.425114    13A      3.172925  
      14A      3.172925    15A      3.391137    16A      3.391137  
      17A      3.659925    18A      3.921216    19A      3.921216  
      20A      4.047976    21A      4.047976    22A      4.082860  
      23A      4.082860    24A      4.543939    25A      5.597695  
      26A      5.597695    27A      5.663836    28A      6.800720  

    Final Occupation by Irrep:
              A 
    DOCC [     1 ]
    NA   [     1 ]
    NB   [     1 ]

  @DF-RHF Final Energy:    -1.13186570165735

   => Energetics <=

    Nuclear Repulsion Energy =              0.6821424981292971
    One-Electron Energy =                  -2.4601782160337020
    Two-Electron Energy =                   0.6461700162470563
    Total Energy =                         -1.1318657016573486

Computation Completed


Properties will be evaluated at   0.000000,   0.000000,   0.000000 [a0]

Properties computed using the SCF density matrix


 Multipole Moments:

 ------------------------------------------------------------------------------------
     Multipole            Electronic (a.u.)      Nuclear  (a.u.)        Total (a.u.)
 ------------------------------------------------------------------------------------

 L = 1.  Multiply by 2.5417464519 to convert [e a0] to [Debye]
 Dipole X            :         -0.0000000            0.0000000           -0.0000000
 Dipole Y            :          0.0000000            0.0000000            0.0000000
 Dipole Z            :         -0.0000000            0.0000000           -0.0000000
 Magnitude           :                                                    0.0000000

 ------------------------------------------------------------------------------------

*** tstop() called on Angelinas-MacBook-Pro-574.local at Thu Feb 12 13:22:56 2026
Module time:
	user time   =       0.05 seconds =       0.00 minutes
	system time =       0.00 seconds =       0.00 minutes
	total time  =          0 seconds =       0.00 minutes
Total time:
	user time   =      57.07 seconds =       0.95 minutes
	system time =      16.01 seconds =       0.27 minutes
	total time  =      61568 seconds =    1026.13 minutes

Scratch directory: /tmp/
   => Libint2 <=

    Primary   basis highest AM E, G, H:  6, 6, 3
    Auxiliary basis highest AM E, G, H:  7, 7, 4
    Onebody   basis highest AM E, G, H:  -, -, -
    Solid Harmonics ordering:            Gaussian

*** tstart() called on Angelinas-MacBook-Pro-574.local
*** at Thu Feb 12 13:22:56 2026

   => Loading Basis Set <=

    Name: CC-PVTZ
    Role: ORBITAL
    Keyword: BASIS
    atoms 1-2 entry H          line    23 file /opt/anaconda3/envs/psi4/share/psi4/basis/cc-pvtz.gbs 


         ---------------------------------------------------------
                                   SCF
               by Justin Turney, Rob Parrish, Andy Simmonett
                          and Daniel G. A. Smith
                              RHF Reference
                        4 Threads,   1907 MiB Core
         ---------------------------------------------------------

  ==> Geometry <==

    Molecular point group: c1
    Full point group: D_inf_h

    Geometry (in Angstrom), charge = 0, multiplicity = 1:

       Center              X                  Y                   Z               Mass       
    ------------   -----------------  -----------------  -----------------  -----------------
         H            0.000000000000     0.000000000000    -0.407070707071     1.007825032230
         H            0.000000000000     0.000000000000     0.407070707071     1.007825032230

  Running in c1 symmetry.

  Rotational constants: A = ************  B =     50.47097  C =     50.47097 [cm^-1]
  Rotational constants: A = ************  B = 1513081.63297  C = 1513081.63297 [MHz]
  Nuclear repulsion =    0.649981933701365

  Charge       = 0
  Multiplicity = 1
  Electrons    = 2
  Nalpha       = 1
  Nbeta        = 1

  ==> Algorithm <==

  SCF Algorithm Type is DF.
  DIIS enabled.
  MOM disabled.
  Fractional occupation disabled.
  Guess Type is SAD.
  Energy threshold   = 1.00e-10
  Density threshold  = 1.00e-10
  Integral threshold = 1.00e-12

  ==> Primary Basis <==

  Basis Set: CC-PVTZ
    Blend: CC-PVTZ
    Number of shells: 12
    Number of basis functions: 28
    Number of Cartesian functions: 30
    Spherical Harmonics?: true
    Max angular momentum: 2

   => Loading Basis Set <=

    Name: (CC-PVTZ AUX)
    Role: JKFIT
    Keyword: DF_BASIS_SCF
    atoms 1-2 entry H          line    51 file /opt/anaconda3/envs/psi4/share/psi4/basis/cc-pvtz-jkfit.gbs 

  ==> Integral Setup <==

  DFHelper Memory: AOs need 0.001 GiB; user supplied 1.397 GiB. 
  SCF_SUBTYPE=INCORE selected. In-core MEM_DF algorithm will be used.
  Using in-core AOs.

  ==> MemDFJK: Density-Fitted J/K Matrices <==

    J tasked:                   Yes
    K tasked:                   Yes
    wK tasked:                   No
    OpenMP threads:               4
    Memory [MiB]:              1430
    Algorithm:                 Core
    Schwarz Cutoff:           1E-12
    Mask sparsity (%):       0.0000
    Fitting Condition:        1E-10

   => Auxiliary Basis Set <=

  Basis Set: (CC-PVTZ AUX)
    Blend: CC-PVTZ-JKFIT
    Number of shells: 20
    Number of basis functions: 60
    Number of Cartesian functions: 70
    Spherical Harmonics?: true
    Max angular momentum: 3

  Minimum eigenvalue in the overlap matrix is 2.4612533808E-03.
  Reciprocal condition number of the overlap matrix is 5.9307581908E-04.
    Using symmetric orthogonalization.

  ==> Pre-Iterations <==

  SCF Guess: Superposition of Atomic Densities via on-the-fly atomic UHF (no occupation information).

   -------------------------
    Irrep   Nso     Nmo    
   -------------------------
     A         28      28 
   -------------------------
    Total      28      28
   -------------------------

  ==> Iterations <==

                           Total Energy        Delta E     RMS |[F,P]|

   @DF-RHF iter SAD:    -1.14366481630959   -1.14366e+00   0.00000e+00 
   @DF-RHF iter   1:    -1.10407231402568    3.95925e-02   5.13784e-03 DIIS/ADIIS
   @DF-RHF iter   2:    -1.12826483938057   -2.41925e-02   8.79040e-04 DIIS/ADIIS
   @DF-RHF iter   3:    -1.12910522237158   -8.40383e-04   9.36020e-05 DIIS
   @DF-RHF iter   4:    -1.12911250193805   -7.27957e-06   3.69166e-06 DIIS
   @DF-RHF iter   5:    -1.12911251018943   -8.25138e-09   3.55797e-07 DIIS
   @DF-RHF iter   6:    -1.12911251030133   -1.11905e-10   1.03879e-08 DIIS
   @DF-RHF iter   7:    -1.12911251030141   -7.59393e-14   4.63369e-10 DIIS
   @DF-RHF iter   8:    -1.12911251030141   -3.77476e-15   1.90541e-11 DIIS
  Energy and wave function converged.


  ==> Post-Iterations <==

    Orbital Energies [Eh]
    ---------------------

    Doubly Occupied:                                                      

       1A     -0.572889  

    Virtual:                                                              

       2A      0.156271     3A      0.311850     4A      0.614707  
       5A      0.685213     6A      0.685213     7A      1.074847  
       8A      1.106433     9A      1.106433    10A      1.509016  
      11A      2.370248    12A      2.443526    13A      3.172355  
      14A      3.172355    15A      3.365656    16A      3.365656  
      17A      3.638099    18A      3.946588    19A      3.946588  
      20A      4.007551    21A      4.007551    22A      4.050771  
      23A      4.050771    24A      4.428118    25A      5.461642  
      26A      5.461642    27A      5.517888    28A      6.655474  

    Final Occupation by Irrep:
              A 
    DOCC [     1 ]
    NA   [     1 ]
    NB   [     1 ]

  @DF-RHF Final Energy:    -1.12911251030141

   => Energetics <=

    Nuclear Repulsion Energy =              0.6499819337013649
    One-Electron Energy =                  -2.4124101651249261
    Two-Electron Energy =                   0.6333157211221483
    Total Energy =                         -1.1291125103014128

Computation Completed


Properties will be evaluated at   0.000000,   0.000000,   0.000000 [a0]

Properties computed using the SCF density matrix


 Multipole Moments:

 ------------------------------------------------------------------------------------
     Multipole            Electronic (a.u.)      Nuclear  (a.u.)        Total (a.u.)
 ------------------------------------------------------------------------------------

 L = 1.  Multiply by 2.5417464519 to convert [e a0] to [Debye]
 Dipole X            :          0.0000000            0.0000000            0.0000000
 Dipole Y            :          0.0000000            0.0000000            0.0000000
 Dipole Z            :          0.0000000            0.0000000            0.0000000
 Magnitude           :                                                    0.0000000

 ------------------------------------------------------------------------------------

*** tstop() called on Angelinas-MacBook-Pro-574.local at Thu Feb 12 13:22:56 2026
Module time:
	user time   =       0.06 seconds =       0.00 minutes
	system time =       0.01 seconds =       0.00 minutes
	total time  =          0 seconds =       0.00 minutes
Total time:
	user time   =      57.14 seconds =       0.95 minutes
	system time =      16.02 seconds =       0.27 minutes
	total time  =      61568 seconds =    1026.13 minutes

Scratch directory: /tmp/
   => Libint2 <=

    Primary   basis highest AM E, G, H:  6, 6, 3
    Auxiliary basis highest AM E, G, H:  7, 7, 4
    Onebody   basis highest AM E, G, H:  -, -, -
    Solid Harmonics ordering:            Gaussian

*** tstart() called on Angelinas-MacBook-Pro-574.local
*** at Thu Feb 12 13:22:56 2026

   => Loading Basis Set <=

    Name: CC-PVTZ
    Role: ORBITAL
    Keyword: BASIS
    atoms 1-2 entry H          line    23 file /opt/anaconda3/envs/psi4/share/psi4/basis/cc-pvtz.gbs 


         ---------------------------------------------------------
                                   SCF
               by Justin Turney, Rob Parrish, Andy Simmonett
                          and Daniel G. A. Smith
                              RHF Reference
                        4 Threads,   1907 MiB Core
         ---------------------------------------------------------

  ==> Geometry <==

    Molecular point group: c1
    Full point group: D_inf_h

    Geometry (in Angstrom), charge = 0, multiplicity = 1:

       Center              X                  Y                   Z               Mass       
    ------------   -----------------  -----------------  -----------------  -----------------
         H            0.000000000000     0.000000000000    -0.426262626263     1.007825032230
         H            0.000000000000     0.000000000000     0.426262626263     1.007825032230

  Running in c1 symmetry.

  Rotational constants: A = ************  B =     46.02850  C =     46.02850 [cm^-1]
  Rotational constants: A = ************  B = 1379899.79408  C = 1379899.79408 [MHz]
  Nuclear repulsion =    0.620717344269313

  Charge       = 0
  Multiplicity = 1
  Electrons    = 2
  Nalpha       = 1
  Nbeta        = 1

  ==> Algorithm <==

  SCF Algorithm Type is DF.
  DIIS enabled.
  MOM disabled.
  Fractional occupation disabled.
  Guess Type is SAD.
  Energy threshold   = 1.00e-10
  Density threshold  = 1.00e-10
  Integral threshold = 1.00e-12

  ==> Primary Basis <==

  Basis Set: CC-PVTZ
    Blend: CC-PVTZ
    Number of shells: 12
    Number of basis functions: 28
    Number of Cartesian functions: 30
    Spherical Harmonics?: true
    Max angular momentum: 2

   => Loading Basis Set <=

    Name: (CC-PVTZ AUX)
    Role: JKFIT
    Keyword: DF_BASIS_SCF
    atoms 1-2 entry H          line    51 file /opt/anaconda3/envs/psi4/share/psi4/basis/cc-pvtz-jkfit.gbs 

  ==> Integral Setup <==

  DFHelper Memory: AOs need 0.001 GiB; user supplied 1.397 GiB. 
  SCF_SUBTYPE=INCORE selected. In-core MEM_DF algorithm will be used.
  Using in-core AOs.

  ==> MemDFJK: Density-Fitted J/K Matrices <==

    J tasked:                   Yes
    K tasked:                   Yes
    wK tasked:                   No
    OpenMP threads:               4
    Memory [MiB]:              1430
    Algorithm:                 Core
    Schwarz Cutoff:           1E-12
    Mask sparsity (%):       0.0000
    Fitting Condition:        1E-10

   => Auxiliary Basis Set <=

  Basis Set: (CC-PVTZ AUX)
    Blend: CC-PVTZ-JKFIT
    Number of shells: 20
    Number of basis functions: 60
    Number of Cartesian functions: 70
    Spherical Harmonics?: true
    Max angular momentum: 3

  Minimum eigenvalue in the overlap matrix is 3.0627024595E-03.
  Reciprocal condition number of the overlap matrix is 7.4470925771E-04.
    Using symmetric orthogonalization.

  ==> Pre-Iterations <==

  SCF Guess: Superposition of Atomic Densities via on-the-fly atomic UHF (no occupation information).

   -------------------------
    Irrep   Nso     Nmo    
   -------------------------
     A         28      28 
   -------------------------
    Total      28      28
   -------------------------

  ==> Iterations <==

                           Total Energy        Delta E     RMS |[F,P]|

   @DF-RHF iter SAD:    -1.13486950057454   -1.13487e+00   0.00000e+00 
   @DF-RHF iter   1:    -1.10085356369540    3.40159e-02   5.01818e-03 DIIS/ADIIS
   @DF-RHF iter   2:    -1.12424710646909   -2.33935e-02   8.65347e-04 DIIS/ADIIS
   @DF-RHF iter   3:    -1.12507094494214   -8.23838e-04   8.94774e-05 DIIS
   @DF-RHF iter   4:    -1.12507763801999   -6.69308e-06   3.65957e-06 DIIS
   @DF-RHF iter   5:    -1.12507764625827   -8.23828e-09   3.50284e-07 DIIS
   @DF-RHF iter   6:    -1.12507764636921   -1.10940e-10   9.27609e-09 DIIS
   @DF-RHF iter   7:    -1.12507764636927   -6.08402e-14   4.06446e-10 DIIS
   @DF-RHF iter   8:    -1.12507764636927    8.88178e-16   2.59897e-11 DIIS
  Energy and wave function converged.


  ==> Post-Iterations <==

    Orbital Energies [Eh]
    ---------------------

    Doubly Occupied:                                                      

       1A     -0.562379  

    Virtual:                                                              

       2A      0.150152     3A      0.315330     4A      0.599701  
       5A      0.681781     6A      0.681781     7A      1.062219  
       8A      1.098287     9A      1.098287    10A      1.500936  
      11A      2.408828    12A      2.461036    13A      3.174694  
      14A      3.174694    15A      3.338374    16A      3.338374  
      17A      3.610332    18A      3.966843    19A      3.966843  
      20A      3.967696    21A      3.967696    22A      4.021990  
      23A      4.021990    24A      4.326047    25A      5.334363  
      26A      5.334363    27A      5.384155    28A      6.539924  

    Final Occupation by Irrep:
              A 
    DOCC [     1 ]
    NA   [     1 ]
    NB   [     1 ]

  @DF-RHF Final Energy:    -1.12507764636927

   => Energetics <=

    Nuclear Repulsion Energy =              0.6207173442693129
    One-Electron Energy =                  -2.3668317414432716
    Two-Electron Energy =                   0.6210367508046880
    Total Energy =                         -1.1250776463692707

Computation Completed


Properties will be evaluated at   0.000000,   0.000000,   0.000000 [a0]

Properties computed using the SCF density matrix


 Multipole Moments:

 ------------------------------------------------------------------------------------
     Multipole            Electronic (a.u.)      Nuclear  (a.u.)        Total (a.u.)
 ------------------------------------------------------------------------------------

 L = 1.  Multiply by 2.5417464519 to convert [e a0] to [Debye]
 Dipole X            :         -0.0000000            0.0000000           -0.0000000
 Dipole Y            :         -0.0000000            0.0000000           -0.0000000
 Dipole Z            :          0.0000000            0.0000000            0.0000000
 Magnitude           :                                                    0.0000000

 ------------------------------------------------------------------------------------

*** tstop() called on Angelinas-MacBook-Pro-574.local at Thu Feb 12 13:22:56 2026
Module time:
	user time   =       0.05 seconds =       0.00 minutes
	system time =       0.00 seconds =       0.00 minutes
	total time  =          0 seconds =       0.00 minutes
Total time:
	user time   =      57.20 seconds =       0.95 minutes
	system time =      16.02 seconds =       0.27 minutes
	total time  =      61568 seconds =    1026.13 minutes

Scratch directory: /tmp/
   => Libint2 <=

    Primary   basis highest AM E, G, H:  6, 6, 3
    Auxiliary basis highest AM E, G, H:  7, 7, 4
    Onebody   basis highest AM E, G, H:  -, -, -
    Solid Harmonics ordering:            Gaussian

*** tstart() called on Angelinas-MacBook-Pro-574.local
*** at Thu Feb 12 13:22:56 2026

   => Loading Basis Set <=

    Name: CC-PVTZ
    Role: ORBITAL
    Keyword: BASIS
    atoms 1-2 entry H          line    23 file /opt/anaconda3/envs/psi4/share/psi4/basis/cc-pvtz.gbs 


         ---------------------------------------------------------
                                   SCF
               by Justin Turney, Rob Parrish, Andy Simmonett
                          and Daniel G. A. Smith
                              RHF Reference
                        4 Threads,   1907 MiB Core
         ---------------------------------------------------------

  ==> Geometry <==

    Molecular point group: c1
    Full point group: D_inf_h

    Geometry (in Angstrom), charge = 0, multiplicity = 1:

       Center              X                  Y                   Z               Mass       
    ------------   -----------------  -----------------  -----------------  -----------------
         H            0.000000000000     0.000000000000    -0.445454545455     1.007825032230
         H            0.000000000000     0.000000000000     0.445454545455     1.007825032230

  Running in c1 symmetry.

  Rotational constants: A = ************  B =     42.14777  C =     42.14777 [cm^-1]
  Rotational constants: A = ************  B = 1263558.26497  C = 1263558.26497 [MHz]
  Nuclear repulsion =    0.593974420139796

  Charge       = 0
  Multiplicity = 1
  Electrons    = 2
  Nalpha       = 1
  Nbeta        = 1

  ==> Algorithm <==

  SCF Algorithm Type is DF.
  DIIS enabled.
  MOM disabled.
  Fractional occupation disabled.
  Guess Type is SAD.
  Energy threshold   = 1.00e-10
  Density threshold  = 1.00e-10
  Integral threshold = 1.00e-12

  ==> Primary Basis <==

  Basis Set: CC-PVTZ
    Blend: CC-PVTZ
    Number of shells: 12
    Number of basis functions: 28
    Number of Cartesian functions: 30
    Spherical Harmonics?: true
    Max angular momentum: 2

   => Loading Basis Set <=

    Name: (CC-PVTZ AUX)
    Role: JKFIT
    Keyword: DF_BASIS_SCF
    atoms 1-2 entry H          line    51 file /opt/anaconda3/envs/psi4/share/psi4/basis/cc-pvtz-jkfit.gbs 

  ==> Integral Setup <==

  DFHelper Memory: AOs need 0.001 GiB; user supplied 1.397 GiB. 
  SCF_SUBTYPE=INCORE selected. In-core MEM_DF algorithm will be used.
  Using in-core AOs.

  ==> MemDFJK: Density-Fitted J/K Matrices <==

    J tasked:                   Yes
    K tasked:                   Yes
    wK tasked:                   No
    OpenMP threads:               4
    Memory [MiB]:              1430
    Algorithm:                 Core
    Schwarz Cutoff:           1E-12
    Mask sparsity (%):       0.0000
    Fitting Condition:        1E-10

   => Auxiliary Basis Set <=

  Basis Set: (CC-PVTZ AUX)
    Blend: CC-PVTZ-JKFIT
    Number of shells: 20
    Number of basis functions: 60
    Number of Cartesian functions: 70
    Spherical Harmonics?: true
    Max angular momentum: 3

  Minimum eigenvalue in the overlap matrix is 3.7998958309E-03.
  Reciprocal condition number of the overlap matrix is 9.3283363398E-04.
    Using symmetric orthogonalization.

  ==> Pre-Iterations <==

  SCF Guess: Superposition of Atomic Densities via on-the-fly atomic UHF (no occupation information).

   -------------------------
    Irrep   Nso     Nmo    
   -------------------------
     A         28      28 
   -------------------------
    Total      28      28
   -------------------------

  ==> Iterations <==

                           Total Energy        Delta E     RMS |[F,P]|

   @DF-RHF iter SAD:    -1.12496512844513   -1.12497e+00   0.00000e+00 
   @DF-RHF iter   1:    -1.09661828782057    2.83468e-02   4.90115e-03 DIIS/ADIIS
   @DF-RHF iter   2:    -1.11922821837915   -2.26099e-02   8.51960e-04 DIIS/ADIIS
   @DF-RHF iter   3:    -1.12003537085078   -8.07152e-04   8.54581e-05 DIIS
   @DF-RHF iter   4:    -1.12004151256964   -6.14172e-06   3.62308e-06 DIIS
   @DF-RHF iter   5:    -1.12004152076257   -8.19293e-09   3.43170e-07 DIIS
   @DF-RHF iter   6:    -1.12004152087120   -1.08623e-10   8.32540e-09 DIIS
   @DF-RHF iter   7:    -1.12004152087124   -4.55191e-14   3.52175e-10 DIIS
   @DF-RHF iter   8:    -1.12004152087124   -1.77636e-15   2.76717e-11 DIIS
  Energy and wave function converged.


  ==> Post-Iterations <==

    Orbital Energies [Eh]
    ---------------------

    Doubly Occupied:                                                      

       1A     -0.552358  

    Virtual:                                                              

       2A      0.143777     3A      0.318771     4A      0.585026  
       5A      0.678678     6A      0.678678     7A      1.048829  
       8A      1.089605     9A      1.089605    10A      1.494026  
      11A      2.456307    12A      2.477780    13A      3.179813  
      14A      3.179813    15A      3.309728    16A      3.309728  
      17A      3.576856    18A      3.928609    19A      3.928609  
      20A      3.982256    21A      3.982256    22A      3.996675  
      23A      3.996675    24A      4.240532    25A      5.214855  
      26A      5.214855    27A      5.262644    28A      6.445084  

    Final Occupation by Irrep:
              A 
    DOCC [     1 ]
    NA   [     1 ]
    NB   [     1 ]

  @DF-RHF Final Energy:    -1.12004152087124

   => Energetics <=

    Nuclear Repulsion Energy =              0.5939744201397960
    One-Electron Energy =                  -2.3233161103061466
    Two-Electron Energy =                   0.6093001692951062
    Total Energy =                         -1.1200415208712444

Computation Completed


Properties will be evaluated at   0.000000,   0.000000,   0.000000 [a0]

Properties computed using the SCF density matrix


 Multipole Moments:

 ------------------------------------------------------------------------------------
     Multipole            Electronic (a.u.)      Nuclear  (a.u.)        Total (a.u.)
 ------------------------------------------------------------------------------------

 L = 1.  Multiply by 2.5417464519 to convert [e a0] to [Debye]
 Dipole X            :          0.0000000            0.0000000            0.0000000
 Dipole Y            :         -0.0000000            0.0000000           -0.0000000
 Dipole Z            :         -0.0000000            0.0000000           -0.0000000
 Magnitude           :                                                    0.0000000

 ------------------------------------------------------------------------------------

*** tstop() called on Angelinas-MacBook-Pro-574.local at Thu Feb 12 13:22:56 2026
Module time:
	user time   =       0.05 seconds =       0.00 minutes
	system time =       0.01 seconds =       0.00 minutes
	total time  =          0 seconds =       0.00 minutes
Total time:
	user time   =      57.27 seconds =       0.95 minutes
	system time =      16.03 seconds =       0.27 minutes
	total time  =      61568 seconds =    1026.13 minutes

Scratch directory: /tmp/
   => Libint2 <=

    Primary   basis highest AM E, G, H:  6, 6, 3
    Auxiliary basis highest AM E, G, H:  7, 7, 4
    Onebody   basis highest AM E, G, H:  -, -, -
    Solid Harmonics ordering:            Gaussian

*** tstart() called on Angelinas-MacBook-Pro-574.local
*** at Thu Feb 12 13:22:56 2026

   => Loading Basis Set <=

    Name: CC-PVTZ
    Role: ORBITAL
    Keyword: BASIS
    atoms 1-2 entry H          line    23 file /opt/anaconda3/envs/psi4/share/psi4/basis/cc-pvtz.gbs 


         ---------------------------------------------------------
                                   SCF
               by Justin Turney, Rob Parrish, Andy Simmonett
                          and Daniel G. A. Smith
                              RHF Reference
                        4 Threads,   1907 MiB Core
         ---------------------------------------------------------

  ==> Geometry <==

    Molecular point group: c1
    Full point group: D_inf_h

    Geometry (in Angstrom), charge = 0, multiplicity = 1:

       Center              X                  Y                   Z               Mass       
    ------------   -----------------  -----------------  -----------------  -----------------
         H            0.000000000000     0.000000000000    -0.464646464646     1.007825032230
         H            0.000000000000     0.000000000000     0.464646464646     1.007825032230

  Running in c1 symmetry.

  Rotational constants: A = ************  B =     38.73790  C =     38.73790 [cm^-1]
  Rotational constants: A = ************  B = 1161333.05732  C = 1161333.05732 [MHz]
  Nuclear repulsion =    0.569440694090544

  Charge       = 0
  Multiplicity = 1
  Electrons    = 2
  Nalpha       = 1
  Nbeta        = 1

  ==> Algorithm <==

  SCF Algorithm Type is DF.
  DIIS enabled.
  MOM disabled.
  Fractional occupation disabled.
  Guess Type is SAD.
  Energy threshold   = 1.00e-10
  Density threshold  = 1.00e-10
  Integral threshold = 1.00e-12

  ==> Primary Basis <==

  Basis Set: CC-PVTZ
    Blend: CC-PVTZ
    Number of shells: 12
    Number of basis functions: 28
    Number of Cartesian functions: 30
    Spherical Harmonics?: true
    Max angular momentum: 2

   => Loading Basis Set <=

    Name: (CC-PVTZ AUX)
    Role: JKFIT
    Keyword: DF_BASIS_SCF
    atoms 1-2 entry H          line    51 file /opt/anaconda3/envs/psi4/share/psi4/basis/cc-pvtz-jkfit.gbs 

  ==> Integral Setup <==

  DFHelper Memory: AOs need 0.001 GiB; user supplied 1.397 GiB. 
  SCF_SUBTYPE=INCORE selected. In-core MEM_DF algorithm will be used.
  Using in-core AOs.

  ==> MemDFJK: Density-Fitted J/K Matrices <==

    J tasked:                   Yes
    K tasked:                   Yes
    wK tasked:                   No
    OpenMP threads:               4
    Memory [MiB]:              1430
    Algorithm:                 Core
    Schwarz Cutoff:           1E-12
    Mask sparsity (%):       0.0000
    Fitting Condition:        1E-10

   => Auxiliary Basis Set <=

  Basis Set: (CC-PVTZ AUX)
    Blend: CC-PVTZ-JKFIT
    Number of shells: 20
    Number of basis functions: 60
    Number of Cartesian functions: 70
    Spherical Harmonics?: true
    Max angular momentum: 3

  Minimum eigenvalue in the overlap matrix is 4.7049328301E-03.
  Reciprocal condition number of the overlap matrix is 1.1666923666E-03.
    Using symmetric orthogonalization.

  ==> Pre-Iterations <==

  SCF Guess: Superposition of Atomic Densities via on-the-fly atomic UHF (no occupation information).

   -------------------------
    Irrep   Nso     Nmo    
   -------------------------
     A         28      28 
   -------------------------
    Total      28      28
   -------------------------

  ==> Iterations <==

                           Total Energy        Delta E     RMS |[F,P]|

   @DF-RHF iter SAD:    -1.11425246747702   -1.11425e+00   0.00000e+00 
   @DF-RHF iter   1:    -1.09158804964794    2.26644e-02   4.78692e-03 DIIS/ADIIS
   @DF-RHF iter   2:    -1.11343210578427   -2.18441e-02   8.38878e-04 DIIS/ADIIS
   @DF-RHF iter   3:    -1.11422250302922   -7.90397e-04   8.15561e-05 DIIS
   @DF-RHF iter   4:    -1.11422812927190   -5.62624e-06   3.58271e-06 DIIS
   @DF-RHF iter   5:    -1.11422813739113   -8.11923e-09   3.34663e-07 DIIS
   @DF-RHF iter   6:    -1.11422813749626   -1.05134e-10   7.53607e-09 DIIS
   @DF-RHF iter   7:    -1.11422813749630   -3.79696e-14   3.03201e-10 DIIS
   @DF-RHF iter   8:    -1.11422813749630   -1.11022e-15   2.73523e-11 DIIS
  Energy and wave function converged.


  ==> Post-Iterations <==

    Orbital Energies [Eh]
    ---------------------

    Doubly Occupied:                                                      

       1A     -0.542797  

    Virtual:                                                              

       2A      0.137179     3A      0.322170     4A      0.570855  
       5A      0.675908     6A      0.675908     7A      1.034797  
       8A      1.080500     9A      1.080500    10A      1.487602  
      11A      2.493790    12A      2.507600    13A      3.187507  
      14A      3.187507    15A      3.280331    16A      3.280331  
      17A      3.538361    18A      3.890480    19A      3.890480  
      20A      3.974808    21A      3.974808    22A      3.993203  
      23A      3.993203    24A      4.172796    25A      5.102239  
      26A      5.102239    27A      5.152716    28A      6.363198  

    Final Occupation by Irrep:
              A 
    DOCC [     1 ]
    NA   [     1 ]
    NB   [     1 ]

  @DF-RHF Final Energy:    -1.11422813749630

   => Energetics <=

    Nuclear Repulsion Energy =              0.5694406940905435
    One-Electron Energy =                  -2.2817440316240161
    Two-Electron Energy =                   0.5980752000371694
    Total Energy =                         -1.1142281374963032

Computation Completed


Properties will be evaluated at   0.000000,   0.000000,   0.000000 [a0]

Properties computed using the SCF density matrix


 Multipole Moments:

 ------------------------------------------------------------------------------------
     Multipole            Electronic (a.u.)      Nuclear  (a.u.)        Total (a.u.)
 ------------------------------------------------------------------------------------

 L = 1.  Multiply by 2.5417464519 to convert [e a0] to [Debye]
 Dipole X            :          0.0000000            0.0000000            0.0000000
 Dipole Y            :          0.0000000            0.0000000            0.0000000
 Dipole Z            :          0.0000000            0.0000000            0.0000000
 Magnitude           :                                                    0.0000000

 ------------------------------------------------------------------------------------

*** tstop() called on Angelinas-MacBook-Pro-574.local at Thu Feb 12 13:22:56 2026
Module time:
	user time   =       0.06 seconds =       0.00 minutes
	system time =       0.00 seconds =       0.00 minutes
	total time  =          0 seconds =       0.00 minutes
Total time:
	user time   =      57.34 seconds =       0.96 minutes
	system time =      16.03 seconds =       0.27 minutes
	total time  =      61568 seconds =    1026.13 minutes

Scratch directory: /tmp/
   => Libint2 <=

    Primary   basis highest AM E, G, H:  6, 6, 3
    Auxiliary basis highest AM E, G, H:  7, 7, 4
    Onebody   basis highest AM E, G, H:  -, -, -
    Solid Harmonics ordering:            Gaussian

*** tstart() called on Angelinas-MacBook-Pro-574.local
*** at Thu Feb 12 13:22:56 2026

   => Loading Basis Set <=

    Name: CC-PVTZ
    Role: ORBITAL
    Keyword: BASIS
    atoms 1-2 entry H          line    23 file /opt/anaconda3/envs/psi4/share/psi4/basis/cc-pvtz.gbs 


         ---------------------------------------------------------
                                   SCF
               by Justin Turney, Rob Parrish, Andy Simmonett
                          and Daniel G. A. Smith
                              RHF Reference
                        4 Threads,   1907 MiB Core
         ---------------------------------------------------------

  ==> Geometry <==

    Molecular point group: c1
    Full point group: D_inf_h

    Geometry (in Angstrom), charge = 0, multiplicity = 1:

       Center              X                  Y                   Z               Mass       
    ------------   -----------------  -----------------  -----------------  -----------------
         H            0.000000000000     0.000000000000    -0.483838383838     1.007825032230
         H            0.000000000000     0.000000000000     0.483838383838     1.007825032230

  Running in c1 symmetry.

  Rotational constants: A = ************  B =     35.72570  C =     35.72570 [cm^-1]
  Rotational constants: A = ************  B = 1071029.48004  C = 1071029.48004 [MHz]
  Nuclear repulsion =    0.546853276162109

  Charge       = 0
  Multiplicity = 1
  Electrons    = 2
  Nalpha       = 1
  Nbeta        = 1

  ==> Algorithm <==

  SCF Algorithm Type is DF.
  DIIS enabled.
  MOM disabled.
  Fractional occupation disabled.
  Guess Type is SAD.
  Energy threshold   = 1.00e-10
  Density threshold  = 1.00e-10
  Integral threshold = 1.00e-12

  ==> Primary Basis <==

  Basis Set: CC-PVTZ
    Blend: CC-PVTZ
    Number of shells: 12
    Number of basis functions: 28
    Number of Cartesian functions: 30
    Spherical Harmonics?: true
    Max angular momentum: 2

   => Loading Basis Set <=

    Name: (CC-PVTZ AUX)
    Role: JKFIT
    Keyword: DF_BASIS_SCF
    atoms 1-2 entry H          line    51 file /opt/anaconda3/envs/psi4/share/psi4/basis/cc-pvtz-jkfit.gbs 

  ==> Integral Setup <==

  DFHelper Memory: AOs need 0.001 GiB; user supplied 1.397 GiB. 
  SCF_SUBTYPE=INCORE selected. In-core MEM_DF algorithm will be used.
  Using in-core AOs.

  ==> MemDFJK: Density-Fitted J/K Matrices <==

    J tasked:                   Yes
    K tasked:                   Yes
    wK tasked:                   No
    OpenMP threads:               4
    Memory [MiB]:              1430
    Algorithm:                 Core
    Schwarz Cutoff:           1E-12
    Mask sparsity (%):       0.0000
    Fitting Condition:        1E-10

   => Auxiliary Basis Set <=

  Basis Set: (CC-PVTZ AUX)
    Blend: CC-PVTZ-JKFIT
    Number of shells: 20
    Number of basis functions: 60
    Number of Cartesian functions: 70
    Spherical Harmonics?: true
    Max angular momentum: 3

  Minimum eigenvalue in the overlap matrix is 5.8161410242E-03.
  Reciprocal condition number of the overlap matrix is 1.4575505275E-03.
    Using symmetric orthogonalization.

  ==> Pre-Iterations <==

  SCF Guess: Superposition of Atomic Densities via on-the-fly atomic UHF (no occupation information).

   -------------------------
    Irrep   Nso     Nmo    
   -------------------------
     A         28      28 
   -------------------------
    Total      28      28
   -------------------------

  ==> Iterations <==

                           Total Energy        Delta E     RMS |[F,P]|

   @DF-RHF iter SAD:    -1.10297523287842   -1.10298e+00   0.00000e+00 
   @DF-RHF iter   1:    -1.08594078415657    1.70344e-02   4.67565e-03 DIIS/ADIIS
   @DF-RHF iter   2:    -1.10703858225985   -2.10978e-02   8.26101e-04 DIIS/ADIIS
   @DF-RHF iter   3:    -1.10781221705154   -7.73635e-04   7.77800e-05 DIIS
   @DF-RHF iter   4:    -1.10781736364170   -5.14659e-06   3.53887e-06 DIIS
   @DF-RHF iter   5:    -1.10781737166254   -8.02084e-09   3.24979e-07 DIIS
   @DF-RHF iter   6:    -1.10781737176322   -1.00675e-10   6.90067e-09 DIIS
   @DF-RHF iter   7:    -1.10781737176325   -3.44169e-14   2.61036e-10 DIIS
   @DF-RHF iter   8:    -1.10781737176325    3.77476e-15   2.61425e-11 DIIS
  Energy and wave function converged.


  ==> Post-Iterations <==

    Orbital Energies [Eh]
    ---------------------

    Doubly Occupied:                                                      

       1A     -0.533669  

    Virtual:                                                              

       2A      0.130391     3A      0.325528     4A      0.557332  
       5A      0.673467     6A      0.673467     7A      1.020247  
       8A      1.071070     9A      1.071070    10A      1.481099  
      11A      2.509021    12A      2.557776    13A      3.197498  
      14A      3.197498    15A      3.250934    16A      3.250934  
      17A      3.495861    18A      3.853484    19A      3.853484  
      20A      3.956222    21A      3.956222    22A      4.000100  
      23A      4.000100    24A      4.122697    25A      4.995778  
      26A      4.995778    27A      5.053342    28A      6.287902  

    Final Occupation by Irrep:
              A 
    DOCC [     1 ]
    NA   [     1 ]
    NB   [     1 ]

  @DF-RHF Final Energy:    -1.10781737176325

   => Energetics <=

    Nuclear Repulsion Energy =              0.5468532761621087
    One-Electron Energy =                  -2.2420037662813508
    Two-Electron Energy =                   0.5873331183559949
    Total Energy =                         -1.1078173717632471

Computation Completed


Properties will be evaluated at   0.000000,   0.000000,   0.000000 [a0]

Properties computed using the SCF density matrix


 Multipole Moments:

 ------------------------------------------------------------------------------------
     Multipole            Electronic (a.u.)      Nuclear  (a.u.)        Total (a.u.)
 ------------------------------------------------------------------------------------

 L = 1.  Multiply by 2.5417464519 to convert [e a0] to [Debye]
 Dipole X            :         -0.0000000            0.0000000           -0.0000000
 Dipole Y            :         -0.0000000            0.0000000           -0.0000000
 Dipole Z            :         -0.0000000            0.0000000           -0.0000000
 Magnitude           :                                                    0.0000000

 ------------------------------------------------------------------------------------

*** tstop() called on Angelinas-MacBook-Pro-574.local at Thu Feb 12 13:22:56 2026
Module time:
	user time   =       0.05 seconds =       0.00 minutes
	system time =       0.01 seconds =       0.00 minutes
	total time  =          0 seconds =       0.00 minutes
Total time:
	user time   =      57.40 seconds =       0.96 minutes
	system time =      16.04 seconds =       0.27 minutes
	total time  =      61568 seconds =    1026.13 minutes

Scratch directory: /tmp/
   => Libint2 <=

    Primary   basis highest AM E, G, H:  6, 6, 3
    Auxiliary basis highest AM E, G, H:  7, 7, 4
    Onebody   basis highest AM E, G, H:  -, -, -
    Solid Harmonics ordering:            Gaussian

*** tstart() called on Angelinas-MacBook-Pro-574.local
*** at Thu Feb 12 13:22:56 2026

   => Loading Basis Set <=

    Name: CC-PVTZ
    Role: ORBITAL
    Keyword: BASIS
    atoms 1-2 entry H          line    23 file /opt/anaconda3/envs/psi4/share/psi4/basis/cc-pvtz.gbs 


         ---------------------------------------------------------
                                   SCF
               by Justin Turney, Rob Parrish, Andy Simmonett
                          and Daniel G. A. Smith
                              RHF Reference
                        4 Threads,   1907 MiB Core
         ---------------------------------------------------------

  ==> Geometry <==

    Molecular point group: c1
    Full point group: D_inf_h

    Geometry (in Angstrom), charge = 0, multiplicity = 1:

       Center              X                  Y                   Z               Mass       
    ------------   -----------------  -----------------  -----------------  -----------------
         H            0.000000000000     0.000000000000    -0.503030303030     1.007825032230
         H            0.000000000000     0.000000000000     0.503030303030     1.007825032230

  Running in c1 symmetry.

  Rotational constants: A = ************  B =     33.05164  C =     33.05164 [cm^-1]
  Rotational constants: A = ************  B = 990863.35272  C = 990863.35272 [MHz]
  Nuclear repulsion =    0.525989396147892

  Charge       = 0
  Multiplicity = 1
  Electrons    = 2
  Nalpha       = 1
  Nbeta        = 1

  ==> Algorithm <==

  SCF Algorithm Type is DF.
  DIIS enabled.
  MOM disabled.
  Fractional occupation disabled.
  Guess Type is SAD.
  Energy threshold   = 1.00e-10
  Density threshold  = 1.00e-10
  Integral threshold = 1.00e-12

  ==> Primary Basis <==

  Basis Set: CC-PVTZ
    Blend: CC-PVTZ
    Number of shells: 12
    Number of basis functions: 28
    Number of Cartesian functions: 30
    Spherical Harmonics?: true
    Max angular momentum: 2

   => Loading Basis Set <=

    Name: (CC-PVTZ AUX)
    Role: JKFIT
    Keyword: DF_BASIS_SCF
    atoms 1-2 entry H          line    51 file /opt/anaconda3/envs/psi4/share/psi4/basis/cc-pvtz-jkfit.gbs 

  ==> Integral Setup <==

  DFHelper Memory: AOs need 0.001 GiB; user supplied 1.397 GiB. 
  SCF_SUBTYPE=INCORE selected. In-core MEM_DF algorithm will be used.
  Using in-core AOs.

  ==> MemDFJK: Density-Fitted J/K Matrices <==

    J tasked:                   Yes
    K tasked:                   Yes
    wK tasked:                   No
    OpenMP threads:               4
    Memory [MiB]:              1430
    Algorithm:                 Core
    Schwarz Cutoff:           1E-12
    Mask sparsity (%):       0.0000
    Fitting Condition:        1E-10

   => Auxiliary Basis Set <=

  Basis Set: (CC-PVTZ AUX)
    Blend: CC-PVTZ-JKFIT
    Number of shells: 20
    Number of basis functions: 60
    Number of Cartesian functions: 70
    Spherical Harmonics?: true
    Max angular momentum: 3

  Minimum eigenvalue in the overlap matrix is 7.1780209022E-03.
  Reciprocal condition number of the overlap matrix is 1.8188128433E-03.
    Using symmetric orthogonalization.

  ==> Pre-Iterations <==

  SCF Guess: Superposition of Atomic Densities via on-the-fly atomic UHF (no occupation information).

   -------------------------
    Irrep   Nso     Nmo    
   -------------------------
     A         28      28 
   -------------------------
    Total      28      28
   -------------------------

  ==> Iterations <==

                           Total Energy        Delta E     RMS |[F,P]|

   @DF-RHF iter SAD:    -1.09133147916073   -1.09133e+00   0.00000e+00 
   @DF-RHF iter   1:    -1.07982007473381    1.15114e-02   4.56746e-03 DIIS/ADIIS
   @DF-RHF iter   2:    -1.10019267544339   -2.03726e-02   8.13623e-04 DIIS/ADIIS
   @DF-RHF iter   3:    -1.10094959407529   -7.56919e-04   7.41363e-05 DIIS
   @DF-RHF iter   4:    -1.10095429618917   -4.70211e-06   3.49185e-06 DIIS
   @DF-RHF iter   5:    -1.10095430409024   -7.90106e-09   3.14336e-07 DIIS
   @DF-RHF iter   6:    -1.10095430418571   -9.54692e-11   6.40369e-09 DIIS
   @DF-RHF iter   7:    -1.10095430418574   -3.19744e-14   2.25955e-10 DIIS
   @DF-RHF iter   8:    -1.10095430418574    1.33227e-15   2.45000e-11 DIIS
  Energy and wave function converged.


  ==> Post-Iterations <==

    Orbital Energies [Eh]
    ---------------------

    Doubly Occupied:                                                      

       1A     -0.524948  

    Virtual:                                                              

       2A      0.123444     3A      0.328843     4A      0.544556  
       5A      0.671352     6A      0.671352     7A      1.005294  
       8A      1.061400     9A      1.061400    10A      1.474145  
      11A      2.523358    12A      2.602815    13A      3.209450  
      14A      3.209450    15A      3.222363    16A      3.222363  
      17A      3.450573    18A      3.817784    19A      3.817784  
      20A      3.940640    21A      3.940640    22A      4.003364  
      23A      4.003364    24A      4.088902    25A      4.894886  
      26A      4.894886    27A      4.963295    28A      6.214288  

    Final Occupation by Irrep:
              A 
    DOCC [     1 ]
    NA   [     1 ]
    NB   [     1 ]

  @DF-RHF Final Energy:    -1.10095430418574

   => Energetics <=

    Nuclear Repulsion Energy =              0.5259893961478921
    One-Electron Energy =                  -2.2039908494903142
    Two-Electron Energy =                   0.5770471491566844
    Total Energy =                         -1.1009543041857377

Computation Completed


Properties will be evaluated at   0.000000,   0.000000,   0.000000 [a0]

Properties computed using the SCF density matrix


 Multipole Moments:

 ------------------------------------------------------------------------------------
     Multipole            Electronic (a.u.)      Nuclear  (a.u.)        Total (a.u.)
 ------------------------------------------------------------------------------------

 L = 1.  Multiply by 2.5417464519 to convert [e a0] to [Debye]
 Dipole X            :          0.0000000            0.0000000            0.0000000
 Dipole Y            :          0.0000000            0.0000000            0.0000000
 Dipole Z            :         -0.0000000            0.0000000           -0.0000000
 Magnitude           :                                                    0.0000000

 ------------------------------------------------------------------------------------

*** tstop() called on Angelinas-MacBook-Pro-574.local at Thu Feb 12 13:22:56 2026
Module time:
	user time   =       0.05 seconds =       0.00 minutes
	system time =       0.00 seconds =       0.00 minutes
	total time  =          0 seconds =       0.00 minutes
Total time:
	user time   =      57.47 seconds =       0.96 minutes
	system time =      16.04 seconds =       0.27 minutes
	total time  =      61568 seconds =    1026.13 minutes

Scratch directory: /tmp/
   => Libint2 <=

    Primary   basis highest AM E, G, H:  6, 6, 3
    Auxiliary basis highest AM E, G, H:  7, 7, 4
    Onebody   basis highest AM E, G, H:  -, -, -
    Solid Harmonics ordering:            Gaussian

*** tstart() called on Angelinas-MacBook-Pro-574.local
*** at Thu Feb 12 13:22:56 2026

   => Loading Basis Set <=

    Name: CC-PVTZ
    Role: ORBITAL
    Keyword: BASIS
    atoms 1-2 entry H          line    23 file /opt/anaconda3/envs/psi4/share/psi4/basis/cc-pvtz.gbs 


         ---------------------------------------------------------
                                   SCF
               by Justin Turney, Rob Parrish, Andy Simmonett
                          and Daniel G. A. Smith
                              RHF Reference
                        4 Threads,   1907 MiB Core
         ---------------------------------------------------------

  ==> Geometry <==

    Molecular point group: c1
    Full point group: D_inf_h

    Geometry (in Angstrom), charge = 0, multiplicity = 1:

       Center              X                  Y                   Z               Mass       
    ------------   -----------------  -----------------  -----------------  -----------------
         H            0.000000000000     0.000000000000    -0.522222222222     1.007825032230
         H            0.000000000000     0.000000000000     0.522222222222     1.007825032230

  Running in c1 symmetry.

  Rotational constants: A = ************  B =     30.66696  C =     30.66696 [cm^-1]
  Rotational constants: A = ************  B = 919372.19612  C = 919372.19612 [MHz]
  Nuclear repulsion =    0.506659031492553

  Charge       = 0
  Multiplicity = 1
  Electrons    = 2
  Nalpha       = 1
  Nbeta        = 1

  ==> Algorithm <==

  SCF Algorithm Type is DF.
  DIIS enabled.
  MOM disabled.
  Fractional occupation disabled.
  Guess Type is SAD.
  Energy threshold   = 1.00e-10
  Density threshold  = 1.00e-10
  Integral threshold = 1.00e-12

  ==> Primary Basis <==

  Basis Set: CC-PVTZ
    Blend: CC-PVTZ
    Number of shells: 12
    Number of basis functions: 28
    Number of Cartesian functions: 30
    Spherical Harmonics?: true
    Max angular momentum: 2

   => Loading Basis Set <=

    Name: (CC-PVTZ AUX)
    Role: JKFIT
    Keyword: DF_BASIS_SCF
    atoms 1-2 entry H          line    51 file /opt/anaconda3/envs/psi4/share/psi4/basis/cc-pvtz-jkfit.gbs 

  ==> Integral Setup <==

  DFHelper Memory: AOs need 0.001 GiB; user supplied 1.397 GiB. 
  SCF_SUBTYPE=INCORE selected. In-core MEM_DF algorithm will be used.
  Using in-core AOs.

  ==> MemDFJK: Density-Fitted J/K Matrices <==

    J tasked:                   Yes
    K tasked:                   Yes
    wK tasked:                   No
    OpenMP threads:               4
    Memory [MiB]:              1430
    Algorithm:                 Core
    Schwarz Cutoff:           1E-12
    Mask sparsity (%):       0.0000
    Fitting Condition:        1E-10

   => Auxiliary Basis Set <=

  Basis Set: (CC-PVTZ AUX)
    Blend: CC-PVTZ-JKFIT
    Number of shells: 20
    Number of basis functions: 60
    Number of Cartesian functions: 70
    Spherical Harmonics?: true
    Max angular momentum: 3

  Minimum eigenvalue in the overlap matrix is 8.8406485687E-03.
  Reciprocal condition number of the overlap matrix is 2.2660127978E-03.
    Using symmetric orthogonalization.

  ==> Pre-Iterations <==

  SCF Guess: Superposition of Atomic Densities via on-the-fly atomic UHF (no occupation information).

   -------------------------
    Irrep   Nso     Nmo    
   -------------------------
     A         28      28 
   -------------------------
    Total      28      28
   -------------------------

  ==> Iterations <==

                           Total Energy        Delta E     RMS |[F,P]|

   @DF-RHF iter SAD:    -1.07948250816981   -1.07948e+00   0.00000e+00 
   @DF-RHF iter   1:    -1.07334227505296    6.14023e-03   4.46241e-03 DIIS/ADIIS
   @DF-RHF iter   2:    -1.09301179832490   -1.96695e-02   8.01439e-04 DIIS/ADIIS
   @DF-RHF iter   3:    -1.09375209282455   -7.40294e-04   7.06299e-05 DIIS
   @DF-RHF iter   4:    -1.09375638458205   -4.29176e-06   3.44185e-06 DIIS
   @DF-RHF iter   5:    -1.09375639234492   -7.76287e-09   3.02941e-07 DIIS
   @DF-RHF iter   6:    -1.09375639243465   -8.97300e-11   6.02031e-09 DIIS
   @DF-RHF iter   7:    -1.09375639243468   -2.86438e-14   1.97270e-10 DIIS
   @DF-RHF iter   8:    -1.09375639243468   -4.44089e-16   2.26441e-11 DIIS
  Energy and wave function converged.


  ==> Post-Iterations <==

    Orbital Energies [Eh]
    ---------------------

    Doubly Occupied:                                                      

       1A     -0.516612  

    Virtual:                                                              

       2A      0.116371     3A      0.332114     4A      0.532582  
       5A      0.669551     6A      0.669551     7A      0.990049  
       8A      1.051563     9A      1.051563    10A      1.466535  
      11A      2.536626    12A      2.640134    13A      3.195460  
      14A      3.195460    15A      3.222986    16A      3.222986  
      17A      3.403815    18A      3.783523    19A      3.783523  
      20A      3.927717    21A      3.927717    22A      4.003377  
      23A      4.003377    24A      4.069070    25A      4.799123  
      26A      4.799123    27A      4.881292    28A      6.138887  

    Final Occupation by Irrep:
              A 
    DOCC [     1 ]
    NA   [     1 ]
    NB   [     1 ]

  @DF-RHF Final Energy:    -1.09375639243468

   => Energetics <=

    Nuclear Repulsion Energy =              0.5066590314925533
    One-Electron Energy =                  -2.1676077896825690
    Two-Electron Energy =                   0.5671923657553368
    Total Energy =                         -1.0937563924346787

Computation Completed


Properties will be evaluated at   0.000000,   0.000000,   0.000000 [a0]

Properties computed using the SCF density matrix


 Multipole Moments:

 ------------------------------------------------------------------------------------
     Multipole            Electronic (a.u.)      Nuclear  (a.u.)        Total (a.u.)
 ------------------------------------------------------------------------------------

 L = 1.  Multiply by 2.5417464519 to convert [e a0] to [Debye]
 Dipole X            :          0.0000000            0.0000000            0.0000000
 Dipole Y            :          0.0000000            0.0000000            0.0000000
 Dipole Z            :          0.0000000            0.0000000            0.0000000
 Magnitude           :                                                    0.0000000

 ------------------------------------------------------------------------------------

*** tstop() called on Angelinas-MacBook-Pro-574.local at Thu Feb 12 13:22:56 2026
Module time:
	user time   =       0.06 seconds =       0.00 minutes
	system time =       0.01 seconds =       0.00 minutes
	total time  =          0 seconds =       0.00 minutes
Total time:
	user time   =      57.54 seconds =       0.96 minutes
	system time =      16.05 seconds =       0.27 minutes
	total time  =      61568 seconds =    1026.13 minutes

Scratch directory: /tmp/
   => Libint2 <=

    Primary   basis highest AM E, G, H:  6, 6, 3
    Auxiliary basis highest AM E, G, H:  7, 7, 4
    Onebody   basis highest AM E, G, H:  -, -, -
    Solid Harmonics ordering:            Gaussian

*** tstart() called on Angelinas-MacBook-Pro-574.local
*** at Thu Feb 12 13:22:56 2026

   => Loading Basis Set <=

    Name: CC-PVTZ
    Role: ORBITAL
    Keyword: BASIS
    atoms 1-2 entry H          line    23 file /opt/anaconda3/envs/psi4/share/psi4/basis/cc-pvtz.gbs 


         ---------------------------------------------------------
                                   SCF
               by Justin Turney, Rob Parrish, Andy Simmonett
                          and Daniel G. A. Smith
                              RHF Reference
                        4 Threads,   1907 MiB Core
         ---------------------------------------------------------

  ==> Geometry <==

    Molecular point group: c1
    Full point group: D_inf_h

    Geometry (in Angstrom), charge = 0, multiplicity = 1:

       Center              X                  Y                   Z               Mass       
    ------------   -----------------  -----------------  -----------------  -----------------
         H            0.000000000000     0.000000000000    -0.541414141414     1.007825032230
         H            0.000000000000     0.000000000000     0.541414141414     1.007825032230

  Running in c1 symmetry.

  Rotational constants: A = ************  B =     28.53134  C =     28.53134 [cm^-1]
  Rotational constants: A = ************  B = 855348.05542  C = 855348.05542 [MHz]
  Nuclear repulsion =    0.488699103137407

  Charge       = 0
  Multiplicity = 1
  Electrons    = 2
  Nalpha       = 1
  Nbeta        = 1

  ==> Algorithm <==

  SCF Algorithm Type is DF.
  DIIS enabled.
  MOM disabled.
  Fractional occupation disabled.
  Guess Type is SAD.
  Energy threshold   = 1.00e-10
  Density threshold  = 1.00e-10
  Integral threshold = 1.00e-12

  ==> Primary Basis <==

  Basis Set: CC-PVTZ
    Blend: CC-PVTZ
    Number of shells: 12
    Number of basis functions: 28
    Number of Cartesian functions: 30
    Spherical Harmonics?: true
    Max angular momentum: 2

   => Loading Basis Set <=

    Name: (CC-PVTZ AUX)
    Role: JKFIT
    Keyword: DF_BASIS_SCF
    atoms 1-2 entry H          line    51 file /opt/anaconda3/envs/psi4/share/psi4/basis/cc-pvtz-jkfit.gbs 

  ==> Integral Setup <==

  DFHelper Memory: AOs need 0.001 GiB; user supplied 1.397 GiB. 
  SCF_SUBTYPE=INCORE selected. In-core MEM_DF algorithm will be used.
  Using in-core AOs.

  ==> MemDFJK: Density-Fitted J/K Matrices <==

    J tasked:                   Yes
    K tasked:                   Yes
    wK tasked:                   No
    OpenMP threads:               4
    Memory [MiB]:              1430
    Algorithm:                 Core
    Schwarz Cutoff:           1E-12
    Mask sparsity (%):       0.0000
    Fitting Condition:        1E-10

   => Auxiliary Basis Set <=

  Basis Set: (CC-PVTZ AUX)
    Blend: CC-PVTZ-JKFIT
    Number of shells: 20
    Number of basis functions: 60
    Number of Cartesian functions: 70
    Spherical Harmonics?: true
    Max angular momentum: 3

  Minimum eigenvalue in the overlap matrix is 1.0858377139E-02.
  Reciprocal condition number of the overlap matrix is 2.8166178619E-03.
    Using symmetric orthogonalization.

  ==> Pre-Iterations <==

  SCF Guess: Superposition of Atomic Densities via on-the-fly atomic UHF (no occupation information).

   -------------------------
    Irrep   Nso     Nmo    
   -------------------------
     A         28      28 
   -------------------------
    Total      28      28
   -------------------------

  ==> Iterations <==

                           Total Energy        Delta E     RMS |[F,P]|

   @DF-RHF iter SAD:    -1.06755985775001   -1.06756e+00   0.00000e+00 
   @DF-RHF iter   1:    -1.06660202663208    9.57831e-04   4.36057e-03 DIIS/ADIIS
   @DF-RHF iter   2:    -1.08559131220372   -1.89893e-02   7.89540e-04 DIIS/ADIIS
   @DF-RHF iter   3:    -1.08631511259938   -7.23800e-04   6.72644e-05 DIIS
   @DF-RHF iter   4:    -1.08631902679282   -3.91419e-06   3.38895e-06 DIIS
   @DF-RHF iter   5:    -1.08631903440150   -7.60868e-09   2.90987e-07 DIIS
   @DF-RHF iter   6:    -1.08631903448517   -8.36717e-11   5.71708e-09 DIIS
   @DF-RHF iter   7:    -1.08631903448519   -2.26485e-14   1.73866e-10 DIIS
   @DF-RHF iter   8:    -1.08631903448519    6.66134e-16   2.06974e-11 DIIS
  Energy and wave function converged.


  ==> Post-Iterations <==

    Orbital Energies [Eh]
    ---------------------

    Doubly Occupied:                                                      

       1A     -0.508636  

    Virtual:                                                              

       2A      0.109203     3A      0.335341     4A      0.521432  
       5A      0.668054     6A      0.668054     7A      0.974614  
       8A      1.041621     9A      1.041621    10A      1.458187  
      11A      2.548589    12A      2.668707    13A      3.171021  
      14A      3.171021    15A      3.237708    16A      3.237708  
      17A      3.356941    18A      3.750828    19A      3.750828  
      20A      3.917079    21A      3.917079    22A      4.000464  
      23A      4.000464    24A      4.060126    25A      4.708195  
      26A      4.708195    27A      4.806110    28A      6.059575  

    Final Occupation by Irrep:
              A 
    DOCC [     1 ]
    NA   [     1 ]
    NB   [     1 ]

  @DF-RHF Final Energy:    -1.08631903448519

   => Energetics <=

    Nuclear Repulsion Energy =              0.4886991031374068
    One-Electron Energy =                  -2.1327637174037628
    Two-Electron Energy =                   0.5577455797811620
    Total Energy =                         -1.0863190344851938

Computation Completed


Properties will be evaluated at   0.000000,   0.000000,   0.000000 [a0]

Properties computed using the SCF density matrix


 Multipole Moments:

 ------------------------------------------------------------------------------------
     Multipole            Electronic (a.u.)      Nuclear  (a.u.)        Total (a.u.)
 ------------------------------------------------------------------------------------

 L = 1.  Multiply by 2.5417464519 to convert [e a0] to [Debye]
 Dipole X            :         -0.0000000            0.0000000           -0.0000000
 Dipole Y            :          0.0000000            0.0000000            0.0000000
 Dipole Z            :         -0.0000000            0.0000000           -0.0000000
 Magnitude           :                                                    0.0000000

 ------------------------------------------------------------------------------------

*** tstop() called on Angelinas-MacBook-Pro-574.local at Thu Feb 12 13:22:56 2026
Module time:
	user time   =       0.06 seconds =       0.00 minutes
	system time =       0.00 seconds =       0.00 minutes
	total time  =          0 seconds =       0.00 minutes
Total time:
	user time   =      57.61 seconds =       0.96 minutes
	system time =      16.05 seconds =       0.27 minutes
	total time  =      61568 seconds =    1026.13 minutes

Scratch directory: /tmp/
   => Libint2 <=

    Primary   basis highest AM E, G, H:  6, 6, 3
    Auxiliary basis highest AM E, G, H:  7, 7, 4
    Onebody   basis highest AM E, G, H:  -, -, -
    Solid Harmonics ordering:            Gaussian

*** tstart() called on Angelinas-MacBook-Pro-574.local
*** at Thu Feb 12 13:22:56 2026

   => Loading Basis Set <=

    Name: CC-PVTZ
    Role: ORBITAL
    Keyword: BASIS
    atoms 1-2 entry H          line    23 file /opt/anaconda3/envs/psi4/share/psi4/basis/cc-pvtz.gbs 


         ---------------------------------------------------------
                                   SCF
               by Justin Turney, Rob Parrish, Andy Simmonett
                          and Daniel G. A. Smith
                              RHF Reference
                        4 Threads,   1907 MiB Core
         ---------------------------------------------------------

  ==> Geometry <==

    Molecular point group: c1
    Full point group: D_inf_h

    Geometry (in Angstrom), charge = 0, multiplicity = 1:

       Center              X                  Y                   Z               Mass       
    ------------   -----------------  -----------------  -----------------  -----------------
         H            0.000000000000     0.000000000000    -0.560606060606     1.007825032230
         H            0.000000000000     0.000000000000     0.560606060606     1.007825032230

  Running in c1 symmetry.

  Rotational constants: A = ************  B =     26.61128  C =     26.61128 [cm^-1]
  Rotational constants: A = ************  B = 797786.13726  C = 797786.13726 [MHz]
  Nuclear repulsion =    0.471968863570541

  Charge       = 0
  Multiplicity = 1
  Electrons    = 2
  Nalpha       = 1
  Nbeta        = 1

  ==> Algorithm <==

  SCF Algorithm Type is DF.
  DIIS enabled.
  MOM disabled.
  Fractional occupation disabled.
  Guess Type is SAD.
  Energy threshold   = 1.00e-10
  Density threshold  = 1.00e-10
  Integral threshold = 1.00e-12

  ==> Primary Basis <==

  Basis Set: CC-PVTZ
    Blend: CC-PVTZ
    Number of shells: 12
    Number of basis functions: 28
    Number of Cartesian functions: 30
    Spherical Harmonics?: true
    Max angular momentum: 2

   => Loading Basis Set <=

    Name: (CC-PVTZ AUX)
    Role: JKFIT
    Keyword: DF_BASIS_SCF
    atoms 1-2 entry H          line    51 file /opt/anaconda3/envs/psi4/share/psi4/basis/cc-pvtz-jkfit.gbs 

  ==> Integral Setup <==

  DFHelper Memory: AOs need 0.001 GiB; user supplied 1.397 GiB. 
  SCF_SUBTYPE=INCORE selected. In-core MEM_DF algorithm will be used.
  Using in-core AOs.

  ==> MemDFJK: Density-Fitted J/K Matrices <==

    J tasked:                   Yes
    K tasked:                   Yes
    wK tasked:                   No
    OpenMP threads:               4
    Memory [MiB]:              1430
    Algorithm:                 Core
    Schwarz Cutoff:           1E-12
    Mask sparsity (%):       0.0000
    Fitting Condition:        1E-10

   => Auxiliary Basis Set <=

  Basis Set: (CC-PVTZ AUX)
    Blend: CC-PVTZ-JKFIT
    Number of shells: 20
    Number of basis functions: 60
    Number of Cartesian functions: 70
    Spherical Harmonics?: true
    Max angular momentum: 3

  Minimum eigenvalue in the overlap matrix is 1.3287735574E-02.
  Reciprocal condition number of the overlap matrix is 3.4896043059E-03.
    Using symmetric orthogonalization.

  ==> Pre-Iterations <==

  SCF Guess: Superposition of Atomic Densities via on-the-fly atomic UHF (no occupation information).

   -------------------------
    Irrep   Nso     Nmo    
   -------------------------
     A         28      28 
   -------------------------
    Total      28      28
   -------------------------

  ==> Iterations <==

                           Total Energy        Delta E     RMS |[F,P]|

   @DF-RHF iter SAD:    -1.05567080240458   -1.05567e+00   0.00000e+00 
   @DF-RHF iter   1:    -1.05967656226615   -4.00576e-03   4.26196e-03 DIIS/ADIIS
   @DF-RHF iter   2:    -1.07800887220504   -1.83323e-02   7.77916e-04 DIIS/ADIIS
   @DF-RHF iter   3:    -1.07871633871846   -7.07467e-04   6.40430e-05 DIIS
   @DF-RHF iter   4:    -1.07871990664189   -3.56792e-06   3.33315e-06 DIIS
   @DF-RHF iter   5:    -1.07871991408218   -7.44029e-09   2.78646e-07 DIIS
   @DF-RHF iter   6:    -1.07871991415964   -7.74629e-11   5.45611e-09 DIIS
   @DF-RHF iter   7:    -1.07871991415967   -2.44249e-14   1.54617e-10 DIIS
   @DF-RHF iter   8:    -1.07871991415967    4.44089e-16   1.87371e-11 DIIS
  Energy and wave function converged.


  ==> Post-Iterations <==

    Orbital Energies [Eh]
    ---------------------

    Doubly Occupied:                                                      

       1A     -0.501002  

    Virtual:                                                              

       2A      0.101969     3A      0.338522     4A      0.511097  
       5A      0.666845     6A      0.666845     7A      0.959081  
       8A      1.031627     9A      1.031627    10A      1.449088  
      11A      2.558952    12A      2.688803    13A      3.149749  
      14A      3.149749    15A      3.253209    16A      3.253209  
      17A      3.311293    18A      3.719804    19A      3.719804  
      20A      3.908351    21A      3.908351    22A      3.994878  
      23A      3.994878    24A      4.058672    25A      4.621947  
      26A      4.621947    27A      4.736648    28A      5.975392  

    Final Occupation by Irrep:
              A 
    DOCC [     1 ]
    NA   [     1 ]
    NB   [     1 ]

  @DF-RHF Final Energy:    -1.07871991415967

   => Energetics <=

    Nuclear Repulsion Energy =              0.4719688635705406
    One-Electron Energy =                  -2.0993739937741216
    Two-Electron Energy =                   0.5486852160439150
    Total Energy =                         -1.0787199141596662

Computation Completed


Properties will be evaluated at   0.000000,   0.000000,   0.000000 [a0]

Properties computed using the SCF density matrix


 Multipole Moments:

 ------------------------------------------------------------------------------------
     Multipole            Electronic (a.u.)      Nuclear  (a.u.)        Total (a.u.)
 ------------------------------------------------------------------------------------

 L = 1.  Multiply by 2.5417464519 to convert [e a0] to [Debye]
 Dipole X            :          0.0000000            0.0000000            0.0000000
 Dipole Y            :         -0.0000000            0.0000000           -0.0000000
 Dipole Z            :          0.0000000            0.0000000            0.0000000
 Magnitude           :                                                    0.0000000

 ------------------------------------------------------------------------------------

*** tstop() called on Angelinas-MacBook-Pro-574.local at Thu Feb 12 13:22:56 2026
Module time:
	user time   =       0.05 seconds =       0.00 minutes
	system time =       0.01 seconds =       0.00 minutes
	total time  =          0 seconds =       0.00 minutes
Total time:
	user time   =      57.67 seconds =       0.96 minutes
	system time =      16.06 seconds =       0.27 minutes
	total time  =      61568 seconds =    1026.13 minutes

Scratch directory: /tmp/
   => Libint2 <=

    Primary   basis highest AM E, G, H:  6, 6, 3
    Auxiliary basis highest AM E, G, H:  7, 7, 4
    Onebody   basis highest AM E, G, H:  -, -, -
    Solid Harmonics ordering:            Gaussian

*** tstart() called on Angelinas-MacBook-Pro-574.local
*** at Thu Feb 12 13:22:57 2026

   => Loading Basis Set <=

    Name: CC-PVTZ
    Role: ORBITAL
    Keyword: BASIS
    atoms 1-2 entry H          line    23 file /opt/anaconda3/envs/psi4/share/psi4/basis/cc-pvtz.gbs 


         ---------------------------------------------------------
                                   SCF
               by Justin Turney, Rob Parrish, Andy Simmonett
                          and Daniel G. A. Smith
                              RHF Reference
                        4 Threads,   1907 MiB Core
         ---------------------------------------------------------

  ==> Geometry <==

    Molecular point group: c1
    Full point group: D_inf_h

    Geometry (in Angstrom), charge = 0, multiplicity = 1:

       Center              X                  Y                   Z               Mass       
    ------------   -----------------  -----------------  -----------------  -----------------
         H            0.000000000000     0.000000000000    -0.579797979798     1.007825032230
         H            0.000000000000     0.000000000000     0.579797979798     1.007825032230

  Running in c1 symmetry.

  Rotational constants: A = ************  B =     24.87872  C =     24.87872 [cm^-1]
  Rotational constants: A = ************  B = 745845.14480  C = 745845.14480 [MHz]
  Nuclear repulsion =    0.456346200839112

  Charge       = 0
  Multiplicity = 1
  Electrons    = 2
  Nalpha       = 1
  Nbeta        = 1

  ==> Algorithm <==

  SCF Algorithm Type is DF.
  DIIS enabled.
  MOM disabled.
  Fractional occupation disabled.
  Guess Type is SAD.
  Energy threshold   = 1.00e-10
  Density threshold  = 1.00e-10
  Integral threshold = 1.00e-12

  ==> Primary Basis <==

  Basis Set: CC-PVTZ
    Blend: CC-PVTZ
    Number of shells: 12
    Number of basis functions: 28
    Number of Cartesian functions: 30
    Spherical Harmonics?: true
    Max angular momentum: 2

   => Loading Basis Set <=

    Name: (CC-PVTZ AUX)
    Role: JKFIT
    Keyword: DF_BASIS_SCF
    atoms 1-2 entry H          line    51 file /opt/anaconda3/envs/psi4/share/psi4/basis/cc-pvtz-jkfit.gbs 

  ==> Integral Setup <==

  DFHelper Memory: AOs need 0.001 GiB; user supplied 1.397 GiB. 
  SCF_SUBTYPE=INCORE selected. In-core MEM_DF algorithm will be used.
  Using in-core AOs.

  ==> MemDFJK: Density-Fitted J/K Matrices <==

    J tasked:                   Yes
    K tasked:                   Yes
    wK tasked:                   No
    OpenMP threads:               4
    Memory [MiB]:              1430
    Algorithm:                 Core
    Schwarz Cutoff:           1E-12
    Mask sparsity (%):       0.0000
    Fitting Condition:        1E-10

   => Auxiliary Basis Set <=

  Basis Set: (CC-PVTZ AUX)
    Blend: CC-PVTZ-JKFIT
    Number of shells: 20
    Number of basis functions: 60
    Number of Cartesian functions: 70
    Spherical Harmonics?: true
    Max angular momentum: 3

  Minimum eigenvalue in the overlap matrix is 1.6184506564E-02.
  Reciprocal condition number of the overlap matrix is 4.3047712843E-03.
    Using symmetric orthogonalization.

  ==> Pre-Iterations <==

  SCF Guess: Superposition of Atomic Densities via on-the-fly atomic UHF (no occupation information).

   -------------------------
    Irrep   Nso     Nmo    
   -------------------------
     A         28      28 
   -------------------------
    Total      28      28
   -------------------------

  ==> Iterations <==

                           Total Energy        Delta E     RMS |[F,P]|

   @DF-RHF iter SAD:    -1.04390269928888   -1.04390e+00   0.00000e+00 
   @DF-RHF iter   1:    -1.05262907787766   -8.72638e-03   4.16659e-03 DIIS/ADIIS
   @DF-RHF iter   2:    -1.07032783858651   -1.76988e-02   7.66554e-04 DIIS/ADIIS
   @DF-RHF iter   3:    -1.07101915402746   -6.91315e-04   6.09681e-05 DIIS
   @DF-RHF iter   4:    -1.07102240537479   -3.25135e-06   3.27434e-06 DIIS
   @DF-RHF iter   5:    -1.07102241263363   -7.25884e-09   2.66075e-07 DIIS
   @DF-RHF iter   6:    -1.07102241270489   -7.12599e-11   5.20135e-09 DIIS
   @DF-RHF iter   7:    -1.07102241270491   -2.08722e-14   1.38530e-10 DIIS
   @DF-RHF iter   8:    -1.07102241270491    1.11022e-15   1.68204e-11 DIIS
  Energy and wave function converged.


  ==> Post-Iterations <==

    Orbital Energies [Eh]
    ---------------------

    Doubly Occupied:                                                      

       1A     -0.493689  

    Virtual:                                                              

       2A      0.094696     3A      0.341658     4A      0.501555  
       5A      0.665910     6A      0.665910     7A      0.943532  
       8A      1.021628     9A      1.021628    10A      1.439267  
      11A      2.567352    12A      2.701505    13A      3.132213  
      14A      3.132213    15A      3.268175    16A      3.269097  
      17A      3.269097    18A      3.690534    19A      3.690534  
      20A      3.901177    21A      3.901177    22A      3.986778  
      23A      3.986778    24A      4.061417    25A      4.540366  
      26A      4.540366    27A      4.671983    28A      5.886317  

    Final Occupation by Irrep:
              A 
    DOCC [     1 ]
    NA   [     1 ]
    NB   [     1 ]

  @DF-RHF Final Energy:    -1.07102241270491

   => Energetics <=

    Nuclear Repulsion Energy =              0.4563462008391115
    One-Electron Energy =                  -2.0673597879136438
    Two-Electron Energy =                   0.5399911743696186
    Total Energy =                         -1.0710224127049137

Computation Completed


Properties will be evaluated at   0.000000,   0.000000,   0.000000 [a0]

Properties computed using the SCF density matrix


 Multipole Moments:

 ------------------------------------------------------------------------------------
     Multipole            Electronic (a.u.)      Nuclear  (a.u.)        Total (a.u.)
 ------------------------------------------------------------------------------------

 L = 1.  Multiply by 2.5417464519 to convert [e a0] to [Debye]
 Dipole X            :          0.0000000            0.0000000            0.0000000
 Dipole Y            :          0.0000000            0.0000000            0.0000000
 Dipole Z            :          0.0000000            0.0000000            0.0000000
 Magnitude           :                                                    0.0000000

 ------------------------------------------------------------------------------------

*** tstop() called on Angelinas-MacBook-Pro-574.local at Thu Feb 12 13:22:57 2026
Module time:
	user time   =       0.05 seconds =       0.00 minutes
	system time =       0.00 seconds =       0.00 minutes
	total time  =          0 seconds =       0.00 minutes
Total time:
	user time   =      57.74 seconds =       0.96 minutes
	system time =      16.06 seconds =       0.27 minutes
	total time  =      61569 seconds =    1026.15 minutes

Scratch directory: /tmp/
   => Libint2 <=

    Primary   basis highest AM E, G, H:  6, 6, 3
    Auxiliary basis highest AM E, G, H:  7, 7, 4
    Onebody   basis highest AM E, G, H:  -, -, -
    Solid Harmonics ordering:            Gaussian

*** tstart() called on Angelinas-MacBook-Pro-574.local
*** at Thu Feb 12 13:22:57 2026

   => Loading Basis Set <=

    Name: CC-PVTZ
    Role: ORBITAL
    Keyword: BASIS
    atoms 1-2 entry H          line    23 file /opt/anaconda3/envs/psi4/share/psi4/basis/cc-pvtz.gbs 


         ---------------------------------------------------------
                                   SCF
               by Justin Turney, Rob Parrish, Andy Simmonett
                          and Daniel G. A. Smith
                              RHF Reference
                        4 Threads,   1907 MiB Core
         ---------------------------------------------------------

  ==> Geometry <==

    Molecular point group: c1
    Full point group: D_inf_h

    Geometry (in Angstrom), charge = 0, multiplicity = 1:

       Center              X                  Y                   Z               Mass       
    ------------   -----------------  -----------------  -----------------  -----------------
         H            0.000000000000     0.000000000000    -0.598989898990     1.007825032230
         H            0.000000000000     0.000000000000     0.598989898990     1.007825032230

  Running in c1 symmetry.

  Rotational constants: A = ************  B =     23.31000  C =     23.31000 [cm^-1]
  Rotational constants: A = ************  B = 698816.36214  C = 698816.36214 [MHz]
  Nuclear repulsion =    0.441724653088786

  Charge       = 0
  Multiplicity = 1
  Electrons    = 2
  Nalpha       = 1
  Nbeta        = 1

  ==> Algorithm <==

  SCF Algorithm Type is DF.
  DIIS enabled.
  MOM disabled.
  Fractional occupation disabled.
  Guess Type is SAD.
  Energy threshold   = 1.00e-10
  Density threshold  = 1.00e-10
  Integral threshold = 1.00e-12

  ==> Primary Basis <==

  Basis Set: CC-PVTZ
    Blend: CC-PVTZ
    Number of shells: 12
    Number of basis functions: 28
    Number of Cartesian functions: 30
    Spherical Harmonics?: true
    Max angular momentum: 2

   => Loading Basis Set <=

    Name: (CC-PVTZ AUX)
    Role: JKFIT
    Keyword: DF_BASIS_SCF
    atoms 1-2 entry H          line    51 file /opt/anaconda3/envs/psi4/share/psi4/basis/cc-pvtz-jkfit.gbs 

  ==> Integral Setup <==

  DFHelper Memory: AOs need 0.001 GiB; user supplied 1.397 GiB. 
  SCF_SUBTYPE=INCORE selected. In-core MEM_DF algorithm will be used.
  Using in-core AOs.

  ==> MemDFJK: Density-Fitted J/K Matrices <==

    J tasked:                   Yes
    K tasked:                   Yes
    wK tasked:                   No
    OpenMP threads:               4
    Memory [MiB]:              1430
    Algorithm:                 Core
    Schwarz Cutoff:           1E-12
    Mask sparsity (%):       0.0000
    Fitting Condition:        1E-10

   => Auxiliary Basis Set <=

  Basis Set: (CC-PVTZ AUX)
    Blend: CC-PVTZ-JKFIT
    Number of shells: 20
    Number of basis functions: 60
    Number of Cartesian functions: 70
    Spherical Harmonics?: true
    Max angular momentum: 3

  Minimum eigenvalue in the overlap matrix is 1.9600037041E-02.
  Reciprocal condition number of the overlap matrix is 5.2817797492E-03.
    Using symmetric orthogonalization.

  ==> Pre-Iterations <==

  SCF Guess: Superposition of Atomic Densities via on-the-fly atomic UHF (no occupation information).

   -------------------------
    Irrep   Nso     Nmo    
   -------------------------
     A         28      28 
   -------------------------
    Total      28      28
   -------------------------

  ==> Iterations <==

                           Total Energy        Delta E     RMS |[F,P]|

   @DF-RHF iter SAD:    -1.03232643862549   -1.03233e+00   0.00000e+00 
   @DF-RHF iter   1:    -1.04551138354191   -1.31849e-02   4.07445e-03 DIIS/ADIIS
   @DF-RHF iter   2:    -1.06259996531244   -1.70886e-02   7.55442e-04 DIIS/ADIIS
   @DF-RHF iter   3:    -1.06327532815395   -6.75363e-04   5.80421e-05 DIIS
   @DF-RHF iter   4:    -1.06327829095997   -2.96281e-06   3.21235e-06 DIIS
   @DF-RHF iter   5:    -1.06327829802479   -7.06482e-09   2.53417e-07 DIIS
   @DF-RHF iter   6:    -1.06327829808998   -6.51870e-11   4.92457e-09 DIIS
   @DF-RHF iter   7:    -1.06327829809000   -1.97620e-14   1.24735e-10 DIIS
   @DF-RHF iter   8:    -1.06327829809000   -2.22045e-16   1.50094e-11 DIIS
  Energy and wave function converged.


  ==> Post-Iterations <==

    Orbital Energies [Eh]
    ---------------------

    Doubly Occupied:                                                      

       1A     -0.486679  

    Virtual:                                                              

       2A      0.087413     3A      0.344750     4A      0.492767  
       5A      0.665234     6A      0.665234     7A      0.928035  
       8A      1.011663     9A      1.011663    10A      1.428771  
      11A      2.573374    12A      2.708238    13A      3.118826  
      14A      3.118826    15A      3.228818    16A      3.285007  
      17A      3.285007    18A      3.663079    19A      3.663079  
      20A      3.895229    21A      3.895229    22A      3.976219  
      23A      3.976219    24A      4.065519    25A      4.463580  
      26A      4.463580    27A      4.611379    28A      5.793007  

    Final Occupation by Irrep:
              A 
    DOCC [     1 ]
    NA   [     1 ]
    NB   [     1 ]

  @DF-RHF Final Energy:    -1.06327829809000

   => Energetics <=

    Nuclear Repulsion Energy =              0.4417246530887859
    One-Electron Energy =                  -2.0366476386062704
    Two-Electron Energy =                   0.5316446874274863
    Total Energy =                         -1.0632782980899982

Computation Completed


Properties will be evaluated at   0.000000,   0.000000,   0.000000 [a0]

Properties computed using the SCF density matrix


 Multipole Moments:

 ------------------------------------------------------------------------------------
     Multipole            Electronic (a.u.)      Nuclear  (a.u.)        Total (a.u.)
 ------------------------------------------------------------------------------------

 L = 1.  Multiply by 2.5417464519 to convert [e a0] to [Debye]
 Dipole X            :          0.0000000            0.0000000            0.0000000
 Dipole Y            :          0.0000000            0.0000000            0.0000000
 Dipole Z            :          0.0000000            0.0000000            0.0000000
 Magnitude           :                                                    0.0000000

 ------------------------------------------------------------------------------------

*** tstop() called on Angelinas-MacBook-Pro-574.local at Thu Feb 12 13:22:57 2026
Module time:
	user time   =       0.06 seconds =       0.00 minutes
	system time =       0.01 seconds =       0.00 minutes
	total time  =          0 seconds =       0.00 minutes
Total time:
	user time   =      57.81 seconds =       0.96 minutes
	system time =      16.07 seconds =       0.27 minutes
	total time  =      61569 seconds =    1026.15 minutes

Scratch directory: /tmp/
   => Libint2 <=

    Primary   basis highest AM E, G, H:  6, 6, 3
    Auxiliary basis highest AM E, G, H:  7, 7, 4
    Onebody   basis highest AM E, G, H:  -, -, -
    Solid Harmonics ordering:            Gaussian

*** tstart() called on Angelinas-MacBook-Pro-574.local
*** at Thu Feb 12 13:22:57 2026

   => Loading Basis Set <=

    Name: CC-PVTZ
    Role: ORBITAL
    Keyword: BASIS
    atoms 1-2 entry H          line    23 file /opt/anaconda3/envs/psi4/share/psi4/basis/cc-pvtz.gbs 


         ---------------------------------------------------------
                                   SCF
               by Justin Turney, Rob Parrish, Andy Simmonett
                          and Daniel G. A. Smith
                              RHF Reference
                        4 Threads,   1907 MiB Core
         ---------------------------------------------------------

  ==> Geometry <==

    Molecular point group: c1
    Full point group: D_inf_h

    Geometry (in Angstrom), charge = 0, multiplicity = 1:

       Center              X                  Y                   Z               Mass       
    ------------   -----------------  -----------------  -----------------  -----------------
         H            0.000000000000     0.000000000000    -0.618181818182     1.007825032230
         H            0.000000000000     0.000000000000     0.618181818182     1.007825032230

  Running in c1 symmetry.

  Rotational constants: A = ************  B =     21.88512  C =     21.88512 [cm^-1]
  Rotational constants: A = ************  B = 656099.34995  C = 656099.34995 [MHz]
  Nuclear repulsion =    0.428010979218382

  Charge       = 0
  Multiplicity = 1
  Electrons    = 2
  Nalpha       = 1
  Nbeta        = 1

  ==> Algorithm <==

  SCF Algorithm Type is DF.
  DIIS enabled.
  MOM disabled.
  Fractional occupation disabled.
  Guess Type is SAD.
  Energy threshold   = 1.00e-10
  Density threshold  = 1.00e-10
  Integral threshold = 1.00e-12

  ==> Primary Basis <==

  Basis Set: CC-PVTZ
    Blend: CC-PVTZ
    Number of shells: 12
    Number of basis functions: 28
    Number of Cartesian functions: 30
    Spherical Harmonics?: true
    Max angular momentum: 2

   => Loading Basis Set <=

    Name: (CC-PVTZ AUX)
    Role: JKFIT
    Keyword: DF_BASIS_SCF
    atoms 1-2 entry H          line    51 file /opt/anaconda3/envs/psi4/share/psi4/basis/cc-pvtz-jkfit.gbs 

  ==> Integral Setup <==

  DFHelper Memory: AOs need 0.001 GiB; user supplied 1.397 GiB. 
  SCF_SUBTYPE=INCORE selected. In-core MEM_DF algorithm will be used.
  Using in-core AOs.

  ==> MemDFJK: Density-Fitted J/K Matrices <==

    J tasked:                   Yes
    K tasked:                   Yes
    wK tasked:                   No
    OpenMP threads:               4
    Memory [MiB]:              1430
    Algorithm:                 Core
    Schwarz Cutoff:           1E-12
    Mask sparsity (%):       0.0000
    Fitting Condition:        1E-10

   => Auxiliary Basis Set <=

  Basis Set: (CC-PVTZ AUX)
    Blend: CC-PVTZ-JKFIT
    Number of shells: 20
    Number of basis functions: 60
    Number of Cartesian functions: 70
    Spherical Harmonics?: true
    Max angular momentum: 3

  Minimum eigenvalue in the overlap matrix is 2.3576838172E-02.
  Reciprocal condition number of the overlap matrix is 6.4389018524E-03.
    Using symmetric orthogonalization.

  ==> Pre-Iterations <==

  SCF Guess: Superposition of Atomic Densities via on-the-fly atomic UHF (no occupation information).

   -------------------------
    Irrep   Nso     Nmo    
   -------------------------
     A         28      28 
   -------------------------
    Total      28      28
   -------------------------

  ==> Iterations <==

                           Total Energy        Delta E     RMS |[F,P]|

   @DF-RHF iter SAD:    -1.02099920023883   -1.02100e+00   0.00000e+00 
   @DF-RHF iter   1:    -1.03836599538997   -1.73668e-02   3.98552e-03 DIIS/ADIIS
   @DF-RHF iter   2:    -1.05486752816820   -1.65015e-02   7.44564e-04 DIIS/ADIIS
   @DF-RHF iter   3:    -1.05552714677744   -6.59619e-04   5.52668e-05 DIIS
   @DF-RHF iter   4:    -1.05552984738161   -2.70060e-06   3.14696e-06 DIIS
   @DF-RHF iter   5:    -1.05552985423991   -6.85830e-09   2.40808e-07 DIIS
   @DF-RHF iter   6:    -1.05552985429925   -5.93414e-11   4.60925e-09 DIIS
   @DF-RHF iter   7:    -1.05552985429927   -1.88738e-14   1.12507e-10 DIIS
   @DF-RHF iter   8:    -1.05552985429927    6.66134e-16   1.33795e-11 DIIS
  Energy and wave function converged.


  ==> Post-Iterations <==

    Orbital Energies [Eh]
    ---------------------

    Doubly Occupied:                                                      

       1A     -0.479956  

    Virtual:                                                              

       2A      0.080142     3A      0.347797     4A      0.484691  
       5A      0.664804     6A      0.664804     7A      0.912651  
       8A      1.001766     9A      1.001766    10A      1.417658  
      11A      2.576588    12A      2.710421    13A      3.109829  
      14A      3.109829    15A      3.194336    16A      3.300612  
      17A      3.300612    18A      3.637473    19A      3.637473  
      20A      3.890210    21A      3.890210    22A      3.963129  
      23A      3.963129    24A      4.068748    25A      4.391864  
      26A      4.391864    27A      4.554289    28A      5.696553  

    Final Occupation by Irrep:
              A 
    DOCC [     1 ]
    NA   [     1 ]
    NB   [     1 ]

  @DF-RHF Final Energy:    -1.05552985429927

   => Energetics <=

    Nuclear Repulsion Energy =              0.4280109792183824
    One-Electron Energy =                  -2.0071690200938890
    Two-Electron Energy =                   0.5236281865762352
    Total Energy =                         -1.0555298542992713

Computation Completed


Properties will be evaluated at   0.000000,   0.000000,   0.000000 [a0]

Properties computed using the SCF density matrix


 Multipole Moments:

 ------------------------------------------------------------------------------------
     Multipole            Electronic (a.u.)      Nuclear  (a.u.)        Total (a.u.)
 ------------------------------------------------------------------------------------

 L = 1.  Multiply by 2.5417464519 to convert [e a0] to [Debye]
 Dipole X            :         -0.0000000            0.0000000           -0.0000000
 Dipole Y            :          0.0000000            0.0000000            0.0000000
 Dipole Z            :          0.0000000            0.0000000            0.0000000
 Magnitude           :                                                    0.0000000

 ------------------------------------------------------------------------------------

*** tstop() called on Angelinas-MacBook-Pro-574.local at Thu Feb 12 13:22:57 2026
Module time:
	user time   =       0.05 seconds =       0.00 minutes
	system time =       0.00 seconds =       0.00 minutes
	total time  =          0 seconds =       0.00 minutes
Total time:
	user time   =      57.87 seconds =       0.96 minutes
	system time =      16.07 seconds =       0.27 minutes
	total time  =      61569 seconds =    1026.15 minutes

Scratch directory: /tmp/
   => Libint2 <=

    Primary   basis highest AM E, G, H:  6, 6, 3
    Auxiliary basis highest AM E, G, H:  7, 7, 4
    Onebody   basis highest AM E, G, H:  -, -, -
    Solid Harmonics ordering:            Gaussian

*** tstart() called on Angelinas-MacBook-Pro-574.local
*** at Thu Feb 12 13:22:57 2026

   => Loading Basis Set <=

    Name: CC-PVTZ
    Role: ORBITAL
    Keyword: BASIS
    atoms 1-2 entry H          line    23 file /opt/anaconda3/envs/psi4/share/psi4/basis/cc-pvtz.gbs 


         ---------------------------------------------------------
                                   SCF
               by Justin Turney, Rob Parrish, Andy Simmonett
                          and Daniel G. A. Smith
                              RHF Reference
                        4 Threads,   1907 MiB Core
         ---------------------------------------------------------

  ==> Geometry <==

    Molecular point group: c1
    Full point group: D_inf_h

    Geometry (in Angstrom), charge = 0, multiplicity = 1:

       Center              X                  Y                   Z               Mass       
    ------------   -----------------  -----------------  -----------------  -----------------
         H            0.000000000000     0.000000000000    -0.637373737374     1.007825032230
         H            0.000000000000     0.000000000000     0.637373737374     1.007825032230

  Running in c1 symmetry.

  Rotational constants: A = ************  B =     20.58700  C =     20.58700 [cm^-1]
  Rotational constants: A = ************  B = 617182.68472  C = 617182.68472 [MHz]
  Nuclear repulsion =    0.415123168433677

  Charge       = 0
  Multiplicity = 1
  Electrons    = 2
  Nalpha       = 1
  Nbeta        = 1

  ==> Algorithm <==

  SCF Algorithm Type is DF.
  DIIS enabled.
  MOM disabled.
  Fractional occupation disabled.
  Guess Type is SAD.
  Energy threshold   = 1.00e-10
  Density threshold  = 1.00e-10
  Integral threshold = 1.00e-12

  ==> Primary Basis <==

  Basis Set: CC-PVTZ
    Blend: CC-PVTZ
    Number of shells: 12
    Number of basis functions: 28
    Number of Cartesian functions: 30
    Spherical Harmonics?: true
    Max angular momentum: 2

   => Loading Basis Set <=

    Name: (CC-PVTZ AUX)
    Role: JKFIT
    Keyword: DF_BASIS_SCF
    atoms 1-2 entry H          line    51 file /opt/anaconda3/envs/psi4/share/psi4/basis/cc-pvtz-jkfit.gbs 

  ==> Integral Setup <==

  DFHelper Memory: AOs need 0.001 GiB; user supplied 1.397 GiB. 
  SCF_SUBTYPE=INCORE selected. In-core MEM_DF algorithm will be used.
  Using in-core AOs.

  ==> MemDFJK: Density-Fitted J/K Matrices <==

    J tasked:                   Yes
    K tasked:                   Yes
    wK tasked:                   No
    OpenMP threads:               4
    Memory [MiB]:              1430
    Algorithm:                 Core
    Schwarz Cutoff:           1E-12
    Mask sparsity (%):       0.0000
    Fitting Condition:        1E-10

   => Auxiliary Basis Set <=

  Basis Set: (CC-PVTZ AUX)
    Blend: CC-PVTZ-JKFIT
    Number of shells: 20
    Number of basis functions: 60
    Number of Cartesian functions: 70
    Spherical Harmonics?: true
    Max angular momentum: 3

  Minimum eigenvalue in the overlap matrix is 2.8143371661E-02.
  Reciprocal condition number of the overlap matrix is 7.7914226702E-03.
    Using symmetric orthogonalization.

  ==> Pre-Iterations <==

  SCF Guess: Superposition of Atomic Densities via on-the-fly atomic UHF (no occupation information).

   -------------------------
    Irrep   Nso     Nmo    
   -------------------------
     A         28      28 
   -------------------------
    Total      28      28
   -------------------------

  ==> Iterations <==

                           Total Energy        Delta E     RMS |[F,P]|

   @DF-RHF iter SAD:    -1.00996667294263   -1.00997e+00   0.00000e+00 
   @DF-RHF iter   1:    -1.03122779473212   -2.12611e-02   3.89975e-03 DIIS/ADIIS
   @DF-RHF iter   2:    -1.04716501891324   -1.59372e-02   7.33906e-04 DIIS/ADIIS
   @DF-RHF iter   3:    -1.04780910724862   -6.44088e-04   5.26436e-05 DIIS
   @DF-RHF iter   4:    -1.04781157026848   -2.46302e-06   3.07798e-06 DIIS
   @DF-RHF iter   5:    -1.04781157690764   -6.63916e-09   2.28376e-07 DIIS
   @DF-RHF iter   6:    -1.04781157696144   -5.38023e-11   4.25229e-09 DIIS
   @DF-RHF iter   7:    -1.04781157696146   -1.42109e-14   1.01332e-10 DIIS
   @DF-RHF iter   8:    -1.04781157696145    6.66134e-16   1.20186e-11 DIIS
  Energy and wave function converged.


  ==> Post-Iterations <==

    Orbital Energies [Eh]
    ---------------------

    Doubly Occupied:                                                      

       1A     -0.473505  

    Virtual:                                                              

       2A      0.072908     3A      0.350798     4A      0.477281  
       5A      0.664610     6A      0.664610     7A      0.897423  
       8A      0.991967     9A      0.991967    10A      1.405987  
      11A      2.576619    12A      2.709285    13A      3.105295  
      14A      3.105295    15A      3.165653    16A      3.315631  
      17A      3.315631    18A      3.613731    19A      3.613731  
      20A      3.885862    21A      3.885862    22A      3.947304  
      23A      3.947304    24A      4.069506    25A      4.325635  
      26A      4.325635    27A      4.500332    28A      5.598269  

    Final Occupation by Irrep:
              A 
    DOCC [     1 ]
    NA   [     1 ]
    NB   [     1 ]

  @DF-RHF Final Energy:    -1.04781157696145

   => Energetics <=

    Nuclear Repulsion Energy =              0.4151231684336768
    One-Electron Energy =                  -1.9788599317253739
    Two-Electron Energy =                   0.5159251863302426
    Total Energy =                         -1.0478115769614544

Computation Completed


Properties will be evaluated at   0.000000,   0.000000,   0.000000 [a0]

Properties computed using the SCF density matrix


 Multipole Moments:

 ------------------------------------------------------------------------------------
     Multipole            Electronic (a.u.)      Nuclear  (a.u.)        Total (a.u.)
 ------------------------------------------------------------------------------------

 L = 1.  Multiply by 2.5417464519 to convert [e a0] to [Debye]
 Dipole X            :         -0.0000000            0.0000000           -0.0000000
 Dipole Y            :          0.0000000            0.0000000            0.0000000
 Dipole Z            :          0.0000000            0.0000000            0.0000000
 Magnitude           :                                                    0.0000000

 ------------------------------------------------------------------------------------

*** tstop() called on Angelinas-MacBook-Pro-574.local at Thu Feb 12 13:22:57 2026
Module time:
	user time   =       0.05 seconds =       0.00 minutes
	system time =       0.01 seconds =       0.00 minutes
	total time  =          0 seconds =       0.00 minutes
Total time:
	user time   =      57.94 seconds =       0.97 minutes
	system time =      16.08 seconds =       0.27 minutes
	total time  =      61569 seconds =    1026.15 minutes

Scratch directory: /tmp/
   => Libint2 <=

    Primary   basis highest AM E, G, H:  6, 6, 3
    Auxiliary basis highest AM E, G, H:  7, 7, 4
    Onebody   basis highest AM E, G, H:  -, -, -
    Solid Harmonics ordering:            Gaussian

*** tstart() called on Angelinas-MacBook-Pro-574.local
*** at Thu Feb 12 13:22:57 2026

   => Loading Basis Set <=

    Name: CC-PVTZ
    Role: ORBITAL
    Keyword: BASIS
    atoms 1-2 entry H          line    23 file /opt/anaconda3/envs/psi4/share/psi4/basis/cc-pvtz.gbs 


         ---------------------------------------------------------
                                   SCF
               by Justin Turney, Rob Parrish, Andy Simmonett
                          and Daniel G. A. Smith
                              RHF Reference
                        4 Threads,   1907 MiB Core
         ---------------------------------------------------------

  ==> Geometry <==

    Molecular point group: c1
    Full point group: D_inf_h

    Geometry (in Angstrom), charge = 0, multiplicity = 1:

       Center              X                  Y                   Z               Mass       
    ------------   -----------------  -----------------  -----------------  -----------------
         H            0.000000000000     0.000000000000    -0.656565656566     1.007825032230
         H            0.000000000000     0.000000000000     0.656565656566     1.007825032230

  Running in c1 symmetry.

  Rotational constants: A = ************  B =     19.40104  C =     19.40104 [cm^-1]
  Rotational constants: A = ************  B = 581628.57971  C = 581628.57971 [MHz]
  Nuclear repulsion =    0.402988798894846

  Charge       = 0
  Multiplicity = 1
  Electrons    = 2
  Nalpha       = 1
  Nbeta        = 1

  ==> Algorithm <==

  SCF Algorithm Type is DF.
  DIIS enabled.
  MOM disabled.
  Fractional occupation disabled.
  Guess Type is SAD.
  Energy threshold   = 1.00e-10
  Density threshold  = 1.00e-10
  Integral threshold = 1.00e-12

  ==> Primary Basis <==

  Basis Set: CC-PVTZ
    Blend: CC-PVTZ
    Number of shells: 12
    Number of basis functions: 28
    Number of Cartesian functions: 30
    Spherical Harmonics?: true
    Max angular momentum: 2

   => Loading Basis Set <=

    Name: (CC-PVTZ AUX)
    Role: JKFIT
    Keyword: DF_BASIS_SCF
    atoms 1-2 entry H          line    51 file /opt/anaconda3/envs/psi4/share/psi4/basis/cc-pvtz-jkfit.gbs 

  ==> Integral Setup <==

  DFHelper Memory: AOs need 0.001 GiB; user supplied 1.397 GiB. 
  SCF_SUBTYPE=INCORE selected. In-core MEM_DF algorithm will be used.
  Using in-core AOs.

  ==> MemDFJK: Density-Fitted J/K Matrices <==

    J tasked:                   Yes
    K tasked:                   Yes
    wK tasked:                   No
    OpenMP threads:               4
    Memory [MiB]:              1430
    Algorithm:                 Core
    Schwarz Cutoff:           1E-12
    Mask sparsity (%):       0.0000
    Fitting Condition:        1E-10

   => Auxiliary Basis Set <=

  Basis Set: (CC-PVTZ AUX)
    Blend: CC-PVTZ-JKFIT
    Number of shells: 20
    Number of basis functions: 60
    Number of Cartesian functions: 70
    Spherical Harmonics?: true
    Max angular momentum: 3

  Minimum eigenvalue in the overlap matrix is 3.3307409933E-02.
  Reciprocal condition number of the overlap matrix is 9.3494899790E-03.
    Using symmetric orthogonalization.

  ==> Pre-Iterations <==

  SCF Guess: Superposition of Atomic Densities via on-the-fly atomic UHF (no occupation information).

   -------------------------
    Irrep   Nso     Nmo    
   -------------------------
     A         28      28 
   -------------------------
    Total      28      28
   -------------------------

  ==> Iterations <==

                           Total Energy        Delta E     RMS |[F,P]|

   @DF-RHF iter SAD:    -0.99926485804548   -9.99265e-01   0.00000e+00 
   @DF-RHF iter   1:    -1.02412535360117   -2.48605e-02   3.81711e-03 DIIS/ADIIS
   @DF-RHF iter   2:    -1.03952050423696   -1.53952e-02   7.23453e-04 DIIS/ADIIS
   @DF-RHF iter   3:    -1.04014927906791   -6.28775e-04   5.01731e-05 DIIS
   @DF-RHF iter   4:    -1.04015152737526   -2.24831e-06   3.00527e-06 DIIS
   @DF-RHF iter   5:    -1.04015153378276   -6.40750e-09   2.16249e-07 DIIS
   @DF-RHF iter   6:    -1.04015153383138   -4.86173e-11   3.86391e-09 DIIS
   @DF-RHF iter   7:    -1.04015153383139   -1.24345e-14   9.10031e-11 DIIS
  Energy and wave function converged.


  ==> Post-Iterations <==

    Orbital Energies [Eh]
    ---------------------

    Doubly Occupied:                                                      

       1A     -0.467310  

    Virtual:                                                              

       2A      0.065731     3A      0.353755     4A      0.470491  
       5A      0.664647     6A      0.664647     7A      0.882385  
       8A      0.982290     9A      0.982290    10A      1.393816  
      11A      2.573246    12A      2.705815    13A      3.105128  
      14A      3.105128    15A      3.143402    16A      3.329837  
      17A      3.329837    18A      3.591843    19A      3.591843  
      20A      3.881959    21A      3.881959    22A      3.928424  
      23A      3.928424    24A      4.066746    25A      4.265431  
      26A      4.265431    27A      4.449265    28A      5.499525  

    Final Occupation by Irrep:
              A 
    DOCC [     1 ]
    NA   [     1 ]
    NB   [     1 ]

  @DF-RHF Final Energy:    -1.04015153383139

   => Energetics <=

    Nuclear Repulsion Energy =              0.4029887988948462
    One-Electron Energy =                  -1.9516605275239811
    Two-Electron Energy =                   0.5085201947977451
    Total Energy =                         -1.0401515338313898

Computation Completed


Properties will be evaluated at   0.000000,   0.000000,   0.000000 [a0]

Properties computed using the SCF density matrix


 Multipole Moments:

 ------------------------------------------------------------------------------------
     Multipole            Electronic (a.u.)      Nuclear  (a.u.)        Total (a.u.)
 ------------------------------------------------------------------------------------

 L = 1.  Multiply by 2.5417464519 to convert [e a0] to [Debye]
 Dipole X            :          0.0000000            0.0000000            0.0000000
 Dipole Y            :         -0.0000000            0.0000000           -0.0000000
 Dipole Z            :          0.0000000            0.0000000            0.0000000
 Magnitude           :                                                    0.0000000

 ------------------------------------------------------------------------------------

*** tstop() called on Angelinas-MacBook-Pro-574.local at Thu Feb 12 13:22:57 2026
Module time:
	user time   =       0.06 seconds =       0.00 minutes
	system time =       0.00 seconds =       0.00 minutes
	total time  =          0 seconds =       0.00 minutes
Total time:
	user time   =      58.01 seconds =       0.97 minutes
	system time =      16.08 seconds =       0.27 minutes
	total time  =      61569 seconds =    1026.15 minutes

Scratch directory: /tmp/
   => Libint2 <=

    Primary   basis highest AM E, G, H:  6, 6, 3
    Auxiliary basis highest AM E, G, H:  7, 7, 4
    Onebody   basis highest AM E, G, H:  -, -, -
    Solid Harmonics ordering:            Gaussian

*** tstart() called on Angelinas-MacBook-Pro-574.local
*** at Thu Feb 12 13:22:57 2026

   => Loading Basis Set <=

    Name: CC-PVTZ
    Role: ORBITAL
    Keyword: BASIS
    atoms 1-2 entry H          line    23 file /opt/anaconda3/envs/psi4/share/psi4/basis/cc-pvtz.gbs 


         ---------------------------------------------------------
                                   SCF
               by Justin Turney, Rob Parrish, Andy Simmonett
                          and Daniel G. A. Smith
                              RHF Reference
                        4 Threads,   1907 MiB Core
         ---------------------------------------------------------

  ==> Geometry <==

    Molecular point group: c1
    Full point group: D_inf_h

    Geometry (in Angstrom), charge = 0, multiplicity = 1:

       Center              X                  Y                   Z               Mass       
    ------------   -----------------  -----------------  -----------------  -----------------
         H            0.000000000000     0.000000000000    -0.675757575758     1.007825032230
         H            0.000000000000     0.000000000000     0.675757575758     1.007825032230

  Running in c1 symmetry.

  Rotational constants: A = ************  B =     18.31469  C =     18.31469 [cm^-1]
  Rotational constants: A = ************  B = 549060.51897  C = 549060.51897 [MHz]
  Nuclear repulsion =    0.391543676056278

  Charge       = 0
  Multiplicity = 1
  Electrons    = 2
  Nalpha       = 1
  Nbeta        = 1

  ==> Algorithm <==

  SCF Algorithm Type is DF.
  DIIS enabled.
  MOM disabled.
  Fractional occupation disabled.
  Guess Type is SAD.
  Energy threshold   = 1.00e-10
  Density threshold  = 1.00e-10
  Integral threshold = 1.00e-12

  ==> Primary Basis <==

  Basis Set: CC-PVTZ
    Blend: CC-PVTZ
    Number of shells: 12
    Number of basis functions: 28
    Number of Cartesian functions: 30
    Spherical Harmonics?: true
    Max angular momentum: 2

   => Loading Basis Set <=

    Name: (CC-PVTZ AUX)
    Role: JKFIT
    Keyword: DF_BASIS_SCF
    atoms 1-2 entry H          line    51 file /opt/anaconda3/envs/psi4/share/psi4/basis/cc-pvtz-jkfit.gbs 

  ==> Integral Setup <==

  DFHelper Memory: AOs need 0.001 GiB; user supplied 1.397 GiB. 
  SCF_SUBTYPE=INCORE selected. In-core MEM_DF algorithm will be used.
  Using in-core AOs.

  ==> MemDFJK: Density-Fitted J/K Matrices <==

    J tasked:                   Yes
    K tasked:                   Yes
    wK tasked:                   No
    OpenMP threads:               4
    Memory [MiB]:              1430
    Algorithm:                 Core
    Schwarz Cutoff:           1E-12
    Mask sparsity (%):       0.0000
    Fitting Condition:        1E-10

   => Auxiliary Basis Set <=

  Basis Set: (CC-PVTZ AUX)
    Blend: CC-PVTZ-JKFIT
    Number of shells: 20
    Number of basis functions: 60
    Number of Cartesian functions: 70
    Spherical Harmonics?: true
    Max angular momentum: 3

  Minimum eigenvalue in the overlap matrix is 3.9046052879E-02.
  Reciprocal condition number of the overlap matrix is 1.1114817933E-02.
    Using symmetric orthogonalization.

  ==> Pre-Iterations <==

  SCF Guess: Superposition of Atomic Densities via on-the-fly atomic UHF (no occupation information).

   -------------------------
    Irrep   Nso     Nmo    
   -------------------------
     A         28      28 
   -------------------------
    Total      28      28
   -------------------------

  ==> Iterations <==

                           Total Energy        Delta E     RMS |[F,P]|

   @DF-RHF iter SAD:    -0.98892155025214   -9.88922e-01   0.00000e+00 
   @DF-RHF iter   1:    -1.01708200406587   -2.81605e-02   3.73753e-03 DIIS/ADIIS
   @DF-RHF iter   2:    -1.03195672584689   -1.48747e-02   7.13193e-04 DIIS/ADIIS
   @DF-RHF iter   3:    -1.03257040528061   -6.13679e-04   4.78543e-05 DIIS
   @DF-RHF iter   4:    -1.03257245998063   -2.05470e-06   2.92888e-06 DIIS
   @DF-RHF iter   5:    -1.03257246614454   -6.16391e-09   2.04546e-07 DIIS
   @DF-RHF iter   6:    -1.03257246618837   -4.38312e-11   3.46584e-09 DIIS
   @DF-RHF iter   7:    -1.03257246618838   -9.76996e-15   8.16515e-11 DIIS
  Energy and wave function converged.


  ==> Post-Iterations <==

    Orbital Energies [Eh]
    ---------------------

    Doubly Occupied:                                                      

       1A     -0.461359  

    Virtual:                                                              

       2A      0.058630     3A      0.356666     4A      0.464274  
       5A      0.664910     6A      0.664910     7A      0.867559  
       8A      0.972757     9A      0.972757    10A      1.381202  
      11A      2.566500    12A      2.700753    13A      3.109089  
      14A      3.109089    15A      3.127837    16A      3.343056  
      17A      3.343056    18A      3.571779    19A      3.571779  
      20A      3.878309    21A      3.878309    22A      3.906134  
      23A      3.906134    24A      4.059855    25A      4.211815  
      26A      4.211815    27A      4.400942    28A      5.401628  

    Final Occupation by Irrep:
              A 
    DOCC [     1 ]
    NA   [     1 ]
    NB   [     1 ]

  @DF-RHF Final Energy:    -1.03257246618838

   => Energetics <=

    Nuclear Repulsion Energy =              0.3915436760562782
    One-Electron Energy =                  -1.9255147844059806
    Two-Electron Energy =                   0.5013986421613219
    Total Energy =                         -1.0325724661883804

Computation Completed


Properties will be evaluated at   0.000000,   0.000000,   0.000000 [a0]

Properties computed using the SCF density matrix


 Multipole Moments:

 ------------------------------------------------------------------------------------
     Multipole            Electronic (a.u.)      Nuclear  (a.u.)        Total (a.u.)
 ------------------------------------------------------------------------------------

 L = 1.  Multiply by 2.5417464519 to convert [e a0] to [Debye]
 Dipole X            :          0.0000000            0.0000000            0.0000000
 Dipole Y            :         -0.0000000            0.0000000           -0.0000000
 Dipole Z            :         -0.0000000            0.0000000           -0.0000000
 Magnitude           :                                                    0.0000000

 ------------------------------------------------------------------------------------

*** tstop() called on Angelinas-MacBook-Pro-574.local at Thu Feb 12 13:22:57 2026
Module time:
	user time   =       0.05 seconds =       0.00 minutes
	system time =       0.00 seconds =       0.00 minutes
	total time  =          0 seconds =       0.00 minutes
Total time:
	user time   =      58.07 seconds =       0.97 minutes
	system time =      16.09 seconds =       0.27 minutes
	total time  =      61569 seconds =    1026.15 minutes

Scratch directory: /tmp/
   => Libint2 <=

    Primary   basis highest AM E, G, H:  6, 6, 3
    Auxiliary basis highest AM E, G, H:  7, 7, 4
    Onebody   basis highest AM E, G, H:  -, -, -
    Solid Harmonics ordering:            Gaussian

*** tstart() called on Angelinas-MacBook-Pro-574.local
*** at Thu Feb 12 13:22:57 2026

   => Loading Basis Set <=

    Name: CC-PVTZ
    Role: ORBITAL
    Keyword: BASIS
    atoms 1-2 entry H          line    23 file /opt/anaconda3/envs/psi4/share/psi4/basis/cc-pvtz.gbs 


         ---------------------------------------------------------
                                   SCF
               by Justin Turney, Rob Parrish, Andy Simmonett
                          and Daniel G. A. Smith
                              RHF Reference
                        4 Threads,   1907 MiB Core
         ---------------------------------------------------------

  ==> Geometry <==

    Molecular point group: c1
    Full point group: D_inf_h

    Geometry (in Angstrom), charge = 0, multiplicity = 1:

       Center              X                  Y                   Z               Mass       
    ------------   -----------------  -----------------  -----------------  -----------------
         H            0.000000000000     0.000000000000    -0.694949494949     1.007825032230
         H            0.000000000000     0.000000000000     0.694949494949     1.007825032230

  Running in c1 symmetry.

  Rotational constants: A = ************  B =     17.31709  C =     17.31709 [cm^-1]
  Rotational constants: A = ************  B = 519153.24781  C = 519153.24781 [MHz]
  Nuclear repulsion =    0.380730696630305

  Charge       = 0
  Multiplicity = 1
  Electrons    = 2
  Nalpha       = 1
  Nbeta        = 1

  ==> Algorithm <==

  SCF Algorithm Type is DF.
  DIIS enabled.
  MOM disabled.
  Fractional occupation disabled.
  Guess Type is SAD.
  Energy threshold   = 1.00e-10
  Density threshold  = 1.00e-10
  Integral threshold = 1.00e-12

  ==> Primary Basis <==

  Basis Set: CC-PVTZ
    Blend: CC-PVTZ
    Number of shells: 12
    Number of basis functions: 28
    Number of Cartesian functions: 30
    Spherical Harmonics?: true
    Max angular momentum: 2

   => Loading Basis Set <=

    Name: (CC-PVTZ AUX)
    Role: JKFIT
    Keyword: DF_BASIS_SCF
    atoms 1-2 entry H          line    51 file /opt/anaconda3/envs/psi4/share/psi4/basis/cc-pvtz-jkfit.gbs 

  ==> Integral Setup <==

  DFHelper Memory: AOs need 0.001 GiB; user supplied 1.397 GiB. 
  SCF_SUBTYPE=INCORE selected. In-core MEM_DF algorithm will be used.
  Using in-core AOs.

  ==> MemDFJK: Density-Fitted J/K Matrices <==

    J tasked:                   Yes
    K tasked:                   Yes
    wK tasked:                   No
    OpenMP threads:               4
    Memory [MiB]:              1430
    Algorithm:                 Core
    Schwarz Cutoff:           1E-12
    Mask sparsity (%):       0.0000
    Fitting Condition:        1E-10

   => Auxiliary Basis Set <=

  Basis Set: (CC-PVTZ AUX)
    Blend: CC-PVTZ-JKFIT
    Number of shells: 20
    Number of basis functions: 60
    Number of Cartesian functions: 70
    Spherical Harmonics?: true
    Max angular momentum: 3

  Minimum eigenvalue in the overlap matrix is 4.5287217401E-02.
  Reciprocal condition number of the overlap matrix is 1.3074646163E-02.
    Using symmetric orthogonalization.

  ==> Pre-Iterations <==

  SCF Guess: Superposition of Atomic Densities via on-the-fly atomic UHF (no occupation information).

   -------------------------
    Irrep   Nso     Nmo    
   -------------------------
     A         28      28 
   -------------------------
    Total      28      28
   -------------------------

  ==> Iterations <==

                           Total Energy        Delta E     RMS |[F,P]|

   @DF-RHF iter SAD:    -0.97895756724188   -9.78958e-01   0.00000e+00 
   @DF-RHF iter   1:    -1.01011671070187   -3.11591e-02   3.66093e-03 DIIS/ADIIS
   @DF-RHF iter   2:    -1.02449199967655   -1.43753e-02   7.03114e-04 DIIS/ADIIS
   @DF-RHF iter   3:    -1.02509080254926   -5.98803e-04   4.56850e-05 DIIS
   @DF-RHF iter   4:    -1.02509268296731   -1.88042e-06   2.84902e-06 DIIS
   @DF-RHF iter   5:    -1.02509268887713   -5.90982e-09   1.93372e-07 DIIS
   @DF-RHF iter   6:    -1.02509268891660   -3.94620e-11   3.08706e-09 DIIS
   @DF-RHF iter   7:    -1.02509268891660   -7.77156e-15   7.36743e-11 DIIS
  Energy and wave function converged.


  ==> Post-Iterations <==

    Orbital Energies [Eh]
    ---------------------

    Doubly Occupied:                                                      

       1A     -0.455638  

    Virtual:                                                              

       2A      0.051622     3A      0.359530     4A      0.458587  
       5A      0.665399     6A      0.665399     7A      0.852959  
       8A      0.963386     9A      0.963386    10A      1.368199  
      11A      2.556713    12A      2.694642    13A      3.116811  
      14A      3.116811    15A      3.118795    16A      3.355164  
      17A      3.355164    18A      3.553487    19A      3.553487  
      20A      3.874756    21A      3.874756    22A      3.880208  
      23A      3.880208    24A      4.048550    25A      4.165208  
      26A      4.165208    27A      4.355282    28A      5.305750  

    Final Occupation by Irrep:
              A 
    DOCC [     1 ]
    NA   [     1 ]
    NB   [     1 ]

  @DF-RHF Final Energy:    -1.02509268891660

   => Energetics <=

    Nuclear Repulsion Energy =              0.3807306966303053
    One-Electron Energy =                  -1.9003702286108120
    Two-Electron Energy =                   0.4945468430639037
    Total Energy =                         -1.0250926889166030

Computation Completed


Properties will be evaluated at   0.000000,   0.000000,   0.000000 [a0]

Properties computed using the SCF density matrix


 Multipole Moments:

 ------------------------------------------------------------------------------------
     Multipole            Electronic (a.u.)      Nuclear  (a.u.)        Total (a.u.)
 ------------------------------------------------------------------------------------

 L = 1.  Multiply by 2.5417464519 to convert [e a0] to [Debye]
 Dipole X            :         -0.0000000            0.0000000           -0.0000000
 Dipole Y            :          0.0000000            0.0000000            0.0000000
 Dipole Z            :          0.0000000            0.0000000            0.0000000
 Magnitude           :                                                    0.0000000

 ------------------------------------------------------------------------------------

*** tstop() called on Angelinas-MacBook-Pro-574.local at Thu Feb 12 13:22:57 2026
Module time:
	user time   =       0.06 seconds =       0.00 minutes
	system time =       0.01 seconds =       0.00 minutes
	total time  =          0 seconds =       0.00 minutes
Total time:
	user time   =      58.14 seconds =       0.97 minutes
	system time =      16.10 seconds =       0.27 minutes
	total time  =      61569 seconds =    1026.15 minutes

Scratch directory: /tmp/
   => Libint2 <=

    Primary   basis highest AM E, G, H:  6, 6, 3
    Auxiliary basis highest AM E, G, H:  7, 7, 4
    Onebody   basis highest AM E, G, H:  -, -, -
    Solid Harmonics ordering:            Gaussian

*** tstart() called on Angelinas-MacBook-Pro-574.local
*** at Thu Feb 12 13:22:57 2026

   => Loading Basis Set <=

    Name: CC-PVTZ
    Role: ORBITAL
    Keyword: BASIS
    atoms 1-2 entry H          line    23 file /opt/anaconda3/envs/psi4/share/psi4/basis/cc-pvtz.gbs 


         ---------------------------------------------------------
                                   SCF
               by Justin Turney, Rob Parrish, Andy Simmonett
                          and Daniel G. A. Smith
                              RHF Reference
                        4 Threads,   1907 MiB Core
         ---------------------------------------------------------

  ==> Geometry <==

    Molecular point group: c1
    Full point group: D_inf_h

    Geometry (in Angstrom), charge = 0, multiplicity = 1:

       Center              X                  Y                   Z               Mass       
    ------------   -----------------  -----------------  -----------------  -----------------
         H            0.000000000000     0.000000000000    -0.714141414141     1.007825032230
         H            0.000000000000     0.000000000000     0.714141414141     1.007825032230

  Running in c1 symmetry.

  Rotational constants: A = ************  B =     16.39883  C =     16.39883 [cm^-1]
  Rotational constants: A = ************  B = 491624.62049  C = 491624.62049 [MHz]
  Nuclear repulsion =    0.370498895730764

  Charge       = 0
  Multiplicity = 1
  Electrons    = 2
  Nalpha       = 1
  Nbeta        = 1

  ==> Algorithm <==

  SCF Algorithm Type is DF.
  DIIS enabled.
  MOM disabled.
  Fractional occupation disabled.
  Guess Type is SAD.
  Energy threshold   = 1.00e-10
  Density threshold  = 1.00e-10
  Integral threshold = 1.00e-12

  ==> Primary Basis <==

  Basis Set: CC-PVTZ
    Blend: CC-PVTZ
    Number of shells: 12
    Number of basis functions: 28
    Number of Cartesian functions: 30
    Spherical Harmonics?: true
    Max angular momentum: 2

   => Loading Basis Set <=

    Name: (CC-PVTZ AUX)
    Role: JKFIT
    Keyword: DF_BASIS_SCF
    atoms 1-2 entry H          line    51 file /opt/anaconda3/envs/psi4/share/psi4/basis/cc-pvtz-jkfit.gbs 

  ==> Integral Setup <==

  DFHelper Memory: AOs need 0.001 GiB; user supplied 1.397 GiB. 
  SCF_SUBTYPE=INCORE selected. In-core MEM_DF algorithm will be used.
  Using in-core AOs.

  ==> MemDFJK: Density-Fitted J/K Matrices <==

    J tasked:                   Yes
    K tasked:                   Yes
    wK tasked:                   No
    OpenMP threads:               4
    Memory [MiB]:              1430
    Algorithm:                 Core
    Schwarz Cutoff:           1E-12
    Mask sparsity (%):       0.0000
    Fitting Condition:        1E-10

   => Auxiliary Basis Set <=

  Basis Set: (CC-PVTZ AUX)
    Blend: CC-PVTZ-JKFIT
    Number of shells: 20
    Number of basis functions: 60
    Number of Cartesian functions: 70
    Spherical Harmonics?: true
    Max angular momentum: 3

  Minimum eigenvalue in the overlap matrix is 5.1869529974E-02.
  Reciprocal condition number of the overlap matrix is 1.5188874216E-02.
    Using symmetric orthogonalization.

  ==> Pre-Iterations <==

  SCF Guess: Superposition of Atomic Densities via on-the-fly atomic UHF (no occupation information).

   -------------------------
    Irrep   Nso     Nmo    
   -------------------------
     A         28      28 
   -------------------------
    Total      28      28
   -------------------------

  ==> Iterations <==

                           Total Energy        Delta E     RMS |[F,P]|

   @DF-RHF iter SAD:    -0.96938778204785   -9.69388e-01   0.00000e+00 
   @DF-RHF iter   1:    -1.00324479089393   -3.38570e-02   3.58724e-03 DIIS/ADIIS
   @DF-RHF iter   2:    -1.01714095746688   -1.38962e-02   6.93204e-04 DIIS/ADIIS
   @DF-RHF iter   3:    -1.01772510301984   -5.84146e-04   4.36612e-05 DIIS
   @DF-RHF iter   4:    -1.01772682670435   -1.72368e-06   2.76615e-06 DIIS
   @DF-RHF iter   5:    -1.01772683235193   -5.64758e-09   1.82812e-07 DIIS
   @DF-RHF iter   6:    -1.01772683238744   -3.55151e-11   2.75641e-09 DIIS
   @DF-RHF iter   7:    -1.01772683238745   -4.21885e-15   6.74855e-11 DIIS
  Energy and wave function converged.


  ==> Post-Iterations <==

    Orbital Energies [Eh]
    ---------------------

    Doubly Occupied:                                                      

       1A     -0.450137  

    Virtual:                                                              

       2A      0.044721     3A      0.362346     4A      0.453387  
       5A      0.666117     6A      0.666117     7A      0.838590  
       8A      0.954192     9A      0.954192    10A      1.354858  
      11A      2.544482    12A      2.687865    13A      3.115736  
      14A      3.127835    15A      3.127835    16A      3.366088  
      17A      3.366088    18A      3.536901    19A      3.536901  
      20A      3.850778    21A      3.850778    22A      3.871172  
      23A      3.871172    24A      4.032791    25A      4.125650  
      26A      4.125650    27A      4.312231    28A      5.212878  

    Final Occupation by Irrep:
              A 
    DOCC [     1 ]
    NA   [     1 ]
    NB   [     1 ]

  @DF-RHF Final Energy:    -1.01772683238745

   => Energetics <=

    Nuclear Repulsion Energy =              0.3704988957307638
    One-Electron Energy =                  -1.8761776845358273
    Two-Electron Energy =                   0.4879519564176171
    Total Energy =                         -1.0177268323874464

Computation Completed


Properties will be evaluated at   0.000000,   0.000000,   0.000000 [a0]

Properties computed using the SCF density matrix


 Multipole Moments:

 ------------------------------------------------------------------------------------
     Multipole            Electronic (a.u.)      Nuclear  (a.u.)        Total (a.u.)
 ------------------------------------------------------------------------------------

 L = 1.  Multiply by 2.5417464519 to convert [e a0] to [Debye]
 Dipole X            :         -0.0000000            0.0000000           -0.0000000
 Dipole Y            :         -0.0000000            0.0000000           -0.0000000
 Dipole Z            :          0.0000000            0.0000000            0.0000000
 Magnitude           :                                                    0.0000000

 ------------------------------------------------------------------------------------

*** tstop() called on Angelinas-MacBook-Pro-574.local at Thu Feb 12 13:22:57 2026
Module time:
	user time   =       0.05 seconds =       0.00 minutes
	system time =       0.00 seconds =       0.00 minutes
	total time  =          0 seconds =       0.00 minutes
Total time:
	user time   =      58.20 seconds =       0.97 minutes
	system time =      16.10 seconds =       0.27 minutes
	total time  =      61569 seconds =    1026.15 minutes

Scratch directory: /tmp/
   => Libint2 <=

    Primary   basis highest AM E, G, H:  6, 6, 3
    Auxiliary basis highest AM E, G, H:  7, 7, 4
    Onebody   basis highest AM E, G, H:  -, -, -
    Solid Harmonics ordering:            Gaussian

*** tstart() called on Angelinas-MacBook-Pro-574.local
*** at Thu Feb 12 13:22:57 2026

   => Loading Basis Set <=

    Name: CC-PVTZ
    Role: ORBITAL
    Keyword: BASIS
    atoms 1-2 entry H          line    23 file /opt/anaconda3/envs/psi4/share/psi4/basis/cc-pvtz.gbs 


         ---------------------------------------------------------
                                   SCF
               by Justin Turney, Rob Parrish, Andy Simmonett
                          and Daniel G. A. Smith
                              RHF Reference
                        4 Threads,   1907 MiB Core
         ---------------------------------------------------------

  ==> Geometry <==

    Molecular point group: c1
    Full point group: D_inf_h

    Geometry (in Angstrom), charge = 0, multiplicity = 1:

       Center              X                  Y                   Z               Mass       
    ------------   -----------------  -----------------  -----------------  -----------------
         H            0.000000000000     0.000000000000    -0.733333333333     1.007825032230
         H            0.000000000000     0.000000000000     0.733333333333     1.007825032230

  Running in c1 symmetry.

  Rotational constants: A = ************  B =     15.55172  C =     15.55172 [cm^-1]
  Rotational constants: A = ************  B = 466228.92131  C = 466228.92131 [MHz]
  Nuclear repulsion =    0.360802643638636

  Charge       = 0
  Multiplicity = 1
  Electrons    = 2
  Nalpha       = 1
  Nbeta        = 1

  ==> Algorithm <==

  SCF Algorithm Type is DF.
  DIIS enabled.
  MOM disabled.
  Fractional occupation disabled.
  Guess Type is SAD.
  Energy threshold   = 1.00e-10
  Density threshold  = 1.00e-10
  Integral threshold = 1.00e-12

  ==> Primary Basis <==

  Basis Set: CC-PVTZ
    Blend: CC-PVTZ
    Number of shells: 12
    Number of basis functions: 28
    Number of Cartesian functions: 30
    Spherical Harmonics?: true
    Max angular momentum: 2

   => Loading Basis Set <=

    Name: (CC-PVTZ AUX)
    Role: JKFIT
    Keyword: DF_BASIS_SCF
    atoms 1-2 entry H          line    51 file /opt/anaconda3/envs/psi4/share/psi4/basis/cc-pvtz-jkfit.gbs 

  ==> Integral Setup <==

  DFHelper Memory: AOs need 0.001 GiB; user supplied 1.397 GiB. 
  SCF_SUBTYPE=INCORE selected. In-core MEM_DF algorithm will be used.
  Using in-core AOs.

  ==> MemDFJK: Density-Fitted J/K Matrices <==

    J tasked:                   Yes
    K tasked:                   Yes
    wK tasked:                   No
    OpenMP threads:               4
    Memory [MiB]:              1430
    Algorithm:                 Core
    Schwarz Cutoff:           1E-12
    Mask sparsity (%):       0.0000
    Fitting Condition:        1E-10

   => Auxiliary Basis Set <=

  Basis Set: (CC-PVTZ AUX)
    Blend: CC-PVTZ-JKFIT
    Number of shells: 20
    Number of basis functions: 60
    Number of Cartesian functions: 70
    Spherical Harmonics?: true
    Max angular momentum: 3

  Minimum eigenvalue in the overlap matrix is 5.8454947388E-02.
  Reciprocal condition number of the overlap matrix is 1.7362102699E-02.
    Using symmetric orthogonalization.

  ==> Pre-Iterations <==

  SCF Guess: Superposition of Atomic Densities via on-the-fly atomic UHF (no occupation information).

   -------------------------
    Irrep   Nso     Nmo    
   -------------------------
     A         28      28 
   -------------------------
    Total      28      28
   -------------------------

  ==> Iterations <==

                           Total Energy        Delta E     RMS |[F,P]|

   @DF-RHF iter SAD:    -0.96022199910098   -9.60222e-01   0.00000e+00 
   @DF-RHF iter   1:    -0.99647851584189   -3.62565e-02   3.51636e-03 DIIS/ADIIS
   @DF-RHF iter   2:    -1.00991516256549   -1.34366e-02   6.83453e-04 DIIS/ADIIS
   @DF-RHF iter   3:    -1.01048486980574   -5.69707e-04   4.17767e-05 DIIS
   @DF-RHF iter   4:    -1.01048645255562   -1.58275e-06   2.68093e-06 DIIS
   @DF-RHF iter   5:    -1.01048645793600   -5.38038e-09   1.72922e-07 DIIS
   @DF-RHF iter   6:    -1.01048645796797   -3.19760e-11   2.49311e-09 DIIS
   @DF-RHF iter   7:    -1.01048645796798   -4.44089e-15   6.31579e-11 DIIS
  Energy and wave function converged.


  ==> Post-Iterations <==

    Orbital Energies [Eh]
    ---------------------

    Doubly Occupied:                                                      

       1A     -0.444844  

    Virtual:                                                              

       2A      0.037939     3A      0.365113     4A      0.448636  
       5A      0.667065     6A      0.667065     7A      0.824454  
       8A      0.945186     9A      0.945186    10A      1.341228  
      11A      2.530569    12A      2.680693    13A      3.117863  
      14A      3.141633    15A      3.141633    16A      3.375796  
      17A      3.375796    18A      3.521939    19A      3.521939  
      20A      3.818466    21A      3.818466    22A      3.867462  
      23A      3.867462    24A      4.012720    25A      4.092661  
      26A      4.092661    27A      4.271734    28A      5.123798  

    Final Occupation by Irrep:
              A 
    DOCC [     1 ]
    NA   [     1 ]
    NB   [     1 ]

  @DF-RHF Final Energy:    -1.01048645796798

   => Energetics <=

    Nuclear Repulsion Energy =              0.3608026436386364
    One-Electron Energy =                  -1.8528910569232977
    Two-Electron Energy =                   0.4816019553166857
    Total Energy =                         -1.0104864579679755

Computation Completed


Properties will be evaluated at   0.000000,   0.000000,   0.000000 [a0]

Properties computed using the SCF density matrix


 Multipole Moments:

 ------------------------------------------------------------------------------------
     Multipole            Electronic (a.u.)      Nuclear  (a.u.)        Total (a.u.)
 ------------------------------------------------------------------------------------

 L = 1.  Multiply by 2.5417464519 to convert [e a0] to [Debye]
 Dipole X            :          0.0000000            0.0000000            0.0000000
 Dipole Y            :          0.0000000            0.0000000            0.0000000
 Dipole Z            :          0.0000000            0.0000000            0.0000000
 Magnitude           :                                                    0.0000000

 ------------------------------------------------------------------------------------

*** tstop() called on Angelinas-MacBook-Pro-574.local at Thu Feb 12 13:22:57 2026
Module time:
	user time   =       0.05 seconds =       0.00 minutes
	system time =       0.01 seconds =       0.00 minutes
	total time  =          0 seconds =       0.00 minutes
Total time:
	user time   =      58.27 seconds =       0.97 minutes
	system time =      16.11 seconds =       0.27 minutes
	total time  =      61569 seconds =    1026.15 minutes

Scratch directory: /tmp/
   => Libint2 <=

    Primary   basis highest AM E, G, H:  6, 6, 3
    Auxiliary basis highest AM E, G, H:  7, 7, 4
    Onebody   basis highest AM E, G, H:  -, -, -
    Solid Harmonics ordering:            Gaussian

*** tstart() called on Angelinas-MacBook-Pro-574.local
*** at Thu Feb 12 13:22:57 2026

   => Loading Basis Set <=

    Name: CC-PVTZ
    Role: ORBITAL
    Keyword: BASIS
    atoms 1-2 entry H          line    23 file /opt/anaconda3/envs/psi4/share/psi4/basis/cc-pvtz.gbs 


         ---------------------------------------------------------
                                   SCF
               by Justin Turney, Rob Parrish, Andy Simmonett
                          and Daniel G. A. Smith
                              RHF Reference
                        4 Threads,   1907 MiB Core
         ---------------------------------------------------------

  ==> Geometry <==

    Molecular point group: c1
    Full point group: D_inf_h

    Geometry (in Angstrom), charge = 0, multiplicity = 1:

       Center              X                  Y                   Z               Mass       
    ------------   -----------------  -----------------  -----------------  -----------------
         H            0.000000000000     0.000000000000    -0.752525252525     1.007825032230
         H            0.000000000000     0.000000000000     0.752525252525     1.007825032230

  Running in c1 symmetry.

  Rotational constants: A = ************  B =     14.76860  C =     14.76860 [cm^-1]
  Rotational constants: A = ************  B = 442751.36242  C = 442751.36242 [MHz]
  Nuclear repulsion =    0.351600965478725

  Charge       = 0
  Multiplicity = 1
  Electrons    = 2
  Nalpha       = 1
  Nbeta        = 1

  ==> Algorithm <==

  SCF Algorithm Type is DF.
  DIIS enabled.
  MOM disabled.
  Fractional occupation disabled.
  Guess Type is SAD.
  Energy threshold   = 1.00e-10
  Density threshold  = 1.00e-10
  Integral threshold = 1.00e-12

  ==> Primary Basis <==

  Basis Set: CC-PVTZ
    Blend: CC-PVTZ
    Number of shells: 12
    Number of basis functions: 28
    Number of Cartesian functions: 30
    Spherical Harmonics?: true
    Max angular momentum: 2

   => Loading Basis Set <=

    Name: (CC-PVTZ AUX)
    Role: JKFIT
    Keyword: DF_BASIS_SCF
    atoms 1-2 entry H          line    51 file /opt/anaconda3/envs/psi4/share/psi4/basis/cc-pvtz-jkfit.gbs 

  ==> Integral Setup <==

  DFHelper Memory: AOs need 0.001 GiB; user supplied 1.397 GiB. 
  SCF_SUBTYPE=INCORE selected. In-core MEM_DF algorithm will be used.
  Using in-core AOs.

  ==> MemDFJK: Density-Fitted J/K Matrices <==

    J tasked:                   Yes
    K tasked:                   Yes
    wK tasked:                   No
    OpenMP threads:               4
    Memory [MiB]:              1430
    Algorithm:                 Core
    Schwarz Cutoff:           1E-12
    Mask sparsity (%):       0.0000
    Fitting Condition:        1E-10

   => Auxiliary Basis Set <=

  Basis Set: (CC-PVTZ AUX)
    Blend: CC-PVTZ-JKFIT
    Number of shells: 20
    Number of basis functions: 60
    Number of Cartesian functions: 70
    Spherical Harmonics?: true
    Max angular momentum: 3

  Minimum eigenvalue in the overlap matrix is 6.4408604078E-02.
  Reciprocal condition number of the overlap matrix is 1.9403528491E-02.
    Using symmetric orthogonalization.

  ==> Pre-Iterations <==

  SCF Guess: Superposition of Atomic Densities via on-the-fly atomic UHF (no occupation information).

   -------------------------
    Irrep   Nso     Nmo    
   -------------------------
     A         28      28 
   -------------------------
    Total      28      28
   -------------------------

  ==> Iterations <==

                           Total Energy        Delta E     RMS |[F,P]|

   @DF-RHF iter SAD:    -0.95146570466184   -9.51466e-01   0.00000e+00 
   @DF-RHF iter   1:    -0.98982761599476   -3.83619e-02   3.44819e-03 DIIS/ADIIS
   @DF-RHF iter   2:    -1.00282362337919   -1.29960e-02   6.73852e-04 DIIS/ADIIS
   @DF-RHF iter   3:    -1.00337910962267   -5.55486e-04   4.00239e-05 DIIS
   @DF-RHF iter   4:    -1.00338056554617   -1.45592e-06   2.59424e-06 DIIS
   @DF-RHF iter   5:    -1.00338057065818   -5.11201e-09   1.63720e-07 DIIS
   @DF-RHF iter   6:    -1.00338057068701   -2.88272e-11   2.30001e-09 DIIS
   @DF-RHF iter   7:    -1.00338057068701    0.00000e+00   6.02288e-11 DIIS
  Energy and wave function converged.


  ==> Post-Iterations <==

    Orbital Energies [Eh]
    ---------------------

    Doubly Occupied:                                                      

       1A     -0.439748  

    Virtual:                                                              

       2A      0.031287     3A      0.367829     4A      0.444297  
       5A      0.668246     6A      0.668246     7A      0.810551  
       8A      0.936379     9A      0.936379    10A      1.327352  
      11A      2.515776    12A      2.673313    13A      3.124257  
      14A      3.157646    15A      3.157646    16A      3.384295  
      17A      3.384295    18A      3.508508    19A      3.508508  
      20A      3.784298    21A      3.784298    22A      3.863561  
      23A      3.863561    24A      3.988630    25A      4.065325  
      26A      4.065325    27A      4.233718    28A      5.039091  

    Final Occupation by Irrep:
              A 
    DOCC [     1 ]
    NA   [     1 ]
    NB   [     1 ]

  @DF-RHF Final Energy:    -1.00338057068701

   => Energetics <=

    Nuclear Repulsion Energy =              0.3516009654787249
    One-Electron Energy =                  -1.8304671269480768
    Two-Electron Energy =                   0.4754855907823437
    Total Energy =                         -1.0033805706870083

Computation Completed


Properties will be evaluated at   0.000000,   0.000000,   0.000000 [a0]

Properties computed using the SCF density matrix


 Multipole Moments:

 ------------------------------------------------------------------------------------
     Multipole            Electronic (a.u.)      Nuclear  (a.u.)        Total (a.u.)
 ------------------------------------------------------------------------------------

 L = 1.  Multiply by 2.5417464519 to convert [e a0] to [Debye]
 Dipole X            :         -0.0000000            0.0000000           -0.0000000
 Dipole Y            :         -0.0000000            0.0000000           -0.0000000
 Dipole Z            :          0.0000000            0.0000000            0.0000000
 Magnitude           :                                                    0.0000000

 ------------------------------------------------------------------------------------

*** tstop() called on Angelinas-MacBook-Pro-574.local at Thu Feb 12 13:22:57 2026
Module time:
	user time   =       0.05 seconds =       0.00 minutes
	system time =       0.00 seconds =       0.00 minutes
	total time  =          0 seconds =       0.00 minutes
Total time:
	user time   =      58.33 seconds =       0.97 minutes
	system time =      16.11 seconds =       0.27 minutes
	total time  =      61569 seconds =    1026.15 minutes

Scratch directory: /tmp/
   => Libint2 <=

    Primary   basis highest AM E, G, H:  6, 6, 3
    Auxiliary basis highest AM E, G, H:  7, 7, 4
    Onebody   basis highest AM E, G, H:  -, -, -
    Solid Harmonics ordering:            Gaussian

*** tstart() called on Angelinas-MacBook-Pro-574.local
*** at Thu Feb 12 13:22:57 2026

   => Loading Basis Set <=

    Name: CC-PVTZ
    Role: ORBITAL
    Keyword: BASIS
    atoms 1-2 entry H          line    23 file /opt/anaconda3/envs/psi4/share/psi4/basis/cc-pvtz.gbs 


         ---------------------------------------------------------
                                   SCF
               by Justin Turney, Rob Parrish, Andy Simmonett
                          and Daniel G. A. Smith
                              RHF Reference
                        4 Threads,   1907 MiB Core
         ---------------------------------------------------------

  ==> Geometry <==

    Molecular point group: c1
    Full point group: D_inf_h

    Geometry (in Angstrom), charge = 0, multiplicity = 1:

       Center              X                  Y                   Z               Mass       
    ------------   -----------------  -----------------  -----------------  -----------------
         H            0.000000000000     0.000000000000    -0.771717171717     1.007825032230
         H            0.000000000000     0.000000000000     0.771717171717     1.007825032230

  Running in c1 symmetry.

  Rotational constants: A = ************  B =     14.04317  C =     14.04317 [cm^-1]
  Rotational constants: A = ************  B = 421003.52740  C = 421003.52740 [MHz]
  Nuclear repulsion =    0.342856962410537

  Charge       = 0
  Multiplicity = 1
  Electrons    = 2
  Nalpha       = 1
  Nbeta        = 1

  ==> Algorithm <==

  SCF Algorithm Type is DF.
  DIIS enabled.
  MOM disabled.
  Fractional occupation disabled.
  Guess Type is SAD.
  Energy threshold   = 1.00e-10
  Density threshold  = 1.00e-10
  Integral threshold = 1.00e-12

  ==> Primary Basis <==

  Basis Set: CC-PVTZ
    Blend: CC-PVTZ
    Number of shells: 12
    Number of basis functions: 28
    Number of Cartesian functions: 30
    Spherical Harmonics?: true
    Max angular momentum: 2

   => Loading Basis Set <=

    Name: (CC-PVTZ AUX)
    Role: JKFIT
    Keyword: DF_BASIS_SCF
    atoms 1-2 entry H          line    51 file /opt/anaconda3/envs/psi4/share/psi4/basis/cc-pvtz-jkfit.gbs 

  ==> Integral Setup <==

  DFHelper Memory: AOs need 0.001 GiB; user supplied 1.397 GiB. 
  SCF_SUBTYPE=INCORE selected. In-core MEM_DF algorithm will be used.
  Using in-core AOs.

  ==> MemDFJK: Density-Fitted J/K Matrices <==

    J tasked:                   Yes
    K tasked:                   Yes
    wK tasked:                   No
    OpenMP threads:               4
    Memory [MiB]:              1430
    Algorithm:                 Core
    Schwarz Cutoff:           1E-12
    Mask sparsity (%):       0.0000
    Fitting Condition:        1E-10

   => Auxiliary Basis Set <=

  Basis Set: (CC-PVTZ AUX)
    Blend: CC-PVTZ-JKFIT
    Number of shells: 20
    Number of basis functions: 60
    Number of Cartesian functions: 70
    Spherical Harmonics?: true
    Max angular momentum: 3

  Minimum eigenvalue in the overlap matrix is 6.8980854446E-02.
  Reciprocal condition number of the overlap matrix is 2.1076034635E-02.
    Using symmetric orthogonalization.

  ==> Pre-Iterations <==

  SCF Guess: Superposition of Atomic Densities via on-the-fly atomic UHF (no occupation information).

   -------------------------
    Irrep   Nso     Nmo    
   -------------------------
     A         28      28 
   -------------------------
    Total      28      28
   -------------------------

  ==> Iterations <==

                           Total Energy        Delta E     RMS |[F,P]|

   @DF-RHF iter SAD:    -0.94312071470005   -9.43121e-01   0.00000e+00 
   @DF-RHF iter   1:    -0.98329970785695   -4.01790e-02   3.38265e-03 DIIS/ADIIS
   @DF-RHF iter   2:    -0.99587322205227   -1.25735e-02   6.64393e-04 DIIS/ADIIS
   @DF-RHF iter   3:    -0.99641470034508   -5.41478e-04   3.83936e-05 DIIS
   @DF-RHF iter   4:    -0.99641604195296   -1.34161e-06   2.50705e-06 DIIS
   @DF-RHF iter   5:    -0.99641604679943   -4.84648e-09   1.55188e-07 DIIS
   @DF-RHF iter   6:    -0.99641604682546   -2.60304e-11   2.16456e-09 DIIS
   @DF-RHF iter   7:    -0.99641604682547   -3.88578e-15   5.78811e-11 DIIS
  Energy and wave function converged.


  ==> Post-Iterations <==

    Orbital Energies [Eh]
    ---------------------

    Doubly Occupied:                                                      

       1A     -0.434840  

    Virtual:                                                              

       2A      0.024774     3A      0.370496     4A      0.440337  
       5A      0.669658     6A      0.669658     7A      0.796883  
       8A      0.927778     9A      0.927778    10A      1.313273  
      11A      2.500839    12A      2.665851    13A      3.133995  
      14A      3.175305    15A      3.175305    16A      3.391618  
      17A      3.391618    18A      3.496506    19A      3.496506  
      20A      3.749443    21A      3.749443    22A      3.859432  
      23A      3.859432    24A      3.960932    25A      4.042548  
      26A      4.042548    27A      4.198077    28A      4.959133  

    Final Occupation by Irrep:
              A 
    DOCC [     1 ]
    NA   [     1 ]
    NB   [     1 ]

  @DF-RHF Final Energy:    -0.99641604682547

   => Energetics <=

    Nuclear Repulsion Energy =              0.3428569624105366
    One-Electron Energy =                  -1.8088653557963186
    Two-Electron Energy =                   0.4695923465603153
    Total Energy =                         -0.9964160468254666

Computation Completed


Properties will be evaluated at   0.000000,   0.000000,   0.000000 [a0]

Properties computed using the SCF density matrix


 Multipole Moments:

 ------------------------------------------------------------------------------------
     Multipole            Electronic (a.u.)      Nuclear  (a.u.)        Total (a.u.)
 ------------------------------------------------------------------------------------

 L = 1.  Multiply by 2.5417464519 to convert [e a0] to [Debye]
 Dipole X            :         -0.0000000            0.0000000           -0.0000000
 Dipole Y            :          0.0000000            0.0000000            0.0000000
 Dipole Z            :          0.0000000            0.0000000            0.0000000
 Magnitude           :                                                    0.0000000

 ------------------------------------------------------------------------------------

*** tstop() called on Angelinas-MacBook-Pro-574.local at Thu Feb 12 13:22:57 2026
Module time:
	user time   =       0.05 seconds =       0.00 minutes
	system time =       0.01 seconds =       0.00 minutes
	total time  =          0 seconds =       0.00 minutes
Total time:
	user time   =      58.40 seconds =       0.97 minutes
	system time =      16.12 seconds =       0.27 minutes
	total time  =      61569 seconds =    1026.15 minutes

Scratch directory: /tmp/
   => Libint2 <=

    Primary   basis highest AM E, G, H:  6, 6, 3
    Auxiliary basis highest AM E, G, H:  7, 7, 4
    Onebody   basis highest AM E, G, H:  -, -, -
    Solid Harmonics ordering:            Gaussian

*** tstart() called on Angelinas-MacBook-Pro-574.local
*** at Thu Feb 12 13:22:57 2026

   => Loading Basis Set <=

    Name: CC-PVTZ
    Role: ORBITAL
    Keyword: BASIS
    atoms 1-2 entry H          line    23 file /opt/anaconda3/envs/psi4/share/psi4/basis/cc-pvtz.gbs 


         ---------------------------------------------------------
                                   SCF
               by Justin Turney, Rob Parrish, Andy Simmonett
                          and Daniel G. A. Smith
                              RHF Reference
                        4 Threads,   1907 MiB Core
         ---------------------------------------------------------

  ==> Geometry <==

    Molecular point group: c1
    Full point group: D_inf_h

    Geometry (in Angstrom), charge = 0, multiplicity = 1:

       Center              X                  Y                   Z               Mass       
    ------------   -----------------  -----------------  -----------------  -----------------
         H            0.000000000000     0.000000000000    -0.790909090909     1.007825032230
         H            0.000000000000     0.000000000000     0.790909090909     1.007825032230

  Running in c1 symmetry.

  Rotational constants: A = ************  B =     13.36990  C =     13.36990 [cm^-1]
  Rotational constants: A = ************  B = 400819.57910  C = 400819.57910 [MHz]
  Nuclear repulsion =    0.334537317090230

  Charge       = 0
  Multiplicity = 1
  Electrons    = 2
  Nalpha       = 1
  Nbeta        = 1

  ==> Algorithm <==

  SCF Algorithm Type is DF.
  DIIS enabled.
  MOM disabled.
  Fractional occupation disabled.
  Guess Type is SAD.
  Energy threshold   = 1.00e-10
  Density threshold  = 1.00e-10
  Integral threshold = 1.00e-12

  ==> Primary Basis <==

  Basis Set: CC-PVTZ
    Blend: CC-PVTZ
    Number of shells: 12
    Number of basis functions: 28
    Number of Cartesian functions: 30
    Spherical Harmonics?: true
    Max angular momentum: 2

   => Loading Basis Set <=

    Name: (CC-PVTZ AUX)
    Role: JKFIT
    Keyword: DF_BASIS_SCF
    atoms 1-2 entry H          line    51 file /opt/anaconda3/envs/psi4/share/psi4/basis/cc-pvtz-jkfit.gbs 

  ==> Integral Setup <==

  DFHelper Memory: AOs need 0.001 GiB; user supplied 1.397 GiB. 
  SCF_SUBTYPE=INCORE selected. In-core MEM_DF algorithm will be used.
  Using in-core AOs.

  ==> MemDFJK: Density-Fitted J/K Matrices <==

    J tasked:                   Yes
    K tasked:                   Yes
    wK tasked:                   No
    OpenMP threads:               4
    Memory [MiB]:              1430
    Algorithm:                 Core
    Schwarz Cutoff:           1E-12
    Mask sparsity (%):       0.0000
    Fitting Condition:        1E-10

   => Auxiliary Basis Set <=

  Basis Set: (CC-PVTZ AUX)
    Blend: CC-PVTZ-JKFIT
    Number of shells: 20
    Number of basis functions: 60
    Number of Cartesian functions: 70
    Spherical Harmonics?: true
    Max angular momentum: 3

  Minimum eigenvalue in the overlap matrix is 7.2047327801E-02.
  Reciprocal condition number of the overlap matrix is 2.2322866530E-02.
    Using symmetric orthogonalization.

  ==> Pre-Iterations <==

  SCF Guess: Superposition of Atomic Densities via on-the-fly atomic UHF (no occupation information).

   -------------------------
    Irrep   Nso     Nmo    
   -------------------------
     A         28      28 
   -------------------------
    Total      28      28
   -------------------------

  ==> Iterations <==

                           Total Energy        Delta E     RMS |[F,P]|

   @DF-RHF iter SAD:    -0.93518573756796   -9.35186e-01   0.00000e+00 
   @DF-RHF iter   1:    -0.97690065435840   -4.17149e-02   3.31962e-03 DIIS/ADIIS
   @DF-RHF iter   2:    -0.98906907206631   -1.21684e-02   6.55064e-04 DIIS/ADIIS
   @DF-RHF iter   3:    -0.98959674743939   -5.27675e-04   3.68757e-05 DIIS
   @DF-RHF iter   4:    -0.98959798577070   -1.23833e-06   2.42034e-06 DIIS
   @DF-RHF iter   5:    -0.98959799035822   -4.58752e-09   1.47275e-07 DIIS
   @DF-RHF iter   6:    -0.98959799038177   -2.35487e-11   2.06639e-09 DIIS
   @DF-RHF iter   7:    -0.98959799038177   -2.22045e-15   5.53318e-11 DIIS
  Energy and wave function converged.


  ==> Post-Iterations <==

    Orbital Energies [Eh]
    ---------------------

    Doubly Occupied:                                                      

       1A     -0.430111  

    Virtual:                                                              

       2A      0.018407     3A      0.373114     4A      0.436724  
       5A      0.671301     6A      0.671301     7A      0.783460  
       8A      0.919389     9A      0.919389    10A      1.299030  
      11A      2.486374    12A      2.658394    13A      3.146227  
      14A      3.194061    15A      3.194061    16A      3.397826  
      17A      3.397826    18A      3.485825    19A      3.485825  
      20A      3.714961    21A      3.714961    22A      3.855067  
      23A      3.855067    24A      3.930142    25A      4.023301  
      26A      4.023301    27A      4.164673    28A      4.884117  

    Final Occupation by Irrep:
              A 
    DOCC [     1 ]
    NA   [     1 ]
    NB   [     1 ]

  @DF-RHF Final Energy:    -0.98959799038177

   => Energetics <=

    Nuclear Repulsion Energy =              0.3345373170902299
    One-Electron Energy =                  -1.7880476919150978
    Two-Electron Energy =                   0.4639123844430988
    Total Energy =                         -0.9895979903817691

Computation Completed


Properties will be evaluated at   0.000000,   0.000000,   0.000000 [a0]

Properties computed using the SCF density matrix


 Multipole Moments:

 ------------------------------------------------------------------------------------
     Multipole            Electronic (a.u.)      Nuclear  (a.u.)        Total (a.u.)
 ------------------------------------------------------------------------------------

 L = 1.  Multiply by 2.5417464519 to convert [e a0] to [Debye]
 Dipole X            :         -0.0000000            0.0000000           -0.0000000
 Dipole Y            :         -0.0000000            0.0000000           -0.0000000
 Dipole Z            :         -0.0000000            0.0000000           -0.0000000
 Magnitude           :                                                    0.0000000

 ------------------------------------------------------------------------------------

*** tstop() called on Angelinas-MacBook-Pro-574.local at Thu Feb 12 13:22:57 2026
Module time:
	user time   =       0.06 seconds =       0.00 minutes
	system time =       0.00 seconds =       0.00 minutes
	total time  =          0 seconds =       0.00 minutes
Total time:
	user time   =      58.47 seconds =       0.97 minutes
	system time =      16.12 seconds =       0.27 minutes
	total time  =      61569 seconds =    1026.15 minutes

Scratch directory: /tmp/
   => Libint2 <=

    Primary   basis highest AM E, G, H:  6, 6, 3
    Auxiliary basis highest AM E, G, H:  7, 7, 4
    Onebody   basis highest AM E, G, H:  -, -, -
    Solid Harmonics ordering:            Gaussian

*** tstart() called on Angelinas-MacBook-Pro-574.local
*** at Thu Feb 12 13:22:57 2026

   => Loading Basis Set <=

    Name: CC-PVTZ
    Role: ORBITAL
    Keyword: BASIS
    atoms 1-2 entry H          line    23 file /opt/anaconda3/envs/psi4/share/psi4/basis/cc-pvtz.gbs 


         ---------------------------------------------------------
                                   SCF
               by Justin Turney, Rob Parrish, Andy Simmonett
                          and Daniel G. A. Smith
                              RHF Reference
                        4 Threads,   1907 MiB Core
         ---------------------------------------------------------

  ==> Geometry <==

    Molecular point group: c1
    Full point group: D_inf_h

    Geometry (in Angstrom), charge = 0, multiplicity = 1:

       Center              X                  Y                   Z               Mass       
    ------------   -----------------  -----------------  -----------------  -----------------
         H            0.000000000000     0.000000000000    -0.810101010101     1.007825032230
         H            0.000000000000     0.000000000000     0.810101010101     1.007825032230

  Running in c1 symmetry.

  Rotational constants: A = ************  B =     12.74392  C =     12.74392 [cm^-1]
  Rotational constants: A = ************  B = 382053.08880  C = 382053.08880 [MHz]
  Nuclear repulsion =    0.326611869428491

  Charge       = 0
  Multiplicity = 1
  Electrons    = 2
  Nalpha       = 1
  Nbeta        = 1

  ==> Algorithm <==

  SCF Algorithm Type is DF.
  DIIS enabled.
  MOM disabled.
  Fractional occupation disabled.
  Guess Type is SAD.
  Energy threshold   = 1.00e-10
  Density threshold  = 1.00e-10
  Integral threshold = 1.00e-12

  ==> Primary Basis <==

  Basis Set: CC-PVTZ
    Blend: CC-PVTZ
    Number of shells: 12
    Number of basis functions: 28
    Number of Cartesian functions: 30
    Spherical Harmonics?: true
    Max angular momentum: 2

   => Loading Basis Set <=

    Name: (CC-PVTZ AUX)
    Role: JKFIT
    Keyword: DF_BASIS_SCF
    atoms 1-2 entry H          line    51 file /opt/anaconda3/envs/psi4/share/psi4/basis/cc-pvtz-jkfit.gbs 

  ==> Integral Setup <==

  DFHelper Memory: AOs need 0.001 GiB; user supplied 1.397 GiB. 
  SCF_SUBTYPE=INCORE selected. In-core MEM_DF algorithm will be used.
  Using in-core AOs.

  ==> MemDFJK: Density-Fitted J/K Matrices <==

    J tasked:                   Yes
    K tasked:                   Yes
    wK tasked:                   No
    OpenMP threads:               4
    Memory [MiB]:              1430
    Algorithm:                 Core
    Schwarz Cutoff:           1E-12
    Mask sparsity (%):       0.0000
    Fitting Condition:        1E-10

   => Auxiliary Basis Set <=

  Basis Set: (CC-PVTZ AUX)
    Blend: CC-PVTZ-JKFIT
    Number of shells: 20
    Number of basis functions: 60
    Number of Cartesian functions: 70
    Spherical Harmonics?: true
    Max angular momentum: 3

  Minimum eigenvalue in the overlap matrix is 7.4105499306E-02.
  Reciprocal condition number of the overlap matrix is 2.3280058679E-02.
    Using symmetric orthogonalization.

  ==> Pre-Iterations <==

  SCF Guess: Superposition of Atomic Densities via on-the-fly atomic UHF (no occupation information).

   -------------------------
    Irrep   Nso     Nmo    
   -------------------------
     A         28      28 
   -------------------------
    Total      28      28
   -------------------------

  ==> Iterations <==

                           Total Energy        Delta E     RMS |[F,P]|

   @DF-RHF iter SAD:    -0.92765686462644   -9.27657e-01   0.00000e+00 
   @DF-RHF iter   1:    -0.97063486786842   -4.29780e-02   3.25900e-03 DIIS/ADIIS
   @DF-RHF iter   2:    -0.98241481597332   -1.17799e-02   6.45855e-04 DIIS/ADIIS
   @DF-RHF iter   3:    -0.98292888075939   -5.14065e-04   3.54599e-05 DIIS
   @DF-RHF iter   4:    -0.98293002553368   -1.14477e-06   2.33503e-06 DIIS
   @DF-RHF iter   5:    -0.98293002987196   -4.33827e-09   1.39905e-07 DIIS
   @DF-RHF iter   6:    -0.98293002989329   -2.13385e-11   1.98506e-09 DIIS
   @DF-RHF iter   7:    -0.98293002989330   -8.88178e-16   5.21025e-11 DIIS
  Energy and wave function converged.


  ==> Post-Iterations <==

    Orbital Energies [Eh]
    ---------------------

    Doubly Occupied:                                                      

       1A     -0.425553  

    Virtual:                                                              

       2A      0.012190     3A      0.375689     4A      0.433431  
       5A      0.673166     6A      0.673166     7A      0.770296  
       8A      0.911216     9A      0.911216    10A      1.284658  
      11A      2.472854    12A      2.650997    13A      3.160206  
      14A      3.213398    15A      3.213398    16A      3.402994  
      17A      3.402994    18A      3.476354    19A      3.476354  
      20A      3.681684    21A      3.681684    22A      3.850481  
      23A      3.850481    24A      3.896861    25A      4.006742  
      26A      4.006742    27A      4.133334    28A      4.814072  

    Final Occupation by Irrep:
              A 
    DOCC [     1 ]
    NA   [     1 ]
    NB   [     1 ]

  @DF-RHF Final Energy:    -0.98293002989330

   => Energetics <=

    Nuclear Repulsion Energy =              0.3266118694284913
    One-Electron Energy =                  -1.7679783822569943
    Two-Electron Energy =                   0.4584364829352077
    Total Energy =                         -0.9829300298932955

Computation Completed


Properties will be evaluated at   0.000000,   0.000000,   0.000000 [a0]

Properties computed using the SCF density matrix


 Multipole Moments:

 ------------------------------------------------------------------------------------
     Multipole            Electronic (a.u.)      Nuclear  (a.u.)        Total (a.u.)
 ------------------------------------------------------------------------------------

 L = 1.  Multiply by 2.5417464519 to convert [e a0] to [Debye]
 Dipole X            :         -0.0000000            0.0000000           -0.0000000
 Dipole Y            :          0.0000000            0.0000000            0.0000000
 Dipole Z            :          0.0000000            0.0000000            0.0000000
 Magnitude           :                                                    0.0000000

 ------------------------------------------------------------------------------------

*** tstop() called on Angelinas-MacBook-Pro-574.local at Thu Feb 12 13:22:57 2026
Module time:
	user time   =       0.05 seconds =       0.00 minutes
	system time =       0.01 seconds =       0.00 minutes
	total time  =          0 seconds =       0.00 minutes
Total time:
	user time   =      58.53 seconds =       0.98 minutes
	system time =      16.13 seconds =       0.27 minutes
	total time  =      61569 seconds =    1026.15 minutes

Scratch directory: /tmp/
   => Libint2 <=

    Primary   basis highest AM E, G, H:  6, 6, 3
    Auxiliary basis highest AM E, G, H:  7, 7, 4
    Onebody   basis highest AM E, G, H:  -, -, -
    Solid Harmonics ordering:            Gaussian

*** tstart() called on Angelinas-MacBook-Pro-574.local
*** at Thu Feb 12 13:22:57 2026

   => Loading Basis Set <=

    Name: CC-PVTZ
    Role: ORBITAL
    Keyword: BASIS
    atoms 1-2 entry H          line    23 file /opt/anaconda3/envs/psi4/share/psi4/basis/cc-pvtz.gbs 


         ---------------------------------------------------------
                                   SCF
               by Justin Turney, Rob Parrish, Andy Simmonett
                          and Daniel G. A. Smith
                              RHF Reference
                        4 Threads,   1907 MiB Core
         ---------------------------------------------------------

  ==> Geometry <==

    Molecular point group: c1
    Full point group: D_inf_h

    Geometry (in Angstrom), charge = 0, multiplicity = 1:

       Center              X                  Y                   Z               Mass       
    ------------   -----------------  -----------------  -----------------  -----------------
         H            0.000000000000     0.000000000000    -0.829292929293     1.007825032230
         H            0.000000000000     0.000000000000     0.829292929293     1.007825032230

  Running in c1 symmetry.

  Rotational constants: A = ************  B =     12.16089  C =     12.16089 [cm^-1]
  Rotational constants: A = ************  B = 364574.37297  C = 364574.37297 [MHz]
  Nuclear repulsion =    0.319053251256577

  Charge       = 0
  Multiplicity = 1
  Electrons    = 2
  Nalpha       = 1
  Nbeta        = 1

  ==> Algorithm <==

  SCF Algorithm Type is DF.
  DIIS enabled.
  MOM disabled.
  Fractional occupation disabled.
  Guess Type is SAD.
  Energy threshold   = 1.00e-10
  Density threshold  = 1.00e-10
  Integral threshold = 1.00e-12

  ==> Primary Basis <==

  Basis Set: CC-PVTZ
    Blend: CC-PVTZ
    Number of shells: 12
    Number of basis functions: 28
    Number of Cartesian functions: 30
    Spherical Harmonics?: true
    Max angular momentum: 2

   => Loading Basis Set <=

    Name: (CC-PVTZ AUX)
    Role: JKFIT
    Keyword: DF_BASIS_SCF
    atoms 1-2 entry H          line    51 file /opt/anaconda3/envs/psi4/share/psi4/basis/cc-pvtz-jkfit.gbs 

  ==> Integral Setup <==

  DFHelper Memory: AOs need 0.001 GiB; user supplied 1.397 GiB. 
  SCF_SUBTYPE=INCORE selected. In-core MEM_DF algorithm will be used.
  Using in-core AOs.

  ==> MemDFJK: Density-Fitted J/K Matrices <==

    J tasked:                   Yes
    K tasked:                   Yes
    wK tasked:                   No
    OpenMP threads:               4
    Memory [MiB]:              1430
    Algorithm:                 Core
    Schwarz Cutoff:           1E-12
    Mask sparsity (%):       0.0000
    Fitting Condition:        1E-10

   => Auxiliary Basis Set <=

  Basis Set: (CC-PVTZ AUX)
    Blend: CC-PVTZ-JKFIT
    Number of shells: 20
    Number of basis functions: 60
    Number of Cartesian functions: 70
    Spherical Harmonics?: true
    Max angular momentum: 3

  Minimum eigenvalue in the overlap matrix is 7.5606617658E-02.
  Reciprocal condition number of the overlap matrix is 2.4077290668E-02.
    Using symmetric orthogonalization.

  ==> Pre-Iterations <==

  SCF Guess: Superposition of Atomic Densities via on-the-fly atomic UHF (no occupation information).

   -------------------------
    Irrep   Nso     Nmo    
   -------------------------
     A         28      28 
   -------------------------
    Total      28      28
   -------------------------

  ==> Iterations <==

                           Total Energy        Delta E     RMS |[F,P]|

   @DF-RHF iter SAD:    -0.92052799896783   -9.20528e-01   0.00000e+00 
   @DF-RHF iter   1:    -0.96450556304968   -4.39776e-02   3.20070e-03 DIIS/ADIIS
   @DF-RHF iter   2:    -0.97591287283837   -1.14073e-02   6.36753e-04 DIIS/ADIIS
   @DF-RHF iter   3:    -0.97641350151919   -5.00629e-04   3.41362e-05 DIIS
   @DF-RHF iter   4:    -0.97641456130582   -1.05979e-06   2.25189e-06 DIIS
   @DF-RHF iter   5:    -0.97641456540683   -4.10101e-09   1.32992e-07 DIIS
   @DF-RHF iter   6:    -0.97641456542618   -1.93530e-11   1.90474e-09 DIIS
   @DF-RHF iter   7:    -0.97641456542619   -2.66454e-15   4.80862e-11 DIIS
  Energy and wave function converged.


  ==> Post-Iterations <==

    Orbital Energies [Eh]
    ---------------------

    Doubly Occupied:                                                      

       1A     -0.421156  

    Virtual:                                                              

       2A      0.006128     3A      0.378226     4A      0.430430  
       5A      0.675244     6A      0.675244     7A      0.757416  
       8A      0.903262     9A      0.903262    10A      1.270188  
      11A      2.460613    12A      2.643689    13A      3.175300  
      14A      3.232853    15A      3.232853    16A      3.407210  
      17A      3.407210    18A      3.467982    19A      3.467982  
      20A      3.650199    21A      3.650199    22A      3.845715  
      23A      3.845715    24A      3.861745    25A      3.992238  
      26A      3.992238    27A      4.103869    28A      4.748892  

    Final Occupation by Irrep:
              A 
    DOCC [     1 ]
    NA   [     1 ]
    NB   [     1 ]

  @DF-RHF Final Energy:    -0.97641456542619

   => Energetics <=

    Nuclear Repulsion Energy =              0.3190532512565774
    One-Electron Energy =                  -1.7486237909499647
    Two-Electron Energy =                   0.4531559742672002
    Total Energy =                         -0.9764145654261871

Computation Completed


Properties will be evaluated at   0.000000,   0.000000,   0.000000 [a0]

Properties computed using the SCF density matrix


 Multipole Moments:

 ------------------------------------------------------------------------------------
     Multipole            Electronic (a.u.)      Nuclear  (a.u.)        Total (a.u.)
 ------------------------------------------------------------------------------------

 L = 1.  Multiply by 2.5417464519 to convert [e a0] to [Debye]
 Dipole X            :         -0.0000000            0.0000000           -0.0000000
 Dipole Y            :         -0.0000000            0.0000000           -0.0000000
 Dipole Z            :         -0.0000000            0.0000000           -0.0000000
 Magnitude           :                                                    0.0000000

 ------------------------------------------------------------------------------------

*** tstop() called on Angelinas-MacBook-Pro-574.local at Thu Feb 12 13:22:58 2026
Module time:
	user time   =       0.06 seconds =       0.00 minutes
	system time =       0.01 seconds =       0.00 minutes
	total time  =          1 seconds =       0.02 minutes
Total time:
	user time   =      58.64 seconds =       0.98 minutes
	system time =      16.15 seconds =       0.27 minutes
	total time  =      61570 seconds =    1026.17 minutes

Scratch directory: /tmp/
   => Libint2 <=

    Primary   basis highest AM E, G, H:  6, 6, 3
    Auxiliary basis highest AM E, G, H:  7, 7, 4
    Onebody   basis highest AM E, G, H:  -, -, -
    Solid Harmonics ordering:            Gaussian

*** tstart() called on Angelinas-MacBook-Pro-574.local
*** at Thu Feb 12 13:22:58 2026

   => Loading Basis Set <=

    Name: CC-PVTZ
    Role: ORBITAL
    Keyword: BASIS
    atoms 1-2 entry H          line    23 file /opt/anaconda3/envs/psi4/share/psi4/basis/cc-pvtz.gbs 


         ---------------------------------------------------------
                                   SCF
               by Justin Turney, Rob Parrish, Andy Simmonett
                          and Daniel G. A. Smith
                              RHF Reference
                        4 Threads,   1907 MiB Core
         ---------------------------------------------------------

  ==> Geometry <==

    Molecular point group: c1
    Full point group: D_inf_h

    Geometry (in Angstrom), charge = 0, multiplicity = 1:

       Center              X                  Y                   Z               Mass       
    ------------   -----------------  -----------------  -----------------  -----------------
         H            0.000000000000     0.000000000000    -0.848484848485     1.007825032230
         H            0.000000000000     0.000000000000     0.848484848485     1.007825032230

  Running in c1 symmetry.

  Rotational constants: A = ************  B =     11.61698  C =     11.61698 [cm^-1]
  Rotational constants: A = ************  B = 348268.24678  C = 348268.24678 [MHz]
  Nuclear repulsion =    0.311836570573393

  Charge       = 0
  Multiplicity = 1
  Electrons    = 2
  Nalpha       = 1
  Nbeta        = 1

  ==> Algorithm <==

  SCF Algorithm Type is DF.
  DIIS enabled.
  MOM disabled.
  Fractional occupation disabled.
  Guess Type is SAD.
  Energy threshold   = 1.00e-10
  Density threshold  = 1.00e-10
  Integral threshold = 1.00e-12

  ==> Primary Basis <==

  Basis Set: CC-PVTZ
    Blend: CC-PVTZ
    Number of shells: 12
    Number of basis functions: 28
    Number of Cartesian functions: 30
    Spherical Harmonics?: true
    Max angular momentum: 2

   => Loading Basis Set <=

    Name: (CC-PVTZ AUX)
    Role: JKFIT
    Keyword: DF_BASIS_SCF
    atoms 1-2 entry H          line    51 file /opt/anaconda3/envs/psi4/share/psi4/basis/cc-pvtz-jkfit.gbs 

  ==> Integral Setup <==

  DFHelper Memory: AOs need 0.001 GiB; user supplied 1.397 GiB. 
  SCF_SUBTYPE=INCORE selected. In-core MEM_DF algorithm will be used.
  Using in-core AOs.

  ==> MemDFJK: Density-Fitted J/K Matrices <==

    J tasked:                   Yes
    K tasked:                   Yes
    wK tasked:                   No
    OpenMP threads:               4
    Memory [MiB]:              1430
    Algorithm:                 Core
    Schwarz Cutoff:           1E-12
    Mask sparsity (%):       0.0000
    Fitting Condition:        1E-10

   => Auxiliary Basis Set <=

  Basis Set: (CC-PVTZ AUX)
    Blend: CC-PVTZ-JKFIT
    Number of shells: 20
    Number of basis functions: 60
    Number of Cartesian functions: 70
    Spherical Harmonics?: true
    Max angular momentum: 3

  Minimum eigenvalue in the overlap matrix is 7.6795496985E-02.
  Reciprocal condition number of the overlap matrix is 2.4785327628E-02.
    Using symmetric orthogonalization.

  ==> Pre-Iterations <==

  SCF Guess: Superposition of Atomic Densities via on-the-fly atomic UHF (no occupation information).

   -------------------------
    Irrep   Nso     Nmo    
   -------------------------
     A         28      28 
   -------------------------
    Total      28      28
   -------------------------

  ==> Iterations <==

                           Total Energy        Delta E     RMS |[F,P]|

   @DF-RHF iter SAD:    -0.91379123026040   -9.13791e-01   0.00000e+00 
   @DF-RHF iter   1:    -0.95851496569724   -4.47237e-02   3.14461e-03 DIIS/ADIIS
   @DF-RHF iter   2:    -0.96956464375602   -1.10497e-02   6.27743e-04 DIIS/ADIIS
   @DF-RHF iter   3:    -0.97005198797626   -4.87344e-04   3.28955e-05 DIIS
   @DF-RHF iter   4:    -0.97005297036976   -9.82393e-07   2.17149e-06 DIIS
   @DF-RHF iter   5:    -0.97005297424687   -3.87711e-09   1.26452e-07 DIIS
   @DF-RHF iter   6:    -0.97005297426443   -1.75595e-11   1.81628e-09 DIIS
   @DF-RHF iter   7:    -0.97005297426443   -1.11022e-16   4.34600e-11 DIIS
  Energy and wave function converged.


  ==> Post-Iterations <==

    Orbital Energies [Eh]
    ---------------------

    Doubly Occupied:                                                      

       1A     -0.416913  

    Virtual:                                                              

       2A      0.000223     3A      0.380732     4A      0.427700  
       5A      0.677522     6A      0.677522     7A      0.744852  
       8A      0.895530     9A      0.895530    10A      1.255648  
      11A      2.449869    12A      2.636485    13A      3.190988  
      14A      3.252021    15A      3.252021    16A      3.410566  
      17A      3.410566    18A      3.460599    19A      3.460599  
      20A      3.620879    21A      3.620879    22A      3.825483  
      23A      3.840827    24A      3.840827    25A      3.979326  
      26A      3.979326    27A      4.076074    28A      4.688370  

    Final Occupation by Irrep:
              A 
    DOCC [     1 ]
    NA   [     1 ]
    NB   [     1 ]

  @DF-RHF Final Energy:    -0.97005297426443

   => Energetics <=

    Nuclear Repulsion Energy =              0.3118365705733929
    One-Electron Energy =                  -1.7299522302905623
    Two-Electron Energy =                   0.4480626854527378
    Total Energy =                         -0.9700529742644315

Computation Completed


Properties will be evaluated at   0.000000,   0.000000,   0.000000 [a0]

Properties computed using the SCF density matrix


 Multipole Moments:

 ------------------------------------------------------------------------------------
     Multipole            Electronic (a.u.)      Nuclear  (a.u.)        Total (a.u.)
 ------------------------------------------------------------------------------------

 L = 1.  Multiply by 2.5417464519 to convert [e a0] to [Debye]
 Dipole X            :         -0.0000000            0.0000000           -0.0000000
 Dipole Y            :         -0.0000000            0.0000000           -0.0000000
 Dipole Z            :         -0.0000000            0.0000000           -0.0000000
 Magnitude           :                                                    0.0000000

 ------------------------------------------------------------------------------------

*** tstop() called on Angelinas-MacBook-Pro-574.local at Thu Feb 12 13:22:58 2026
Module time:
	user time   =       0.05 seconds =       0.00 minutes
	system time =       0.00 seconds =       0.00 minutes
	total time  =          0 seconds =       0.00 minutes
Total time:
	user time   =      58.70 seconds =       0.98 minutes
	system time =      16.15 seconds =       0.27 minutes
	total time  =      61570 seconds =    1026.17 minutes

Scratch directory: /tmp/
   => Libint2 <=

    Primary   basis highest AM E, G, H:  6, 6, 3
    Auxiliary basis highest AM E, G, H:  7, 7, 4
    Onebody   basis highest AM E, G, H:  -, -, -
    Solid Harmonics ordering:            Gaussian

*** tstart() called on Angelinas-MacBook-Pro-574.local
*** at Thu Feb 12 13:22:58 2026

   => Loading Basis Set <=

    Name: CC-PVTZ
    Role: ORBITAL
    Keyword: BASIS
    atoms 1-2 entry H          line    23 file /opt/anaconda3/envs/psi4/share/psi4/basis/cc-pvtz.gbs 


         ---------------------------------------------------------
                                   SCF
               by Justin Turney, Rob Parrish, Andy Simmonett
                          and Daniel G. A. Smith
                              RHF Reference
                        4 Threads,   1907 MiB Core
         ---------------------------------------------------------

  ==> Geometry <==

    Molecular point group: c1
    Full point group: D_inf_h

    Geometry (in Angstrom), charge = 0, multiplicity = 1:

       Center              X                  Y                   Z               Mass       
    ------------   -----------------  -----------------  -----------------  -----------------
         H            0.000000000000     0.000000000000    -0.867676767677     1.007825032230
         H            0.000000000000     0.000000000000     0.867676767677     1.007825032230

  Running in c1 symmetry.

  Rotational constants: A = ************  B =     11.10876  C =     11.10876 [cm^-1]
  Rotational constants: A = ************  B = 333032.12161  C = 333032.12161 [MHz]
  Nuclear repulsion =    0.304939137696915

  Charge       = 0
  Multiplicity = 1
  Electrons    = 2
  Nalpha       = 1
  Nbeta        = 1

  ==> Algorithm <==

  SCF Algorithm Type is DF.
  DIIS enabled.
  MOM disabled.
  Fractional occupation disabled.
  Guess Type is SAD.
  Energy threshold   = 1.00e-10
  Density threshold  = 1.00e-10
  Integral threshold = 1.00e-12

  ==> Primary Basis <==

  Basis Set: CC-PVTZ
    Blend: CC-PVTZ
    Number of shells: 12
    Number of basis functions: 28
    Number of Cartesian functions: 30
    Spherical Harmonics?: true
    Max angular momentum: 2

   => Loading Basis Set <=

    Name: (CC-PVTZ AUX)
    Role: JKFIT
    Keyword: DF_BASIS_SCF
    atoms 1-2 entry H          line    51 file /opt/anaconda3/envs/psi4/share/psi4/basis/cc-pvtz-jkfit.gbs 

  ==> Integral Setup <==

  DFHelper Memory: AOs need 0.001 GiB; user supplied 1.397 GiB. 
  SCF_SUBTYPE=INCORE selected. In-core MEM_DF algorithm will be used.
  Using in-core AOs.

  ==> MemDFJK: Density-Fitted J/K Matrices <==

    J tasked:                   Yes
    K tasked:                   Yes
    wK tasked:                   No
    OpenMP threads:               4
    Memory [MiB]:              1430
    Algorithm:                 Core
    Schwarz Cutoff:           1E-12
    Mask sparsity (%):       0.0000
    Fitting Condition:        1E-10

   => Auxiliary Basis Set <=

  Basis Set: (CC-PVTZ AUX)
    Blend: CC-PVTZ-JKFIT
    Number of shells: 20
    Number of basis functions: 60
    Number of Cartesian functions: 70
    Spherical Harmonics?: true
    Max angular momentum: 3

  Minimum eigenvalue in the overlap matrix is 7.7794654865E-02.
  Reciprocal condition number of the overlap matrix is 2.5439152985E-02.
    Using symmetric orthogonalization.

  ==> Pre-Iterations <==

  SCF Guess: Superposition of Atomic Densities via on-the-fly atomic UHF (no occupation information).

   -------------------------
    Irrep   Nso     Nmo    
   -------------------------
     A         28      28 
   -------------------------
    Total      28      28
   -------------------------

  ==> Iterations <==

                           Total Energy        Delta E     RMS |[F,P]|

   @DF-RHF iter SAD:    -0.90743716227128   -9.07437e-01   0.00000e+00 
   @DF-RHF iter   1:    -0.95266448314480   -4.52273e-02   3.09065e-03 DIIS/ADIIS
   @DF-RHF iter   2:    -0.96337068274350   -1.07062e-02   6.18807e-04 DIIS/ADIIS
   @DF-RHF iter   3:    -0.96384486720176   -4.74184e-04   3.17300e-05 DIIS
   @DF-RHF iter   4:    -0.96384577899262   -9.11791e-07   2.09426e-06 DIIS
   @DF-RHF iter   5:    -0.96384578265982   -3.66720e-09   1.20213e-07 DIIS
   @DF-RHF iter   6:    -0.96384578267575   -1.59270e-11   1.71759e-09 DIIS
   @DF-RHF iter   7:    -0.96384578267575    1.11022e-16   3.85513e-11 DIIS
  Energy and wave function converged.


  ==> Post-Iterations <==

    Orbital Energies [Eh]
    ---------------------

    Doubly Occupied:                                                      

       1A     -0.412818  

    Virtual:                                                              

       2A     -0.005523     3A      0.383216     4A      0.425217  
       5A      0.679981     6A      0.679981     7A      0.732649  
       8A      0.888020     9A      0.888020    10A      1.241064  
      11A      2.440741    12A      2.629383    13A      3.206848  
      14A      3.270560    15A      3.270560    16A      3.413158  
      17A      3.413158    18A      3.454101    19A      3.454101  
      20A      3.593933    21A      3.593933    22A      3.788762  
      23A      3.835891    24A      3.835891    25A      3.967673  
      26A      3.967673    27A      4.049752    28A      4.632225  

    Final Occupation by Irrep:
              A 
    DOCC [     1 ]
    NA   [     1 ]
    NB   [     1 ]

  @DF-RHF Final Energy:    -0.96384578267575

   => Energetics <=

    Nuclear Repulsion Energy =              0.3049391376969151
    One-Electron Energy =                  -1.7119338087262737
    Two-Electron Energy =                   0.4431488883536127
    Total Energy =                         -0.9638457826757459

Computation Completed


Properties will be evaluated at   0.000000,   0.000000,   0.000000 [a0]

Properties computed using the SCF density matrix


 Multipole Moments:

 ------------------------------------------------------------------------------------
     Multipole            Electronic (a.u.)      Nuclear  (a.u.)        Total (a.u.)
 ------------------------------------------------------------------------------------

 L = 1.  Multiply by 2.5417464519 to convert [e a0] to [Debye]
 Dipole X            :          0.0000000            0.0000000            0.0000000
 Dipole Y            :         -0.0000000            0.0000000           -0.0000000
 Dipole Z            :         -0.0000000            0.0000000           -0.0000000
 Magnitude           :                                                    0.0000000

 ------------------------------------------------------------------------------------

*** tstop() called on Angelinas-MacBook-Pro-574.local at Thu Feb 12 13:22:58 2026
Module time:
	user time   =       0.06 seconds =       0.00 minutes
	system time =       0.01 seconds =       0.00 minutes
	total time  =          0 seconds =       0.00 minutes
Total time:
	user time   =      58.77 seconds =       0.98 minutes
	system time =      16.16 seconds =       0.27 minutes
	total time  =      61570 seconds =    1026.17 minutes

Scratch directory: /tmp/
   => Libint2 <=

    Primary   basis highest AM E, G, H:  6, 6, 3
    Auxiliary basis highest AM E, G, H:  7, 7, 4
    Onebody   basis highest AM E, G, H:  -, -, -
    Solid Harmonics ordering:            Gaussian

*** tstart() called on Angelinas-MacBook-Pro-574.local
*** at Thu Feb 12 13:22:58 2026

   => Loading Basis Set <=

    Name: CC-PVTZ
    Role: ORBITAL
    Keyword: BASIS
    atoms 1-2 entry H          line    23 file /opt/anaconda3/envs/psi4/share/psi4/basis/cc-pvtz.gbs 


         ---------------------------------------------------------
                                   SCF
               by Justin Turney, Rob Parrish, Andy Simmonett
                          and Daniel G. A. Smith
                              RHF Reference
                        4 Threads,   1907 MiB Core
         ---------------------------------------------------------

  ==> Geometry <==

    Molecular point group: c1
    Full point group: D_inf_h

    Geometry (in Angstrom), charge = 0, multiplicity = 1:

       Center              X                  Y                   Z               Mass       
    ------------   -----------------  -----------------  -----------------  -----------------
         H            0.000000000000     0.000000000000    -0.886868686869     1.007825032230
         H            0.000000000000     0.000000000000     0.886868686869     1.007825032230

  Running in c1 symmetry.

  Rotational constants: A = ************  B =     10.63317  C =     10.63317 [cm^-1]
  Rotational constants: A = ************  B = 318774.38749  C = 318774.38749 [MHz]
  Nuclear repulsion =    0.298340226972267

  Charge       = 0
  Multiplicity = 1
  Electrons    = 2
  Nalpha       = 1
  Nbeta        = 1

  ==> Algorithm <==

  SCF Algorithm Type is DF.
  DIIS enabled.
  MOM disabled.
  Fractional occupation disabled.
  Guess Type is SAD.
  Energy threshold   = 1.00e-10
  Density threshold  = 1.00e-10
  Integral threshold = 1.00e-12

  ==> Primary Basis <==

  Basis Set: CC-PVTZ
    Blend: CC-PVTZ
    Number of shells: 12
    Number of basis functions: 28
    Number of Cartesian functions: 30
    Spherical Harmonics?: true
    Max angular momentum: 2

   => Loading Basis Set <=

    Name: (CC-PVTZ AUX)
    Role: JKFIT
    Keyword: DF_BASIS_SCF
    atoms 1-2 entry H          line    51 file /opt/anaconda3/envs/psi4/share/psi4/basis/cc-pvtz-jkfit.gbs 

  ==> Integral Setup <==

  DFHelper Memory: AOs need 0.001 GiB; user supplied 1.397 GiB. 
  SCF_SUBTYPE=INCORE selected. In-core MEM_DF algorithm will be used.
  Using in-core AOs.

  ==> MemDFJK: Density-Fitted J/K Matrices <==

    J tasked:                   Yes
    K tasked:                   Yes
    wK tasked:                   No
    OpenMP threads:               4
    Memory [MiB]:              1430
    Algorithm:                 Core
    Schwarz Cutoff:           1E-12
    Mask sparsity (%):       0.0000
    Fitting Condition:        1E-10

   => Auxiliary Basis Set <=

  Basis Set: (CC-PVTZ AUX)
    Blend: CC-PVTZ-JKFIT
    Number of shells: 20
    Number of basis functions: 60
    Number of Cartesian functions: 70
    Spherical Harmonics?: true
    Max angular momentum: 3

  Minimum eigenvalue in the overlap matrix is 7.8668450239E-02.
  Reciprocal condition number of the overlap matrix is 2.6056618191E-02.
    Using symmetric orthogonalization.

  ==> Pre-Iterations <==

  SCF Guess: Superposition of Atomic Densities via on-the-fly atomic UHF (no occupation information).

   -------------------------
    Irrep   Nso     Nmo    
   -------------------------
     A         28      28 
   -------------------------
    Total      28      28
   -------------------------

  ==> Iterations <==

                           Total Energy        Delta E     RMS |[F,P]|

   @DF-RHF iter SAD:    -0.90145519861488   -9.01455e-01   0.00000e+00 
   @DF-RHF iter   1:    -0.94695484148815   -4.54996e-02   3.03871e-03 DIIS/ADIIS
   @DF-RHF iter   2:    -0.95733083927177   -1.03760e-02   6.09929e-04 DIIS/ADIIS
   @DF-RHF iter   3:    -0.95779195917561   -4.61120e-04   3.06335e-05 DIIS
   @DF-RHF iter   4:    -0.95779280650733   -8.47332e-07   2.02045e-06 DIIS
   @DF-RHF iter   5:    -0.95779280997867   -3.47134e-09   1.14217e-07 DIIS
   @DF-RHF iter   6:    -0.95779280999310   -1.44250e-11   1.61221e-09 DIIS
   @DF-RHF iter   7:    -0.95779280999310   -6.66134e-16   3.37219e-11 DIIS
  Energy and wave function converged.


  ==> Post-Iterations <==

    Orbital Energies [Eh]
    ---------------------

    Doubly Occupied:                                                      

       1A     -0.408863  

    Virtual:                                                              

       2A     -0.011110     3A      0.385687     4A      0.422963  
       5A      0.682602     6A      0.682602     7A      0.720857  
       8A      0.880734     9A      0.880734    10A      1.226456  
      11A      2.433273    12A      2.622372    13A      3.222547  
      14A      3.288190    15A      3.288190    16A      3.415082  
      17A      3.415082    18A      3.448386    19A      3.448386  
      20A      3.569447    21A      3.569447    22A      3.752237  
      23A      3.830992    24A      3.830992    25A      3.957038  
      26A      3.957038    27A      4.024718    28A      4.580142  

    Final Occupation by Irrep:
              A 
    DOCC [     1 ]
    NA   [     1 ]
    NB   [     1 ]

  @DF-RHF Final Energy:    -0.95779280999310

   => Energetics <=

    Nuclear Repulsion Energy =              0.2983402269722666
    One-Electron Energy =                  -1.6945402989292173
    Two-Electron Energy =                   0.4384072619638520
    Total Energy =                         -0.9577928099930987

Computation Completed


Properties will be evaluated at   0.000000,   0.000000,   0.000000 [a0]

Properties computed using the SCF density matrix


 Multipole Moments:

 ------------------------------------------------------------------------------------
     Multipole            Electronic (a.u.)      Nuclear  (a.u.)        Total (a.u.)
 ------------------------------------------------------------------------------------

 L = 1.  Multiply by 2.5417464519 to convert [e a0] to [Debye]
 Dipole X            :          0.0000000            0.0000000            0.0000000
 Dipole Y            :          0.0000000            0.0000000            0.0000000
 Dipole Z            :         -0.0000000            0.0000000           -0.0000000
 Magnitude           :                                                    0.0000000

 ------------------------------------------------------------------------------------

*** tstop() called on Angelinas-MacBook-Pro-574.local at Thu Feb 12 13:22:58 2026
Module time:
	user time   =       0.05 seconds =       0.00 minutes
	system time =       0.00 seconds =       0.00 minutes
	total time  =          0 seconds =       0.00 minutes
Total time:
	user time   =      58.83 seconds =       0.98 minutes
	system time =      16.16 seconds =       0.27 minutes
	total time  =      61570 seconds =    1026.17 minutes

Scratch directory: /tmp/
   => Libint2 <=

    Primary   basis highest AM E, G, H:  6, 6, 3
    Auxiliary basis highest AM E, G, H:  7, 7, 4
    Onebody   basis highest AM E, G, H:  -, -, -
    Solid Harmonics ordering:            Gaussian

*** tstart() called on Angelinas-MacBook-Pro-574.local
*** at Thu Feb 12 13:22:58 2026

   => Loading Basis Set <=

    Name: CC-PVTZ
    Role: ORBITAL
    Keyword: BASIS
    atoms 1-2 entry H          line    23 file /opt/anaconda3/envs/psi4/share/psi4/basis/cc-pvtz.gbs 


         ---------------------------------------------------------
                                   SCF
               by Justin Turney, Rob Parrish, Andy Simmonett
                          and Daniel G. A. Smith
                              RHF Reference
                        4 Threads,   1907 MiB Core
         ---------------------------------------------------------

  ==> Geometry <==

    Molecular point group: c1
    Full point group: D_inf_h

    Geometry (in Angstrom), charge = 0, multiplicity = 1:

       Center              X                  Y                   Z               Mass       
    ------------   -----------------  -----------------  -----------------  -----------------
         H            0.000000000000     0.000000000000    -0.906060606061     1.007825032230
         H            0.000000000000     0.000000000000     0.906060606061     1.007825032230

  Running in c1 symmetry.

  Rotational constants: A = ************  B =     10.18748  C =     10.18748 [cm^-1]
  Rotational constants: A = ************  B = 305413.03283  C = 305413.03283 [MHz]
  Nuclear repulsion =    0.292020868764381

  Charge       = 0
  Multiplicity = 1
  Electrons    = 2
  Nalpha       = 1
  Nbeta        = 1

  ==> Algorithm <==

  SCF Algorithm Type is DF.
  DIIS enabled.
  MOM disabled.
  Fractional occupation disabled.
  Guess Type is SAD.
  Energy threshold   = 1.00e-10
  Density threshold  = 1.00e-10
  Integral threshold = 1.00e-12

  ==> Primary Basis <==

  Basis Set: CC-PVTZ
    Blend: CC-PVTZ
    Number of shells: 12
    Number of basis functions: 28
    Number of Cartesian functions: 30
    Spherical Harmonics?: true
    Max angular momentum: 2

   => Loading Basis Set <=

    Name: (CC-PVTZ AUX)
    Role: JKFIT
    Keyword: DF_BASIS_SCF
    atoms 1-2 entry H          line    51 file /opt/anaconda3/envs/psi4/share/psi4/basis/cc-pvtz-jkfit.gbs 

  ==> Integral Setup <==

  DFHelper Memory: AOs need 0.001 GiB; user supplied 1.397 GiB. 
  SCF_SUBTYPE=INCORE selected. In-core MEM_DF algorithm will be used.
  Using in-core AOs.

  ==> MemDFJK: Density-Fitted J/K Matrices <==

    J tasked:                   Yes
    K tasked:                   Yes
    wK tasked:                   No
    OpenMP threads:               4
    Memory [MiB]:              1430
    Algorithm:                 Core
    Schwarz Cutoff:           1E-12
    Mask sparsity (%):       0.0000
    Fitting Condition:        1E-10

   => Auxiliary Basis Set <=

  Basis Set: (CC-PVTZ AUX)
    Blend: CC-PVTZ-JKFIT
    Number of shells: 20
    Number of basis functions: 60
    Number of Cartesian functions: 70
    Spherical Harmonics?: true
    Max angular momentum: 3

  Minimum eigenvalue in the overlap matrix is 7.9453330643E-02.
  Reciprocal condition number of the overlap matrix is 2.6647363980E-02.
    Using symmetric orthogonalization.

  ==> Pre-Iterations <==

  SCF Guess: Superposition of Atomic Densities via on-the-fly atomic UHF (no occupation information).

   -------------------------
    Irrep   Nso     Nmo    
   -------------------------
     A         28      28 
   -------------------------
    Total      28      28
   -------------------------

  ==> Iterations <==

                           Total Energy        Delta E     RMS |[F,P]|

   @DF-RHF iter SAD:    -0.89583379156223   -8.95834e-01   0.00000e+00 
   @DF-RHF iter   1:    -0.94138619460889   -4.55524e-02   2.98873e-03 DIIS/ADIIS
   @DF-RHF iter   2:    -0.95144437765431   -1.00582e-02   6.01088e-04 DIIS/ADIIS
   @DF-RHF iter   3:    -0.95189249831207   -4.48121e-04   2.96013e-05 DIIS
   @DF-RHF iter   4:    -0.95189328681772   -7.88506e-07   1.95025e-06 DIIS
   @DF-RHF iter   5:    -0.95189329010698   -3.28926e-09   1.08424e-07 DIIS
   @DF-RHF iter   6:    -0.95189329012002   -1.30373e-11   1.50691e-09 DIIS
   @DF-RHF iter   7:    -0.95189329012002   -2.88658e-15   2.92959e-11 DIIS
  Energy and wave function converged.


  ==> Post-Iterations <==

    Orbital Energies [Eh]
    ---------------------

    Doubly Occupied:                                                      

       1A     -0.405042  

    Virtual:                                                              

       2A     -0.016539     3A      0.388151     4A      0.420920  
       5A      0.685362     6A      0.685362     7A      0.709535  
       8A      0.873672     9A      0.873672    10A      1.211843  
      11A      2.427452    12A      2.615434    13A      3.237829  
      14A      3.304696    15A      3.304696    16A      3.416428  
      17A      3.416428    18A      3.443360    19A      3.443360  
      20A      3.547414    21A      3.547414    22A      3.716508  
      23A      3.826220    24A      3.826220    25A      3.947245  
      26A      3.947245    27A      4.000812    28A      4.531786  

    Final Occupation by Irrep:
              A 
    DOCC [     1 ]
    NA   [     1 ]
    NB   [     1 ]

  @DF-RHF Final Energy:    -0.95189329012002

   => Energetics <=

    Nuclear Repulsion Energy =              0.2920208687643813
    One-Electron Energy =                  -1.6777450267739680
    Two-Electron Energy =                   0.4338308678895668
    Total Energy =                         -0.9518932901200199

Computation Completed


Properties will be evaluated at   0.000000,   0.000000,   0.000000 [a0]

Properties computed using the SCF density matrix


 Multipole Moments:

 ------------------------------------------------------------------------------------
     Multipole            Electronic (a.u.)      Nuclear  (a.u.)        Total (a.u.)
 ------------------------------------------------------------------------------------

 L = 1.  Multiply by 2.5417464519 to convert [e a0] to [Debye]
 Dipole X            :         -0.0000000            0.0000000           -0.0000000
 Dipole Y            :          0.0000000            0.0000000            0.0000000
 Dipole Z            :         -0.0000000            0.0000000           -0.0000000
 Magnitude           :                                                    0.0000000

 ------------------------------------------------------------------------------------

*** tstop() called on Angelinas-MacBook-Pro-574.local at Thu Feb 12 13:22:58 2026
Module time:
	user time   =       0.06 seconds =       0.00 minutes
	system time =       0.01 seconds =       0.00 minutes
	total time  =          0 seconds =       0.00 minutes
Total time:
	user time   =      58.90 seconds =       0.98 minutes
	system time =      16.17 seconds =       0.27 minutes
	total time  =      61570 seconds =    1026.17 minutes

Scratch directory: /tmp/
   => Libint2 <=

    Primary   basis highest AM E, G, H:  6, 6, 3
    Auxiliary basis highest AM E, G, H:  7, 7, 4
    Onebody   basis highest AM E, G, H:  -, -, -
    Solid Harmonics ordering:            Gaussian

*** tstart() called on Angelinas-MacBook-Pro-574.local
*** at Thu Feb 12 13:22:58 2026

   => Loading Basis Set <=

    Name: CC-PVTZ
    Role: ORBITAL
    Keyword: BASIS
    atoms 1-2 entry H          line    23 file /opt/anaconda3/envs/psi4/share/psi4/basis/cc-pvtz.gbs 


         ---------------------------------------------------------
                                   SCF
               by Justin Turney, Rob Parrish, Andy Simmonett
                          and Daniel G. A. Smith
                              RHF Reference
                        4 Threads,   1907 MiB Core
         ---------------------------------------------------------

  ==> Geometry <==

    Molecular point group: c1
    Full point group: D_inf_h

    Geometry (in Angstrom), charge = 0, multiplicity = 1:

       Center              X                  Y                   Z               Mass       
    ------------   -----------------  -----------------  -----------------  -----------------
         H            0.000000000000     0.000000000000    -0.925252525253     1.007825032230
         H            0.000000000000     0.000000000000     0.925252525253     1.007825032230

  Running in c1 symmetry.

  Rotational constants: A = ************  B =      9.76924  C =      9.76924 [cm^-1]
  Rotational constants: A = ************  B = 292874.46241  C = 292874.46241 [MHz]
  Nuclear repulsion =    0.285963667338046

  Charge       = 0
  Multiplicity = 1
  Electrons    = 2
  Nalpha       = 1
  Nbeta        = 1

  ==> Algorithm <==

  SCF Algorithm Type is DF.
  DIIS enabled.
  MOM disabled.
  Fractional occupation disabled.
  Guess Type is SAD.
  Energy threshold   = 1.00e-10
  Density threshold  = 1.00e-10
  Integral threshold = 1.00e-12

  ==> Primary Basis <==

  Basis Set: CC-PVTZ
    Blend: CC-PVTZ
    Number of shells: 12
    Number of basis functions: 28
    Number of Cartesian functions: 30
    Spherical Harmonics?: true
    Max angular momentum: 2

   => Loading Basis Set <=

    Name: (CC-PVTZ AUX)
    Role: JKFIT
    Keyword: DF_BASIS_SCF
    atoms 1-2 entry H          line    51 file /opt/anaconda3/envs/psi4/share/psi4/basis/cc-pvtz-jkfit.gbs 

  ==> Integral Setup <==

  DFHelper Memory: AOs need 0.001 GiB; user supplied 1.397 GiB. 
  SCF_SUBTYPE=INCORE selected. In-core MEM_DF algorithm will be used.
  Using in-core AOs.

  ==> MemDFJK: Density-Fitted J/K Matrices <==

    J tasked:                   Yes
    K tasked:                   Yes
    wK tasked:                   No
    OpenMP threads:               4
    Memory [MiB]:              1430
    Algorithm:                 Core
    Schwarz Cutoff:           1E-12
    Mask sparsity (%):       0.0000
    Fitting Condition:        1E-10

   => Auxiliary Basis Set <=

  Basis Set: (CC-PVTZ AUX)
    Blend: CC-PVTZ-JKFIT
    Number of shells: 20
    Number of basis functions: 60
    Number of Cartesian functions: 70
    Spherical Harmonics?: true
    Max angular momentum: 3

  Minimum eigenvalue in the overlap matrix is 8.0171494969E-02.
  Reciprocal condition number of the overlap matrix is 2.7216879835E-02.
    Using symmetric orthogonalization.

  ==> Pre-Iterations <==

  SCF Guess: Superposition of Atomic Densities via on-the-fly atomic UHF (no occupation information).

   -------------------------
    Irrep   Nso     Nmo    
   -------------------------
     A         28      28 
   -------------------------
    Total      28      28
   -------------------------

  ==> Iterations <==

                           Total Energy        Delta E     RMS |[F,P]|

   @DF-RHF iter SAD:    -0.89056065821321   -8.90561e-01   0.00000e+00 
   @DF-RHF iter   1:    -0.93595820970048   -4.53976e-02   2.94059e-03 DIIS/ADIIS
   @DF-RHF iter   2:    -0.94571007751257   -9.75187e-03   5.92266e-04 DIIS/ADIIS
   @DF-RHF iter   3:    -0.94614523644826   -4.35159e-04   2.86307e-05 DIIS
   @DF-RHF iter   4:    -0.94614597136249   -7.34914e-07   1.88376e-06 DIIS
   @DF-RHF iter   5:    -0.94614597448305   -3.12056e-09   1.02811e-07 DIIS
   @DF-RHF iter   6:    -0.94614597449480   -1.17553e-11   1.40911e-09 DIIS
   @DF-RHF iter   7:    -0.94614597449481   -1.33227e-15   2.55052e-11 DIIS
  Energy and wave function converged.


  ==> Post-Iterations <==

    Orbital Energies [Eh]
    ---------------------

    Doubly Occupied:                                                      

       1A     -0.401348  

    Virtual:                                                              

       2A     -0.021810     3A      0.390615     4A      0.419072  
       5A      0.688236     6A      0.688236     7A      0.698749  
       8A      0.866834     9A      0.866834    10A      1.197238  
      11A      2.423222    12A      2.608545    13A      3.252505  
      14A      3.319921    15A      3.319921    16A      3.417281  
      17A      3.417281    18A      3.438938    19A      3.438938  
      20A      3.527763    21A      3.527763    22A      3.682100  
      23A      3.821664    24A      3.821664    25A      3.938162  
      26A      3.938162    27A      3.977910    28A      4.486830  

    Final Occupation by Irrep:
              A 
    DOCC [     1 ]
    NA   [     1 ]
    NB   [     1 ]

  @DF-RHF Final Energy:    -0.94614597449481

   => Energetics <=

    Nuclear Repulsion Energy =              0.2859636673380459
    One-Electron Energy =                  -1.6615227796433971
    Two-Electron Energy =                   0.4294131378105457
    Total Energy =                         -0.9461459744948055

Computation Completed


Properties will be evaluated at   0.000000,   0.000000,   0.000000 [a0]

Properties computed using the SCF density matrix


 Multipole Moments:

 ------------------------------------------------------------------------------------
     Multipole            Electronic (a.u.)      Nuclear  (a.u.)        Total (a.u.)
 ------------------------------------------------------------------------------------

 L = 1.  Multiply by 2.5417464519 to convert [e a0] to [Debye]
 Dipole X            :          0.0000000            0.0000000            0.0000000
 Dipole Y            :         -0.0000000            0.0000000           -0.0000000
 Dipole Z            :         -0.0000000            0.0000000           -0.0000000
 Magnitude           :                                                    0.0000000

 ------------------------------------------------------------------------------------

*** tstop() called on Angelinas-MacBook-Pro-574.local at Thu Feb 12 13:22:58 2026
Module time:
	user time   =       0.05 seconds =       0.00 minutes
	system time =       0.00 seconds =       0.00 minutes
	total time  =          0 seconds =       0.00 minutes
Total time:
	user time   =      58.96 seconds =       0.98 minutes
	system time =      16.17 seconds =       0.27 minutes
	total time  =      61570 seconds =    1026.17 minutes

Scratch directory: /tmp/
   => Libint2 <=

    Primary   basis highest AM E, G, H:  6, 6, 3
    Auxiliary basis highest AM E, G, H:  7, 7, 4
    Onebody   basis highest AM E, G, H:  -, -, -
    Solid Harmonics ordering:            Gaussian

*** tstart() called on Angelinas-MacBook-Pro-574.local
*** at Thu Feb 12 13:22:58 2026

   => Loading Basis Set <=

    Name: CC-PVTZ
    Role: ORBITAL
    Keyword: BASIS
    atoms 1-2 entry H          line    23 file /opt/anaconda3/envs/psi4/share/psi4/basis/cc-pvtz.gbs 


         ---------------------------------------------------------
                                   SCF
               by Justin Turney, Rob Parrish, Andy Simmonett
                          and Daniel G. A. Smith
                              RHF Reference
                        4 Threads,   1907 MiB Core
         ---------------------------------------------------------

  ==> Geometry <==

    Molecular point group: c1
    Full point group: D_inf_h

    Geometry (in Angstrom), charge = 0, multiplicity = 1:

       Center              X                  Y                   Z               Mass       
    ------------   -----------------  -----------------  -----------------  -----------------
         H            0.000000000000     0.000000000000    -0.944444444444     1.007825032230
         H            0.000000000000     0.000000000000     0.944444444444     1.007825032230

  Running in c1 symmetry.

  Rotational constants: A = ************  B =      9.37624  C =      9.37624 [cm^-1]
  Rotational constants: A = ************  B = 281092.48183  C = 281092.48183 [MHz]
  Nuclear repulsion =    0.280152640942941

  Charge       = 0
  Multiplicity = 1
  Electrons    = 2
  Nalpha       = 1
  Nbeta        = 1

  ==> Algorithm <==

  SCF Algorithm Type is DF.
  DIIS enabled.
  MOM disabled.
  Fractional occupation disabled.
  Guess Type is SAD.
  Energy threshold   = 1.00e-10
  Density threshold  = 1.00e-10
  Integral threshold = 1.00e-12

  ==> Primary Basis <==

  Basis Set: CC-PVTZ
    Blend: CC-PVTZ
    Number of shells: 12
    Number of basis functions: 28
    Number of Cartesian functions: 30
    Spherical Harmonics?: true
    Max angular momentum: 2

   => Loading Basis Set <=

    Name: (CC-PVTZ AUX)
    Role: JKFIT
    Keyword: DF_BASIS_SCF
    atoms 1-2 entry H          line    51 file /opt/anaconda3/envs/psi4/share/psi4/basis/cc-pvtz-jkfit.gbs 

  ==> Integral Setup <==

  DFHelper Memory: AOs need 0.001 GiB; user supplied 1.397 GiB. 
  SCF_SUBTYPE=INCORE selected. In-core MEM_DF algorithm will be used.
  Using in-core AOs.

  ==> MemDFJK: Density-Fitted J/K Matrices <==

    J tasked:                   Yes
    K tasked:                   Yes
    wK tasked:                   No
    OpenMP threads:               4
    Memory [MiB]:              1430
    Algorithm:                 Core
    Schwarz Cutoff:           1E-12
    Mask sparsity (%):       0.0000
    Fitting Condition:        1E-10

   => Auxiliary Basis Set <=

  Basis Set: (CC-PVTZ AUX)
    Blend: CC-PVTZ-JKFIT
    Number of shells: 20
    Number of basis functions: 60
    Number of Cartesian functions: 70
    Spherical Harmonics?: true
    Max angular momentum: 3

  Minimum eigenvalue in the overlap matrix is 8.0837351975E-02.
  Reciprocal condition number of the overlap matrix is 2.7768432126E-02.
    Using symmetric orthogonalization.

  ==> Pre-Iterations <==

  SCF Guess: Superposition of Atomic Densities via on-the-fly atomic UHF (no occupation information).

   -------------------------
    Irrep   Nso     Nmo    
   -------------------------
     A         28      28 
   -------------------------
    Total      28      28
   -------------------------

  ==> Iterations <==

                           Total Energy        Delta E     RMS |[F,P]|

   @DF-RHF iter SAD:    -0.88562296789778   -8.85623e-01   0.00000e+00 
   @DF-RHF iter   1:    -0.93067013368391   -4.50472e-02   2.89423e-03 DIIS/ADIIS
   @DF-RHF iter   2:    -0.94012631863937   -9.45618e-03   5.83444e-04 DIIS/ADIIS
   @DF-RHF iter   3:    -0.94054853037931   -4.22212e-04   2.77201e-05 DIIS
   @DF-RHF iter   4:    -0.94054921662441   -6.86245e-07   1.82109e-06 DIIS
   @DF-RHF iter   5:    -0.94054921958925   -2.96484e-09   9.73621e-08 DIIS
   @DF-RHF iter   6:    -0.94054921959982   -1.05687e-11   1.32499e-09 DIIS
   @DF-RHF iter   7:    -0.94054921959982   -2.77556e-15   2.24375e-11 DIIS
  Energy and wave function converged.


  ==> Post-Iterations <==

    Orbital Energies [Eh]
    ---------------------

    Doubly Occupied:                                                      

       1A     -0.397777  

    Virtual:                                                              

       2A     -0.026927     3A      0.393077     4A      0.417403  
       5A      0.688567     6A      0.691198     7A      0.691198  
       8A      0.860222     9A      0.860222    10A      1.182656  
      11A      2.420499    12A      2.601682    13A      3.266447  
      14A      3.333761    15A      3.333761    16A      3.417720  
      17A      3.417720    18A      3.435039    19A      3.435039  
      20A      3.510376    21A      3.510376    22A      3.649450  
      23A      3.817408    24A      3.817408    25A      3.929689  
      26A      3.929689    27A      3.955920    28A      4.444962  

    Final Occupation by Irrep:
              A 
    DOCC [     1 ]
    NA   [     1 ]
    NB   [     1 ]

  @DF-RHF Final Energy:    -0.94054921959982

   => Energetics <=

    Nuclear Repulsion Energy =              0.2801526409429412
    One-Electron Energy =                  -1.6458497305008877
    Two-Electron Energy =                   0.4251478699581214
    Total Energy =                         -0.9405492195998250

Computation Completed


Properties will be evaluated at   0.000000,   0.000000,   0.000000 [a0]

Properties computed using the SCF density matrix


 Multipole Moments:

 ------------------------------------------------------------------------------------
     Multipole            Electronic (a.u.)      Nuclear  (a.u.)        Total (a.u.)
 ------------------------------------------------------------------------------------

 L = 1.  Multiply by 2.5417464519 to convert [e a0] to [Debye]
 Dipole X            :         -0.0000000            0.0000000           -0.0000000
 Dipole Y            :          0.0000000            0.0000000            0.0000000
 Dipole Z            :          0.0000000            0.0000000            0.0000000
 Magnitude           :                                                    0.0000000

 ------------------------------------------------------------------------------------

*** tstop() called on Angelinas-MacBook-Pro-574.local at Thu Feb 12 13:22:58 2026
Module time:
	user time   =       0.05 seconds =       0.00 minutes
	system time =       0.01 seconds =       0.00 minutes
	total time  =          0 seconds =       0.00 minutes
Total time:
	user time   =      59.03 seconds =       0.98 minutes
	system time =      16.18 seconds =       0.27 minutes
	total time  =      61570 seconds =    1026.17 minutes

Scratch directory: /tmp/
   => Libint2 <=

    Primary   basis highest AM E, G, H:  6, 6, 3
    Auxiliary basis highest AM E, G, H:  7, 7, 4
    Onebody   basis highest AM E, G, H:  -, -, -
    Solid Harmonics ordering:            Gaussian

*** tstart() called on Angelinas-MacBook-Pro-574.local
*** at Thu Feb 12 13:22:58 2026

   => Loading Basis Set <=

    Name: CC-PVTZ
    Role: ORBITAL
    Keyword: BASIS
    atoms 1-2 entry H          line    23 file /opt/anaconda3/envs/psi4/share/psi4/basis/cc-pvtz.gbs 


         ---------------------------------------------------------
                                   SCF
               by Justin Turney, Rob Parrish, Andy Simmonett
                          and Daniel G. A. Smith
                              RHF Reference
                        4 Threads,   1907 MiB Core
         ---------------------------------------------------------

  ==> Geometry <==

    Molecular point group: c1
    Full point group: D_inf_h

    Geometry (in Angstrom), charge = 0, multiplicity = 1:

       Center              X                  Y                   Z               Mass       
    ------------   -----------------  -----------------  -----------------  -----------------
         H            0.000000000000     0.000000000000    -0.963636363636     1.007825032230
         H            0.000000000000     0.000000000000     0.963636363636     1.007825032230

  Running in c1 symmetry.

  Rotational constants: A = ************  B =      9.00648  C =      9.00648 [cm^-1]
  Rotational constants: A = ************  B = 270007.42205  C = 270007.42205 [MHz]
  Nuclear repulsion =    0.274573081008019

  Charge       = 0
  Multiplicity = 1
  Electrons    = 2
  Nalpha       = 1
  Nbeta        = 1

  ==> Algorithm <==

  SCF Algorithm Type is DF.
  DIIS enabled.
  MOM disabled.
  Fractional occupation disabled.
  Guess Type is SAD.
  Energy threshold   = 1.00e-10
  Density threshold  = 1.00e-10
  Integral threshold = 1.00e-12

  ==> Primary Basis <==

  Basis Set: CC-PVTZ
    Blend: CC-PVTZ
    Number of shells: 12
    Number of basis functions: 28
    Number of Cartesian functions: 30
    Spherical Harmonics?: true
    Max angular momentum: 2

   => Loading Basis Set <=

    Name: (CC-PVTZ AUX)
    Role: JKFIT
    Keyword: DF_BASIS_SCF
    atoms 1-2 entry H          line    51 file /opt/anaconda3/envs/psi4/share/psi4/basis/cc-pvtz-jkfit.gbs 

  ==> Integral Setup <==

  DFHelper Memory: AOs need 0.001 GiB; user supplied 1.397 GiB. 
  SCF_SUBTYPE=INCORE selected. In-core MEM_DF algorithm will be used.
  Using in-core AOs.

  ==> MemDFJK: Density-Fitted J/K Matrices <==

    J tasked:                   Yes
    K tasked:                   Yes
    wK tasked:                   No
    OpenMP threads:               4
    Memory [MiB]:              1430
    Algorithm:                 Core
    Schwarz Cutoff:           1E-12
    Mask sparsity (%):       0.0000
    Fitting Condition:        1E-10

   => Auxiliary Basis Set <=

  Basis Set: (CC-PVTZ AUX)
    Blend: CC-PVTZ-JKFIT
    Number of shells: 20
    Number of basis functions: 60
    Number of Cartesian functions: 70
    Spherical Harmonics?: true
    Max angular momentum: 3

  Minimum eigenvalue in the overlap matrix is 8.1460772125E-02.
  Reciprocal condition number of the overlap matrix is 2.8304037529E-02.
    Using symmetric orthogonalization.

  ==> Pre-Iterations <==

  SCF Guess: Superposition of Atomic Densities via on-the-fly atomic UHF (no occupation information).

   -------------------------
    Irrep   Nso     Nmo    
   -------------------------
     A         28      28 
   -------------------------
    Total      28      28
   -------------------------

  ==> Iterations <==

                           Total Energy        Delta E     RMS |[F,P]|

   @DF-RHF iter SAD:    -0.88100750428190   -8.81008e-01   0.00000e+00 
   @DF-RHF iter   1:    -0.92552084456138   -4.45133e-02   2.84955e-03 DIIS/ADIIS
   @DF-RHF iter   2:    -0.93469115283370   -9.17031e-03   5.74608e-04 DIIS/ADIIS
   @DF-RHF iter   3:    -0.93510041624986   -4.09263e-04   2.68693e-05 DIIS
   @DF-RHF iter   4:    -0.93510105849649   -6.42247e-07   1.76232e-06 DIIS
   @DF-RHF iter   5:    -0.93510106131825   -2.82176e-09   9.20713e-08 DIIS
   @DF-RHF iter   6:    -0.93510106132772   -9.47109e-12   1.25830e-09 DIIS
   @DF-RHF iter   7:    -0.93510106132772   -3.33067e-16   2.00118e-11 DIIS
  Energy and wave function converged.


  ==> Post-Iterations <==

    Orbital Energies [Eh]
    ---------------------

    Doubly Occupied:                                                      

       1A     -0.394322  

    Virtual:                                                              

       2A     -0.031890     3A      0.395532     4A      0.415901  
       5A      0.679062     6A      0.694223     7A      0.694223  
       8A      0.853837     9A      0.853837    10A      1.168108  
      11A      2.419175    12A      2.594825    13A      3.279574  
      14A      3.346162    15A      3.346162    16A      3.417816  
      17A      3.417816    18A      3.431593    19A      3.431593  
      20A      3.495105    21A      3.495105    22A      3.618898  
      23A      3.813525    24A      3.813525    25A      3.921752  
      26A      3.921752    27A      3.934791    28A      4.405891  

    Final Occupation by Irrep:
              A 
    DOCC [     1 ]
    NA   [     1 ]
    NB   [     1 ]

  @DF-RHF Final Energy:    -0.93510106132772

   => Energetics <=

    Nuclear Repulsion Energy =              0.2745730810080189
    One-Electron Energy =                  -1.6307033728945881
    Two-Electron Energy =                   0.4210292305588464
    Total Energy =                         -0.9351010613277227

Computation Completed


Properties will be evaluated at   0.000000,   0.000000,   0.000000 [a0]

Properties computed using the SCF density matrix


 Multipole Moments:

 ------------------------------------------------------------------------------------
     Multipole            Electronic (a.u.)      Nuclear  (a.u.)        Total (a.u.)
 ------------------------------------------------------------------------------------

 L = 1.  Multiply by 2.5417464519 to convert [e a0] to [Debye]
 Dipole X            :         -0.0000000            0.0000000           -0.0000000
 Dipole Y            :          0.0000000            0.0000000            0.0000000
 Dipole Z            :         -0.0000000            0.0000000           -0.0000000
 Magnitude           :                                                    0.0000000

 ------------------------------------------------------------------------------------

*** tstop() called on Angelinas-MacBook-Pro-574.local at Thu Feb 12 13:22:58 2026
Module time:
	user time   =       0.05 seconds =       0.00 minutes
	system time =       0.00 seconds =       0.00 minutes
	total time  =          0 seconds =       0.00 minutes
Total time:
	user time   =      59.09 seconds =       0.98 minutes
	system time =      16.18 seconds =       0.27 minutes
	total time  =      61570 seconds =    1026.17 minutes

Scratch directory: /tmp/
   => Libint2 <=

    Primary   basis highest AM E, G, H:  6, 6, 3
    Auxiliary basis highest AM E, G, H:  7, 7, 4
    Onebody   basis highest AM E, G, H:  -, -, -
    Solid Harmonics ordering:            Gaussian

*** tstart() called on Angelinas-MacBook-Pro-574.local
*** at Thu Feb 12 13:22:58 2026

   => Loading Basis Set <=

    Name: CC-PVTZ
    Role: ORBITAL
    Keyword: BASIS
    atoms 1-2 entry H          line    23 file /opt/anaconda3/envs/psi4/share/psi4/basis/cc-pvtz.gbs 


         ---------------------------------------------------------
                                   SCF
               by Justin Turney, Rob Parrish, Andy Simmonett
                          and Daniel G. A. Smith
                              RHF Reference
                        4 Threads,   1907 MiB Core
         ---------------------------------------------------------

  ==> Geometry <==

    Molecular point group: c1
    Full point group: D_inf_h

    Geometry (in Angstrom), charge = 0, multiplicity = 1:

       Center              X                  Y                   Z               Mass       
    ------------   -----------------  -----------------  -----------------  -----------------
         H            0.000000000000     0.000000000000    -0.982828282828     1.007825032230
         H            0.000000000000     0.000000000000     0.982828282828     1.007825032230

  Running in c1 symmetry.

  Rotational constants: A = ************  B =      8.65817  C =      8.65817 [cm^-1]
  Rotational constants: A = ************  B = 259565.38242  C = 259565.38242 [MHz]
  Nuclear repulsion =    0.269211427833145

  Charge       = 0
  Multiplicity = 1
  Electrons    = 2
  Nalpha       = 1
  Nbeta        = 1

  ==> Algorithm <==

  SCF Algorithm Type is DF.
  DIIS enabled.
  MOM disabled.
  Fractional occupation disabled.
  Guess Type is SAD.
  Energy threshold   = 1.00e-10
  Density threshold  = 1.00e-10
  Integral threshold = 1.00e-12

  ==> Primary Basis <==

  Basis Set: CC-PVTZ
    Blend: CC-PVTZ
    Number of shells: 12
    Number of basis functions: 28
    Number of Cartesian functions: 30
    Spherical Harmonics?: true
    Max angular momentum: 2

   => Loading Basis Set <=

    Name: (CC-PVTZ AUX)
    Role: JKFIT
    Keyword: DF_BASIS_SCF
    atoms 1-2 entry H          line    51 file /opt/anaconda3/envs/psi4/share/psi4/basis/cc-pvtz-jkfit.gbs 

  ==> Integral Setup <==

  DFHelper Memory: AOs need 0.001 GiB; user supplied 1.397 GiB. 
  SCF_SUBTYPE=INCORE selected. In-core MEM_DF algorithm will be used.
  Using in-core AOs.

  ==> MemDFJK: Density-Fitted J/K Matrices <==

    J tasked:                   Yes
    K tasked:                   Yes
    wK tasked:                   No
    OpenMP threads:               4
    Memory [MiB]:              1430
    Algorithm:                 Core
    Schwarz Cutoff:           1E-12
    Mask sparsity (%):       0.0000
    Fitting Condition:        1E-10

   => Auxiliary Basis Set <=

  Basis Set: (CC-PVTZ AUX)
    Blend: CC-PVTZ-JKFIT
    Number of shells: 20
    Number of basis functions: 60
    Number of Cartesian functions: 70
    Spherical Harmonics?: true
    Max angular momentum: 3

  Minimum eigenvalue in the overlap matrix is 8.2048829904E-02.
  Reciprocal condition number of the overlap matrix is 2.8824984200E-02.
    Using symmetric orthogonalization.

  ==> Pre-Iterations <==

  SCF Guess: Superposition of Atomic Densities via on-the-fly atomic UHF (no occupation information).

   -------------------------
    Irrep   Nso     Nmo    
   -------------------------
     A         28      28 
   -------------------------
    Total      28      28
   -------------------------

  ==> Iterations <==

                           Total Energy        Delta E     RMS |[F,P]|

   @DF-RHF iter SAD:    -0.87670080528949   -8.76701e-01   0.00000e+00 
   @DF-RHF iter   1:    -0.92050889140828   -4.38081e-02   2.80647e-03 DIIS/ADIIS
   @DF-RHF iter   2:    -0.92940236470681   -8.89347e-03   5.65744e-04 DIIS/ADIIS
   @DF-RHF iter   3:    -0.92979867253711   -3.96308e-04   2.60789e-05 DIIS
   @DF-RHF iter   4:    -0.92979927524204   -6.02705e-07   1.70751e-06 DIIS
   @DF-RHF iter   5:    -0.92979927793303   -2.69099e-09   8.69356e-08 DIIS
   @DF-RHF iter   6:    -0.92979927794149   -8.45968e-12   1.21006e-09 DIIS
   @DF-RHF iter   7:    -0.92979927794149    8.88178e-16   1.80285e-11 DIIS
  Energy and wave function converged.


  ==> Post-Iterations <==

    Orbital Energies [Eh]
    ---------------------

    Doubly Occupied:                                                      

       1A     -0.390979  

    Virtual:                                                              

       2A     -0.036703     3A      0.397966     4A      0.414554  
       5A      0.670308     6A      0.697284     7A      0.697284  
       8A      0.847678     9A      0.847678    10A      1.153602  
      11A      2.419128    12A      2.587960    13A      3.291847  
      14A      3.357114    15A      3.357114    16A      3.417632  
      17A      3.417632    18A      3.428538    19A      3.428538  
      20A      3.481779    21A      3.481779    22A      3.590691  
      23A      3.810073    24A      3.810073    25A      3.914289  
      26A      3.914289    27A      3.914505    28A      4.369355  

    Final Occupation by Irrep:
              A 
    DOCC [     1 ]
    NA   [     1 ]
    NB   [     1 ]

  @DF-RHF Final Energy:    -0.92979927794149

   => Energetics <=

    Nuclear Repulsion Energy =              0.2692114278331450
    One-Electron Energy =                  -1.6160624616183479
    Two-Electron Energy =                   0.4170517558437169
    Total Energy =                         -0.9297992779414860

Computation Completed


Properties will be evaluated at   0.000000,   0.000000,   0.000000 [a0]

Properties computed using the SCF density matrix


 Multipole Moments:

 ------------------------------------------------------------------------------------
     Multipole            Electronic (a.u.)      Nuclear  (a.u.)        Total (a.u.)
 ------------------------------------------------------------------------------------

 L = 1.  Multiply by 2.5417464519 to convert [e a0] to [Debye]
 Dipole X            :         -0.0000000            0.0000000           -0.0000000
 Dipole Y            :         -0.0000000            0.0000000           -0.0000000
 Dipole Z            :          0.0000000            0.0000000            0.0000000
 Magnitude           :                                                    0.0000000

 ------------------------------------------------------------------------------------

*** tstop() called on Angelinas-MacBook-Pro-574.local at Thu Feb 12 13:22:58 2026
Module time:
	user time   =       0.05 seconds =       0.00 minutes
	system time =       0.01 seconds =       0.00 minutes
	total time  =          0 seconds =       0.00 minutes
Total time:
	user time   =      59.16 seconds =       0.99 minutes
	system time =      16.19 seconds =       0.27 minutes
	total time  =      61570 seconds =    1026.17 minutes

Scratch directory: /tmp/
   => Libint2 <=

    Primary   basis highest AM E, G, H:  6, 6, 3
    Auxiliary basis highest AM E, G, H:  7, 7, 4
    Onebody   basis highest AM E, G, H:  -, -, -
    Solid Harmonics ordering:            Gaussian

*** tstart() called on Angelinas-MacBook-Pro-574.local
*** at Thu Feb 12 13:22:58 2026

   => Loading Basis Set <=

    Name: CC-PVTZ
    Role: ORBITAL
    Keyword: BASIS
    atoms 1-2 entry H          line    23 file /opt/anaconda3/envs/psi4/share/psi4/basis/cc-pvtz.gbs 


         ---------------------------------------------------------
                                   SCF
               by Justin Turney, Rob Parrish, Andy Simmonett
                          and Daniel G. A. Smith
                              RHF Reference
                        4 Threads,   1907 MiB Core
         ---------------------------------------------------------

  ==> Geometry <==

    Molecular point group: c1
    Full point group: D_inf_h

    Geometry (in Angstrom), charge = 0, multiplicity = 1:

       Center              X                  Y                   Z               Mass       
    ------------   -----------------  -----------------  -----------------  -----------------
         H            0.000000000000     0.000000000000    -1.002020202020     1.007825032230
         H            0.000000000000     0.000000000000     1.002020202020     1.007825032230

  Running in c1 symmetry.

  Rotational constants: A = ************  B =      8.32968  C =      8.32968 [cm^-1]
  Rotational constants: A = ************  B = 249717.57419  C = 249717.57419 [MHz]
  Nuclear repulsion =    0.264055160566179

  Charge       = 0
  Multiplicity = 1
  Electrons    = 2
  Nalpha       = 1
  Nbeta        = 1

  ==> Algorithm <==

  SCF Algorithm Type is DF.
  DIIS enabled.
  MOM disabled.
  Fractional occupation disabled.
  Guess Type is SAD.
  Energy threshold   = 1.00e-10
  Density threshold  = 1.00e-10
  Integral threshold = 1.00e-12

  ==> Primary Basis <==

  Basis Set: CC-PVTZ
    Blend: CC-PVTZ
    Number of shells: 12
    Number of basis functions: 28
    Number of Cartesian functions: 30
    Spherical Harmonics?: true
    Max angular momentum: 2

   => Loading Basis Set <=

    Name: (CC-PVTZ AUX)
    Role: JKFIT
    Keyword: DF_BASIS_SCF
    atoms 1-2 entry H          line    51 file /opt/anaconda3/envs/psi4/share/psi4/basis/cc-pvtz-jkfit.gbs 

  ==> Integral Setup <==

  DFHelper Memory: AOs need 0.001 GiB; user supplied 1.397 GiB. 
  SCF_SUBTYPE=INCORE selected. In-core MEM_DF algorithm will be used.
  Using in-core AOs.

  ==> MemDFJK: Density-Fitted J/K Matrices <==

    J tasked:                   Yes
    K tasked:                   Yes
    wK tasked:                   No
    OpenMP threads:               4
    Memory [MiB]:              1430
    Algorithm:                 Core
    Schwarz Cutoff:           1E-12
    Mask sparsity (%):       0.0000
    Fitting Condition:        1E-10

   => Auxiliary Basis Set <=

  Basis Set: (CC-PVTZ AUX)
    Blend: CC-PVTZ-JKFIT
    Number of shells: 20
    Number of basis functions: 60
    Number of Cartesian functions: 70
    Spherical Harmonics?: true
    Max angular momentum: 3

  Minimum eigenvalue in the overlap matrix is 8.2606791643E-02.
  Reciprocal condition number of the overlap matrix is 2.9332125278E-02.
    Using symmetric orthogonalization.

  ==> Pre-Iterations <==

  SCF Guess: Superposition of Atomic Densities via on-the-fly atomic UHF (no occupation information).

   -------------------------
    Irrep   Nso     Nmo    
   -------------------------
     A         28      28 
   -------------------------
    Total      28      28
   -------------------------

  ==> Iterations <==

                           Total Energy        Delta E     RMS |[F,P]|

   @DF-RHF iter SAD:    -0.87268928360183   -8.72689e-01   0.00000e+00 
   @DF-RHF iter   1:    -0.91563252634754   -4.29432e-02   2.76490e-03 DIIS/ADIIS
   @DF-RHF iter   2:    -0.92425752305334   -8.62500e-03   5.56843e-04 DIIS/ADIIS
   @DF-RHF iter   3:    -0.92464087298132   -3.83350e-04   2.53498e-05 DIIS
   @DF-RHF iter   4:    -0.92464144040556   -5.67424e-07   1.65672e-06 DIIS
   @DF-RHF iter   5:    -0.92464144297778   -2.57222e-09   8.19545e-08 DIIS
   @DF-RHF iter   6:    -0.92464144298531   -7.52265e-12   1.17890e-09 DIIS
   @DF-RHF iter   7:    -0.92464144298531   -1.77636e-15   1.62812e-11 DIIS
  Energy and wave function converged.


  ==> Post-Iterations <==

    Orbital Energies [Eh]
    ---------------------

    Doubly Occupied:                                                      

       1A     -0.387743  

    Virtual:                                                              

       2A     -0.041368     3A      0.400353     4A      0.413350  
       5A      0.662379     6A      0.700358     7A      0.700358  
       8A      0.841748     9A      0.841748    10A      1.139150  
      11A      2.420226    12A      2.581083    13A      3.303261  
      14A      3.366644    15A      3.366644    16A      3.417225  
      17A      3.417225    18A      3.425817    19A      3.425817  
      20A      3.470221    21A      3.470221    22A      3.564981  
      23A      3.807091    24A      3.807091    25A      3.895079  
      26A      3.907254    27A      3.907254    28A      4.335116  

    Final Occupation by Irrep:
              A 
    DOCC [     1 ]
    NA   [     1 ]
    NB   [     1 ]

  @DF-RHF Final Energy:    -0.92464144298531

   => Energetics <=

    Nuclear Repulsion Energy =              0.2640551605661794
    One-Electron Energy =                  -1.6019069541086703
    Two-Electron Energy =                   0.4132103505571830
    Total Energy =                         -0.9246414429853080

Computation Completed


Properties will be evaluated at   0.000000,   0.000000,   0.000000 [a0]

Properties computed using the SCF density matrix


 Multipole Moments:

 ------------------------------------------------------------------------------------
     Multipole            Electronic (a.u.)      Nuclear  (a.u.)        Total (a.u.)
 ------------------------------------------------------------------------------------

 L = 1.  Multiply by 2.5417464519 to convert [e a0] to [Debye]
 Dipole X            :          0.0000000            0.0000000            0.0000000
 Dipole Y            :         -0.0000000            0.0000000           -0.0000000
 Dipole Z            :         -0.0000000            0.0000000           -0.0000000
 Magnitude           :                                                    0.0000000

 ------------------------------------------------------------------------------------

*** tstop() called on Angelinas-MacBook-Pro-574.local at Thu Feb 12 13:22:58 2026
Module time:
	user time   =       0.05 seconds =       0.00 minutes
	system time =       0.00 seconds =       0.00 minutes
	total time  =          0 seconds =       0.00 minutes
Total time:
	user time   =      59.22 seconds =       0.99 minutes
	system time =      16.19 seconds =       0.27 minutes
	total time  =      61570 seconds =    1026.17 minutes

Scratch directory: /tmp/
   => Libint2 <=

    Primary   basis highest AM E, G, H:  6, 6, 3
    Auxiliary basis highest AM E, G, H:  7, 7, 4
    Onebody   basis highest AM E, G, H:  -, -, -
    Solid Harmonics ordering:            Gaussian

*** tstart() called on Angelinas-MacBook-Pro-574.local
*** at Thu Feb 12 13:22:58 2026

   => Loading Basis Set <=

    Name: CC-PVTZ
    Role: ORBITAL
    Keyword: BASIS
    atoms 1-2 entry H          line    23 file /opt/anaconda3/envs/psi4/share/psi4/basis/cc-pvtz.gbs 


         ---------------------------------------------------------
                                   SCF
               by Justin Turney, Rob Parrish, Andy Simmonett
                          and Daniel G. A. Smith
                              RHF Reference
                        4 Threads,   1907 MiB Core
         ---------------------------------------------------------

  ==> Geometry <==

    Molecular point group: c1
    Full point group: D_inf_h

    Geometry (in Angstrom), charge = 0, multiplicity = 1:

       Center              X                  Y                   Z               Mass       
    ------------   -----------------  -----------------  -----------------  -----------------
         H            0.000000000000     0.000000000000    -1.021212121212     1.007825032230
         H            0.000000000000     0.000000000000     1.021212121212     1.007825032230

  Running in c1 symmetry.

  Rotational constants: A = ************  B =      8.01954  C =      8.01954 [cm^-1]
  Rotational constants: A = ************  B = 240419.74965  C = 240419.74965 [MHz]
  Nuclear repulsion =    0.259092699586202

  Charge       = 0
  Multiplicity = 1
  Electrons    = 2
  Nalpha       = 1
  Nbeta        = 1

  ==> Algorithm <==

  SCF Algorithm Type is DF.
  DIIS enabled.
  MOM disabled.
  Fractional occupation disabled.
  Guess Type is SAD.
  Energy threshold   = 1.00e-10
  Density threshold  = 1.00e-10
  Integral threshold = 1.00e-12

  ==> Primary Basis <==

  Basis Set: CC-PVTZ
    Blend: CC-PVTZ
    Number of shells: 12
    Number of basis functions: 28
    Number of Cartesian functions: 30
    Spherical Harmonics?: true
    Max angular momentum: 2

   => Loading Basis Set <=

    Name: (CC-PVTZ AUX)
    Role: JKFIT
    Keyword: DF_BASIS_SCF
    atoms 1-2 entry H          line    51 file /opt/anaconda3/envs/psi4/share/psi4/basis/cc-pvtz-jkfit.gbs 

  ==> Integral Setup <==

  DFHelper Memory: AOs need 0.001 GiB; user supplied 1.397 GiB. 
  SCF_SUBTYPE=INCORE selected. In-core MEM_DF algorithm will be used.
  Using in-core AOs.

  ==> MemDFJK: Density-Fitted J/K Matrices <==

    J tasked:                   Yes
    K tasked:                   Yes
    wK tasked:                   No
    OpenMP threads:               4
    Memory [MiB]:              1430
    Algorithm:                 Core
    Schwarz Cutoff:           1E-12
    Mask sparsity (%):       0.0000
    Fitting Condition:        1E-10

   => Auxiliary Basis Set <=

  Basis Set: (CC-PVTZ AUX)
    Blend: CC-PVTZ-JKFIT
    Number of shells: 20
    Number of basis functions: 60
    Number of Cartesian functions: 70
    Spherical Harmonics?: true
    Max angular momentum: 3

  Minimum eigenvalue in the overlap matrix is 8.3138704438E-02.
  Reciprocal condition number of the overlap matrix is 2.9826050982E-02.
    Using symmetric orthogonalization.

  ==> Pre-Iterations <==

  SCF Guess: Superposition of Atomic Densities via on-the-fly atomic UHF (no occupation information).

   -------------------------
    Irrep   Nso     Nmo    
   -------------------------
     A         28      28 
   -------------------------
    Total      28      28
   -------------------------

  ==> Iterations <==

                           Total Energy        Delta E     RMS |[F,P]|

   @DF-RHF iter SAD:    -0.86895933016653   -8.68959e-01   0.00000e+00 
   @DF-RHF iter   1:    -0.91088973147388   -4.19304e-02   2.72474e-03 DIIS/ADIIS
   @DF-RHF iter   2:    -0.91925402411551   -8.36429e-03   5.47904e-04 DIIS/ADIIS
   @DF-RHF iter   3:    -0.91962443060756   -3.70406e-04   2.46833e-05 DIIS
   @DF-RHF iter   4:    -0.91962496681898   -5.36211e-07   1.60993e-06 DIIS
   @DF-RHF iter   5:    -0.91962496928404   -2.46506e-09   7.71289e-08 DIIS
   @DF-RHF iter   6:    -0.91962496929071   -6.66922e-12   1.16183e-09 DIIS
   @DF-RHF iter   7:    -0.91962496929071    0.00000e+00   1.46393e-11 DIIS
  Energy and wave function converged.


  ==> Post-Iterations <==

    Orbital Energies [Eh]
    ---------------------

    Doubly Occupied:                                                      

       1A     -0.384609  

    Virtual:                                                              

       2A     -0.045890     3A      0.402661     4A      0.412280  
       5A      0.655346     6A      0.703420     7A      0.703420  
       8A      0.836047     9A      0.836047    10A      1.124762  
      11A      2.422330    12A      2.574200    13A      3.313836  
      14A      3.374811    15A      3.374811    16A      3.416643  
      17A      3.416643    18A      3.423384    19A      3.423384  
      20A      3.460248    21A      3.460248    22A      3.541837  
      23A      3.804602    24A      3.804602    25A      3.876553  
      26A      3.900610    27A      3.900610    28A      4.302963  

    Final Occupation by Irrep:
              A 
    DOCC [     1 ]
    NA   [     1 ]
    NB   [     1 ]

  @DF-RHF Final Energy:    -0.91962496929071

   => Energetics <=

    Nuclear Repulsion Energy =              0.2590926995862018
    One-Electron Energy =                  -1.5882179486639909
    Two-Electron Energy =                   0.4095002797870782
    Total Energy =                         -0.9196249692907110

Computation Completed


Properties will be evaluated at   0.000000,   0.000000,   0.000000 [a0]

Properties computed using the SCF density matrix


 Multipole Moments:

 ------------------------------------------------------------------------------------
     Multipole            Electronic (a.u.)      Nuclear  (a.u.)        Total (a.u.)
 ------------------------------------------------------------------------------------

 L = 1.  Multiply by 2.5417464519 to convert [e a0] to [Debye]
 Dipole X            :          0.0000000            0.0000000            0.0000000
 Dipole Y            :          0.0000000            0.0000000            0.0000000
 Dipole Z            :          0.0000000            0.0000000            0.0000000
 Magnitude           :                                                    0.0000000

 ------------------------------------------------------------------------------------

*** tstop() called on Angelinas-MacBook-Pro-574.local at Thu Feb 12 13:22:58 2026
Module time:
	user time   =       0.05 seconds =       0.00 minutes
	system time =       0.01 seconds =       0.00 minutes
	total time  =          0 seconds =       0.00 minutes
Total time:
	user time   =      59.29 seconds =       0.99 minutes
	system time =      16.20 seconds =       0.27 minutes
	total time  =      61570 seconds =    1026.17 minutes

Scratch directory: /tmp/
   => Libint2 <=

    Primary   basis highest AM E, G, H:  6, 6, 3
    Auxiliary basis highest AM E, G, H:  7, 7, 4
    Onebody   basis highest AM E, G, H:  -, -, -
    Solid Harmonics ordering:            Gaussian

*** tstart() called on Angelinas-MacBook-Pro-574.local
*** at Thu Feb 12 13:22:58 2026

   => Loading Basis Set <=

    Name: CC-PVTZ
    Role: ORBITAL
    Keyword: BASIS
    atoms 1-2 entry H          line    23 file /opt/anaconda3/envs/psi4/share/psi4/basis/cc-pvtz.gbs 


         ---------------------------------------------------------
                                   SCF
               by Justin Turney, Rob Parrish, Andy Simmonett
                          and Daniel G. A. Smith
                              RHF Reference
                        4 Threads,   1907 MiB Core
         ---------------------------------------------------------

  ==> Geometry <==

    Molecular point group: c1
    Full point group: D_inf_h

    Geometry (in Angstrom), charge = 0, multiplicity = 1:

       Center              X                  Y                   Z               Mass       
    ------------   -----------------  -----------------  -----------------  -----------------
         H            0.000000000000     0.000000000000    -1.040404040404     1.007825032230
         H            0.000000000000     0.000000000000     1.040404040404     1.007825032230

  Running in c1 symmetry.

  Rotational constants: A = ************  B =      7.72640  C =      7.72640 [cm^-1]
  Rotational constants: A = ************  B = 231631.70415  C = 231631.70415 [MHz]
  Nuclear repulsion =    0.254313319690922

  Charge       = 0
  Multiplicity = 1
  Electrons    = 2
  Nalpha       = 1
  Nbeta        = 1

  ==> Algorithm <==

  SCF Algorithm Type is DF.
  DIIS enabled.
  MOM disabled.
  Fractional occupation disabled.
  Guess Type is SAD.
  Energy threshold   = 1.00e-10
  Density threshold  = 1.00e-10
  Integral threshold = 1.00e-12

  ==> Primary Basis <==

  Basis Set: CC-PVTZ
    Blend: CC-PVTZ
    Number of shells: 12
    Number of basis functions: 28
    Number of Cartesian functions: 30
    Spherical Harmonics?: true
    Max angular momentum: 2

   => Loading Basis Set <=

    Name: (CC-PVTZ AUX)
    Role: JKFIT
    Keyword: DF_BASIS_SCF
    atoms 1-2 entry H          line    51 file /opt/anaconda3/envs/psi4/share/psi4/basis/cc-pvtz-jkfit.gbs 

  ==> Integral Setup <==

  DFHelper Memory: AOs need 0.001 GiB; user supplied 1.397 GiB. 
  SCF_SUBTYPE=INCORE selected. In-core MEM_DF algorithm will be used.
  Using in-core AOs.

  ==> MemDFJK: Density-Fitted J/K Matrices <==

    J tasked:                   Yes
    K tasked:                   Yes
    wK tasked:                   No
    OpenMP threads:               4
    Memory [MiB]:              1430
    Algorithm:                 Core
    Schwarz Cutoff:           1E-12
    Mask sparsity (%):       0.0000
    Fitting Condition:        1E-10

   => Auxiliary Basis Set <=

  Basis Set: (CC-PVTZ AUX)
    Blend: CC-PVTZ-JKFIT
    Number of shells: 20
    Number of basis functions: 60
    Number of Cartesian functions: 70
    Spherical Harmonics?: true
    Max angular momentum: 3

  Minimum eigenvalue in the overlap matrix is 8.3647763249E-02.
  Reciprocal condition number of the overlap matrix is 3.0307192627E-02.
    Using symmetric orthogonalization.

  ==> Pre-Iterations <==

  SCF Guess: Superposition of Atomic Densities via on-the-fly atomic UHF (no occupation information).

   -------------------------
    Irrep   Nso     Nmo    
   -------------------------
     A         28      28 
   -------------------------
    Total      28      28
   -------------------------

  ==> Iterations <==

                           Total Energy        Delta E     RMS |[F,P]|

   @DF-RHF iter SAD:    -0.86549740284090   -8.65497e-01   0.00000e+00 
   @DF-RHF iter   1:    -0.90627824327471   -4.07808e-02   2.68590e-03 DIIS/ADIIS
   @DF-RHF iter   2:    -0.91438912790345   -8.11088e-03   5.38926e-04 DIIS/ADIIS
   @DF-RHF iter   3:    -0.91474663389564   -3.57506e-04   2.40800e-05 DIIS
   @DF-RHF iter   4:    -0.91474714276030   -5.08865e-07   1.56709e-06 DIIS
   @DF-RHF iter   5:    -0.91474714512931   -2.36902e-09   7.24610e-08 DIIS
   @DF-RHF iter   6:    -0.91474714513519   -5.88374e-12   1.15513e-09 DIIS
   @DF-RHF iter   7:    -0.91474714513520   -4.44089e-16   1.30644e-11 DIIS
  Energy and wave function converged.


  ==> Post-Iterations <==

    Orbital Energies [Eh]
    ---------------------

    Doubly Occupied:                                                      

       1A     -0.381572  

    Virtual:                                                              

       2A     -0.050270     3A      0.404846     4A      0.411334  
       5A      0.649277     6A      0.706449     7A      0.706449  
       8A      0.830576     9A      0.830576    10A      1.110447  
      11A      2.425298    12A      2.567327    13A      3.323610  
      14A      3.381700    15A      3.381700    16A      3.415928  
      17A      3.415928    18A      3.421196    19A      3.421196  
      20A      3.451683    21A      3.451683    22A      3.521250  
      23A      3.802607    24A      3.802607    25A      3.858991  
      26A      3.894327    27A      3.894327    28A      4.272710  

    Final Occupation by Irrep:
              A 
    DOCC [     1 ]
    NA   [     1 ]
    NB   [     1 ]

  @DF-RHF Final Energy:    -0.91474714513520

   => Energetics <=

    Nuclear Repulsion Energy =              0.2543133196909224
    One-Electron Energy =                  -1.5749776170229786
    Two-Electron Energy =                   0.4059171521968610
    Total Energy =                         -0.9147471451351952

Computation Completed


Properties will be evaluated at   0.000000,   0.000000,   0.000000 [a0]

Properties computed using the SCF density matrix


 Multipole Moments:

 ------------------------------------------------------------------------------------
     Multipole            Electronic (a.u.)      Nuclear  (a.u.)        Total (a.u.)
 ------------------------------------------------------------------------------------

 L = 1.  Multiply by 2.5417464519 to convert [e a0] to [Debye]
 Dipole X            :          0.0000000            0.0000000            0.0000000
 Dipole Y            :         -0.0000000            0.0000000           -0.0000000
 Dipole Z            :         -0.0000000            0.0000000           -0.0000000
 Magnitude           :                                                    0.0000000

 ------------------------------------------------------------------------------------

*** tstop() called on Angelinas-MacBook-Pro-574.local at Thu Feb 12 13:22:58 2026
Module time:
	user time   =       0.06 seconds =       0.00 minutes
	system time =       0.00 seconds =       0.00 minutes
	total time  =          0 seconds =       0.00 minutes
Total time:
	user time   =      59.36 seconds =       0.99 minutes
	system time =      16.20 seconds =       0.27 minutes
	total time  =      61570 seconds =    1026.17 minutes

Scratch directory: /tmp/
   => Libint2 <=

    Primary   basis highest AM E, G, H:  6, 6, 3
    Auxiliary basis highest AM E, G, H:  7, 7, 4
    Onebody   basis highest AM E, G, H:  -, -, -
    Solid Harmonics ordering:            Gaussian

*** tstart() called on Angelinas-MacBook-Pro-574.local
*** at Thu Feb 12 13:22:58 2026

   => Loading Basis Set <=

    Name: CC-PVTZ
    Role: ORBITAL
    Keyword: BASIS
    atoms 1-2 entry H          line    23 file /opt/anaconda3/envs/psi4/share/psi4/basis/cc-pvtz.gbs 


         ---------------------------------------------------------
                                   SCF
               by Justin Turney, Rob Parrish, Andy Simmonett
                          and Daniel G. A. Smith
                              RHF Reference
                        4 Threads,   1907 MiB Core
         ---------------------------------------------------------

  ==> Geometry <==

    Molecular point group: c1
    Full point group: D_inf_h

    Geometry (in Angstrom), charge = 0, multiplicity = 1:

       Center              X                  Y                   Z               Mass       
    ------------   -----------------  -----------------  -----------------  -----------------
         H            0.000000000000     0.000000000000    -1.059595959596     1.007825032230
         H            0.000000000000     0.000000000000     1.059595959596     1.007825032230

  Running in c1 symmetry.

  Rotational constants: A = ************  B =      7.44905  C =      7.44905 [cm^-1]
  Rotational constants: A = ************  B = 223316.84080  C = 223316.84080 [MHz]
  Nuclear repulsion =    0.249707072718446

  Charge       = 0
  Multiplicity = 1
  Electrons    = 2
  Nalpha       = 1
  Nbeta        = 1

  ==> Algorithm <==

  SCF Algorithm Type is DF.
  DIIS enabled.
  MOM disabled.
  Fractional occupation disabled.
  Guess Type is SAD.
  Energy threshold   = 1.00e-10
  Density threshold  = 1.00e-10
  Integral threshold = 1.00e-12

  ==> Primary Basis <==

  Basis Set: CC-PVTZ
    Blend: CC-PVTZ
    Number of shells: 12
    Number of basis functions: 28
    Number of Cartesian functions: 30
    Spherical Harmonics?: true
    Max angular momentum: 2

   => Loading Basis Set <=

    Name: (CC-PVTZ AUX)
    Role: JKFIT
    Keyword: DF_BASIS_SCF
    atoms 1-2 entry H          line    51 file /opt/anaconda3/envs/psi4/share/psi4/basis/cc-pvtz-jkfit.gbs 

  ==> Integral Setup <==

  DFHelper Memory: AOs need 0.001 GiB; user supplied 1.397 GiB. 
  SCF_SUBTYPE=INCORE selected. In-core MEM_DF algorithm will be used.
  Using in-core AOs.

  ==> MemDFJK: Density-Fitted J/K Matrices <==

    J tasked:                   Yes
    K tasked:                   Yes
    wK tasked:                   No
    OpenMP threads:               4
    Memory [MiB]:              1430
    Algorithm:                 Core
    Schwarz Cutoff:           1E-12
    Mask sparsity (%):       0.0000
    Fitting Condition:        1E-10

   => Auxiliary Basis Set <=

  Basis Set: (CC-PVTZ AUX)
    Blend: CC-PVTZ-JKFIT
    Number of shells: 20
    Number of basis functions: 60
    Number of Cartesian functions: 70
    Spherical Harmonics?: true
    Max angular momentum: 3

  Minimum eigenvalue in the overlap matrix is 8.4136548988E-02.
  Reciprocal condition number of the overlap matrix is 3.0775886788E-02.
    Using symmetric orthogonalization.

  ==> Pre-Iterations <==

  SCF Guess: Superposition of Atomic Densities via on-the-fly atomic UHF (no occupation information).

   -------------------------
    Irrep   Nso     Nmo    
   -------------------------
     A         28      28 
   -------------------------
    Total      28      28
   -------------------------

  ==> Iterations <==

                           Total Energy        Delta E     RMS |[F,P]|

   @DF-RHF iter SAD:    -0.86229010201487   -8.62290e-01   0.00000e+00 
   @DF-RHF iter   1:    -0.90179557660948   -3.95055e-02   2.64829e-03 DIIS/ADIIS
   @DF-RHF iter   2:    -0.90965998862814   -7.86441e-03   5.29917e-04 DIIS/ADIIS
   @DF-RHF iter   3:    -0.91000467614410   -3.44688e-04   2.35400e-05 DIIS
   @DF-RHF iter   4:    -0.91000516131052   -4.85166e-07   1.52809e-06 DIIS
   @DF-RHF iter   5:    -0.91000516359397   -2.28345e-09   6.79545e-08 DIIS
   @DF-RHF iter   6:    -0.91000516359913   -5.16864e-12   1.15505e-09 DIIS
   @DF-RHF iter   7:    -0.91000516359914   -1.55431e-15   1.15738e-11 DIIS
  Energy and wave function converged.


  ==> Post-Iterations <==

    Orbital Energies [Eh]
    ---------------------

    Doubly Occupied:                                                      

       1A     -0.378628  

    Virtual:                                                              

       2A     -0.054512     3A      0.406859     4A      0.410505  
       5A      0.644233     6A      0.709424     7A      0.709424  
       8A      0.825335     9A      0.825335    10A      1.096221  
      11A      2.428984    12A      2.560492    13A      3.332630  
      14A      3.387414    15A      3.387414    16A      3.415115  
      17A      3.415115    18A      3.419219    19A      3.419219  
      20A      3.444355    21A      3.444355    22A      3.503148  
      23A      3.801091    24A      3.801091    25A      3.842470  
      26A      3.888382    27A      3.888382    28A      4.244191  

    Final Occupation by Irrep:
              A 
    DOCC [     1 ]
    NA   [     1 ]
    NB   [     1 ]

  @DF-RHF Final Energy:    -0.91000516359914

   => Energetics <=

    Nuclear Repulsion Energy =              0.2497070727184461
    One-Electron Energy =                  -1.5621691304863514
    Two-Electron Energy =                   0.4024568941687693
    Total Energy =                         -0.9100051635991360

Computation Completed


Properties will be evaluated at   0.000000,   0.000000,   0.000000 [a0]

Properties computed using the SCF density matrix


 Multipole Moments:

 ------------------------------------------------------------------------------------
     Multipole            Electronic (a.u.)      Nuclear  (a.u.)        Total (a.u.)
 ------------------------------------------------------------------------------------

 L = 1.  Multiply by 2.5417464519 to convert [e a0] to [Debye]
 Dipole X            :         -0.0000000            0.0000000           -0.0000000
 Dipole Y            :         -0.0000000            0.0000000           -0.0000000
 Dipole Z            :          0.0000000            0.0000000            0.0000000
 Magnitude           :                                                    0.0000000

 ------------------------------------------------------------------------------------

*** tstop() called on Angelinas-MacBook-Pro-574.local at Thu Feb 12 13:22:58 2026
Module time:
	user time   =       0.05 seconds =       0.00 minutes
	system time =       0.01 seconds =       0.00 minutes
	total time  =          0 seconds =       0.00 minutes
Total time:
	user time   =      59.42 seconds =       0.99 minutes
	system time =      16.21 seconds =       0.27 minutes
	total time  =      61570 seconds =    1026.17 minutes

Scratch directory: /tmp/
   => Libint2 <=

    Primary   basis highest AM E, G, H:  6, 6, 3
    Auxiliary basis highest AM E, G, H:  7, 7, 4
    Onebody   basis highest AM E, G, H:  -, -, -
    Solid Harmonics ordering:            Gaussian

*** tstart() called on Angelinas-MacBook-Pro-574.local
*** at Thu Feb 12 13:22:58 2026

   => Loading Basis Set <=

    Name: CC-PVTZ
    Role: ORBITAL
    Keyword: BASIS
    atoms 1-2 entry H          line    23 file /opt/anaconda3/envs/psi4/share/psi4/basis/cc-pvtz.gbs 


         ---------------------------------------------------------
                                   SCF
               by Justin Turney, Rob Parrish, Andy Simmonett
                          and Daniel G. A. Smith
                              RHF Reference
                        4 Threads,   1907 MiB Core
         ---------------------------------------------------------

  ==> Geometry <==

    Molecular point group: c1
    Full point group: D_inf_h

    Geometry (in Angstrom), charge = 0, multiplicity = 1:

       Center              X                  Y                   Z               Mass       
    ------------   -----------------  -----------------  -----------------  -----------------
         H            0.000000000000     0.000000000000    -1.078787878788     1.007825032230
         H            0.000000000000     0.000000000000     1.078787878788     1.007825032230

  Running in c1 symmetry.

  Rotational constants: A = ************  B =      7.18636  C =      7.18636 [cm^-1]
  Rotational constants: A = ************  B = 215441.78882  C = 215441.78882 [MHz]
  Nuclear repulsion =    0.245264718428511

  Charge       = 0
  Multiplicity = 1
  Electrons    = 2
  Nalpha       = 1
  Nbeta        = 1

  ==> Algorithm <==

  SCF Algorithm Type is DF.
  DIIS enabled.
  MOM disabled.
  Fractional occupation disabled.
  Guess Type is SAD.
  Energy threshold   = 1.00e-10
  Density threshold  = 1.00e-10
  Integral threshold = 1.00e-12

  ==> Primary Basis <==

  Basis Set: CC-PVTZ
    Blend: CC-PVTZ
    Number of shells: 12
    Number of basis functions: 28
    Number of Cartesian functions: 30
    Spherical Harmonics?: true
    Max angular momentum: 2

   => Loading Basis Set <=

    Name: (CC-PVTZ AUX)
    Role: JKFIT
    Keyword: DF_BASIS_SCF
    atoms 1-2 entry H          line    51 file /opt/anaconda3/envs/psi4/share/psi4/basis/cc-pvtz-jkfit.gbs 

  ==> Integral Setup <==

  DFHelper Memory: AOs need 0.001 GiB; user supplied 1.397 GiB. 
  SCF_SUBTYPE=INCORE selected. In-core MEM_DF algorithm will be used.
  Using in-core AOs.

  ==> MemDFJK: Density-Fitted J/K Matrices <==

    J tasked:                   Yes
    K tasked:                   Yes
    wK tasked:                   No
    OpenMP threads:               4
    Memory [MiB]:              1430
    Algorithm:                 Core
    Schwarz Cutoff:           1E-12
    Mask sparsity (%):       0.0000
    Fitting Condition:        1E-10

   => Auxiliary Basis Set <=

  Basis Set: (CC-PVTZ AUX)
    Blend: CC-PVTZ-JKFIT
    Number of shells: 20
    Number of basis functions: 60
    Number of Cartesian functions: 70
    Spherical Harmonics?: true
    Max angular momentum: 3

  Minimum eigenvalue in the overlap matrix is 8.4607188542E-02.
  Reciprocal condition number of the overlap matrix is 3.1232415364E-02.
    Using symmetric orthogonalization.

  ==> Pre-Iterations <==

  SCF Guess: Superposition of Atomic Densities via on-the-fly atomic UHF (no occupation information).

   -------------------------
    Irrep   Nso     Nmo    
   -------------------------
     A         28      28 
   -------------------------
    Total      28      28
   -------------------------

  ==> Iterations <==

                           Total Energy        Delta E     RMS |[F,P]|

   @DF-RHF iter SAD:    -0.85932423480827   -8.59324e-01   0.00000e+00 
   @DF-RHF iter   1:    -0.89743904975417   -3.81148e-02   2.61180e-03 DIIS/ADIIS
   @DF-RHF iter   2:    -0.90506368022018   -7.62463e-03   5.20890e-04 DIIS/ADIIS
   @DF-RHF iter   3:    -0.90539567909141   -3.31999e-04   2.30628e-05 DIIS
   @DF-RHF iter   4:    -0.90539614397170   -4.64880e-07   1.49274e-06 DIIS
   @DF-RHF iter   5:    -0.90539614617927   -2.20757e-09   6.36147e-08 DIIS
   @DF-RHF iter   6:    -0.90539614618379   -4.52416e-12   1.15819e-09 DIIS
   @DF-RHF iter   7:    -0.90539614618379   -7.77156e-16   1.02028e-11 DIIS
  Energy and wave function converged.


  ==> Post-Iterations <==

    Orbital Energies [Eh]
    ---------------------

    Doubly Occupied:                                                      

       1A     -0.375773  

    Virtual:                                                              

       2A     -0.058619     3A      0.408644     4A      0.409785  
       5A      0.640262     6A      0.712329     7A      0.712329  
       8A      0.820326     9A      0.820326    10A      1.082097  
      11A      2.433244    12A      2.553731    13A      3.340949  
      14A      3.392068    15A      3.392068    16A      3.414234  
      17A      3.414234    18A      3.417423    19A      3.417423  
      20A      3.438104    21A      3.438104    22A      3.487405  
      23A      3.800023    24A      3.800023    25A      3.827074  
      26A      3.882755    27A      3.882755    28A      4.217262  

    Final Occupation by Irrep:
              A 
    DOCC [     1 ]
    NA   [     1 ]
    NB   [     1 ]

  @DF-RHF Final Energy:    -0.90539614618379

   => Energetics <=

    Nuclear Repulsion Energy =              0.2452647184285112
    One-Electron Energy =                  -1.5497765803656862
    Two-Electron Energy =                   0.3991157157533821
    Total Energy =                         -0.9053961461837928

Computation Completed


Properties will be evaluated at   0.000000,   0.000000,   0.000000 [a0]

Properties computed using the SCF density matrix


 Multipole Moments:

 ------------------------------------------------------------------------------------
     Multipole            Electronic (a.u.)      Nuclear  (a.u.)        Total (a.u.)
 ------------------------------------------------------------------------------------

 L = 1.  Multiply by 2.5417464519 to convert [e a0] to [Debye]
 Dipole X            :         -0.0000000            0.0000000           -0.0000000
 Dipole Y            :         -0.0000000            0.0000000           -0.0000000
 Dipole Z            :          0.0000000            0.0000000            0.0000000
 Magnitude           :                                                    0.0000000

 ------------------------------------------------------------------------------------

*** tstop() called on Angelinas-MacBook-Pro-574.local at Thu Feb 12 13:22:58 2026
Module time:
	user time   =       0.06 seconds =       0.00 minutes
	system time =       0.00 seconds =       0.00 minutes
	total time  =          0 seconds =       0.00 minutes
Total time:
	user time   =      59.49 seconds =       0.99 minutes
	system time =      16.21 seconds =       0.27 minutes
	total time  =      61570 seconds =    1026.17 minutes

Scratch directory: /tmp/
   => Libint2 <=

    Primary   basis highest AM E, G, H:  6, 6, 3
    Auxiliary basis highest AM E, G, H:  7, 7, 4
    Onebody   basis highest AM E, G, H:  -, -, -
    Solid Harmonics ordering:            Gaussian

*** tstart() called on Angelinas-MacBook-Pro-574.local
*** at Thu Feb 12 13:22:58 2026

   => Loading Basis Set <=

    Name: CC-PVTZ
    Role: ORBITAL
    Keyword: BASIS
    atoms 1-2 entry H          line    23 file /opt/anaconda3/envs/psi4/share/psi4/basis/cc-pvtz.gbs 


         ---------------------------------------------------------
                                   SCF
               by Justin Turney, Rob Parrish, Andy Simmonett
                          and Daniel G. A. Smith
                              RHF Reference
                        4 Threads,   1907 MiB Core
         ---------------------------------------------------------

  ==> Geometry <==

    Molecular point group: c1
    Full point group: D_inf_h

    Geometry (in Angstrom), charge = 0, multiplicity = 1:

       Center              X                  Y                   Z               Mass       
    ------------   -----------------  -----------------  -----------------  -----------------
         H            0.000000000000     0.000000000000    -1.097979797980     1.007825032230
         H            0.000000000000     0.000000000000     1.097979797980     1.007825032230

  Running in c1 symmetry.

  Rotational constants: A = ************  B =      6.93733  C =      6.93733 [cm^-1]
  Rotational constants: A = ************  B = 207976.06820  C = 207976.06820 [MHz]
  Nuclear repulsion =    0.240977662632613

  Charge       = 0
  Multiplicity = 1
  Electrons    = 2
  Nalpha       = 1
  Nbeta        = 1

  ==> Algorithm <==

  SCF Algorithm Type is DF.
  DIIS enabled.
  MOM disabled.
  Fractional occupation disabled.
  Guess Type is SAD.
  Energy threshold   = 1.00e-10
  Density threshold  = 1.00e-10
  Integral threshold = 1.00e-12

  ==> Primary Basis <==

  Basis Set: CC-PVTZ
    Blend: CC-PVTZ
    Number of shells: 12
    Number of basis functions: 28
    Number of Cartesian functions: 30
    Spherical Harmonics?: true
    Max angular momentum: 2

   => Loading Basis Set <=

    Name: (CC-PVTZ AUX)
    Role: JKFIT
    Keyword: DF_BASIS_SCF
    atoms 1-2 entry H          line    51 file /opt/anaconda3/envs/psi4/share/psi4/basis/cc-pvtz-jkfit.gbs 

  ==> Integral Setup <==

  DFHelper Memory: AOs need 0.001 GiB; user supplied 1.397 GiB. 
  SCF_SUBTYPE=INCORE selected. In-core MEM_DF algorithm will be used.
  Using in-core AOs.

  ==> MemDFJK: Density-Fitted J/K Matrices <==

    J tasked:                   Yes
    K tasked:                   Yes
    wK tasked:                   No
    OpenMP threads:               4
    Memory [MiB]:              1430
    Algorithm:                 Core
    Schwarz Cutoff:           1E-12
    Mask sparsity (%):       0.0000
    Fitting Condition:        1E-10

   => Auxiliary Basis Set <=

  Basis Set: (CC-PVTZ AUX)
    Blend: CC-PVTZ-JKFIT
    Number of shells: 20
    Number of basis functions: 60
    Number of Cartesian functions: 70
    Spherical Harmonics?: true
    Max angular momentum: 3

  Minimum eigenvalue in the overlap matrix is 8.5061465880E-02.
  Reciprocal condition number of the overlap matrix is 3.1677030706E-02.
    Using symmetric orthogonalization.

  ==> Pre-Iterations <==

  SCF Guess: Superposition of Atomic Densities via on-the-fly atomic UHF (no occupation information).

   -------------------------
    Irrep   Nso     Nmo    
   -------------------------
     A         28      28 
   -------------------------
    Total      28      28
   -------------------------

  ==> Iterations <==

                           Total Energy        Delta E     RMS |[F,P]|

   @DF-RHF iter SAD:    -0.85658686921709   -8.56587e-01   0.00000e+00 
   @DF-RHF iter   1:    -0.89320581140900   -3.66189e-02   2.57636e-03 DIIS/ADIIS
   @DF-RHF iter   2:    -0.90059721782121   -7.39141e-03   5.11863e-04 DIIS/ADIIS
   @DF-RHF iter   3:    -0.90091671186294   -3.19494e-04   2.26467e-05 DIIS
   @DF-RHF iter   4:    -0.90091715961400   -4.47751e-07   1.46077e-06 DIIS
   @DF-RHF iter   5:    -0.90091716175446   -2.14046e-09   5.94485e-08 DIIS
   @DF-RHF iter   6:    -0.90091716175840   -3.94096e-12   1.16171e-09 DIIS
   @DF-RHF iter   7:    -0.90091716175840   -8.88178e-16   8.97796e-12 DIIS
  Energy and wave function converged.


  ==> Post-Iterations <==

    Orbital Energies [Eh]
    ---------------------

    Doubly Occupied:                                                      

       1A     -0.373002  

    Virtual:                                                              

       2A     -0.062595     3A      0.409167     4A      0.410146  
       5A      0.637400     6A      0.715148     7A      0.715148  
       8A      0.815548     9A      0.815548    10A      1.068091  
      11A      2.437933    12A      2.547088    13A      3.348617  
      14A      3.395786    15A      3.395786    16A      3.413310  
      17A      3.413310    18A      3.415784    19A      3.415784  
      20A      3.432783    21A      3.432783    22A      3.473857  
      23A      3.799362    24A      3.799362    25A      3.812891  
      26A      3.877432    27A      3.877432    28A      4.191795  

    Final Occupation by Irrep:
              A 
    DOCC [     1 ]
    NA   [     1 ]
    NB   [     1 ]

  @DF-RHF Final Energy:    -0.90091716175840

   => Energetics <=

    Nuclear Repulsion Energy =              0.2409776626326127
    One-Electron Energy =                  -1.5377848948693837
    Two-Electron Energy =                   0.3958900704783727
    Total Energy =                         -0.9009171617583982

Computation Completed


Properties will be evaluated at   0.000000,   0.000000,   0.000000 [a0]

Properties computed using the SCF density matrix


 Multipole Moments:

 ------------------------------------------------------------------------------------
     Multipole            Electronic (a.u.)      Nuclear  (a.u.)        Total (a.u.)
 ------------------------------------------------------------------------------------

 L = 1.  Multiply by 2.5417464519 to convert [e a0] to [Debye]
 Dipole X            :          0.0000000            0.0000000            0.0000000
 Dipole Y            :          0.0000000            0.0000000            0.0000000
 Dipole Z            :         -0.0000000            0.0000000           -0.0000000
 Magnitude           :                                                    0.0000000

 ------------------------------------------------------------------------------------

*** tstop() called on Angelinas-MacBook-Pro-574.local at Thu Feb 12 13:22:59 2026
Module time:
	user time   =       0.05 seconds =       0.00 minutes
	system time =       0.00 seconds =       0.00 minutes
	total time  =          1 seconds =       0.02 minutes
Total time:
	user time   =      59.55 seconds =       0.99 minutes
	system time =      16.21 seconds =       0.27 minutes
	total time  =      61571 seconds =    1026.18 minutes

Scratch directory: /tmp/
   => Libint2 <=

    Primary   basis highest AM E, G, H:  6, 6, 3
    Auxiliary basis highest AM E, G, H:  7, 7, 4
    Onebody   basis highest AM E, G, H:  -, -, -
    Solid Harmonics ordering:            Gaussian

*** tstart() called on Angelinas-MacBook-Pro-574.local
*** at Thu Feb 12 13:22:59 2026

   => Loading Basis Set <=

    Name: CC-PVTZ
    Role: ORBITAL
    Keyword: BASIS
    atoms 1-2 entry H          line    23 file /opt/anaconda3/envs/psi4/share/psi4/basis/cc-pvtz.gbs 


         ---------------------------------------------------------
                                   SCF
               by Justin Turney, Rob Parrish, Andy Simmonett
                          and Daniel G. A. Smith
                              RHF Reference
                        4 Threads,   1907 MiB Core
         ---------------------------------------------------------

  ==> Geometry <==

    Molecular point group: c1
    Full point group: D_inf_h

    Geometry (in Angstrom), charge = 0, multiplicity = 1:

       Center              X                  Y                   Z               Mass       
    ------------   -----------------  -----------------  -----------------  -----------------
         H            0.000000000000     0.000000000000    -1.117171717172     1.007825032230
         H            0.000000000000     0.000000000000     1.117171717172     1.007825032230

  Running in c1 symmetry.

  Rotational constants: A = ************  B =      6.70103  C =      6.70103 [cm^-1]
  Rotational constants: A = ************  B = 200891.79433  C = 200891.79433 [MHz]
  Nuclear repulsion =    0.236837901701311

  Charge       = 0
  Multiplicity = 1
  Electrons    = 2
  Nalpha       = 1
  Nbeta        = 1

  ==> Algorithm <==

  SCF Algorithm Type is DF.
  DIIS enabled.
  MOM disabled.
  Fractional occupation disabled.
  Guess Type is SAD.
  Energy threshold   = 1.00e-10
  Density threshold  = 1.00e-10
  Integral threshold = 1.00e-12

  ==> Primary Basis <==

  Basis Set: CC-PVTZ
    Blend: CC-PVTZ
    Number of shells: 12
    Number of basis functions: 28
    Number of Cartesian functions: 30
    Spherical Harmonics?: true
    Max angular momentum: 2

   => Loading Basis Set <=

    Name: (CC-PVTZ AUX)
    Role: JKFIT
    Keyword: DF_BASIS_SCF
    atoms 1-2 entry H          line    51 file /opt/anaconda3/envs/psi4/share/psi4/basis/cc-pvtz-jkfit.gbs 

  ==> Integral Setup <==

  DFHelper Memory: AOs need 0.001 GiB; user supplied 1.397 GiB. 
  SCF_SUBTYPE=INCORE selected. In-core MEM_DF algorithm will be used.
  Using in-core AOs.

  ==> MemDFJK: Density-Fitted J/K Matrices <==

    J tasked:                   Yes
    K tasked:                   Yes
    wK tasked:                   No
    OpenMP threads:               4
    Memory [MiB]:              1430
    Algorithm:                 Core
    Schwarz Cutoff:           1E-12
    Mask sparsity (%):       0.0000
    Fitting Condition:        1E-10

   => Auxiliary Basis Set <=

  Basis Set: (CC-PVTZ AUX)
    Blend: CC-PVTZ-JKFIT
    Number of shells: 20
    Number of basis functions: 60
    Number of Cartesian functions: 70
    Spherical Harmonics?: true
    Max angular momentum: 3

  Minimum eigenvalue in the overlap matrix is 8.5500901526E-02.
  Reciprocal condition number of the overlap matrix is 3.2109971376E-02.
    Using symmetric orthogonalization.

  ==> Pre-Iterations <==

  SCF Guess: Superposition of Atomic Densities via on-the-fly atomic UHF (no occupation information).

   -------------------------
    Irrep   Nso     Nmo    
   -------------------------
     A         28      28 
   -------------------------
    Total      28      28
   -------------------------

  ==> Iterations <==

                           Total Energy        Delta E     RMS |[F,P]|

   @DF-RHF iter SAD:    -0.85406537939129   -8.54065e-01   0.00000e+00 
   @DF-RHF iter   1:    -0.88909286994516   -3.50275e-02   2.54186e-03 DIIS/ADIIS
   @DF-RHF iter   2:    -0.89625757603248   -7.16471e-03   5.02856e-04 DIIS/ADIIS
   @DF-RHF iter   3:    -0.89656480627762   -3.07230e-04   2.22888e-05 DIIS
   @DF-RHF iter   4:    -0.89656523978525   -4.33508e-07   1.43187e-06 DIIS
   @DF-RHF iter   5:    -0.89656524186630   -2.08105e-09   5.54647e-08 DIIS
   @DF-RHF iter   6:    -0.89656524186972   -3.41815e-12   1.16345e-09 DIIS
   @DF-RHF iter   7:    -0.89656524186972   -4.44089e-16   7.90942e-12 DIIS
  Energy and wave function converged.


  ==> Post-Iterations <==

    Orbital Energies [Eh]
    ---------------------

    Doubly Occupied:                                                      

       1A     -0.370313  

    Virtual:                                                              

       2A     -0.066442     3A      0.408645     4A      0.411316  
       5A      0.635659     6A      0.717867     7A      0.717867  
       8A      0.811001     9A      0.811001    10A      1.054224  
      11A      2.442912    12A      2.540609    13A      3.355678  
      14A      3.398689    15A      3.398689    16A      3.412362  
      17A      3.412362    18A      3.414280    19A      3.414280  
      20A      3.428258    21A      3.428258    22A      3.462312  
      23A      3.799059    24A      3.799059    25A      3.800004  
      26A      3.872399    27A      3.872399    28A      4.167680  

    Final Occupation by Irrep:
              A 
    DOCC [     1 ]
    NA   [     1 ]
    NB   [     1 ]

  @DF-RHF Final Energy:    -0.89656524186972

   => Energetics <=

    Nuclear Repulsion Energy =              0.2368379017013110
    One-Electron Energy =                  -1.5261797554232019
    Two-Electron Energy =                   0.3927766118521747
    Total Energy =                         -0.8965652418697163

Computation Completed


Properties will be evaluated at   0.000000,   0.000000,   0.000000 [a0]

Properties computed using the SCF density matrix


 Multipole Moments:

 ------------------------------------------------------------------------------------
     Multipole            Electronic (a.u.)      Nuclear  (a.u.)        Total (a.u.)
 ------------------------------------------------------------------------------------

 L = 1.  Multiply by 2.5417464519 to convert [e a0] to [Debye]
 Dipole X            :          0.0000000            0.0000000            0.0000000
 Dipole Y            :          0.0000000            0.0000000            0.0000000
 Dipole Z            :         -0.0000000            0.0000000           -0.0000000
 Magnitude           :                                                    0.0000000

 ------------------------------------------------------------------------------------

*** tstop() called on Angelinas-MacBook-Pro-574.local at Thu Feb 12 13:22:59 2026
Module time:
	user time   =       0.06 seconds =       0.00 minutes
	system time =       0.01 seconds =       0.00 minutes
	total time  =          0 seconds =       0.00 minutes
Total time:
	user time   =      59.62 seconds =       0.99 minutes
	system time =      16.22 seconds =       0.27 minutes
	total time  =      61571 seconds =    1026.18 minutes

Scratch directory: /tmp/
   => Libint2 <=

    Primary   basis highest AM E, G, H:  6, 6, 3
    Auxiliary basis highest AM E, G, H:  7, 7, 4
    Onebody   basis highest AM E, G, H:  -, -, -
    Solid Harmonics ordering:            Gaussian

*** tstart() called on Angelinas-MacBook-Pro-574.local
*** at Thu Feb 12 13:22:59 2026

   => Loading Basis Set <=

    Name: CC-PVTZ
    Role: ORBITAL
    Keyword: BASIS
    atoms 1-2 entry H          line    23 file /opt/anaconda3/envs/psi4/share/psi4/basis/cc-pvtz.gbs 


         ---------------------------------------------------------
                                   SCF
               by Justin Turney, Rob Parrish, Andy Simmonett
                          and Daniel G. A. Smith
                              RHF Reference
                        4 Threads,   1907 MiB Core
         ---------------------------------------------------------

  ==> Geometry <==

    Molecular point group: c1
    Full point group: D_inf_h

    Geometry (in Angstrom), charge = 0, multiplicity = 1:

       Center              X                  Y                   Z               Mass       
    ------------   -----------------  -----------------  -----------------  -----------------
         H            0.000000000000     0.000000000000    -1.136363636364     1.007825032230
         H            0.000000000000     0.000000000000     1.136363636364     1.007825032230

  Running in c1 symmetry.

  Rotational constants: A = ************  B =      6.47659  C =      6.47659 [cm^-1]
  Rotational constants: A = ************  B = 194163.41723  C = 194163.41723 [MHz]
  Nuclear repulsion =    0.232837972694800

  Charge       = 0
  Multiplicity = 1
  Electrons    = 2
  Nalpha       = 1
  Nbeta        = 1

  ==> Algorithm <==

  SCF Algorithm Type is DF.
  DIIS enabled.
  MOM disabled.
  Fractional occupation disabled.
  Guess Type is SAD.
  Energy threshold   = 1.00e-10
  Density threshold  = 1.00e-10
  Integral threshold = 1.00e-12

  ==> Primary Basis <==

  Basis Set: CC-PVTZ
    Blend: CC-PVTZ
    Number of shells: 12
    Number of basis functions: 28
    Number of Cartesian functions: 30
    Spherical Harmonics?: true
    Max angular momentum: 2

   => Loading Basis Set <=

    Name: (CC-PVTZ AUX)
    Role: JKFIT
    Keyword: DF_BASIS_SCF
    atoms 1-2 entry H          line    51 file /opt/anaconda3/envs/psi4/share/psi4/basis/cc-pvtz-jkfit.gbs 

  ==> Integral Setup <==

  DFHelper Memory: AOs need 0.001 GiB; user supplied 1.397 GiB. 
  SCF_SUBTYPE=INCORE selected. In-core MEM_DF algorithm will be used.
  Using in-core AOs.

  ==> MemDFJK: Density-Fitted J/K Matrices <==

    J tasked:                   Yes
    K tasked:                   Yes
    wK tasked:                   No
    OpenMP threads:               4
    Memory [MiB]:              1430
    Algorithm:                 Core
    Schwarz Cutoff:           1E-12
    Mask sparsity (%):       0.0000
    Fitting Condition:        1E-10

   => Auxiliary Basis Set <=

  Basis Set: (CC-PVTZ AUX)
    Blend: CC-PVTZ-JKFIT
    Number of shells: 20
    Number of basis functions: 60
    Number of Cartesian functions: 70
    Spherical Harmonics?: true
    Max angular momentum: 3

  Minimum eigenvalue in the overlap matrix is 8.5926811001E-02.
  Reciprocal condition number of the overlap matrix is 3.2531471980E-02.
    Using symmetric orthogonalization.

  ==> Pre-Iterations <==

  SCF Guess: Superposition of Atomic Densities via on-the-fly atomic UHF (no occupation information).

   -------------------------
    Irrep   Nso     Nmo    
   -------------------------
     A         28      28 
   -------------------------
    Total      28      28
   -------------------------

  ==> Iterations <==

                           Total Energy        Delta E     RMS |[F,P]|

   @DF-RHF iter SAD:    -0.85174748306260   -8.51747e-01   0.00000e+00 
   @DF-RHF iter   1:    -0.88509712458804   -3.33496e-02   2.50822e-03 DIIS/ADIIS
   @DF-RHF iter   2:    -0.89204170458518   -6.94458e-03   4.93894e-04 DIIS/ADIIS
   @DF-RHF iter   3:    -0.89233696946158   -2.95265e-04   2.19857e-05 DIIS
   @DF-RHF iter   4:    -0.89233739132934   -4.21868e-07   1.40569e-06 DIIS
   @DF-RHF iter   5:    -0.89233739335756   -2.02822e-09   5.16729e-08 DIIS
   @DF-RHF iter   6:    -0.89233739336051   -2.95208e-12   1.16186e-09 DIIS
   @DF-RHF iter   7:    -0.89233739336051   -6.66134e-16   6.99048e-12 DIIS
  Energy and wave function converged.


  ==> Post-Iterations <==

    Orbital Energies [Eh]
    ---------------------

    Doubly Occupied:                                                      

       1A     -0.367702  

    Virtual:                                                              

       2A     -0.070165     3A      0.408215     4A      0.412115  
       5A      0.635031     6A      0.720476     7A      0.720476  
       8A      0.806683     9A      0.806683    10A      1.040514  
      11A      2.448046    12A      2.534342    13A      3.362167  
      14A      3.400896    15A      3.400896    16A      3.411408  
      17A      3.411408    18A      3.412896    19A      3.412896  
      20A      3.424411    21A      3.424411    22A      3.452564  
      23A      3.788487    24A      3.799063    25A      3.799063  
      26A      3.867647    27A      3.867647    28A      4.144824  

    Final Occupation by Irrep:
              A 
    DOCC [     1 ]
    NA   [     1 ]
    NB   [     1 ]

  @DF-RHF Final Energy:    -0.89233739336051

   => Energetics <=

    Nuclear Repulsion Energy =              0.2328379726948000
    One-Electron Energy =                  -1.5149475157812360
    Two-Electron Energy =                   0.3897721497259213
    Total Energy =                         -0.8923373933605148

Computation Completed


Properties will be evaluated at   0.000000,   0.000000,   0.000000 [a0]

Properties computed using the SCF density matrix


 Multipole Moments:

 ------------------------------------------------------------------------------------
     Multipole            Electronic (a.u.)      Nuclear  (a.u.)        Total (a.u.)
 ------------------------------------------------------------------------------------

 L = 1.  Multiply by 2.5417464519 to convert [e a0] to [Debye]
 Dipole X            :          0.0000000            0.0000000            0.0000000
 Dipole Y            :          0.0000000            0.0000000            0.0000000
 Dipole Z            :         -0.0000000            0.0000000           -0.0000000
 Magnitude           :                                                    0.0000000

 ------------------------------------------------------------------------------------

*** tstop() called on Angelinas-MacBook-Pro-574.local at Thu Feb 12 13:22:59 2026
Module time:
	user time   =       0.05 seconds =       0.00 minutes
	system time =       0.00 seconds =       0.00 minutes
	total time  =          0 seconds =       0.00 minutes
Total time:
	user time   =      59.68 seconds =       0.99 minutes
	system time =      16.22 seconds =       0.27 minutes
	total time  =      61571 seconds =    1026.18 minutes

Scratch directory: /tmp/
   => Libint2 <=

    Primary   basis highest AM E, G, H:  6, 6, 3
    Auxiliary basis highest AM E, G, H:  7, 7, 4
    Onebody   basis highest AM E, G, H:  -, -, -
    Solid Harmonics ordering:            Gaussian

*** tstart() called on Angelinas-MacBook-Pro-574.local
*** at Thu Feb 12 13:22:59 2026

   => Loading Basis Set <=

    Name: CC-PVTZ
    Role: ORBITAL
    Keyword: BASIS
    atoms 1-2 entry H          line    23 file /opt/anaconda3/envs/psi4/share/psi4/basis/cc-pvtz.gbs 


         ---------------------------------------------------------
                                   SCF
               by Justin Turney, Rob Parrish, Andy Simmonett
                          and Daniel G. A. Smith
                              RHF Reference
                        4 Threads,   1907 MiB Core
         ---------------------------------------------------------

  ==> Geometry <==

    Molecular point group: c1
    Full point group: D_inf_h

    Geometry (in Angstrom), charge = 0, multiplicity = 1:

       Center              X                  Y                   Z               Mass       
    ------------   -----------------  -----------------  -----------------  -----------------
         H            0.000000000000     0.000000000000    -1.155555555556     1.007825032230
         H            0.000000000000     0.000000000000     1.155555555556     1.007825032230

  Running in c1 symmetry.

  Rotational constants: A = ************  B =      6.26325  C =      6.26325 [cm^-1]
  Rotational constants: A = ************  B = 187767.49087  C = 187767.49087 [MHz]
  Nuclear repulsion =    0.228970908462981

  Charge       = 0
  Multiplicity = 1
  Electrons    = 2
  Nalpha       = 1
  Nbeta        = 1

  ==> Algorithm <==

  SCF Algorithm Type is DF.
  DIIS enabled.
  MOM disabled.
  Fractional occupation disabled.
  Guess Type is SAD.
  Energy threshold   = 1.00e-10
  Density threshold  = 1.00e-10
  Integral threshold = 1.00e-12

  ==> Primary Basis <==

  Basis Set: CC-PVTZ
    Blend: CC-PVTZ
    Number of shells: 12
    Number of basis functions: 28
    Number of Cartesian functions: 30
    Spherical Harmonics?: true
    Max angular momentum: 2

   => Loading Basis Set <=

    Name: (CC-PVTZ AUX)
    Role: JKFIT
    Keyword: DF_BASIS_SCF
    atoms 1-2 entry H          line    51 file /opt/anaconda3/envs/psi4/share/psi4/basis/cc-pvtz-jkfit.gbs 

  ==> Integral Setup <==

  DFHelper Memory: AOs need 0.001 GiB; user supplied 1.397 GiB. 
  SCF_SUBTYPE=INCORE selected. In-core MEM_DF algorithm will be used.
  Using in-core AOs.

  ==> MemDFJK: Density-Fitted J/K Matrices <==

    J tasked:                   Yes
    K tasked:                   Yes
    wK tasked:                   No
    OpenMP threads:               4
    Memory [MiB]:              1430
    Algorithm:                 Core
    Schwarz Cutoff:           1E-12
    Mask sparsity (%):       0.0000
    Fitting Condition:        1E-10

   => Auxiliary Basis Set <=

  Basis Set: (CC-PVTZ AUX)
    Blend: CC-PVTZ-JKFIT
    Number of shells: 20
    Number of basis functions: 60
    Number of Cartesian functions: 70
    Spherical Harmonics?: true
    Max angular momentum: 3

  Minimum eigenvalue in the overlap matrix is 8.6340348897E-02.
  Reciprocal condition number of the overlap matrix is 3.2941769300E-02.
    Using symmetric orthogonalization.

  ==> Pre-Iterations <==

  SCF Guess: Superposition of Atomic Densities via on-the-fly atomic UHF (no occupation information).

   -------------------------
    Irrep   Nso     Nmo    
   -------------------------
     A         28      28 
   -------------------------
    Total      28      28
   -------------------------

  ==> Iterations <==

                           Total Energy        Delta E     RMS |[F,P]|

   @DF-RHF iter SAD:    -0.84962127200129   -8.49621e-01   0.00000e+00 
   @DF-RHF iter   1:    -0.88121539775920   -3.15941e-02   2.47537e-03 DIIS/ADIIS
   @DF-RHF iter   2:    -0.88794654196600   -6.73114e-03   4.85003e-04 DIIS/ADIIS
   @DF-RHF iter   3:    -0.88823019457854   -2.83653e-04   2.17330e-05 DIIS
   @DF-RHF iter   4:    -0.88823060712265   -4.12544e-07   1.38182e-06 DIIS
   @DF-RHF iter   5:    -0.88823060910345   -1.98079e-09   4.80830e-08 DIIS
   @DF-RHF iter   6:    -0.88823060910599   -2.54274e-12   1.15600e-09 DIIS
   @DF-RHF iter   7:    -0.88823060910599    1.44329e-15   6.20347e-12 DIIS
  Energy and wave function converged.


  ==> Post-Iterations <==

    Orbital Energies [Eh]
    ---------------------

    Doubly Occupied:                                                      

       1A     -0.365164  

    Virtual:                                                              

       2A     -0.073765     3A      0.407872     4A      0.412517  
       5A      0.635480     6A      0.722967     7A      0.722967  
       8A      0.802592     9A      0.802592    10A      1.026986  
      11A      2.453209    12A      2.528334    13A      3.368110  
      14A      3.402518    15A      3.402518    16A      3.410461  
      17A      3.410461    18A      3.411618    19A      3.411618  
      20A      3.421137    21A      3.421137    22A      3.444400  
      23A      3.778400    24A      3.799320    25A      3.799320  
      26A      3.863167    27A      3.863167    28A      4.123142  

    Final Occupation by Irrep:
              A 
    DOCC [     1 ]
    NA   [     1 ]
    NB   [     1 ]

  @DF-RHF Final Energy:    -0.88823060910599

   => Energetics <=

    Nuclear Repulsion Energy =              0.2289709084629807
    One-Electron Energy =                  -1.5040751271143624
    Two-Electron Energy =                   0.3868736095453950
    Total Energy =                         -0.8882306091059867

Computation Completed


Properties will be evaluated at   0.000000,   0.000000,   0.000000 [a0]

Properties computed using the SCF density matrix


 Multipole Moments:

 ------------------------------------------------------------------------------------
     Multipole            Electronic (a.u.)      Nuclear  (a.u.)        Total (a.u.)
 ------------------------------------------------------------------------------------

 L = 1.  Multiply by 2.5417464519 to convert [e a0] to [Debye]
 Dipole X            :          0.0000000            0.0000000            0.0000000
 Dipole Y            :         -0.0000000            0.0000000           -0.0000000
 Dipole Z            :         -0.0000000            0.0000000           -0.0000000
 Magnitude           :                                                    0.0000000

 ------------------------------------------------------------------------------------

*** tstop() called on Angelinas-MacBook-Pro-574.local at Thu Feb 12 13:22:59 2026
Module time:
	user time   =       0.06 seconds =       0.00 minutes
	system time =       0.01 seconds =       0.00 minutes
	total time  =          0 seconds =       0.00 minutes
Total time:
	user time   =      59.75 seconds =       1.00 minutes
	system time =      16.23 seconds =       0.27 minutes
	total time  =      61571 seconds =    1026.18 minutes

Scratch directory: /tmp/
   => Libint2 <=

    Primary   basis highest AM E, G, H:  6, 6, 3
    Auxiliary basis highest AM E, G, H:  7, 7, 4
    Onebody   basis highest AM E, G, H:  -, -, -
    Solid Harmonics ordering:            Gaussian

*** tstart() called on Angelinas-MacBook-Pro-574.local
*** at Thu Feb 12 13:22:59 2026

   => Loading Basis Set <=

    Name: CC-PVTZ
    Role: ORBITAL
    Keyword: BASIS
    atoms 1-2 entry H          line    23 file /opt/anaconda3/envs/psi4/share/psi4/basis/cc-pvtz.gbs 


         ---------------------------------------------------------
                                   SCF
               by Justin Turney, Rob Parrish, Andy Simmonett
                          and Daniel G. A. Smith
                              RHF Reference
                        4 Threads,   1907 MiB Core
         ---------------------------------------------------------

  ==> Geometry <==

    Molecular point group: c1
    Full point group: D_inf_h

    Geometry (in Angstrom), charge = 0, multiplicity = 1:

       Center              X                  Y                   Z               Mass       
    ------------   -----------------  -----------------  -----------------  -----------------
         H            0.000000000000     0.000000000000    -1.174747474747     1.007825032230
         H            0.000000000000     0.000000000000     1.174747474747     1.007825032230

  Running in c1 symmetry.

  Rotational constants: A = ************  B =      6.06027  C =      6.06027 [cm^-1]
  Rotational constants: A = ************  B = 181682.46864  C = 181682.46864 [MHz]
  Nuclear repulsion =    0.225230197146733

  Charge       = 0
  Multiplicity = 1
  Electrons    = 2
  Nalpha       = 1
  Nbeta        = 1

  ==> Algorithm <==

  SCF Algorithm Type is DF.
  DIIS enabled.
  MOM disabled.
  Fractional occupation disabled.
  Guess Type is SAD.
  Energy threshold   = 1.00e-10
  Density threshold  = 1.00e-10
  Integral threshold = 1.00e-12

  ==> Primary Basis <==

  Basis Set: CC-PVTZ
    Blend: CC-PVTZ
    Number of shells: 12
    Number of basis functions: 28
    Number of Cartesian functions: 30
    Spherical Harmonics?: true
    Max angular momentum: 2

   => Loading Basis Set <=

    Name: (CC-PVTZ AUX)
    Role: JKFIT
    Keyword: DF_BASIS_SCF
    atoms 1-2 entry H          line    51 file /opt/anaconda3/envs/psi4/share/psi4/basis/cc-pvtz-jkfit.gbs 

  ==> Integral Setup <==

  DFHelper Memory: AOs need 0.001 GiB; user supplied 1.397 GiB. 
  SCF_SUBTYPE=INCORE selected. In-core MEM_DF algorithm will be used.
  Using in-core AOs.

  ==> MemDFJK: Density-Fitted J/K Matrices <==

    J tasked:                   Yes
    K tasked:                   Yes
    wK tasked:                   No
    OpenMP threads:               4
    Memory [MiB]:              1430
    Algorithm:                 Core
    Schwarz Cutoff:           1E-12
    Mask sparsity (%):       0.0000
    Fitting Condition:        1E-10

   => Auxiliary Basis Set <=

  Basis Set: (CC-PVTZ AUX)
    Blend: CC-PVTZ-JKFIT
    Number of shells: 20
    Number of basis functions: 60
    Number of Cartesian functions: 70
    Spherical Harmonics?: true
    Max angular momentum: 3

  Minimum eigenvalue in the overlap matrix is 8.6742542883E-02.
  Reciprocal condition number of the overlap matrix is 3.3341106099E-02.
    Using symmetric orthogonalization.

  ==> Pre-Iterations <==

  SCF Guess: Superposition of Atomic Densities via on-the-fly atomic UHF (no occupation information).

   -------------------------
    Irrep   Nso     Nmo    
   -------------------------
     A         28      28 
   -------------------------
    Total      28      28
   -------------------------

  ==> Iterations <==

                           Total Energy        Delta E     RMS |[F,P]|

   @DF-RHF iter SAD:    -0.84767523626451   -8.47675e-01   0.00000e+00 
   @DF-RHF iter   1:    -0.87744446747852   -2.97692e-02   2.44324e-03 DIIS/ADIIS
   @DF-RHF iter   2:    -0.88396902739957   -6.52456e-03   4.76212e-04 DIIS/ADIIS
   @DF-RHF iter   3:    -0.88424147031294   -2.72443e-04   2.15257e-05 DIIS
   @DF-RHF iter   4:    -0.88424187556366   -4.05251e-07   1.35988e-06 DIIS
   @DF-RHF iter   5:    -0.88424187750125   -1.93759e-09   4.47044e-08 DIIS
   @DF-RHF iter   6:    -0.88424187750343   -2.18148e-12   1.14540e-09 DIIS
   @DF-RHF iter   7:    -0.88424187750343   -6.66134e-16   5.52610e-12 DIIS
  Energy and wave function converged.


  ==> Post-Iterations <==

    Orbital Energies [Eh]
    ---------------------

    Doubly Occupied:                                                      

       1A     -0.362697  

    Virtual:                                                              

       2A     -0.077247     3A      0.407611     4A      0.412515  
       5A      0.636944     6A      0.725332     7A      0.725332  
       8A      0.798726     9A      0.798726    10A      1.013661  
      11A      2.458285    12A      2.522625    13A      3.373524  
      14A      3.403658    15A      3.403658    16A      3.409531  
      17A      3.409531    18A      3.410433    19A      3.410433  
      20A      3.418346    21A      3.418346    22A      3.437613  
      23A      3.769783    24A      3.799779    25A      3.799779  
      26A      3.858951    27A      3.858951    28A      4.102566  

    Final Occupation by Irrep:
              A 
    DOCC [     1 ]
    NA   [     1 ]
    NB   [     1 ]

  @DF-RHF Final Energy:    -0.88424187750343

   => Energetics <=

    Nuclear Repulsion Energy =              0.2252301971467326
    One-Electron Energy =                  -1.4935500716540135
    Two-Electron Energy =                   0.3840779970038479
    Total Energy =                         -0.8842418775034331

Computation Completed


Properties will be evaluated at   0.000000,   0.000000,   0.000000 [a0]

Properties computed using the SCF density matrix


 Multipole Moments:

 ------------------------------------------------------------------------------------
     Multipole            Electronic (a.u.)      Nuclear  (a.u.)        Total (a.u.)
 ------------------------------------------------------------------------------------

 L = 1.  Multiply by 2.5417464519 to convert [e a0] to [Debye]
 Dipole X            :         -0.0000000            0.0000000           -0.0000000
 Dipole Y            :         -0.0000000            0.0000000           -0.0000000
 Dipole Z            :          0.0000000            0.0000000            0.0000000
 Magnitude           :                                                    0.0000000

 ------------------------------------------------------------------------------------

*** tstop() called on Angelinas-MacBook-Pro-574.local at Thu Feb 12 13:22:59 2026
Module time:
	user time   =       0.05 seconds =       0.00 minutes
	system time =       0.00 seconds =       0.00 minutes
	total time  =          0 seconds =       0.00 minutes
Total time:
	user time   =      59.81 seconds =       1.00 minutes
	system time =      16.23 seconds =       0.27 minutes
	total time  =      61571 seconds =    1026.18 minutes

Scratch directory: /tmp/
   => Libint2 <=

    Primary   basis highest AM E, G, H:  6, 6, 3
    Auxiliary basis highest AM E, G, H:  7, 7, 4
    Onebody   basis highest AM E, G, H:  -, -, -
    Solid Harmonics ordering:            Gaussian

*** tstart() called on Angelinas-MacBook-Pro-574.local
*** at Thu Feb 12 13:22:59 2026

   => Loading Basis Set <=

    Name: CC-PVTZ
    Role: ORBITAL
    Keyword: BASIS
    atoms 1-2 entry H          line    23 file /opt/anaconda3/envs/psi4/share/psi4/basis/cc-pvtz.gbs 


         ---------------------------------------------------------
                                   SCF
               by Justin Turney, Rob Parrish, Andy Simmonett
                          and Daniel G. A. Smith
                              RHF Reference
                        4 Threads,   1907 MiB Core
         ---------------------------------------------------------

  ==> Geometry <==

    Molecular point group: c1
    Full point group: D_inf_h

    Geometry (in Angstrom), charge = 0, multiplicity = 1:

       Center              X                  Y                   Z               Mass       
    ------------   -----------------  -----------------  -----------------  -----------------
         H            0.000000000000     0.000000000000    -1.193939393939     1.007825032230
         H            0.000000000000     0.000000000000     1.193939393939     1.007825032230

  Running in c1 symmetry.

  Rotational constants: A = ************  B =      5.86701  C =      5.86701 [cm^-1]
  Rotational constants: A = ************  B = 175888.52166  C = 175888.52166 [MHz]
  Nuclear repulsion =    0.221609745585152

  Charge       = 0
  Multiplicity = 1
  Electrons    = 2
  Nalpha       = 1
  Nbeta        = 1

  ==> Algorithm <==

  SCF Algorithm Type is DF.
  DIIS enabled.
  MOM disabled.
  Fractional occupation disabled.
  Guess Type is SAD.
  Energy threshold   = 1.00e-10
  Density threshold  = 1.00e-10
  Integral threshold = 1.00e-12

  ==> Primary Basis <==

  Basis Set: CC-PVTZ
    Blend: CC-PVTZ
    Number of shells: 12
    Number of basis functions: 28
    Number of Cartesian functions: 30
    Spherical Harmonics?: true
    Max angular momentum: 2

   => Loading Basis Set <=

    Name: (CC-PVTZ AUX)
    Role: JKFIT
    Keyword: DF_BASIS_SCF
    atoms 1-2 entry H          line    51 file /opt/anaconda3/envs/psi4/share/psi4/basis/cc-pvtz-jkfit.gbs 

  ==> Integral Setup <==

  DFHelper Memory: AOs need 0.001 GiB; user supplied 1.397 GiB. 
  SCF_SUBTYPE=INCORE selected. In-core MEM_DF algorithm will be used.
  Using in-core AOs.

  ==> MemDFJK: Density-Fitted J/K Matrices <==

    J tasked:                   Yes
    K tasked:                   Yes
    wK tasked:                   No
    OpenMP threads:               4
    Memory [MiB]:              1430
    Algorithm:                 Core
    Schwarz Cutoff:           1E-12
    Mask sparsity (%):       0.0000
    Fitting Condition:        1E-10

   => Auxiliary Basis Set <=

  Basis Set: (CC-PVTZ AUX)
    Blend: CC-PVTZ-JKFIT
    Number of shells: 20
    Number of basis functions: 60
    Number of Cartesian functions: 70
    Spherical Harmonics?: true
    Max angular momentum: 3

  Minimum eigenvalue in the overlap matrix is 8.7134320456E-02.
  Reciprocal condition number of the overlap matrix is 3.3729733524E-02.
    Using symmetric orthogonalization.

  ==> Pre-Iterations <==

  SCF Guess: Superposition of Atomic Densities via on-the-fly atomic UHF (no occupation information).

   -------------------------
    Irrep   Nso     Nmo    
   -------------------------
     A         28      28 
   -------------------------
    Total      28      28
   -------------------------

  ==> Iterations <==

                           Total Energy        Delta E     RMS |[F,P]|

   @DF-RHF iter SAD:    -0.84589828290275   -8.45898e-01   0.00000e+00 
   @DF-RHF iter   1:    -0.87378109858710   -2.78828e-02   2.41177e-03 DIIS/ADIIS
   @DF-RHF iter   2:    -0.88010611146889   -6.32501e-03   4.67546e-04 DIIS/ADIIS
   @DF-RHF iter   3:    -0.88036778955274   -2.61678e-04   2.13587e-05 DIIS
   @DF-RHF iter   4:    -0.88036818926228   -3.99710e-07   1.33946e-06 DIIS
   @DF-RHF iter   5:    -0.88036819115973   -1.89745e-09   4.15451e-08 DIIS
   @DF-RHF iter   6:    -0.88036819116160   -1.86839e-12   1.12998e-09 DIIS
   @DF-RHF iter   7:    -0.88036819116160   -5.55112e-16   4.93662e-12 DIIS
  Energy and wave function converged.


  ==> Post-Iterations <==

    Orbital Energies [Eh]
    ---------------------

    Doubly Occupied:                                                      

       1A     -0.360298  

    Virtual:                                                              

       2A     -0.080613     3A      0.407431     4A      0.412117  
       5A      0.639339     6A      0.727568     7A      0.727568  
       8A      0.795082     9A      0.795082    10A      1.000563  
      11A      2.463168    12A      2.517254    13A      3.378416  
      14A      3.404405    15A      3.404405    16A      3.408626  
      17A      3.408626    18A      3.409334    19A      3.409334  
      20A      3.415959    21A      3.415959    22A      3.432002  
      23A      3.762657    24A      3.800393    25A      3.800393  
      26A      3.854993    27A      3.854993    28A      4.083035  

    Final Occupation by Irrep:
              A 
    DOCC [     1 ]
    NA   [     1 ]
    NB   [     1 ]

  @DF-RHF Final Energy:    -0.88036819116160

   => Energetics <=

    Nuclear Repulsion Energy =              0.2216097455851523
    One-Electron Energy =                  -1.4833603065681360
    Two-Electron Energy =                   0.3813823698213868
    Total Energy =                         -0.8803681911615969

Computation Completed


Properties will be evaluated at   0.000000,   0.000000,   0.000000 [a0]

Properties computed using the SCF density matrix


 Multipole Moments:

 ------------------------------------------------------------------------------------
     Multipole            Electronic (a.u.)      Nuclear  (a.u.)        Total (a.u.)
 ------------------------------------------------------------------------------------

 L = 1.  Multiply by 2.5417464519 to convert [e a0] to [Debye]
 Dipole X            :          0.0000000            0.0000000            0.0000000
 Dipole Y            :         -0.0000000            0.0000000           -0.0000000
 Dipole Z            :         -0.0000000            0.0000000           -0.0000000
 Magnitude           :                                                    0.0000000

 ------------------------------------------------------------------------------------

*** tstop() called on Angelinas-MacBook-Pro-574.local at Thu Feb 12 13:22:59 2026
Module time:
	user time   =       0.05 seconds =       0.00 minutes
	system time =       0.01 seconds =       0.00 minutes
	total time  =          0 seconds =       0.00 minutes
Total time:
	user time   =      59.88 seconds =       1.00 minutes
	system time =      16.24 seconds =       0.27 minutes
	total time  =      61571 seconds =    1026.18 minutes

Scratch directory: /tmp/
   => Libint2 <=

    Primary   basis highest AM E, G, H:  6, 6, 3
    Auxiliary basis highest AM E, G, H:  7, 7, 4
    Onebody   basis highest AM E, G, H:  -, -, -
    Solid Harmonics ordering:            Gaussian

*** tstart() called on Angelinas-MacBook-Pro-574.local
*** at Thu Feb 12 13:22:59 2026

   => Loading Basis Set <=

    Name: CC-PVTZ
    Role: ORBITAL
    Keyword: BASIS
    atoms 1-2 entry H          line    23 file /opt/anaconda3/envs/psi4/share/psi4/basis/cc-pvtz.gbs 


         ---------------------------------------------------------
                                   SCF
               by Justin Turney, Rob Parrish, Andy Simmonett
                          and Daniel G. A. Smith
                              RHF Reference
                        4 Threads,   1907 MiB Core
         ---------------------------------------------------------

  ==> Geometry <==

    Molecular point group: c1
    Full point group: D_inf_h

    Geometry (in Angstrom), charge = 0, multiplicity = 1:

       Center              X                  Y                   Z               Mass       
    ------------   -----------------  -----------------  -----------------  -----------------
         H            0.000000000000     0.000000000000    -1.213131313131     1.007825032230
         H            0.000000000000     0.000000000000     1.213131313131     1.007825032230

  Running in c1 symmetry.

  Rotational constants: A = ************  B =      5.68284  C =      5.68284 [cm^-1]
  Rotational constants: A = ************  B = 170367.37698  C = 170367.37698 [MHz]
  Nuclear repulsion =    0.218103846196211

  Charge       = 0
  Multiplicity = 1
  Electrons    = 2
  Nalpha       = 1
  Nbeta        = 1

  ==> Algorithm <==

  SCF Algorithm Type is DF.
  DIIS enabled.
  MOM disabled.
  Fractional occupation disabled.
  Guess Type is SAD.
  Energy threshold   = 1.00e-10
  Density threshold  = 1.00e-10
  Integral threshold = 1.00e-12

  ==> Primary Basis <==

  Basis Set: CC-PVTZ
    Blend: CC-PVTZ
    Number of shells: 12
    Number of basis functions: 28
    Number of Cartesian functions: 30
    Spherical Harmonics?: true
    Max angular momentum: 2

   => Loading Basis Set <=

    Name: (CC-PVTZ AUX)
    Role: JKFIT
    Keyword: DF_BASIS_SCF
    atoms 1-2 entry H          line    51 file /opt/anaconda3/envs/psi4/share/psi4/basis/cc-pvtz-jkfit.gbs 

  ==> Integral Setup <==

  DFHelper Memory: AOs need 0.001 GiB; user supplied 1.397 GiB. 
  SCF_SUBTYPE=INCORE selected. In-core MEM_DF algorithm will be used.
  Using in-core AOs.

  ==> MemDFJK: Density-Fitted J/K Matrices <==

    J tasked:                   Yes
    K tasked:                   Yes
    wK tasked:                   No
    OpenMP threads:               4
    Memory [MiB]:              1430
    Algorithm:                 Core
    Schwarz Cutoff:           1E-12
    Mask sparsity (%):       0.0000
    Fitting Condition:        1E-10

   => Auxiliary Basis Set <=

  Basis Set: (CC-PVTZ AUX)
    Blend: CC-PVTZ-JKFIT
    Number of shells: 20
    Number of basis functions: 60
    Number of Cartesian functions: 70
    Spherical Harmonics?: true
    Max angular momentum: 3

  Minimum eigenvalue in the overlap matrix is 8.7516530308E-02.
  Reciprocal condition number of the overlap matrix is 3.4107912630E-02.
    Using symmetric orthogonalization.

  ==> Pre-Iterations <==

  SCF Guess: Superposition of Atomic Densities via on-the-fly atomic UHF (no occupation information).

   -------------------------
    Irrep   Nso     Nmo    
   -------------------------
     A         28      28 
   -------------------------
    Total      28      28
   -------------------------

  ==> Iterations <==

                           Total Energy        Delta E     RMS |[F,P]|

   @DF-RHF iter SAD:    -0.84427974971361   -8.44280e-01   0.00000e+00 
   @DF-RHF iter   1:    -0.87022207159130   -2.59423e-02   2.38091e-03 DIIS/ADIIS
   @DF-RHF iter   2:    -0.87635476555407   -6.13269e-03   4.59033e-04 DIIS/ADIIS
   @DF-RHF iter   3:    -0.87660615753805   -2.51392e-04   2.12265e-05 DIIS
   @DF-RHF iter   4:    -0.87660655319417   -3.95656e-07   1.32018e-06 DIIS
   @DF-RHF iter   5:    -0.87660655505350   -1.85932e-09   3.86106e-08 DIIS
   @DF-RHF iter   6:    -0.87660655505509   -1.59939e-12   1.10992e-09 DIIS
   @DF-RHF iter   7:    -0.87660655505510   -2.22045e-16   4.41720e-12 DIIS
  Energy and wave function converged.


  ==> Post-Iterations <==

    Orbital Energies [Eh]
    ---------------------

    Doubly Occupied:                                                      

       1A     -0.357963  

    Virtual:                                                              

       2A     -0.083867     3A      0.407327     4A      0.411347  
       5A      0.642559     6A      0.729672     7A      0.729672  
       8A      0.791654     9A      0.791654    10A      0.987717  
      11A      2.467768    12A      2.512248    13A      3.382793  
      14A      3.404840    15A      3.404840    16A      3.407752  
      17A      3.407752    18A      3.408311    19A      3.408311  
      20A      3.413910    21A      3.413910    22A      3.427384  
      23A      3.757012    24A      3.801118    25A      3.801118  
      26A      3.851286    27A      3.851286    28A      4.064498  

    Final Occupation by Irrep:
              A 
    DOCC [     1 ]
    NA   [     1 ]
    NB   [     1 ]

  @DF-RHF Final Energy:    -0.87660655505510

   => Energetics <=

    Nuclear Repulsion Energy =              0.2181038461962115
    One-Electron Energy =                  -1.4734942187308055
    Two-Electron Energy =                   0.3787838174794989
    Total Energy =                         -0.8766065550550952

Computation Completed


Properties will be evaluated at   0.000000,   0.000000,   0.000000 [a0]

Properties computed using the SCF density matrix


 Multipole Moments:

 ------------------------------------------------------------------------------------
     Multipole            Electronic (a.u.)      Nuclear  (a.u.)        Total (a.u.)
 ------------------------------------------------------------------------------------

 L = 1.  Multiply by 2.5417464519 to convert [e a0] to [Debye]
 Dipole X            :          0.0000000            0.0000000            0.0000000
 Dipole Y            :         -0.0000000            0.0000000           -0.0000000
 Dipole Z            :         -0.0000000            0.0000000           -0.0000000
 Magnitude           :                                                    0.0000000

 ------------------------------------------------------------------------------------

*** tstop() called on Angelinas-MacBook-Pro-574.local at Thu Feb 12 13:22:59 2026
Module time:
	user time   =       0.05 seconds =       0.00 minutes
	system time =       0.00 seconds =       0.00 minutes
	total time  =          0 seconds =       0.00 minutes
Total time:
	user time   =      59.94 seconds =       1.00 minutes
	system time =      16.24 seconds =       0.27 minutes
	total time  =      61571 seconds =    1026.18 minutes

Scratch directory: /tmp/
   => Libint2 <=

    Primary   basis highest AM E, G, H:  6, 6, 3
    Auxiliary basis highest AM E, G, H:  7, 7, 4
    Onebody   basis highest AM E, G, H:  -, -, -
    Solid Harmonics ordering:            Gaussian

*** tstart() called on Angelinas-MacBook-Pro-574.local
*** at Thu Feb 12 13:22:59 2026

   => Loading Basis Set <=

    Name: CC-PVTZ
    Role: ORBITAL
    Keyword: BASIS
    atoms 1-2 entry H          line    23 file /opt/anaconda3/envs/psi4/share/psi4/basis/cc-pvtz.gbs 


         ---------------------------------------------------------
                                   SCF
               by Justin Turney, Rob Parrish, Andy Simmonett
                          and Daniel G. A. Smith
                              RHF Reference
                        4 Threads,   1907 MiB Core
         ---------------------------------------------------------

  ==> Geometry <==

    Molecular point group: c1
    Full point group: D_inf_h

    Geometry (in Angstrom), charge = 0, multiplicity = 1:

       Center              X                  Y                   Z               Mass       
    ------------   -----------------  -----------------  -----------------  -----------------
         H            0.000000000000     0.000000000000    -1.232323232323     1.007825032230
         H            0.000000000000     0.000000000000     1.232323232323     1.007825032230

  Running in c1 symmetry.

  Rotational constants: A = ************  B =      5.50722  C =      5.50722 [cm^-1]
  Rotational constants: A = ************  B = 165102.17343  C = 165102.17343 [MHz]
  Nuclear repulsion =    0.214707146952172

  Charge       = 0
  Multiplicity = 1
  Electrons    = 2
  Nalpha       = 1
  Nbeta        = 1

  ==> Algorithm <==

  SCF Algorithm Type is DF.
  DIIS enabled.
  MOM disabled.
  Fractional occupation disabled.
  Guess Type is SAD.
  Energy threshold   = 1.00e-10
  Density threshold  = 1.00e-10
  Integral threshold = 1.00e-12

  ==> Primary Basis <==

  Basis Set: CC-PVTZ
    Blend: CC-PVTZ
    Number of shells: 12
    Number of basis functions: 28
    Number of Cartesian functions: 30
    Spherical Harmonics?: true
    Max angular momentum: 2

   => Loading Basis Set <=

    Name: (CC-PVTZ AUX)
    Role: JKFIT
    Keyword: DF_BASIS_SCF
    atoms 1-2 entry H          line    51 file /opt/anaconda3/envs/psi4/share/psi4/basis/cc-pvtz-jkfit.gbs 

  ==> Integral Setup <==

  DFHelper Memory: AOs need 0.001 GiB; user supplied 1.397 GiB. 
  SCF_SUBTYPE=INCORE selected. In-core MEM_DF algorithm will be used.
  Using in-core AOs.

  ==> MemDFJK: Density-Fitted J/K Matrices <==

    J tasked:                   Yes
    K tasked:                   Yes
    wK tasked:                   No
    OpenMP threads:               4
    Memory [MiB]:              1430
    Algorithm:                 Core
    Schwarz Cutoff:           1E-12
    Mask sparsity (%):       0.0000
    Fitting Condition:        1E-10

   => Auxiliary Basis Set <=

  Basis Set: (CC-PVTZ AUX)
    Blend: CC-PVTZ-JKFIT
    Number of shells: 20
    Number of basis functions: 60
    Number of Cartesian functions: 70
    Spherical Harmonics?: true
    Max angular momentum: 3

  Minimum eigenvalue in the overlap matrix is 8.7889959564E-02.
  Reciprocal condition number of the overlap matrix is 3.4475915378E-02.
    Using symmetric orthogonalization.

  ==> Pre-Iterations <==

  SCF Guess: Superposition of Atomic Densities via on-the-fly atomic UHF (no occupation information).

   -------------------------
    Irrep   Nso     Nmo    
   -------------------------
     A         28      28 
   -------------------------
    Total      28      28
   -------------------------

  ==> Iterations <==

                           Total Energy        Delta E     RMS |[F,P]|

   @DF-RHF iter SAD:    -0.84280941456979   -8.42809e-01   0.00000e+00 
   @DF-RHF iter   1:    -0.86676420811841   -2.39548e-02   2.35062e-03 DIIS/ADIIS
   @DF-RHF iter   2:    -0.87271199019468   -5.94778e-03   4.50696e-04 DIIS/ADIIS
   @DF-RHF iter   3:    -0.87295359958735   -2.41609e-04   2.11242e-05 DIIS
   @DF-RHF iter   4:    -0.87295399243187   -3.92845e-07   1.30168e-06 DIIS
   @DF-RHF iter   5:    -0.87295399425412   -1.82224e-09   3.59039e-08 DIIS
   @DF-RHF iter   6:    -0.87295399425548   -1.36613e-12   1.08559e-09 DIIS
   @DF-RHF iter   7:    -0.87295399425548   -2.55351e-15   3.95425e-12 DIIS
  Energy and wave function converged.


  ==> Post-Iterations <==

    Orbital Energies [Eh]
    ---------------------

    Doubly Occupied:                                                      

       1A     -0.355691  

    Virtual:                                                              

       2A     -0.087013     3A      0.407297     4A      0.410240  
       5A      0.646486     6A      0.731642     7A      0.731642  
       8A      0.788438     9A      0.788438    10A      0.975146  
      11A      2.472009    12A      2.507633    13A      3.386658  
      14A      3.405030    15A      3.405030    16A      3.406913  
      17A      3.406913    18A      3.407360    19A      3.407360  
      20A      3.412143    21A      3.412143    22A      3.423592  
      23A      3.752814    24A      3.801918    25A      3.801918  
      26A      3.847822    27A      3.847822    28A      4.046909  

    Final Occupation by Irrep:
              A 
    DOCC [     1 ]
    NA   [     1 ]
    NB   [     1 ]

  @DF-RHF Final Energy:    -0.87295399425548

   => Energetics <=

    Nuclear Repulsion Energy =              0.2147071469521721
    One-Electron Energy =                  -1.4639405900833060
    Two-Electron Energy =                   0.3762794488756492
    Total Energy =                         -0.8729539942554847

Computation Completed


Properties will be evaluated at   0.000000,   0.000000,   0.000000 [a0]

Properties computed using the SCF density matrix


 Multipole Moments:

 ------------------------------------------------------------------------------------
     Multipole            Electronic (a.u.)      Nuclear  (a.u.)        Total (a.u.)
 ------------------------------------------------------------------------------------

 L = 1.  Multiply by 2.5417464519 to convert [e a0] to [Debye]
 Dipole X            :          0.0000000            0.0000000            0.0000000
 Dipole Y            :          0.0000000            0.0000000            0.0000000
 Dipole Z            :          0.0000000            0.0000000            0.0000000
 Magnitude           :                                                    0.0000000

 ------------------------------------------------------------------------------------

*** tstop() called on Angelinas-MacBook-Pro-574.local at Thu Feb 12 13:22:59 2026
Module time:
	user time   =       0.05 seconds =       0.00 minutes
	system time =       0.01 seconds =       0.00 minutes
	total time  =          0 seconds =       0.00 minutes
Total time:
	user time   =      60.01 seconds =       1.00 minutes
	system time =      16.25 seconds =       0.27 minutes
	total time  =      61571 seconds =    1026.18 minutes

Scratch directory: /tmp/
   => Libint2 <=

    Primary   basis highest AM E, G, H:  6, 6, 3
    Auxiliary basis highest AM E, G, H:  7, 7, 4
    Onebody   basis highest AM E, G, H:  -, -, -
    Solid Harmonics ordering:            Gaussian

*** tstart() called on Angelinas-MacBook-Pro-574.local
*** at Thu Feb 12 13:22:59 2026

   => Loading Basis Set <=

    Name: CC-PVTZ
    Role: ORBITAL
    Keyword: BASIS
    atoms 1-2 entry H          line    23 file /opt/anaconda3/envs/psi4/share/psi4/basis/cc-pvtz.gbs 


         ---------------------------------------------------------
                                   SCF
               by Justin Turney, Rob Parrish, Andy Simmonett
                          and Daniel G. A. Smith
                              RHF Reference
                        4 Threads,   1907 MiB Core
         ---------------------------------------------------------

  ==> Geometry <==

    Molecular point group: c1
    Full point group: D_inf_h

    Geometry (in Angstrom), charge = 0, multiplicity = 1:

       Center              X                  Y                   Z               Mass       
    ------------   -----------------  -----------------  -----------------  -----------------
         H            0.000000000000     0.000000000000    -1.251515151515     1.007825032230
         H            0.000000000000     0.000000000000     1.251515151515     1.007825032230

  Running in c1 symmetry.

  Rotational constants: A = ************  B =      5.33961  C =      5.33961 [cm^-1]
  Rotational constants: A = ************  B = 160077.33262  C = 160077.33262 [MHz]
  Nuclear repulsion =    0.211414624117554

  Charge       = 0
  Multiplicity = 1
  Electrons    = 2
  Nalpha       = 1
  Nbeta        = 1

  ==> Algorithm <==

  SCF Algorithm Type is DF.
  DIIS enabled.
  MOM disabled.
  Fractional occupation disabled.
  Guess Type is SAD.
  Energy threshold   = 1.00e-10
  Density threshold  = 1.00e-10
  Integral threshold = 1.00e-12

  ==> Primary Basis <==

  Basis Set: CC-PVTZ
    Blend: CC-PVTZ
    Number of shells: 12
    Number of basis functions: 28
    Number of Cartesian functions: 30
    Spherical Harmonics?: true
    Max angular momentum: 2

   => Loading Basis Set <=

    Name: (CC-PVTZ AUX)
    Role: JKFIT
    Keyword: DF_BASIS_SCF
    atoms 1-2 entry H          line    51 file /opt/anaconda3/envs/psi4/share/psi4/basis/cc-pvtz-jkfit.gbs 

  ==> Integral Setup <==

  DFHelper Memory: AOs need 0.001 GiB; user supplied 1.397 GiB. 
  SCF_SUBTYPE=INCORE selected. In-core MEM_DF algorithm will be used.
  Using in-core AOs.

  ==> MemDFJK: Density-Fitted J/K Matrices <==

    J tasked:                   Yes
    K tasked:                   Yes
    wK tasked:                   No
    OpenMP threads:               4
    Memory [MiB]:              1430
    Algorithm:                 Core
    Schwarz Cutoff:           1E-12
    Mask sparsity (%):       0.0000
    Fitting Condition:        1E-10

   => Auxiliary Basis Set <=

  Basis Set: (CC-PVTZ AUX)
    Blend: CC-PVTZ-JKFIT
    Number of shells: 20
    Number of basis functions: 60
    Number of Cartesian functions: 70
    Spherical Harmonics?: true
    Max angular momentum: 3

  Minimum eigenvalue in the overlap matrix is 8.8255347727E-02.
  Reciprocal condition number of the overlap matrix is 3.4834025264E-02.
    Using symmetric orthogonalization.

  ==> Pre-Iterations <==

  SCF Guess: Superposition of Atomic Densities via on-the-fly atomic UHF (no occupation information).

   -------------------------
    Irrep   Nso     Nmo    
   -------------------------
     A         28      28 
   -------------------------
    Total      28      28
   -------------------------

  ==> Iterations <==

                           Total Energy        Delta E     RMS |[F,P]|

   @DF-RHF iter SAD:    -0.84147750079945   -8.41478e-01   0.00000e+00 
   @DF-RHF iter   1:    -0.86340439226847   -2.19269e-02   2.32089e-03 DIIS/ADIIS
   @DF-RHF iter   2:    -0.86917482243171   -5.77043e-03   4.42555e-04 DIIS/ADIIS
   @DF-RHF iter   3:    -0.86940716839888   -2.32346e-04   2.10469e-05 DIIS
   @DF-RHF iter   4:    -0.86940755944984   -3.91051e-07   1.28365e-06 DIIS
   @DF-RHF iter   5:    -0.86940756123521   -1.78537e-09   3.34244e-08 DIIS
   @DF-RHF iter   6:    -0.86940756123638   -1.17084e-12   1.05751e-09 DIIS
   @DF-RHF iter   7:    -0.86940756123638   -8.88178e-16   3.53827e-12 DIIS
  Energy and wave function converged.


  ==> Post-Iterations <==

    Orbital Energies [Eh]
    ---------------------

    Doubly Occupied:                                                      

       1A     -0.353478  

    Virtual:                                                              

       2A     -0.090052     3A      0.407340     4A      0.408838  
       5A      0.650996     6A      0.733479     7A      0.733479  
       8A      0.785429     9A      0.785429    10A      0.962873  
      11A      2.475831    12A      2.503422    13A      3.390020  
      14A      3.405031    15A      3.405031    16A      3.406114  
      17A      3.406114    18A      3.406474    19A      3.406474  
      20A      3.410610    21A      3.410610    22A      3.420479  
      23A      3.749999    24A      3.802761    25A      3.802761  
      26A      3.844595    27A      3.844595    28A      4.030230  

    Final Occupation by Irrep:
              A 
    DOCC [     1 ]
    NA   [     1 ]
    NB   [     1 ]

  @DF-RHF Final Energy:    -0.86940756123638

   => Energetics <=

    Nuclear Repulsion Energy =              0.2114146241175545
    One-Electron Energy =                  -1.4546885725021665
    Two-Electron Energy =                   0.3738663871482315
    Total Energy =                         -0.8694075612363805

Computation Completed


Properties will be evaluated at   0.000000,   0.000000,   0.000000 [a0]

Properties computed using the SCF density matrix


 Multipole Moments:

 ------------------------------------------------------------------------------------
     Multipole            Electronic (a.u.)      Nuclear  (a.u.)        Total (a.u.)
 ------------------------------------------------------------------------------------

 L = 1.  Multiply by 2.5417464519 to convert [e a0] to [Debye]
 Dipole X            :          0.0000000            0.0000000            0.0000000
 Dipole Y            :         -0.0000000            0.0000000           -0.0000000
 Dipole Z            :         -0.0000000            0.0000000           -0.0000000
 Magnitude           :                                                    0.0000000

 ------------------------------------------------------------------------------------

*** tstop() called on Angelinas-MacBook-Pro-574.local at Thu Feb 12 13:22:59 2026
Module time:
	user time   =       0.05 seconds =       0.00 minutes
	system time =       0.00 seconds =       0.00 minutes
	total time  =          0 seconds =       0.00 minutes
Total time:
	user time   =      60.07 seconds =       1.00 minutes
	system time =      16.25 seconds =       0.27 minutes
	total time  =      61571 seconds =    1026.18 minutes

Scratch directory: /tmp/
   => Libint2 <=

    Primary   basis highest AM E, G, H:  6, 6, 3
    Auxiliary basis highest AM E, G, H:  7, 7, 4
    Onebody   basis highest AM E, G, H:  -, -, -
    Solid Harmonics ordering:            Gaussian

*** tstart() called on Angelinas-MacBook-Pro-574.local
*** at Thu Feb 12 13:22:59 2026

   => Loading Basis Set <=

    Name: CC-PVTZ
    Role: ORBITAL
    Keyword: BASIS
    atoms 1-2 entry H          line    23 file /opt/anaconda3/envs/psi4/share/psi4/basis/cc-pvtz.gbs 


         ---------------------------------------------------------
                                   SCF
               by Justin Turney, Rob Parrish, Andy Simmonett
                          and Daniel G. A. Smith
                              RHF Reference
                        4 Threads,   1907 MiB Core
         ---------------------------------------------------------

  ==> Geometry <==

    Molecular point group: c1
    Full point group: D_inf_h

    Geometry (in Angstrom), charge = 0, multiplicity = 1:

       Center              X                  Y                   Z               Mass       
    ------------   -----------------  -----------------  -----------------  -----------------
         H            0.000000000000     0.000000000000    -1.270707070707     1.007825032230
         H            0.000000000000     0.000000000000     1.270707070707     1.007825032230

  Running in c1 symmetry.

  Rotational constants: A = ************  B =      5.17953  C =      5.17953 [cm^-1]
  Rotational constants: A = ************  B = 155278.44367  C = 155278.44367 [MHz]
  Nuclear repulsion =    0.208221557457591

  Charge       = 0
  Multiplicity = 1
  Electrons    = 2
  Nalpha       = 1
  Nbeta        = 1

  ==> Algorithm <==

  SCF Algorithm Type is DF.
  DIIS enabled.
  MOM disabled.
  Fractional occupation disabled.
  Guess Type is SAD.
  Energy threshold   = 1.00e-10
  Density threshold  = 1.00e-10
  Integral threshold = 1.00e-12

  ==> Primary Basis <==

  Basis Set: CC-PVTZ
    Blend: CC-PVTZ
    Number of shells: 12
    Number of basis functions: 28
    Number of Cartesian functions: 30
    Spherical Harmonics?: true
    Max angular momentum: 2

   => Loading Basis Set <=

    Name: (CC-PVTZ AUX)
    Role: JKFIT
    Keyword: DF_BASIS_SCF
    atoms 1-2 entry H          line    51 file /opt/anaconda3/envs/psi4/share/psi4/basis/cc-pvtz-jkfit.gbs 

  ==> Integral Setup <==

  DFHelper Memory: AOs need 0.001 GiB; user supplied 1.397 GiB. 
  SCF_SUBTYPE=INCORE selected. In-core MEM_DF algorithm will be used.
  Using in-core AOs.

  ==> MemDFJK: Density-Fitted J/K Matrices <==

    J tasked:                   Yes
    K tasked:                   Yes
    wK tasked:                   No
    OpenMP threads:               4
    Memory [MiB]:              1430
    Algorithm:                 Core
    Schwarz Cutoff:           1E-12
    Mask sparsity (%):       0.0000
    Fitting Condition:        1E-10

   => Auxiliary Basis Set <=

  Basis Set: (CC-PVTZ AUX)
    Blend: CC-PVTZ-JKFIT
    Number of shells: 20
    Number of basis functions: 60
    Number of Cartesian functions: 70
    Spherical Harmonics?: true
    Max angular momentum: 3

  Minimum eigenvalue in the overlap matrix is 8.8613397891E-02.
  Reciprocal condition number of the overlap matrix is 3.5182537676E-02.
    Using symmetric orthogonalization.

  ==> Pre-Iterations <==

  SCF Guess: Superposition of Atomic Densities via on-the-fly atomic UHF (no occupation information).

   -------------------------
    Irrep   Nso     Nmo    
   -------------------------
     A         28      28 
   -------------------------
    Total      28      28
   -------------------------

  ==> Iterations <==

                           Total Energy        Delta E     RMS |[F,P]|

   @DF-RHF iter SAD:    -0.84027467905840   -8.40275e-01   0.00000e+00 
   @DF-RHF iter   1:    -0.86013958748900   -1.98649e-02   2.29170e-03 DIIS/ADIIS
   @DF-RHF iter   2:    -0.86574034216064   -5.60075e-03   4.34631e-04 DIIS/ADIIS
   @DF-RHF iter   3:    -0.86596395085482   -2.23609e-04   2.09903e-05 DIIS
   @DF-RHF iter   4:    -0.86596434093085   -3.90076e-07   1.26582e-06 DIIS
   @DF-RHF iter   5:    -0.86596434267887   -1.74803e-09   3.11681e-08 DIIS
   @DF-RHF iter   6:    -0.86596434267988   -1.00653e-12   1.02631e-09 DIIS
   @DF-RHF iter   7:    -0.86596434267988   -5.55112e-16   3.16283e-12 DIIS
  Energy and wave function converged.


  ==> Post-Iterations <==

    Orbital Energies [Eh]
    ---------------------

    Doubly Occupied:                                                      

       1A     -0.351322  

    Virtual:                                                              

       2A     -0.092990     3A      0.407187     4A      0.407454  
       5A      0.655962     6A      0.735185     7A      0.735185  
       8A      0.782619     9A      0.782619    10A      0.950919  
      11A      2.479188    12A      2.499625    13A      3.392893  
      14A      3.404892    15A      3.404892    16A      3.405356  
      17A      3.405356    18A      3.405650    19A      3.405650  
      20A      3.409274    21A      3.409274    22A      3.417916  
      23A      3.748476    24A      3.803622    25A      3.803622  
      26A      3.841598    27A      3.841598    28A      4.014428  

    Final Occupation by Irrep:
              A 
    DOCC [     1 ]
    NA   [     1 ]
    NB   [     1 ]

  @DF-RHF Final Energy:    -0.86596434267988

   => Energetics <=

    Nuclear Repulsion Energy =              0.2082215574575914
    One-Electron Energy =                  -1.4457276705606206
    Two-Electron Energy =                   0.3715417704231493
    Total Energy =                         -0.8659643426798799

Computation Completed


Properties will be evaluated at   0.000000,   0.000000,   0.000000 [a0]

Properties computed using the SCF density matrix


 Multipole Moments:

 ------------------------------------------------------------------------------------
     Multipole            Electronic (a.u.)      Nuclear  (a.u.)        Total (a.u.)
 ------------------------------------------------------------------------------------

 L = 1.  Multiply by 2.5417464519 to convert [e a0] to [Debye]
 Dipole X            :         -0.0000000            0.0000000           -0.0000000
 Dipole Y            :          0.0000000            0.0000000            0.0000000
 Dipole Z            :          0.0000000            0.0000000            0.0000000
 Magnitude           :                                                    0.0000000

 ------------------------------------------------------------------------------------

*** tstop() called on Angelinas-MacBook-Pro-574.local at Thu Feb 12 13:22:59 2026
Module time:
	user time   =       0.06 seconds =       0.00 minutes
	system time =       0.01 seconds =       0.00 minutes
	total time  =          0 seconds =       0.00 minutes
Total time:
	user time   =      60.15 seconds =       1.00 minutes
	system time =      16.26 seconds =       0.27 minutes
	total time  =      61571 seconds =    1026.18 minutes

Scratch directory: /tmp/
   => Libint2 <=

    Primary   basis highest AM E, G, H:  6, 6, 3
    Auxiliary basis highest AM E, G, H:  7, 7, 4
    Onebody   basis highest AM E, G, H:  -, -, -
    Solid Harmonics ordering:            Gaussian

*** tstart() called on Angelinas-MacBook-Pro-574.local
*** at Thu Feb 12 13:22:59 2026

   => Loading Basis Set <=

    Name: CC-PVTZ
    Role: ORBITAL
    Keyword: BASIS
    atoms 1-2 entry H          line    23 file /opt/anaconda3/envs/psi4/share/psi4/basis/cc-pvtz.gbs 


         ---------------------------------------------------------
                                   SCF
               by Justin Turney, Rob Parrish, Andy Simmonett
                          and Daniel G. A. Smith
                              RHF Reference
                        4 Threads,   1907 MiB Core
         ---------------------------------------------------------

  ==> Geometry <==

    Molecular point group: c1
    Full point group: D_inf_h

    Geometry (in Angstrom), charge = 0, multiplicity = 1:

       Center              X                  Y                   Z               Mass       
    ------------   -----------------  -----------------  -----------------  -----------------
         H            0.000000000000     0.000000000000    -1.289898989899     1.007825032230
         H            0.000000000000     0.000000000000     1.289898989899     1.007825032230

  Running in c1 symmetry.

  Rotational constants: A = ************  B =      5.02655  C =      5.02655 [cm^-1]
  Rotational constants: A = ************  B = 150692.15972  C = 150692.15972 [MHz]
  Nuclear repulsion =    0.205123507659867

  Charge       = 0
  Multiplicity = 1
  Electrons    = 2
  Nalpha       = 1
  Nbeta        = 1

  ==> Algorithm <==

  SCF Algorithm Type is DF.
  DIIS enabled.
  MOM disabled.
  Fractional occupation disabled.
  Guess Type is SAD.
  Energy threshold   = 1.00e-10
  Density threshold  = 1.00e-10
  Integral threshold = 1.00e-12

  ==> Primary Basis <==

  Basis Set: CC-PVTZ
    Blend: CC-PVTZ
    Number of shells: 12
    Number of basis functions: 28
    Number of Cartesian functions: 30
    Spherical Harmonics?: true
    Max angular momentum: 2

   => Loading Basis Set <=

    Name: (CC-PVTZ AUX)
    Role: JKFIT
    Keyword: DF_BASIS_SCF
    atoms 1-2 entry H          line    51 file /opt/anaconda3/envs/psi4/share/psi4/basis/cc-pvtz-jkfit.gbs 

  ==> Integral Setup <==

  DFHelper Memory: AOs need 0.001 GiB; user supplied 1.397 GiB. 
  SCF_SUBTYPE=INCORE selected. In-core MEM_DF algorithm will be used.
  Using in-core AOs.

  ==> MemDFJK: Density-Fitted J/K Matrices <==

    J tasked:                   Yes
    K tasked:                   Yes
    wK tasked:                   No
    OpenMP threads:               4
    Memory [MiB]:              1430
    Algorithm:                 Core
    Schwarz Cutoff:           1E-12
    Mask sparsity (%):       0.0000
    Fitting Condition:        1E-10

   => Auxiliary Basis Set <=

  Basis Set: (CC-PVTZ AUX)
    Blend: CC-PVTZ-JKFIT
    Number of shells: 20
    Number of basis functions: 60
    Number of Cartesian functions: 70
    Spherical Harmonics?: true
    Max angular momentum: 3

  Minimum eigenvalue in the overlap matrix is 8.8964785616E-02.
  Reciprocal condition number of the overlap matrix is 3.5521759978E-02.
    Using symmetric orthogonalization.

  ==> Pre-Iterations <==

  SCF Guess: Superposition of Atomic Densities via on-the-fly atomic UHF (no occupation information).

   -------------------------
    Irrep   Nso     Nmo    
   -------------------------
     A         28      28 
   -------------------------
    Total      28      28
   -------------------------

  ==> Iterations <==

                           Total Energy        Delta E     RMS |[F,P]|

   @DF-RHF iter SAD:    -0.83919206610263   -8.39192e-01   0.00000e+00 
   @DF-RHF iter   1:    -0.85696684893552   -1.77748e-02   2.26304e-03 DIIS/ADIIS
   @DF-RHF iter   2:    -0.86240567752069   -5.43883e-03   4.26937e-04 DIIS/ADIIS
   @DF-RHF iter   3:    -0.86262107422614   -2.15397e-04   2.09505e-05 DIIS
   @DF-RHF iter   4:    -0.86262146397186   -3.89746e-07   1.24796e-06 DIIS
   @DF-RHF iter   5:    -0.86262146568154   -1.70968e-09   2.91282e-08 DIIS
   @DF-RHF iter   6:    -0.86262146568240   -8.68861e-13   9.92716e-10 DIIS
   @DF-RHF iter   7:    -0.86262146568240    2.22045e-16   2.82343e-12 DIIS
  Energy and wave function converged.


  ==> Post-Iterations <==

    Orbital Energies [Eh]
    ---------------------

    Doubly Occupied:                                                      

       1A     -0.349221  

    Virtual:                                                              

       2A     -0.095828     3A      0.405333     4A      0.407636  
       5A      0.661263     6A      0.736763     7A      0.736763  
       8A      0.780002     9A      0.780002    10A      0.939305  
      11A      2.482051    12A      2.496245    13A      3.395300  
      14A      3.404640    15A      3.404640    16A      3.404651  
      17A      3.404651    18A      3.404884    19A      3.404884  
      20A      3.408103    21A      3.408103    22A      3.415795  
      23A      3.748129    24A      3.804478    25A      3.804478  
      26A      3.838823    27A      3.838823    28A      3.999472  

    Final Occupation by Irrep:
              A 
    DOCC [     1 ]
    NA   [     1 ]
    NB   [     1 ]

  @DF-RHF Final Energy:    -0.86262146568240

   => Energetics <=

    Nuclear Repulsion Energy =              0.2051235076598669
    One-Electron Energy =                  -1.4370477303125144
    Two-Electron Energy =                   0.3693027569702436
    Total Energy =                         -0.8626214656824038

Computation Completed


Properties will be evaluated at   0.000000,   0.000000,   0.000000 [a0]

Properties computed using the SCF density matrix


 Multipole Moments:

 ------------------------------------------------------------------------------------
     Multipole            Electronic (a.u.)      Nuclear  (a.u.)        Total (a.u.)
 ------------------------------------------------------------------------------------

 L = 1.  Multiply by 2.5417464519 to convert [e a0] to [Debye]
 Dipole X            :         -0.0000000            0.0000000           -0.0000000
 Dipole Y            :          0.0000000            0.0000000            0.0000000
 Dipole Z            :          0.0000000            0.0000000            0.0000000
 Magnitude           :                                                    0.0000000

 ------------------------------------------------------------------------------------

*** tstop() called on Angelinas-MacBook-Pro-574.local at Thu Feb 12 13:22:59 2026
Module time:
	user time   =       0.05 seconds =       0.00 minutes
	system time =       0.00 seconds =       0.00 minutes
	total time  =          0 seconds =       0.00 minutes
Total time:
	user time   =      60.21 seconds =       1.00 minutes
	system time =      16.26 seconds =       0.27 minutes
	total time  =      61571 seconds =    1026.18 minutes

Scratch directory: /tmp/
   => Libint2 <=

    Primary   basis highest AM E, G, H:  6, 6, 3
    Auxiliary basis highest AM E, G, H:  7, 7, 4
    Onebody   basis highest AM E, G, H:  -, -, -
    Solid Harmonics ordering:            Gaussian

*** tstart() called on Angelinas-MacBook-Pro-574.local
*** at Thu Feb 12 13:22:59 2026

   => Loading Basis Set <=

    Name: CC-PVTZ
    Role: ORBITAL
    Keyword: BASIS
    atoms 1-2 entry H          line    23 file /opt/anaconda3/envs/psi4/share/psi4/basis/cc-pvtz.gbs 


         ---------------------------------------------------------
                                   SCF
               by Justin Turney, Rob Parrish, Andy Simmonett
                          and Daniel G. A. Smith
                              RHF Reference
                        4 Threads,   1907 MiB Core
         ---------------------------------------------------------

  ==> Geometry <==

    Molecular point group: c1
    Full point group: D_inf_h

    Geometry (in Angstrom), charge = 0, multiplicity = 1:

       Center              X                  Y                   Z               Mass       
    ------------   -----------------  -----------------  -----------------  -----------------
         H            0.000000000000     0.000000000000    -1.309090909091     1.007825032230
         H            0.000000000000     0.000000000000     1.309090909091     1.007825032230

  Running in c1 symmetry.

  Rotational constants: A = ************  B =      4.88025  C =      4.88025 [cm^-1]
  Rotational constants: A = ************  B = 146306.10504  C = 146306.10504 [MHz]
  Nuclear repulsion =    0.202116295742014

  Charge       = 0
  Multiplicity = 1
  Electrons    = 2
  Nalpha       = 1
  Nbeta        = 1

  ==> Algorithm <==

  SCF Algorithm Type is DF.
  DIIS enabled.
  MOM disabled.
  Fractional occupation disabled.
  Guess Type is SAD.
  Energy threshold   = 1.00e-10
  Density threshold  = 1.00e-10
  Integral threshold = 1.00e-12

  ==> Primary Basis <==

  Basis Set: CC-PVTZ
    Blend: CC-PVTZ
    Number of shells: 12
    Number of basis functions: 28
    Number of Cartesian functions: 30
    Spherical Harmonics?: true
    Max angular momentum: 2

   => Loading Basis Set <=

    Name: (CC-PVTZ AUX)
    Role: JKFIT
    Keyword: DF_BASIS_SCF
    atoms 1-2 entry H          line    51 file /opt/anaconda3/envs/psi4/share/psi4/basis/cc-pvtz-jkfit.gbs 

  ==> Integral Setup <==

  DFHelper Memory: AOs need 0.001 GiB; user supplied 1.397 GiB. 
  SCF_SUBTYPE=INCORE selected. In-core MEM_DF algorithm will be used.
  Using in-core AOs.

  ==> MemDFJK: Density-Fitted J/K Matrices <==

    J tasked:                   Yes
    K tasked:                   Yes
    wK tasked:                   No
    OpenMP threads:               4
    Memory [MiB]:              1430
    Algorithm:                 Core
    Schwarz Cutoff:           1E-12
    Mask sparsity (%):       0.0000
    Fitting Condition:        1E-10

   => Auxiliary Basis Set <=

  Basis Set: (CC-PVTZ AUX)
    Blend: CC-PVTZ-JKFIT
    Number of shells: 20
    Number of basis functions: 60
    Number of Cartesian functions: 70
    Spherical Harmonics?: true
    Max angular momentum: 3

  Minimum eigenvalue in the overlap matrix is 8.9310165734E-02.
  Reciprocal condition number of the overlap matrix is 3.5852011324E-02.
    Using symmetric orthogonalization.

  ==> Pre-Iterations <==

  SCF Guess: Superposition of Atomic Densities via on-the-fly atomic UHF (no occupation information).

   -------------------------
    Irrep   Nso     Nmo    
   -------------------------
     A         28      28 
   -------------------------
    Total      28      28
   -------------------------

  ==> Iterations <==

                           Total Energy        Delta E     RMS |[F,P]|

   @DF-RHF iter SAD:    -0.83822122084443   -8.38221e-01   0.00000e+00 
   @DF-RHF iter   1:    -0.85388333157132   -1.56621e-02   2.23492e-03 DIIS/ADIIS
   @DF-RHF iter   2:    -0.85916800935322   -5.28468e-03   4.19486e-04 DIIS/ADIIS
   @DF-RHF iter   3:    -0.85937571168024   -2.07702e-04   2.09242e-05 DIIS
   @DF-RHF iter   4:    -0.85937610159149   -3.89911e-07   1.22990e-06 DIIS
   @DF-RHF iter   5:    -0.85937610326143   -1.66993e-09   2.72947e-08 DIIS
   @DF-RHF iter   6:    -0.85937610326218   -7.52953e-13   9.57469e-10 DIIS
   @DF-RHF iter   7:    -0.85937610326218   -4.44089e-16   2.51698e-12 DIIS
  Energy and wave function converged.


  ==> Post-Iterations <==

    Orbital Energies [Eh]
    ---------------------

    Doubly Occupied:                                                      

       1A     -0.347173  

    Virtual:                                                              

       2A     -0.098571     3A      0.403321     4A      0.407885  
       5A      0.666784     6A      0.738215     7A      0.738215  
       8A      0.777571     9A      0.777571    10A      0.928047  
      11A      2.484404    12A      2.493277    13A      3.397272  
      14A      3.403967    15A      3.403967    16A      3.404172  
      17A      3.404172    18A      3.404339    19A      3.404339  
      20A      3.407069    21A      3.407069    22A      3.414024  
      23A      3.748824    24A      3.805315    25A      3.805315  
      26A      3.836262    27A      3.836262    28A      3.985336  

    Final Occupation by Irrep:
              A 
    DOCC [     1 ]
    NA   [     1 ]
    NB   [     1 ]

  @DF-RHF Final Energy:    -0.85937610326218

   => Energetics <=

    Nuclear Repulsion Energy =              0.2021162957420139
    One-Electron Energy =                  -1.4286389322141151
    Two-Electron Energy =                   0.3671465332099220
    Total Energy =                         -0.8593761032621792

Computation Completed


Properties will be evaluated at   0.000000,   0.000000,   0.000000 [a0]

Properties computed using the SCF density matrix


 Multipole Moments:

 ------------------------------------------------------------------------------------
     Multipole            Electronic (a.u.)      Nuclear  (a.u.)        Total (a.u.)
 ------------------------------------------------------------------------------------

 L = 1.  Multiply by 2.5417464519 to convert [e a0] to [Debye]
 Dipole X            :         -0.0000000            0.0000000           -0.0000000
 Dipole Y            :         -0.0000000            0.0000000           -0.0000000
 Dipole Z            :         -0.0000000            0.0000000           -0.0000000
 Magnitude           :                                                    0.0000000

 ------------------------------------------------------------------------------------

*** tstop() called on Angelinas-MacBook-Pro-574.local at Thu Feb 12 13:22:59 2026
Module time:
	user time   =       0.05 seconds =       0.00 minutes
	system time =       0.01 seconds =       0.00 minutes
	total time  =          0 seconds =       0.00 minutes
Total time:
	user time   =      60.28 seconds =       1.00 minutes
	system time =      16.27 seconds =       0.27 minutes
	total time  =      61571 seconds =    1026.18 minutes

Scratch directory: /tmp/
   => Libint2 <=

    Primary   basis highest AM E, G, H:  6, 6, 3
    Auxiliary basis highest AM E, G, H:  7, 7, 4
    Onebody   basis highest AM E, G, H:  -, -, -
    Solid Harmonics ordering:            Gaussian

*** tstart() called on Angelinas-MacBook-Pro-574.local
*** at Thu Feb 12 13:22:59 2026

   => Loading Basis Set <=

    Name: CC-PVTZ
    Role: ORBITAL
    Keyword: BASIS
    atoms 1-2 entry H          line    23 file /opt/anaconda3/envs/psi4/share/psi4/basis/cc-pvtz.gbs 


         ---------------------------------------------------------
                                   SCF
               by Justin Turney, Rob Parrish, Andy Simmonett
                          and Daniel G. A. Smith
                              RHF Reference
                        4 Threads,   1907 MiB Core
         ---------------------------------------------------------

  ==> Geometry <==

    Molecular point group: c1
    Full point group: D_inf_h

    Geometry (in Angstrom), charge = 0, multiplicity = 1:

       Center              X                  Y                   Z               Mass       
    ------------   -----------------  -----------------  -----------------  -----------------
         H            0.000000000000     0.000000000000    -1.328282828283     1.007825032230
         H            0.000000000000     0.000000000000     1.328282828283     1.007825032230

  Running in c1 symmetry.

  Rotational constants: A = ************  B =      4.74024  C =      4.74024 [cm^-1]
  Rotational constants: A = ************  B = 142108.79147  C = 142108.79147 [MHz]
  Nuclear repulsion =    0.199195984244601

  Charge       = 0
  Multiplicity = 1
  Electrons    = 2
  Nalpha       = 1
  Nbeta        = 1

  ==> Algorithm <==

  SCF Algorithm Type is DF.
  DIIS enabled.
  MOM disabled.
  Fractional occupation disabled.
  Guess Type is SAD.
  Energy threshold   = 1.00e-10
  Density threshold  = 1.00e-10
  Integral threshold = 1.00e-12

  ==> Primary Basis <==

  Basis Set: CC-PVTZ
    Blend: CC-PVTZ
    Number of shells: 12
    Number of basis functions: 28
    Number of Cartesian functions: 30
    Spherical Harmonics?: true
    Max angular momentum: 2

   => Loading Basis Set <=

    Name: (CC-PVTZ AUX)
    Role: JKFIT
    Keyword: DF_BASIS_SCF
    atoms 1-2 entry H          line    51 file /opt/anaconda3/envs/psi4/share/psi4/basis/cc-pvtz-jkfit.gbs 

  ==> Integral Setup <==

  DFHelper Memory: AOs need 0.001 GiB; user supplied 1.397 GiB. 
  SCF_SUBTYPE=INCORE selected. In-core MEM_DF algorithm will be used.
  Using in-core AOs.

  ==> MemDFJK: Density-Fitted J/K Matrices <==

    J tasked:                   Yes
    K tasked:                   Yes
    wK tasked:                   No
    OpenMP threads:               4
    Memory [MiB]:              1430
    Algorithm:                 Core
    Schwarz Cutoff:           1E-12
    Mask sparsity (%):       0.0000
    Fitting Condition:        1E-10

   => Auxiliary Basis Set <=

  Basis Set: (CC-PVTZ AUX)
    Blend: CC-PVTZ-JKFIT
    Number of shells: 20
    Number of basis functions: 60
    Number of Cartesian functions: 70
    Spherical Harmonics?: true
    Max angular momentum: 3

  Minimum eigenvalue in the overlap matrix is 8.9650177258E-02.
  Reciprocal condition number of the overlap matrix is 3.6173622161E-02.
    Using symmetric orthogonalization.

  ==> Pre-Iterations <==

  SCF Guess: Superposition of Atomic Densities via on-the-fly atomic UHF (no occupation information).

   -------------------------
    Irrep   Nso     Nmo    
   -------------------------
     A         28      28 
   -------------------------
    Total      28      28
   -------------------------

  ==> Iterations <==

                           Total Energy        Delta E     RMS |[F,P]|

   @DF-RHF iter SAD:    -0.83735413805238   -8.37354e-01   0.00000e+00 
   @DF-RHF iter   1:    -0.85088629447798   -1.35322e-02   2.20736e-03 DIIS/ADIIS
   @DF-RHF iter   2:    -0.85602457477631   -5.13828e-03   4.12286e-04 DIIS/ADIIS
   @DF-RHF iter   3:    -0.85622508701936   -2.00512e-04   2.09088e-05 DIIS
   @DF-RHF iter   4:    -0.85622547746712   -3.90448e-07   1.21151e-06 DIIS
   @DF-RHF iter   5:    -0.85622547909567   -1.62855e-09   2.56552e-08 DIIS
   @DF-RHF iter   6:    -0.85622547909633   -6.58251e-13   9.21309e-10 DIIS
   @DF-RHF iter   7:    -0.85622547909633    1.11022e-16   2.24096e-12 DIIS
  Energy and wave function converged.


  ==> Post-Iterations <==

    Orbital Energies [Eh]
    ---------------------

    Doubly Occupied:                                                      

       1A     -0.345176  

    Virtual:                                                              

       2A     -0.101222     3A      0.401192     4A      0.408199  
       5A      0.672422     6A      0.739548     7A      0.739548  
       8A      0.775317     9A      0.775317    10A      0.917163  
      11A      2.486245    12A      2.490714    13A      3.398846  
      14A      3.403337    15A      3.403337    16A      3.403512  
      17A      3.403512    18A      3.403980    19A      3.403980  
      20A      3.406153    21A      3.406153    22A      3.412529  
      23A      3.750414    24A      3.806119    25A      3.806119  
      26A      3.833905    27A      3.833905    28A      3.971993  

    Final Occupation by Irrep:
              A 
    DOCC [     1 ]
    NA   [     1 ]
    NB   [     1 ]

  @DF-RHF Final Energy:    -0.85622547909633

   => Energetics <=

    Nuclear Repulsion Energy =              0.1991959842446007
    One-Electron Energy =                  -1.4204917864710391
    Two-Electron Energy =                   0.3650703231301103
    Total Energy =                         -0.8562254790963281

Computation Completed


Properties will be evaluated at   0.000000,   0.000000,   0.000000 [a0]

Properties computed using the SCF density matrix


 Multipole Moments:

 ------------------------------------------------------------------------------------
     Multipole            Electronic (a.u.)      Nuclear  (a.u.)        Total (a.u.)
 ------------------------------------------------------------------------------------

 L = 1.  Multiply by 2.5417464519 to convert [e a0] to [Debye]
 Dipole X            :          0.0000000            0.0000000            0.0000000
 Dipole Y            :          0.0000000            0.0000000            0.0000000
 Dipole Z            :          0.0000000            0.0000000            0.0000000
 Magnitude           :                                                    0.0000000

 ------------------------------------------------------------------------------------

*** tstop() called on Angelinas-MacBook-Pro-574.local at Thu Feb 12 13:22:59 2026
Module time:
	user time   =       0.05 seconds =       0.00 minutes
	system time =       0.00 seconds =       0.00 minutes
	total time  =          0 seconds =       0.00 minutes
Total time:
	user time   =      60.34 seconds =       1.01 minutes
	system time =      16.27 seconds =       0.27 minutes
	total time  =      61571 seconds =    1026.18 minutes

Scratch directory: /tmp/
   => Libint2 <=

    Primary   basis highest AM E, G, H:  6, 6, 3
    Auxiliary basis highest AM E, G, H:  7, 7, 4
    Onebody   basis highest AM E, G, H:  -, -, -
    Solid Harmonics ordering:            Gaussian

*** tstart() called on Angelinas-MacBook-Pro-574.local
*** at Thu Feb 12 13:22:59 2026

   => Loading Basis Set <=

    Name: CC-PVTZ
    Role: ORBITAL
    Keyword: BASIS
    atoms 1-2 entry H          line    23 file /opt/anaconda3/envs/psi4/share/psi4/basis/cc-pvtz.gbs 


         ---------------------------------------------------------
                                   SCF
               by Justin Turney, Rob Parrish, Andy Simmonett
                          and Daniel G. A. Smith
                              RHF Reference
                        4 Threads,   1907 MiB Core
         ---------------------------------------------------------

  ==> Geometry <==

    Molecular point group: c1
    Full point group: D_inf_h

    Geometry (in Angstrom), charge = 0, multiplicity = 1:

       Center              X                  Y                   Z               Mass       
    ------------   -----------------  -----------------  -----------------  -----------------
         H            0.000000000000     0.000000000000    -1.347474747475     1.007825032230
         H            0.000000000000     0.000000000000     1.347474747475     1.007825032230

  Running in c1 symmetry.

  Rotational constants: A = ************  B =      4.60617  C =      4.60617 [cm^-1]
  Rotational constants: A = ************  B = 138089.54308  C = 138089.54308 [MHz]
  Nuclear repulsion =    0.196358860031222

  Charge       = 0
  Multiplicity = 1
  Electrons    = 2
  Nalpha       = 1
  Nbeta        = 1

  ==> Algorithm <==

  SCF Algorithm Type is DF.
  DIIS enabled.
  MOM disabled.
  Fractional occupation disabled.
  Guess Type is SAD.
  Energy threshold   = 1.00e-10
  Density threshold  = 1.00e-10
  Integral threshold = 1.00e-12

  ==> Primary Basis <==

  Basis Set: CC-PVTZ
    Blend: CC-PVTZ
    Number of shells: 12
    Number of basis functions: 28
    Number of Cartesian functions: 30
    Spherical Harmonics?: true
    Max angular momentum: 2

   => Loading Basis Set <=

    Name: (CC-PVTZ AUX)
    Role: JKFIT
    Keyword: DF_BASIS_SCF
    atoms 1-2 entry H          line    51 file /opt/anaconda3/envs/psi4/share/psi4/basis/cc-pvtz-jkfit.gbs 

  ==> Integral Setup <==

  DFHelper Memory: AOs need 0.001 GiB; user supplied 1.397 GiB. 
  SCF_SUBTYPE=INCORE selected. In-core MEM_DF algorithm will be used.
  Using in-core AOs.

  ==> MemDFJK: Density-Fitted J/K Matrices <==

    J tasked:                   Yes
    K tasked:                   Yes
    wK tasked:                   No
    OpenMP threads:               4
    Memory [MiB]:              1430
    Algorithm:                 Core
    Schwarz Cutoff:           1E-12
    Mask sparsity (%):       0.0000
    Fitting Condition:        1E-10

   => Auxiliary Basis Set <=

  Basis Set: (CC-PVTZ AUX)
    Blend: CC-PVTZ-JKFIT
    Number of shells: 20
    Number of basis functions: 60
    Number of Cartesian functions: 70
    Spherical Harmonics?: true
    Max angular momentum: 3

  Minimum eigenvalue in the overlap matrix is 8.9985446578E-02.
  Reciprocal condition number of the overlap matrix is 3.6486933382E-02.
    Using symmetric orthogonalization.

  ==> Pre-Iterations <==

  SCF Guess: Superposition of Atomic Densities via on-the-fly atomic UHF (no occupation information).

   -------------------------
    Irrep   Nso     Nmo    
   -------------------------
     A         28      28 
   -------------------------
    Total      28      28
   -------------------------

  ==> Iterations <==

                           Total Energy        Delta E     RMS |[F,P]|

   @DF-RHF iter SAD:    -0.83658324003491   -8.36583e-01   0.00000e+00 
   @DF-RHF iter   1:    -0.84797310198458   -1.13899e-02   2.18037e-03 DIIS/ADIIS
   @DF-RHF iter   2:    -0.85297266993990   -4.99957e-03   4.05342e-04 DIIS/ADIIS
   @DF-RHF iter   3:    -0.85316647861531   -1.93809e-04   2.09017e-05 DIIS
   @DF-RHF iter   4:    -0.85316686986765   -3.91252e-07   1.19270e-06 DIIS
   @DF-RHF iter   5:    -0.85316687145307   -1.58542e-09   2.41957e-08 DIIS
   @DF-RHF iter   6:    -0.85316687145364   -5.75873e-13   8.84925e-10 DIIS
   @DF-RHF iter   7:    -0.85316687145364   -3.33067e-16   1.99325e-12 DIIS
  Energy and wave function converged.


  ==> Post-Iterations <==

    Orbital Energies [Eh]
    ---------------------

    Doubly Occupied:                                                      

       1A     -0.343227  

    Virtual:                                                              

       2A     -0.103783     3A      0.398983     4A      0.408575  
       5A      0.678085     6A      0.740767     7A      0.740767  
       8A      0.773232     9A      0.773232    10A      0.906665  
      11A      2.487584    12A      2.488543    13A      3.400065  
      14A      3.402749    15A      3.402749    16A      3.402901  
      17A      3.402901    18A      3.403594    19A      3.403594  
      20A      3.405336    21A      3.405336    22A      3.411249  
      23A      3.752747    24A      3.806883    25A      3.806883  
      26A      3.831746    27A      3.831746    28A      3.959420  

    Final Occupation by Irrep:
              A 
    DOCC [     1 ]
    NA   [     1 ]
    NB   [     1 ]

  @DF-RHF Final Energy:    -0.85316687145364

   => Energetics <=

    Nuclear Repulsion Energy =              0.1963588600312219
    One-Electron Energy =                  -1.4125971293897361
    Two-Electron Energy =                   0.3630713979048696
    Total Energy =                         -0.8531668714536447

Computation Completed


Properties will be evaluated at   0.000000,   0.000000,   0.000000 [a0]

Properties computed using the SCF density matrix


 Multipole Moments:

 ------------------------------------------------------------------------------------
     Multipole            Electronic (a.u.)      Nuclear  (a.u.)        Total (a.u.)
 ------------------------------------------------------------------------------------

 L = 1.  Multiply by 2.5417464519 to convert [e a0] to [Debye]
 Dipole X            :         -0.0000000            0.0000000           -0.0000000
 Dipole Y            :         -0.0000000            0.0000000           -0.0000000
 Dipole Z            :         -0.0000000            0.0000000           -0.0000000
 Magnitude           :                                                    0.0000000

 ------------------------------------------------------------------------------------

*** tstop() called on Angelinas-MacBook-Pro-574.local at Thu Feb 12 13:22:59 2026
Module time:
	user time   =       0.05 seconds =       0.00 minutes
	system time =       0.01 seconds =       0.00 minutes
	total time  =          0 seconds =       0.00 minutes
Total time:
	user time   =      60.41 seconds =       1.01 minutes
	system time =      16.28 seconds =       0.27 minutes
	total time  =      61571 seconds =    1026.18 minutes

Scratch directory: /tmp/
   => Libint2 <=

    Primary   basis highest AM E, G, H:  6, 6, 3
    Auxiliary basis highest AM E, G, H:  7, 7, 4
    Onebody   basis highest AM E, G, H:  -, -, -
    Solid Harmonics ordering:            Gaussian

*** tstart() called on Angelinas-MacBook-Pro-574.local
*** at Thu Feb 12 13:22:59 2026

   => Loading Basis Set <=

    Name: CC-PVTZ
    Role: ORBITAL
    Keyword: BASIS
    atoms 1-2 entry H          line    23 file /opt/anaconda3/envs/psi4/share/psi4/basis/cc-pvtz.gbs 


         ---------------------------------------------------------
                                   SCF
               by Justin Turney, Rob Parrish, Andy Simmonett
                          and Daniel G. A. Smith
                              RHF Reference
                        4 Threads,   1907 MiB Core
         ---------------------------------------------------------

  ==> Geometry <==

    Molecular point group: c1
    Full point group: D_inf_h

    Geometry (in Angstrom), charge = 0, multiplicity = 1:

       Center              X                  Y                   Z               Mass       
    ------------   -----------------  -----------------  -----------------  -----------------
         H            0.000000000000     0.000000000000    -1.366666666667     1.007825032230
         H            0.000000000000     0.000000000000     1.366666666667     1.007825032230

  Running in c1 symmetry.

  Rotational constants: A = ************  B =      4.47771  C =      4.47771 [cm^-1]
  Rotational constants: A = ************  B = 134238.42827  C = 134238.42827 [MHz]
  Nuclear repulsion =    0.193601418537805

  Charge       = 0
  Multiplicity = 1
  Electrons    = 2
  Nalpha       = 1
  Nbeta        = 1

  ==> Algorithm <==

  SCF Algorithm Type is DF.
  DIIS enabled.
  MOM disabled.
  Fractional occupation disabled.
  Guess Type is SAD.
  Energy threshold   = 1.00e-10
  Density threshold  = 1.00e-10
  Integral threshold = 1.00e-12

  ==> Primary Basis <==

  Basis Set: CC-PVTZ
    Blend: CC-PVTZ
    Number of shells: 12
    Number of basis functions: 28
    Number of Cartesian functions: 30
    Spherical Harmonics?: true
    Max angular momentum: 2

   => Loading Basis Set <=

    Name: (CC-PVTZ AUX)
    Role: JKFIT
    Keyword: DF_BASIS_SCF
    atoms 1-2 entry H          line    51 file /opt/anaconda3/envs/psi4/share/psi4/basis/cc-pvtz-jkfit.gbs 

  ==> Integral Setup <==

  DFHelper Memory: AOs need 0.001 GiB; user supplied 1.397 GiB. 
  SCF_SUBTYPE=INCORE selected. In-core MEM_DF algorithm will be used.
  Using in-core AOs.

  ==> MemDFJK: Density-Fitted J/K Matrices <==

    J tasked:                   Yes
    K tasked:                   Yes
    wK tasked:                   No
    OpenMP threads:               4
    Memory [MiB]:              1430
    Algorithm:                 Core
    Schwarz Cutoff:           1E-12
    Mask sparsity (%):       0.0000
    Fitting Condition:        1E-10

   => Auxiliary Basis Set <=

  Basis Set: (CC-PVTZ AUX)
    Blend: CC-PVTZ-JKFIT
    Number of shells: 20
    Number of basis functions: 60
    Number of Cartesian functions: 70
    Spherical Harmonics?: true
    Max angular momentum: 3

  Minimum eigenvalue in the overlap matrix is 9.0316589059E-02.
  Reciprocal condition number of the overlap matrix is 3.6792295126E-02.
    Using symmetric orthogonalization.

  ==> Pre-Iterations <==

  SCF Guess: Superposition of Atomic Densities via on-the-fly atomic UHF (no occupation information).

   -------------------------
    Irrep   Nso     Nmo    
   -------------------------
     A         28      28 
   -------------------------
    Total      28      28
   -------------------------

  ==> Iterations <==

                           Total Energy        Delta E     RMS |[F,P]|

   @DF-RHF iter SAD:    -0.83590136662611   -8.35901e-01   0.00000e+00 
   @DF-RHF iter   1:    -0.84514122228232   -9.23986e-03   2.15397e-03 DIIS/ADIIS
   @DF-RHF iter   2:    -0.85000965204038   -4.86843e-03   3.98658e-04 DIIS/ADIIS
   @DF-RHF iter   3:    -0.85019722254589   -1.87571e-04   2.09012e-05 DIIS
   @DF-RHF iter   4:    -0.85019761478742   -3.92242e-07   1.17340e-06 DIIS
   @DF-RHF iter   5:    -0.85019761632792   -1.54051e-09   2.29008e-08 DIIS
   @DF-RHF iter   6:    -0.85019761632843   -5.10481e-13   8.48921e-10 DIIS
   @DF-RHF iter   7:    -0.85019761632843   -1.11022e-16   1.77177e-12 DIIS
  Energy and wave function converged.


  ==> Post-Iterations <==

    Orbital Energies [Eh]
    ---------------------

    Doubly Occupied:                                                      

       1A     -0.341326  

    Virtual:                                                              

       2A     -0.106257     3A      0.396726     4A      0.409011  
       5A      0.683694     6A      0.741876     7A      0.741876  
       8A      0.771309     9A      0.771309    10A      0.896565  
      11A      2.486747    12A      2.488438    13A      3.400975  
      14A      3.402204    15A      3.402204    16A      3.402337  
      17A      3.402337    18A      3.403196    19A      3.403196  
      20A      3.404604    21A      3.404604    22A      3.410137  
      23A      3.755668    24A      3.807600    25A      3.807600  
      26A      3.829772    27A      3.829772    28A      3.947594  

    Final Occupation by Irrep:
              A 
    DOCC [     1 ]
    NA   [     1 ]
    NB   [     1 ]

  @DF-RHF Final Energy:    -0.85019761632843

   => Energetics <=

    Nuclear Repulsion Energy =              0.1936014185378049
    One-Electron Energy =                  -1.4049461196572808
    Two-Electron Energy =                   0.3611470847910442
    Total Energy =                         -0.8501976163284315

Computation Completed


Properties will be evaluated at   0.000000,   0.000000,   0.000000 [a0]

Properties computed using the SCF density matrix


 Multipole Moments:

 ------------------------------------------------------------------------------------
     Multipole            Electronic (a.u.)      Nuclear  (a.u.)        Total (a.u.)
 ------------------------------------------------------------------------------------

 L = 1.  Multiply by 2.5417464519 to convert [e a0] to [Debye]
 Dipole X            :         -0.0000000            0.0000000           -0.0000000
 Dipole Y            :          0.0000000            0.0000000            0.0000000
 Dipole Z            :         -0.0000000            0.0000000           -0.0000000
 Magnitude           :                                                    0.0000000

 ------------------------------------------------------------------------------------

*** tstop() called on Angelinas-MacBook-Pro-574.local at Thu Feb 12 13:22:59 2026
Module time:
	user time   =       0.05 seconds =       0.00 minutes
	system time =       0.00 seconds =       0.00 minutes
	total time  =          0 seconds =       0.00 minutes
Total time:
	user time   =      60.47 seconds =       1.01 minutes
	system time =      16.28 seconds =       0.27 minutes
	total time  =      61571 seconds =    1026.18 minutes

Scratch directory: /tmp/
   => Libint2 <=

    Primary   basis highest AM E, G, H:  6, 6, 3
    Auxiliary basis highest AM E, G, H:  7, 7, 4
    Onebody   basis highest AM E, G, H:  -, -, -
    Solid Harmonics ordering:            Gaussian

*** tstart() called on Angelinas-MacBook-Pro-574.local
*** at Thu Feb 12 13:22:59 2026

   => Loading Basis Set <=

    Name: CC-PVTZ
    Role: ORBITAL
    Keyword: BASIS
    atoms 1-2 entry H          line    23 file /opt/anaconda3/envs/psi4/share/psi4/basis/cc-pvtz.gbs 


         ---------------------------------------------------------
                                   SCF
               by Justin Turney, Rob Parrish, Andy Simmonett
                          and Daniel G. A. Smith
                              RHF Reference
                        4 Threads,   1907 MiB Core
         ---------------------------------------------------------

  ==> Geometry <==

    Molecular point group: c1
    Full point group: D_inf_h

    Geometry (in Angstrom), charge = 0, multiplicity = 1:

       Center              X                  Y                   Z               Mass       
    ------------   -----------------  -----------------  -----------------  -----------------
         H            0.000000000000     0.000000000000    -1.385858585859     1.007825032230
         H            0.000000000000     0.000000000000     1.385858585859     1.007825032230

  Running in c1 symmetry.

  Rotational constants: A = ************  B =      4.35455  C =      4.35455 [cm^-1]
  Rotational constants: A = ************  B = 130546.19829  C = 130546.19829 [MHz]
  Nuclear repulsion =    0.190920349330649

  Charge       = 0
  Multiplicity = 1
  Electrons    = 2
  Nalpha       = 1
  Nbeta        = 1

  ==> Algorithm <==

  SCF Algorithm Type is DF.
  DIIS enabled.
  MOM disabled.
  Fractional occupation disabled.
  Guess Type is SAD.
  Energy threshold   = 1.00e-10
  Density threshold  = 1.00e-10
  Integral threshold = 1.00e-12

  ==> Primary Basis <==

  Basis Set: CC-PVTZ
    Blend: CC-PVTZ
    Number of shells: 12
    Number of basis functions: 28
    Number of Cartesian functions: 30
    Spherical Harmonics?: true
    Max angular momentum: 2

   => Loading Basis Set <=

    Name: (CC-PVTZ AUX)
    Role: JKFIT
    Keyword: DF_BASIS_SCF
    atoms 1-2 entry H          line    51 file /opt/anaconda3/envs/psi4/share/psi4/basis/cc-pvtz-jkfit.gbs 

  ==> Integral Setup <==

  DFHelper Memory: AOs need 0.001 GiB; user supplied 1.397 GiB. 
  SCF_SUBTYPE=INCORE selected. In-core MEM_DF algorithm will be used.
  Using in-core AOs.

  ==> MemDFJK: Density-Fitted J/K Matrices <==

    J tasked:                   Yes
    K tasked:                   Yes
    wK tasked:                   No
    OpenMP threads:               4
    Memory [MiB]:              1430
    Algorithm:                 Core
    Schwarz Cutoff:           1E-12
    Mask sparsity (%):       0.0000
    Fitting Condition:        1E-10

   => Auxiliary Basis Set <=

  Basis Set: (CC-PVTZ AUX)
    Blend: CC-PVTZ-JKFIT
    Number of shells: 20
    Number of basis functions: 60
    Number of Cartesian functions: 70
    Spherical Harmonics?: true
    Max angular momentum: 3

  Minimum eigenvalue in the overlap matrix is 9.0644209185E-02.
  Reciprocal condition number of the overlap matrix is 3.7090065183E-02.
    Using symmetric orthogonalization.

  ==> Pre-Iterations <==

  SCF Guess: Superposition of Atomic Densities via on-the-fly atomic UHF (no occupation information).

   -------------------------
    Irrep   Nso     Nmo    
   -------------------------
     A         28      28 
   -------------------------
    Total      28      28
   -------------------------

  ==> Iterations <==

                           Total Energy        Delta E     RMS |[F,P]|

   @DF-RHF iter SAD:    -0.83530176377055   -8.35302e-01   0.00000e+00 
   @DF-RHF iter   1:    -0.84238822418481   -7.08646e-03   2.12820e-03 DIIS/ADIIS
   @DF-RHF iter   2:    -0.84713294068504   -4.74472e-03   3.92235e-04 DIIS/ADIIS
   @DF-RHF iter   3:    -0.84731471497389   -1.81774e-04   2.09057e-05 DIIS
   @DF-RHF iter   4:    -0.84731510832224   -3.93348e-07   1.15359e-06 DIIS
   @DF-RHF iter   5:    -0.84731510981613   -1.49389e-09   2.17547e-08 DIIS
   @DF-RHF iter   6:    -0.84731510981659   -4.58189e-13   8.13794e-10 DIIS
   @DF-RHF iter   7:    -0.84731510981659   -6.66134e-16   1.57456e-12 DIIS
  Energy and wave function converged.


  ==> Post-Iterations <==

    Orbital Energies [Eh]
    ---------------------

    Doubly Occupied:                                                      

       1A     -0.339470  

    Virtual:                                                              

       2A     -0.108649     3A      0.394449     4A      0.409504  
       5A      0.689183     6A      0.742882     7A      0.742882  
       8A      0.769538     9A      0.769538    10A      0.886872  
      11A      2.485306    12A      2.488835    13A      3.401622  
      14A      3.401700    15A      3.401700    16A      3.401818  
      17A      3.401818    18A      3.402797    19A      3.402797  
      20A      3.403947    21A      3.403947    22A      3.409156  
      23A      3.759032    24A      3.808267    25A      3.808267  
      26A      3.827977    27A      3.827977    28A      3.936492  

    Final Occupation by Irrep:
              A 
    DOCC [     1 ]
    NA   [     1 ]
    NB   [     1 ]

  @DF-RHF Final Energy:    -0.84731510981659

   => Energetics <=

    Nuclear Repulsion Energy =              0.1909203493306487
    One-Electron Energy =                  -1.3975302338206976
    Two-Electron Energy =                   0.3592947746734588
    Total Energy =                         -0.8473151098165902

Computation Completed


Properties will be evaluated at   0.000000,   0.000000,   0.000000 [a0]

Properties computed using the SCF density matrix


 Multipole Moments:

 ------------------------------------------------------------------------------------
     Multipole            Electronic (a.u.)      Nuclear  (a.u.)        Total (a.u.)
 ------------------------------------------------------------------------------------

 L = 1.  Multiply by 2.5417464519 to convert [e a0] to [Debye]
 Dipole X            :          0.0000000            0.0000000            0.0000000
 Dipole Y            :         -0.0000000            0.0000000           -0.0000000
 Dipole Z            :          0.0000000            0.0000000            0.0000000
 Magnitude           :                                                    0.0000000

 ------------------------------------------------------------------------------------

*** tstop() called on Angelinas-MacBook-Pro-574.local at Thu Feb 12 13:23:00 2026
Module time:
	user time   =       0.05 seconds =       0.00 minutes
	system time =       0.01 seconds =       0.00 minutes
	total time  =          1 seconds =       0.02 minutes
Total time:
	user time   =      60.54 seconds =       1.01 minutes
	system time =      16.29 seconds =       0.27 minutes
	total time  =      61572 seconds =    1026.20 minutes

Scratch directory: /tmp/
   => Libint2 <=

    Primary   basis highest AM E, G, H:  6, 6, 3
    Auxiliary basis highest AM E, G, H:  7, 7, 4
    Onebody   basis highest AM E, G, H:  -, -, -
    Solid Harmonics ordering:            Gaussian

*** tstart() called on Angelinas-MacBook-Pro-574.local
*** at Thu Feb 12 13:23:00 2026

   => Loading Basis Set <=

    Name: CC-PVTZ
    Role: ORBITAL
    Keyword: BASIS
    atoms 1-2 entry H          line    23 file /opt/anaconda3/envs/psi4/share/psi4/basis/cc-pvtz.gbs 


         ---------------------------------------------------------
                                   SCF
               by Justin Turney, Rob Parrish, Andy Simmonett
                          and Daniel G. A. Smith
                              RHF Reference
                        4 Threads,   1907 MiB Core
         ---------------------------------------------------------

  ==> Geometry <==

    Molecular point group: c1
    Full point group: D_inf_h

    Geometry (in Angstrom), charge = 0, multiplicity = 1:

       Center              X                  Y                   Z               Mass       
    ------------   -----------------  -----------------  -----------------  -----------------
         H            0.000000000000     0.000000000000    -1.405050505051     1.007825032230
         H            0.000000000000     0.000000000000     1.405050505051     1.007825032230

  Running in c1 symmetry.

  Rotational constants: A = ************  B =      4.23641  C =      4.23641 [cm^-1]
  Rotational constants: A = ************  B = 127004.23175  C = 127004.23175 [MHz]
  Nuclear repulsion =    0.188312522848059

  Charge       = 0
  Multiplicity = 1
  Electrons    = 2
  Nalpha       = 1
  Nbeta        = 1

  ==> Algorithm <==

  SCF Algorithm Type is DF.
  DIIS enabled.
  MOM disabled.
  Fractional occupation disabled.
  Guess Type is SAD.
  Energy threshold   = 1.00e-10
  Density threshold  = 1.00e-10
  Integral threshold = 1.00e-12

  ==> Primary Basis <==

  Basis Set: CC-PVTZ
    Blend: CC-PVTZ
    Number of shells: 12
    Number of basis functions: 28
    Number of Cartesian functions: 30
    Spherical Harmonics?: true
    Max angular momentum: 2

   => Loading Basis Set <=

    Name: (CC-PVTZ AUX)
    Role: JKFIT
    Keyword: DF_BASIS_SCF
    atoms 1-2 entry H          line    51 file /opt/anaconda3/envs/psi4/share/psi4/basis/cc-pvtz-jkfit.gbs 

  ==> Integral Setup <==

  DFHelper Memory: AOs need 0.001 GiB; user supplied 1.397 GiB. 
  SCF_SUBTYPE=INCORE selected. In-core MEM_DF algorithm will be used.
  Using in-core AOs.

  ==> MemDFJK: Density-Fitted J/K Matrices <==

    J tasked:                   Yes
    K tasked:                   Yes
    wK tasked:                   No
    OpenMP threads:               4
    Memory [MiB]:              1430
    Algorithm:                 Core
    Schwarz Cutoff:           1E-12
    Mask sparsity (%):       0.0000
    Fitting Condition:        1E-10

   => Auxiliary Basis Set <=

  Basis Set: (CC-PVTZ AUX)
    Blend: CC-PVTZ-JKFIT
    Number of shells: 20
    Number of basis functions: 60
    Number of Cartesian functions: 70
    Spherical Harmonics?: true
    Max angular momentum: 3

  Minimum eigenvalue in the overlap matrix is 9.0968899386E-02.
  Reciprocal condition number of the overlap matrix is 3.7380607034E-02.
    Using symmetric orthogonalization.

  ==> Pre-Iterations <==

  SCF Guess: Superposition of Atomic Densities via on-the-fly atomic UHF (no occupation information).

   -------------------------
    Irrep   Nso     Nmo    
   -------------------------
     A         28      28 
   -------------------------
    Total      28      28
   -------------------------

  ==> Iterations <==

                           Total Energy        Delta E     RMS |[F,P]|

   @DF-RHF iter SAD:    -0.83477807098128   -8.34778e-01   0.00000e+00 
   @DF-RHF iter   1:    -0.83971177263958   -4.93370e-03   2.10306e-03 DIIS/ADIIS
   @DF-RHF iter   2:    -0.84434001870134   -4.62825e-03   3.86069e-04 DIIS/ADIIS
   @DF-RHF iter   3:    -0.84451641383613   -1.76395e-04   2.09140e-05 DIIS
   @DF-RHF iter   4:    -0.84451680835566   -3.94520e-07   1.13326e-06 DIIS
   @DF-RHF iter   5:    -0.84451680980138   -1.44572e-09   2.07415e-08 DIIS
   @DF-RHF iter   6:    -0.84451680980179   -4.12004e-13   7.79928e-10 DIIS
   @DF-RHF iter   7:    -0.84451680980179    0.00000e+00   1.39972e-12 DIIS
  Energy and wave function converged.


  ==> Post-Iterations <==

    Orbital Energies [Eh]
    ---------------------

    Doubly Occupied:                                                      

       1A     -0.337659  

    Virtual:                                                              

       2A     -0.110961     3A      0.392175     4A      0.410049  
       5A      0.694497     6A      0.743792     7A      0.743792  
       8A      0.767912     9A      0.767912    10A      0.877592  
      11A      2.484199    12A      2.488806    13A      3.401236  
      14A      3.401236    15A      3.401342    16A      3.401342  
      17A      3.402049    18A      3.402405    19A      3.402405  
      20A      3.403356    21A      3.403356    22A      3.408278  
      23A      3.762703    24A      3.808883    25A      3.808883  
      26A      3.826348    27A      3.826348    28A      3.926090  

    Final Occupation by Irrep:
              A 
    DOCC [     1 ]
    NA   [     1 ]
    NB   [     1 ]

  @DF-RHF Final Energy:    -0.84451680980179

   => Energetics <=

    Nuclear Repulsion Energy =              0.1883125228480589
    One-Electron Energy =                  -1.3903412605481145
    Two-Electron Energy =                   0.3575119278982607
    Total Energy =                         -0.8445168098017949

Computation Completed


Properties will be evaluated at   0.000000,   0.000000,   0.000000 [a0]

Properties computed using the SCF density matrix


 Multipole Moments:

 ------------------------------------------------------------------------------------
     Multipole            Electronic (a.u.)      Nuclear  (a.u.)        Total (a.u.)
 ------------------------------------------------------------------------------------

 L = 1.  Multiply by 2.5417464519 to convert [e a0] to [Debye]
 Dipole X            :         -0.0000000            0.0000000           -0.0000000
 Dipole Y            :         -0.0000000            0.0000000           -0.0000000
 Dipole Z            :         -0.0000000            0.0000000           -0.0000000
 Magnitude           :                                                    0.0000000

 ------------------------------------------------------------------------------------

*** tstop() called on Angelinas-MacBook-Pro-574.local at Thu Feb 12 13:23:00 2026
Module time:
	user time   =       0.05 seconds =       0.00 minutes
	system time =       0.00 seconds =       0.00 minutes
	total time  =          0 seconds =       0.00 minutes
Total time:
	user time   =      60.60 seconds =       1.01 minutes
	system time =      16.29 seconds =       0.27 minutes
	total time  =      61572 seconds =    1026.20 minutes

Scratch directory: /tmp/
   => Libint2 <=

    Primary   basis highest AM E, G, H:  6, 6, 3
    Auxiliary basis highest AM E, G, H:  7, 7, 4
    Onebody   basis highest AM E, G, H:  -, -, -
    Solid Harmonics ordering:            Gaussian

*** tstart() called on Angelinas-MacBook-Pro-574.local
*** at Thu Feb 12 13:23:00 2026

   => Loading Basis Set <=

    Name: CC-PVTZ
    Role: ORBITAL
    Keyword: BASIS
    atoms 1-2 entry H          line    23 file /opt/anaconda3/envs/psi4/share/psi4/basis/cc-pvtz.gbs 


         ---------------------------------------------------------
                                   SCF
               by Justin Turney, Rob Parrish, Andy Simmonett
                          and Daniel G. A. Smith
                              RHF Reference
                        4 Threads,   1907 MiB Core
         ---------------------------------------------------------

  ==> Geometry <==

    Molecular point group: c1
    Full point group: D_inf_h

    Geometry (in Angstrom), charge = 0, multiplicity = 1:

       Center              X                  Y                   Z               Mass       
    ------------   -----------------  -----------------  -----------------  -----------------
         H            0.000000000000     0.000000000000    -1.424242424242     1.007825032230
         H            0.000000000000     0.000000000000     1.424242424242     1.007825032230

  Running in c1 symmetry.

  Rotational constants: A = ************  B =      4.12300  C =      4.12300 [cm^-1]
  Rotational constants: A = ************  B = 123604.48415  C = 123604.48415 [MHz]
  Nuclear repulsion =    0.185774978213936

  Charge       = 0
  Multiplicity = 1
  Electrons    = 2
  Nalpha       = 1
  Nbeta        = 1

  ==> Algorithm <==

  SCF Algorithm Type is DF.
  DIIS enabled.
  MOM disabled.
  Fractional occupation disabled.
  Guess Type is SAD.
  Energy threshold   = 1.00e-10
  Density threshold  = 1.00e-10
  Integral threshold = 1.00e-12

  ==> Primary Basis <==

  Basis Set: CC-PVTZ
    Blend: CC-PVTZ
    Number of shells: 12
    Number of basis functions: 28
    Number of Cartesian functions: 30
    Spherical Harmonics?: true
    Max angular momentum: 2

   => Loading Basis Set <=

    Name: (CC-PVTZ AUX)
    Role: JKFIT
    Keyword: DF_BASIS_SCF
    atoms 1-2 entry H          line    51 file /opt/anaconda3/envs/psi4/share/psi4/basis/cc-pvtz-jkfit.gbs 

  ==> Integral Setup <==

  DFHelper Memory: AOs need 0.001 GiB; user supplied 1.397 GiB. 
  SCF_SUBTYPE=INCORE selected. In-core MEM_DF algorithm will be used.
  Using in-core AOs.

  ==> MemDFJK: Density-Fitted J/K Matrices <==

    J tasked:                   Yes
    K tasked:                   Yes
    wK tasked:                   No
    OpenMP threads:               4
    Memory [MiB]:              1430
    Algorithm:                 Core
    Schwarz Cutoff:           1E-12
    Mask sparsity (%):       0.0000
    Fitting Condition:        1E-10

   => Auxiliary Basis Set <=

  Basis Set: (CC-PVTZ AUX)
    Blend: CC-PVTZ-JKFIT
    Number of shells: 20
    Number of basis functions: 60
    Number of Cartesian functions: 70
    Spherical Harmonics?: true
    Max angular momentum: 3

  Minimum eigenvalue in the overlap matrix is 9.1291237727E-02.
  Reciprocal condition number of the overlap matrix is 3.7664287533E-02.
    Using symmetric orthogonalization.

  ==> Pre-Iterations <==

  SCF Guess: Superposition of Atomic Densities via on-the-fly atomic UHF (no occupation information).

   -------------------------
    Irrep   Nso     Nmo    
   -------------------------
     A         28      28 
   -------------------------
    Total      28      28
   -------------------------

  ==> Iterations <==

                           Total Energy        Delta E     RMS |[F,P]|

   @DF-RHF iter SAD:    -0.83432430792141   -8.34324e-01   0.00000e+00 
   @DF-RHF iter   1:    -0.83710962351204   -2.78532e-03   2.07861e-03 DIIS/ADIIS
   @DF-RHF iter   2:    -0.84162843248658   -4.51881e-03   3.80159e-04 DIIS/ADIIS
   @DF-RHF iter   3:    -0.84179983992782   -1.71407e-04   2.09249e-05 DIIS
   @DF-RHF iter   4:    -0.84180023564036   -3.95713e-07   1.11243e-06 DIIS
   @DF-RHF iter   5:    -0.84180023703653   -1.39617e-09   1.98455e-08 DIIS
   @DF-RHF iter   6:    -0.84180023703690   -3.74922e-13   7.47592e-10 DIIS
   @DF-RHF iter   7:    -0.84180023703690    1.11022e-16   1.24538e-12 DIIS
  Energy and wave function converged.


  ==> Post-Iterations <==

    Orbital Energies [Eh]
    ---------------------

    Doubly Occupied:                                                      

       1A     -0.335890  

    Virtual:                                                              

       2A     -0.113195     3A      0.389926     4A      0.410642  
       5A      0.699594     6A      0.744612     7A      0.744612  
       8A      0.766421     9A      0.766421    10A      0.868730  
      11A      2.483403    12A      2.488389    13A      3.400810  
      14A      3.400810    15A      3.400907    16A      3.400907  
      17A      3.402028    18A      3.402028    19A      3.402298  
      20A      3.402823    21A      3.402823    22A      3.407480  
      23A      3.766559    24A      3.809449    25A      3.809449  
      26A      3.824878    27A      3.824878    28A      3.916366  

    Final Occupation by Irrep:
              A 
    DOCC [     1 ]
    NA   [     1 ]
    NB   [     1 ]

  @DF-RHF Final Energy:    -0.84180023703690

   => Energetics <=

    Nuclear Repulsion Energy =              0.1857749782139362
    One-Electron Energy =                  -1.3833712935100684
    Two-Electron Energy =                   0.3557960782592287
    Total Energy =                         -0.8418002370369035

Computation Completed


Properties will be evaluated at   0.000000,   0.000000,   0.000000 [a0]

Properties computed using the SCF density matrix


 Multipole Moments:

 ------------------------------------------------------------------------------------
     Multipole            Electronic (a.u.)      Nuclear  (a.u.)        Total (a.u.)
 ------------------------------------------------------------------------------------

 L = 1.  Multiply by 2.5417464519 to convert [e a0] to [Debye]
 Dipole X            :         -0.0000000            0.0000000           -0.0000000
 Dipole Y            :         -0.0000000            0.0000000           -0.0000000
 Dipole Z            :          0.0000000            0.0000000            0.0000000
 Magnitude           :                                                    0.0000000

 ------------------------------------------------------------------------------------

*** tstop() called on Angelinas-MacBook-Pro-574.local at Thu Feb 12 13:23:00 2026
Module time:
	user time   =       0.05 seconds =       0.00 minutes
	system time =       0.01 seconds =       0.00 minutes
	total time  =          0 seconds =       0.00 minutes
Total time:
	user time   =      60.67 seconds =       1.01 minutes
	system time =      16.30 seconds =       0.27 minutes
	total time  =      61572 seconds =    1026.20 minutes

Scratch directory: /tmp/
   => Libint2 <=

    Primary   basis highest AM E, G, H:  6, 6, 3
    Auxiliary basis highest AM E, G, H:  7, 7, 4
    Onebody   basis highest AM E, G, H:  -, -, -
    Solid Harmonics ordering:            Gaussian

*** tstart() called on Angelinas-MacBook-Pro-574.local
*** at Thu Feb 12 13:23:00 2026

   => Loading Basis Set <=

    Name: CC-PVTZ
    Role: ORBITAL
    Keyword: BASIS
    atoms 1-2 entry H          line    23 file /opt/anaconda3/envs/psi4/share/psi4/basis/cc-pvtz.gbs 


         ---------------------------------------------------------
                                   SCF
               by Justin Turney, Rob Parrish, Andy Simmonett
                          and Daniel G. A. Smith
                              RHF Reference
                        4 Threads,   1907 MiB Core
         ---------------------------------------------------------

  ==> Geometry <==

    Molecular point group: c1
    Full point group: D_inf_h

    Geometry (in Angstrom), charge = 0, multiplicity = 1:

       Center              X                  Y                   Z               Mass       
    ------------   -----------------  -----------------  -----------------  -----------------
         H            0.000000000000     0.000000000000    -1.443434343434     1.007825032230
         H            0.000000000000     0.000000000000     1.443434343434     1.007825032230

  Running in c1 symmetry.

  Rotational constants: A = ************  B =      4.01409  C =      4.01409 [cm^-1]
  Rotational constants: A = ************  B = 120339.44222  C = 120339.44222 [MHz]
  Nuclear repulsion =    0.183304912023548

  Charge       = 0
  Multiplicity = 1
  Electrons    = 2
  Nalpha       = 1
  Nbeta        = 1

  ==> Algorithm <==

  SCF Algorithm Type is DF.
  DIIS enabled.
  MOM disabled.
  Fractional occupation disabled.
  Guess Type is SAD.
  Energy threshold   = 1.00e-10
  Density threshold  = 1.00e-10
  Integral threshold = 1.00e-12

  ==> Primary Basis <==

  Basis Set: CC-PVTZ
    Blend: CC-PVTZ
    Number of shells: 12
    Number of basis functions: 28
    Number of Cartesian functions: 30
    Spherical Harmonics?: true
    Max angular momentum: 2

   => Loading Basis Set <=

    Name: (CC-PVTZ AUX)
    Role: JKFIT
    Keyword: DF_BASIS_SCF
    atoms 1-2 entry H          line    51 file /opt/anaconda3/envs/psi4/share/psi4/basis/cc-pvtz-jkfit.gbs 

  ==> Integral Setup <==

  DFHelper Memory: AOs need 0.001 GiB; user supplied 1.397 GiB. 
  SCF_SUBTYPE=INCORE selected. In-core MEM_DF algorithm will be used.
  Using in-core AOs.

  ==> MemDFJK: Density-Fitted J/K Matrices <==

    J tasked:                   Yes
    K tasked:                   Yes
    wK tasked:                   No
    OpenMP threads:               4
    Memory [MiB]:              1430
    Algorithm:                 Core
    Schwarz Cutoff:           1E-12
    Mask sparsity (%):       0.0000
    Fitting Condition:        1E-10

   => Auxiliary Basis Set <=

  Basis Set: (CC-PVTZ AUX)
    Blend: CC-PVTZ-JKFIT
    Number of shells: 20
    Number of basis functions: 60
    Number of Cartesian functions: 70
    Spherical Harmonics?: true
    Max angular momentum: 3

  Minimum eigenvalue in the overlap matrix is 9.1611784601E-02.
  Reciprocal condition number of the overlap matrix is 3.7941474277E-02.
    Using symmetric orthogonalization.

  ==> Pre-Iterations <==

  SCF Guess: Superposition of Atomic Densities via on-the-fly atomic UHF (no occupation information).

   -------------------------
    Irrep   Nso     Nmo    
   -------------------------
     A         28      28 
   -------------------------
    Total      28      28
   -------------------------

  ==> Iterations <==

                           Total Energy        Delta E     RMS |[F,P]|

   @DF-RHF iter SAD:    -0.83393486033457   -8.33935e-01   0.00000e+00 
   @DF-RHF iter   1:    -0.83457961806345   -6.44758e-04   2.05484e-03 DIIS/ADIIS
   @DF-RHF iter   2:    -0.83899579198745   -4.41617e-03   3.74498e-04 DIIS/ADIIS
   @DF-RHF iter   3:    -0.83916257747409   -1.66785e-04   2.09376e-05 DIIS
   @DF-RHF iter   4:    -0.83916297436715   -3.96893e-07   1.09111e-06 DIIS
   @DF-RHF iter   5:    -0.83916297571260   -1.34545e-09   1.90522e-08 DIIS
   @DF-RHF iter   6:    -0.83916297571295   -3.45945e-13   7.16955e-10 DIIS
   @DF-RHF iter   7:    -0.83916297571295    8.88178e-16   1.10959e-12 DIIS
  Energy and wave function converged.


  ==> Post-Iterations <==

    Orbital Energies [Eh]
    ---------------------

    Doubly Occupied:                                                      

       1A     -0.334162  

    Virtual:                                                              

       2A     -0.115355     3A      0.387716     4A      0.411278  
       5A      0.704440     6A      0.745348     7A      0.745348  
       8A      0.765058     9A      0.765058    10A      0.860287  
      11A      2.482891    12A      2.487624    13A      3.400423  
      14A      3.400423    15A      3.400511    16A      3.400511  
      17A      3.401669    18A      3.401669    19A      3.402341  
      20A      3.402341    21A      3.402406    22A      3.406748  
      23A      3.770494    24A      3.809966    25A      3.809966  
      26A      3.823555    27A      3.823555    28A      3.907295  

    Final Occupation by Irrep:
              A 
    DOCC [     1 ]
    NA   [     1 ]
    NB   [     1 ]

  @DF-RHF Final Energy:    -0.83916297571295

   => Energetics <=

    Nuclear Repulsion Energy =              0.1833049120235479
    One-Electron Energy =                  -1.3766127229117870
    Two-Electron Energy =                   0.3541448351752918
    Total Energy =                         -0.8391629757129473

Computation Completed


Properties will be evaluated at   0.000000,   0.000000,   0.000000 [a0]

Properties computed using the SCF density matrix


 Multipole Moments:

 ------------------------------------------------------------------------------------
     Multipole            Electronic (a.u.)      Nuclear  (a.u.)        Total (a.u.)
 ------------------------------------------------------------------------------------

 L = 1.  Multiply by 2.5417464519 to convert [e a0] to [Debye]
 Dipole X            :         -0.0000000            0.0000000           -0.0000000
 Dipole Y            :         -0.0000000            0.0000000           -0.0000000
 Dipole Z            :          0.0000000            0.0000000            0.0000000
 Magnitude           :                                                    0.0000000

 ------------------------------------------------------------------------------------

*** tstop() called on Angelinas-MacBook-Pro-574.local at Thu Feb 12 13:23:00 2026
Module time:
	user time   =       0.05 seconds =       0.00 minutes
	system time =       0.00 seconds =       0.00 minutes
	total time  =          0 seconds =       0.00 minutes
Total time:
	user time   =      60.73 seconds =       1.01 minutes
	system time =      16.30 seconds =       0.27 minutes
	total time  =      61572 seconds =    1026.20 minutes

Scratch directory: /tmp/
   => Libint2 <=

    Primary   basis highest AM E, G, H:  6, 6, 3
    Auxiliary basis highest AM E, G, H:  7, 7, 4
    Onebody   basis highest AM E, G, H:  -, -, -
    Solid Harmonics ordering:            Gaussian

*** tstart() called on Angelinas-MacBook-Pro-574.local
*** at Thu Feb 12 13:23:00 2026

   => Loading Basis Set <=

    Name: CC-PVTZ
    Role: ORBITAL
    Keyword: BASIS
    atoms 1-2 entry H          line    23 file /opt/anaconda3/envs/psi4/share/psi4/basis/cc-pvtz.gbs 


         ---------------------------------------------------------
                                   SCF
               by Justin Turney, Rob Parrish, Andy Simmonett
                          and Daniel G. A. Smith
                              RHF Reference
                        4 Threads,   1907 MiB Core
         ---------------------------------------------------------

  ==> Geometry <==

    Molecular point group: c1
    Full point group: D_inf_h

    Geometry (in Angstrom), charge = 0, multiplicity = 1:

       Center              X                  Y                   Z               Mass       
    ------------   -----------------  -----------------  -----------------  -----------------
         H            0.000000000000     0.000000000000    -1.462626262626     1.007825032230
         H            0.000000000000     0.000000000000     1.462626262626     1.007825032230

  Running in c1 symmetry.

  Rotational constants: A = ************  B =      3.90944  C =      3.90944 [cm^-1]
  Rotational constants: A = ************  B = 117202.08238  C = 117202.08238 [MHz]
  Nuclear repulsion =    0.180899668012189

  Charge       = 0
  Multiplicity = 1
  Electrons    = 2
  Nalpha       = 1
  Nbeta        = 1

  ==> Algorithm <==

  SCF Algorithm Type is DF.
  DIIS enabled.
  MOM disabled.
  Fractional occupation disabled.
  Guess Type is SAD.
  Energy threshold   = 1.00e-10
  Density threshold  = 1.00e-10
  Integral threshold = 1.00e-12

  ==> Primary Basis <==

  Basis Set: CC-PVTZ
    Blend: CC-PVTZ
    Number of shells: 12
    Number of basis functions: 28
    Number of Cartesian functions: 30
    Spherical Harmonics?: true
    Max angular momentum: 2

   => Loading Basis Set <=

    Name: (CC-PVTZ AUX)
    Role: JKFIT
    Keyword: DF_BASIS_SCF
    atoms 1-2 entry H          line    51 file /opt/anaconda3/envs/psi4/share/psi4/basis/cc-pvtz-jkfit.gbs 

  ==> Integral Setup <==

  DFHelper Memory: AOs need 0.001 GiB; user supplied 1.397 GiB. 
  SCF_SUBTYPE=INCORE selected. In-core MEM_DF algorithm will be used.
  Using in-core AOs.

  ==> MemDFJK: Density-Fitted J/K Matrices <==

    J tasked:                   Yes
    K tasked:                   Yes
    wK tasked:                   No
    OpenMP threads:               4
    Memory [MiB]:              1430
    Algorithm:                 Core
    Schwarz Cutoff:           1E-12
    Mask sparsity (%):       0.0000
    Fitting Condition:        1E-10

   => Auxiliary Basis Set <=

  Basis Set: (CC-PVTZ AUX)
    Blend: CC-PVTZ-JKFIT
    Number of shells: 20
    Number of basis functions: 60
    Number of Cartesian functions: 70
    Spherical Harmonics?: true
    Max angular momentum: 3

  Minimum eigenvalue in the overlap matrix is 9.1931078654E-02.
  Reciprocal condition number of the overlap matrix is 3.8212532724E-02.
    Using symmetric orthogonalization.

  ==> Pre-Iterations <==

  SCF Guess: Superposition of Atomic Densities via on-the-fly atomic UHF (no occupation information).

   -------------------------
    Irrep   Nso     Nmo    
   -------------------------
     A         28      28 
   -------------------------
    Total      28      28
   -------------------------

  ==> Iterations <==

                           Total Energy        Delta E     RMS |[F,P]|

   @DF-RHF iter SAD:    -0.83360446552467   -8.33604e-01   0.00000e+00 
   @DF-RHF iter   1:    -0.83211967744379    1.48479e-03   2.03180e-03 DIIS/ADIIS
   @DF-RHF iter   2:    -0.83643977039051   -4.32009e-03   3.69083e-04 DIIS/ADIIS
   @DF-RHF iter   3:    -0.83660227428056   -1.62504e-04   2.09513e-05 DIIS
   @DF-RHF iter   4:    -0.83660267231318   -3.98033e-07   1.06935e-06 DIIS
   @DF-RHF iter   5:    -0.83660267360700   -1.29382e-09   1.83481e-08 DIIS
   @DF-RHF iter   6:    -0.83660267360732   -3.17635e-13   6.88096e-10 DIIS
   @DF-RHF iter   7:    -0.83660267360732   -1.11022e-15   9.90650e-13 DIIS
  Energy and wave function converged.


  ==> Post-Iterations <==

    Orbital Energies [Eh]
    ---------------------

    Doubly Occupied:                                                      

       1A     -0.332473  

    Virtual:                                                              

       2A     -0.117443     3A      0.385561     4A      0.411951  
       5A      0.709013     6A      0.746008     7A      0.746008  
       8A      0.763814     9A      0.763814    10A      0.852264  
      11A      2.482639    12A      2.486553    13A      3.400072  
      14A      3.400072    15A      3.400152    16A      3.400152  
      17A      3.401331    18A      3.401331    19A      3.401907  
      20A      3.401907    21A      3.402404    22A      3.406071  
      23A      3.774420    24A      3.810437    25A      3.810437  
      26A      3.822371    27A      3.822371    28A      3.898854  

    Final Occupation by Irrep:
              A 
    DOCC [     1 ]
    NA   [     1 ]
    NB   [     1 ]

  @DF-RHF Final Energy:    -0.83660267360732

   => Energetics <=

    Nuclear Repulsion Energy =              0.1808996680121892
    One-Electron Energy =                  -1.3700582258384879
    Two-Electron Energy =                   0.3525558842189794
    Total Energy =                         -0.8366026736073193

Computation Completed


Properties will be evaluated at   0.000000,   0.000000,   0.000000 [a0]

Properties computed using the SCF density matrix


 Multipole Moments:

 ------------------------------------------------------------------------------------
     Multipole            Electronic (a.u.)      Nuclear  (a.u.)        Total (a.u.)
 ------------------------------------------------------------------------------------

 L = 1.  Multiply by 2.5417464519 to convert [e a0] to [Debye]
 Dipole X            :         -0.0000000            0.0000000           -0.0000000
 Dipole Y            :         -0.0000000            0.0000000           -0.0000000
 Dipole Z            :          0.0000000            0.0000000            0.0000000
 Magnitude           :                                                    0.0000000

 ------------------------------------------------------------------------------------

*** tstop() called on Angelinas-MacBook-Pro-574.local at Thu Feb 12 13:23:00 2026
Module time:
	user time   =       0.05 seconds =       0.00 minutes
	system time =       0.01 seconds =       0.00 minutes
	total time  =          0 seconds =       0.00 minutes
Total time:
	user time   =      60.80 seconds =       1.01 minutes
	system time =      16.31 seconds =       0.27 minutes
	total time  =      61572 seconds =    1026.20 minutes

Scratch directory: /tmp/
   => Libint2 <=

    Primary   basis highest AM E, G, H:  6, 6, 3
    Auxiliary basis highest AM E, G, H:  7, 7, 4
    Onebody   basis highest AM E, G, H:  -, -, -
    Solid Harmonics ordering:            Gaussian

*** tstart() called on Angelinas-MacBook-Pro-574.local
*** at Thu Feb 12 13:23:00 2026

   => Loading Basis Set <=

    Name: CC-PVTZ
    Role: ORBITAL
    Keyword: BASIS
    atoms 1-2 entry H          line    23 file /opt/anaconda3/envs/psi4/share/psi4/basis/cc-pvtz.gbs 


         ---------------------------------------------------------
                                   SCF
               by Justin Turney, Rob Parrish, Andy Simmonett
                          and Daniel G. A. Smith
                              RHF Reference
                        4 Threads,   1907 MiB Core
         ---------------------------------------------------------

  ==> Geometry <==

    Molecular point group: c1
    Full point group: D_inf_h

    Geometry (in Angstrom), charge = 0, multiplicity = 1:

       Center              X                  Y                   Z               Mass       
    ------------   -----------------  -----------------  -----------------  -----------------
         H            0.000000000000     0.000000000000    -1.481818181818     1.007825032230
         H            0.000000000000     0.000000000000     1.481818181818     1.007825032230

  Running in c1 symmetry.

  Rotational constants: A = ************  B =      3.80883  C =      3.80883 [cm^-1]
  Rotational constants: A = ************  B = 114185.83289  C = 114185.83289 [MHz]
  Nuclear repulsion =    0.178556727526687

  Charge       = 0
  Multiplicity = 1
  Electrons    = 2
  Nalpha       = 1
  Nbeta        = 1

  ==> Algorithm <==

  SCF Algorithm Type is DF.
  DIIS enabled.
  MOM disabled.
  Fractional occupation disabled.
  Guess Type is SAD.
  Energy threshold   = 1.00e-10
  Density threshold  = 1.00e-10
  Integral threshold = 1.00e-12

  ==> Primary Basis <==

  Basis Set: CC-PVTZ
    Blend: CC-PVTZ
    Number of shells: 12
    Number of basis functions: 28
    Number of Cartesian functions: 30
    Spherical Harmonics?: true
    Max angular momentum: 2

   => Loading Basis Set <=

    Name: (CC-PVTZ AUX)
    Role: JKFIT
    Keyword: DF_BASIS_SCF
    atoms 1-2 entry H          line    51 file /opt/anaconda3/envs/psi4/share/psi4/basis/cc-pvtz-jkfit.gbs 

  ==> Integral Setup <==

  DFHelper Memory: AOs need 0.001 GiB; user supplied 1.397 GiB. 
  SCF_SUBTYPE=INCORE selected. In-core MEM_DF algorithm will be used.
  Using in-core AOs.

  ==> MemDFJK: Density-Fitted J/K Matrices <==

    J tasked:                   Yes
    K tasked:                   Yes
    wK tasked:                   No
    OpenMP threads:               4
    Memory [MiB]:              1430
    Algorithm:                 Core
    Schwarz Cutoff:           1E-12
    Mask sparsity (%):       0.0000
    Fitting Condition:        1E-10

   => Auxiliary Basis Set <=

  Basis Set: (CC-PVTZ AUX)
    Blend: CC-PVTZ-JKFIT
    Number of shells: 20
    Number of basis functions: 60
    Number of Cartesian functions: 70
    Spherical Harmonics?: true
    Max angular momentum: 3

  Minimum eigenvalue in the overlap matrix is 9.2249632126E-02.
  Reciprocal condition number of the overlap matrix is 3.8477823115E-02.
    Using symmetric orthogonalization.

  ==> Pre-Iterations <==

  SCF Guess: Superposition of Atomic Densities via on-the-fly atomic UHF (no occupation information).

   -------------------------
    Irrep   Nso     Nmo    
   -------------------------
     A         28      28 
   -------------------------
    Total      28      28
   -------------------------

  ==> Iterations <==

                           Total Energy        Delta E     RMS |[F,P]|

   @DF-RHF iter SAD:    -0.83332819756042   -8.33328e-01   0.00000e+00 
   @DF-RHF iter   1:    -0.82972779742586    3.60040e-03   2.00949e-03 DIIS/ADIIS
   @DF-RHF iter   2:    -0.83395810359237   -4.23031e-03   3.63905e-04 DIIS/ADIIS
   @DF-RHF iter   3:    -0.83411664154724   -1.58538e-04   2.09653e-05 DIIS
   @DF-RHF iter   4:    -0.83411704065399   -3.99107e-07   1.04717e-06 DIIS
   @DF-RHF iter   5:    -0.83411704189551   -1.24152e-09   1.77208e-08 DIIS
   @DF-RHF iter   6:    -0.83411704189581   -2.96874e-13   6.61022e-10 DIIS
   @DF-RHF iter   7:    -0.83411704189581   -6.66134e-16   8.86865e-13 DIIS
  Energy and wave function converged.


  ==> Post-Iterations <==

    Orbital Energies [Eh]
    ---------------------

    Doubly Occupied:                                                      

       1A     -0.330823  

    Virtual:                                                              

       2A     -0.119462     3A      0.383471     4A      0.412654  
       5A      0.713297     6A      0.746596     7A      0.746596  
       8A      0.762682     9A      0.762682    10A      0.844659  
      11A      2.482619    12A      2.485218    13A      3.399756  
      14A      3.399756    15A      3.399830    16A      3.399830  
      17A      3.401016    18A      3.401016    19A      3.401516  
      20A      3.401516    21A      3.402319    22A      3.405442  
      23A      3.778263    24A      3.810864    25A      3.810864  
      26A      3.821315    27A      3.821315    28A      3.891019  

    Final Occupation by Irrep:
              A 
    DOCC [     1 ]
    NA   [     1 ]
    NB   [     1 ]

  @DF-RHF Final Energy:    -0.83411704189581

   => Energetics <=

    Nuclear Repulsion Energy =              0.1785567275266872
    One-Electron Energy =                  -1.3637007556536245
    Two-Electron Energy =                   0.3510269862311282
    Total Energy =                         -0.8341170418958090

Computation Completed


Properties will be evaluated at   0.000000,   0.000000,   0.000000 [a0]

Properties computed using the SCF density matrix


 Multipole Moments:

 ------------------------------------------------------------------------------------
     Multipole            Electronic (a.u.)      Nuclear  (a.u.)        Total (a.u.)
 ------------------------------------------------------------------------------------

 L = 1.  Multiply by 2.5417464519 to convert [e a0] to [Debye]
 Dipole X            :         -0.0000000            0.0000000           -0.0000000
 Dipole Y            :          0.0000000            0.0000000            0.0000000
 Dipole Z            :         -0.0000000            0.0000000           -0.0000000
 Magnitude           :                                                    0.0000000

 ------------------------------------------------------------------------------------

*** tstop() called on Angelinas-MacBook-Pro-574.local at Thu Feb 12 13:23:00 2026
Module time:
	user time   =       0.05 seconds =       0.00 minutes
	system time =       0.00 seconds =       0.00 minutes
	total time  =          0 seconds =       0.00 minutes
Total time:
	user time   =      60.86 seconds =       1.01 minutes
	system time =      16.31 seconds =       0.27 minutes
	total time  =      61572 seconds =    1026.20 minutes

Scratch directory: /tmp/
   => Libint2 <=

    Primary   basis highest AM E, G, H:  6, 6, 3
    Auxiliary basis highest AM E, G, H:  7, 7, 4
    Onebody   basis highest AM E, G, H:  -, -, -
    Solid Harmonics ordering:            Gaussian

*** tstart() called on Angelinas-MacBook-Pro-574.local
*** at Thu Feb 12 13:23:00 2026

   => Loading Basis Set <=

    Name: CC-PVTZ
    Role: ORBITAL
    Keyword: BASIS
    atoms 1-2 entry H          line    23 file /opt/anaconda3/envs/psi4/share/psi4/basis/cc-pvtz.gbs 


         ---------------------------------------------------------
                                   SCF
               by Justin Turney, Rob Parrish, Andy Simmonett
                          and Daniel G. A. Smith
                              RHF Reference
                        4 Threads,   1907 MiB Core
         ---------------------------------------------------------

  ==> Geometry <==

    Molecular point group: c1
    Full point group: D_inf_h

    Geometry (in Angstrom), charge = 0, multiplicity = 1:

       Center              X                  Y                   Z               Mass       
    ------------   -----------------  -----------------  -----------------  -----------------
         H            0.000000000000     0.000000000000    -1.501010101010     1.007825032230
         H            0.000000000000     0.000000000000     1.501010101010     1.007825032230

  Running in c1 symmetry.

  Rotational constants: A = ************  B =      3.71205  C =      3.71205 [cm^-1]
  Rotational constants: A = ************  B = 111284.53947  C = 111284.53947 [MHz]
  Nuclear repulsion =    0.176273700727894

  Charge       = 0
  Multiplicity = 1
  Electrons    = 2
  Nalpha       = 1
  Nbeta        = 1

  ==> Algorithm <==

  SCF Algorithm Type is DF.
  DIIS enabled.
  MOM disabled.
  Fractional occupation disabled.
  Guess Type is SAD.
  Energy threshold   = 1.00e-10
  Density threshold  = 1.00e-10
  Integral threshold = 1.00e-12

  ==> Primary Basis <==

  Basis Set: CC-PVTZ
    Blend: CC-PVTZ
    Number of shells: 12
    Number of basis functions: 28
    Number of Cartesian functions: 30
    Spherical Harmonics?: true
    Max angular momentum: 2

   => Loading Basis Set <=

    Name: (CC-PVTZ AUX)
    Role: JKFIT
    Keyword: DF_BASIS_SCF
    atoms 1-2 entry H          line    51 file /opt/anaconda3/envs/psi4/share/psi4/basis/cc-pvtz-jkfit.gbs 

  ==> Integral Setup <==

  DFHelper Memory: AOs need 0.001 GiB; user supplied 1.397 GiB. 
  SCF_SUBTYPE=INCORE selected. In-core MEM_DF algorithm will be used.
  Using in-core AOs.

  ==> MemDFJK: Density-Fitted J/K Matrices <==

    J tasked:                   Yes
    K tasked:                   Yes
    wK tasked:                   No
    OpenMP threads:               4
    Memory [MiB]:              1430
    Algorithm:                 Core
    Schwarz Cutoff:           1E-12
    Mask sparsity (%):       0.0000
    Fitting Condition:        1E-10

   => Auxiliary Basis Set <=

  Basis Set: (CC-PVTZ AUX)
    Blend: CC-PVTZ-JKFIT
    Number of shells: 20
    Number of basis functions: 60
    Number of Cartesian functions: 70
    Spherical Harmonics?: true
    Max angular momentum: 3

  Minimum eigenvalue in the overlap matrix is 9.2567925824E-02.
  Reciprocal condition number of the overlap matrix is 3.8737697297E-02.
    Using symmetric orthogonalization.

  ==> Pre-Iterations <==

  SCF Guess: Superposition of Atomic Densities via on-the-fly atomic UHF (no occupation information).

   -------------------------
    Irrep   Nso     Nmo    
   -------------------------
     A         28      28 
   -------------------------
    Total      28      28
   -------------------------

  ==> Iterations <==

                           Total Energy        Delta E     RMS |[F,P]|

   @DF-RHF iter SAD:    -0.83310145235579   -8.33101e-01   0.00000e+00 
   @DF-RHF iter   1:    -0.82740204352528    5.69941e-03   1.98794e-03 DIIS/ADIIS
   @DF-RHF iter   2:    -0.83154858950582   -4.14655e-03   3.58957e-04 DIIS/ADIIS
   @DF-RHF iter   3:    -0.83170345341970   -1.54864e-04   2.09790e-05 DIIS
   @DF-RHF iter   4:    -0.83170385351311   -4.00093e-07   1.02464e-06 DIIS
   @DF-RHF iter   5:    -0.83170385470190   -1.18879e-09   1.71598e-08 DIIS
   @DF-RHF iter   6:    -0.83170385470218   -2.77001e-13   6.35685e-10 DIIS
   @DF-RHF iter   7:    -0.83170385470218   -1.55431e-15   7.96712e-13 DIIS
  Energy and wave function converged.


  ==> Post-Iterations <==

    Orbital Energies [Eh]
    ---------------------

    Doubly Occupied:                                                      

       1A     -0.329211  

    Virtual:                                                              

       2A     -0.121415     3A      0.381455     4A      0.413380  
       5A      0.717284     6A      0.747121     7A      0.747121  
       8A      0.761653     9A      0.761653    10A      0.837468  
      11A      2.482805    12A      2.483660    13A      3.399474  
      14A      3.399474    15A      3.399542    16A      3.399542  
      17A      3.400726    18A      3.400726    19A      3.401164  
      20A      3.401164    21A      3.402176    22A      3.404855  
      23A      3.781967    24A      3.811252    25A      3.811252  
      26A      3.820379    27A      3.820379    28A      3.883764  

    Final Occupation by Irrep:
              A 
    DOCC [     1 ]
    NA   [     1 ]
    NB   [     1 ]

  @DF-RHF Final Energy:    -0.83170385470218

   => Energetics <=

    Nuclear Repulsion Energy =              0.1762737007278937
    One-Electron Energy =                  -1.3575335307249552
    Two-Electron Energy =                   0.3495559752948791
    Total Energy =                         -0.8317038547021824

Computation Completed


Properties will be evaluated at   0.000000,   0.000000,   0.000000 [a0]

Properties computed using the SCF density matrix


 Multipole Moments:

 ------------------------------------------------------------------------------------
     Multipole            Electronic (a.u.)      Nuclear  (a.u.)        Total (a.u.)
 ------------------------------------------------------------------------------------

 L = 1.  Multiply by 2.5417464519 to convert [e a0] to [Debye]
 Dipole X            :          0.0000000            0.0000000            0.0000000
 Dipole Y            :          0.0000000            0.0000000            0.0000000
 Dipole Z            :          0.0000000            0.0000000            0.0000000
 Magnitude           :                                                    0.0000000

 ------------------------------------------------------------------------------------

*** tstop() called on Angelinas-MacBook-Pro-574.local at Thu Feb 12 13:23:00 2026
Module time:
	user time   =       0.05 seconds =       0.00 minutes
	system time =       0.01 seconds =       0.00 minutes
	total time  =          0 seconds =       0.00 minutes
Total time:
	user time   =      60.93 seconds =       1.02 minutes
	system time =      16.32 seconds =       0.27 minutes
	total time  =      61572 seconds =    1026.20 minutes

Scratch directory: /tmp/
   => Libint2 <=

    Primary   basis highest AM E, G, H:  6, 6, 3
    Auxiliary basis highest AM E, G, H:  7, 7, 4
    Onebody   basis highest AM E, G, H:  -, -, -
    Solid Harmonics ordering:            Gaussian

*** tstart() called on Angelinas-MacBook-Pro-574.local
*** at Thu Feb 12 13:23:00 2026

   => Loading Basis Set <=

    Name: CC-PVTZ
    Role: ORBITAL
    Keyword: BASIS
    atoms 1-2 entry H          line    23 file /opt/anaconda3/envs/psi4/share/psi4/basis/cc-pvtz.gbs 


         ---------------------------------------------------------
                                   SCF
               by Justin Turney, Rob Parrish, Andy Simmonett
                          and Daniel G. A. Smith
                              RHF Reference
                        4 Threads,   1907 MiB Core
         ---------------------------------------------------------

  ==> Geometry <==

    Molecular point group: c1
    Full point group: D_inf_h

    Geometry (in Angstrom), charge = 0, multiplicity = 1:

       Center              X                  Y                   Z               Mass       
    ------------   -----------------  -----------------  -----------------  -----------------
         H            0.000000000000     0.000000000000    -1.520202020202     1.007825032230
         H            0.000000000000     0.000000000000     1.520202020202     1.007825032230

  Running in c1 symmetry.

  Rotational constants: A = ************  B =      3.61892  C =      3.61892 [cm^-1]
  Rotational constants: A = ************  B = 108492.43383  C = 108492.43383 [MHz]
  Nuclear repulsion =    0.174048318459568

  Charge       = 0
  Multiplicity = 1
  Electrons    = 2
  Nalpha       = 1
  Nbeta        = 1

  ==> Algorithm <==

  SCF Algorithm Type is DF.
  DIIS enabled.
  MOM disabled.
  Fractional occupation disabled.
  Guess Type is SAD.
  Energy threshold   = 1.00e-10
  Density threshold  = 1.00e-10
  Integral threshold = 1.00e-12

  ==> Primary Basis <==

  Basis Set: CC-PVTZ
    Blend: CC-PVTZ
    Number of shells: 12
    Number of basis functions: 28
    Number of Cartesian functions: 30
    Spherical Harmonics?: true
    Max angular momentum: 2

   => Loading Basis Set <=

    Name: (CC-PVTZ AUX)
    Role: JKFIT
    Keyword: DF_BASIS_SCF
    atoms 1-2 entry H          line    51 file /opt/anaconda3/envs/psi4/share/psi4/basis/cc-pvtz-jkfit.gbs 

  ==> Integral Setup <==

  DFHelper Memory: AOs need 0.001 GiB; user supplied 1.397 GiB. 
  SCF_SUBTYPE=INCORE selected. In-core MEM_DF algorithm will be used.
  Using in-core AOs.

  ==> MemDFJK: Density-Fitted J/K Matrices <==

    J tasked:                   Yes
    K tasked:                   Yes
    wK tasked:                   No
    OpenMP threads:               4
    Memory [MiB]:              1430
    Algorithm:                 Core
    Schwarz Cutoff:           1E-12
    Mask sparsity (%):       0.0000
    Fitting Condition:        1E-10

   => Auxiliary Basis Set <=

  Basis Set: (CC-PVTZ AUX)
    Blend: CC-PVTZ-JKFIT
    Number of shells: 20
    Number of basis functions: 60
    Number of Cartesian functions: 70
    Spherical Harmonics?: true
    Max angular momentum: 3

  Minimum eigenvalue in the overlap matrix is 9.2886403953E-02.
  Reciprocal condition number of the overlap matrix is 3.8992495521E-02.
    Using symmetric orthogonalization.

  ==> Pre-Iterations <==

  SCF Guess: Superposition of Atomic Densities via on-the-fly atomic UHF (no occupation information).

   -------------------------
    Irrep   Nso     Nmo    
   -------------------------
     A         28      28 
   -------------------------
    Total      28      28
   -------------------------

  ==> Iterations <==

                           Total Energy        Delta E     RMS |[F,P]|

   @DF-RHF iter SAD:    -0.83291993275491   -8.32920e-01   0.00000e+00 
   @DF-RHF iter   1:    -0.82514054658343    7.77939e-03   1.96716e-03 DIIS/ADIIS
   @DF-RHF iter   2:    -0.82920908724493   -4.06854e-03   3.54231e-04 DIIS/ADIIS
   @DF-RHF iter   3:    -0.82936054633820   -1.51459e-04   2.09916e-05 DIIS
   @DF-RHF iter   4:    -0.82936094731004   -4.00972e-07   1.00177e-06 DIIS
   @DF-RHF iter   5:    -0.82936094844593   -1.13589e-09   1.66554e-08 DIIS
   @DF-RHF iter   6:    -0.82936094844619   -2.63456e-13   6.11999e-10 DIIS
   @DF-RHF iter   7:    -0.82936094844619   -4.44089e-16   7.18755e-13 DIIS
  Energy and wave function converged.


  ==> Post-Iterations <==

    Orbital Energies [Eh]
    ---------------------

    Doubly Occupied:                                                      

       1A     -0.327634  

    Virtual:                                                              

       2A     -0.123303     3A      0.379522     4A      0.414122  
       5A      0.720972     6A      0.747587     7A      0.747587  
       8A      0.760720     9A      0.760720    10A      0.830685  
      11A      2.481920    12A      2.483171    13A      3.399224  
      14A      3.399224    15A      3.399288    16A      3.399288  
      17A      3.400462    18A      3.400462    19A      3.400850  
      20A      3.400850    21A      3.401992    22A      3.404307  
      23A      3.785490    24A      3.811604    25A      3.811604  
      26A      3.819553    27A      3.819553    28A      3.877063  

    Final Occupation by Irrep:
              A 
    DOCC [     1 ]
    NA   [     1 ]
    NB   [     1 ]

  @DF-RHF Final Energy:    -0.82936094844619

   => Energetics <=

    Nuclear Repulsion Energy =              0.1740483184595681
    One-Electron Energy =                  -1.3515500227564301
    Two-Electron Energy =                   0.3481407558506715
    Total Energy =                         -0.8293609484461906

Computation Completed


Properties will be evaluated at   0.000000,   0.000000,   0.000000 [a0]

Properties computed using the SCF density matrix


 Multipole Moments:

 ------------------------------------------------------------------------------------
     Multipole            Electronic (a.u.)      Nuclear  (a.u.)        Total (a.u.)
 ------------------------------------------------------------------------------------

 L = 1.  Multiply by 2.5417464519 to convert [e a0] to [Debye]
 Dipole X            :          0.0000000            0.0000000            0.0000000
 Dipole Y            :          0.0000000            0.0000000            0.0000000
 Dipole Z            :         -0.0000000            0.0000000           -0.0000000
 Magnitude           :                                                    0.0000000

 ------------------------------------------------------------------------------------

*** tstop() called on Angelinas-MacBook-Pro-574.local at Thu Feb 12 13:23:00 2026
Module time:
	user time   =       0.06 seconds =       0.00 minutes
	system time =       0.00 seconds =       0.00 minutes
	total time  =          0 seconds =       0.00 minutes
Total time:
	user time   =      61.00 seconds =       1.02 minutes
	system time =      16.32 seconds =       0.27 minutes
	total time  =      61572 seconds =    1026.20 minutes

Scratch directory: /tmp/
   => Libint2 <=

    Primary   basis highest AM E, G, H:  6, 6, 3
    Auxiliary basis highest AM E, G, H:  7, 7, 4
    Onebody   basis highest AM E, G, H:  -, -, -
    Solid Harmonics ordering:            Gaussian

*** tstart() called on Angelinas-MacBook-Pro-574.local
*** at Thu Feb 12 13:23:00 2026

   => Loading Basis Set <=

    Name: CC-PVTZ
    Role: ORBITAL
    Keyword: BASIS
    atoms 1-2 entry H          line    23 file /opt/anaconda3/envs/psi4/share/psi4/basis/cc-pvtz.gbs 


         ---------------------------------------------------------
                                   SCF
               by Justin Turney, Rob Parrish, Andy Simmonett
                          and Daniel G. A. Smith
                              RHF Reference
                        4 Threads,   1907 MiB Core
         ---------------------------------------------------------

  ==> Geometry <==

    Molecular point group: c1
    Full point group: D_inf_h

    Geometry (in Angstrom), charge = 0, multiplicity = 1:

       Center              X                  Y                   Z               Mass       
    ------------   -----------------  -----------------  -----------------  -----------------
         H            0.000000000000     0.000000000000    -1.539393939394     1.007825032230
         H            0.000000000000     0.000000000000     1.539393939394     1.007825032230

  Running in c1 symmetry.

  Rotational constants: A = ************  B =      3.52925  C =      3.52925 [cm^-1]
  Rotational constants: A = ************  B = 105804.10498  C = 105804.10498 [MHz]
  Nuclear repulsion =    0.171878424725492

  Charge       = 0
  Multiplicity = 1
  Electrons    = 2
  Nalpha       = 1
  Nbeta        = 1

  ==> Algorithm <==

  SCF Algorithm Type is DF.
  DIIS enabled.
  MOM disabled.
  Fractional occupation disabled.
  Guess Type is SAD.
  Energy threshold   = 1.00e-10
  Density threshold  = 1.00e-10
  Integral threshold = 1.00e-12

  ==> Primary Basis <==

  Basis Set: CC-PVTZ
    Blend: CC-PVTZ
    Number of shells: 12
    Number of basis functions: 28
    Number of Cartesian functions: 30
    Spherical Harmonics?: true
    Max angular momentum: 2

   => Loading Basis Set <=

    Name: (CC-PVTZ AUX)
    Role: JKFIT
    Keyword: DF_BASIS_SCF
    atoms 1-2 entry H          line    51 file /opt/anaconda3/envs/psi4/share/psi4/basis/cc-pvtz-jkfit.gbs 

  ==> Integral Setup <==

  DFHelper Memory: AOs need 0.001 GiB; user supplied 1.397 GiB. 
  SCF_SUBTYPE=INCORE selected. In-core MEM_DF algorithm will be used.
  Using in-core AOs.

  ==> MemDFJK: Density-Fitted J/K Matrices <==

    J tasked:                   Yes
    K tasked:                   Yes
    wK tasked:                   No
    OpenMP threads:               4
    Memory [MiB]:              1430
    Algorithm:                 Core
    Schwarz Cutoff:           1E-12
    Mask sparsity (%):       0.0000
    Fitting Condition:        1E-10

   => Auxiliary Basis Set <=

  Basis Set: (CC-PVTZ AUX)
    Blend: CC-PVTZ-JKFIT
    Number of shells: 20
    Number of basis functions: 60
    Number of Cartesian functions: 70
    Spherical Harmonics?: true
    Max angular momentum: 3

  Minimum eigenvalue in the overlap matrix is 9.3205469007E-02.
  Reciprocal condition number of the overlap matrix is 3.9242543310E-02.
    Using symmetric orthogonalization.

  ==> Pre-Iterations <==

  SCF Guess: Superposition of Atomic Densities via on-the-fly atomic UHF (no occupation information).

   -------------------------
    Irrep   Nso     Nmo    
   -------------------------
     A         28      28 
   -------------------------
    Total      28      28
   -------------------------

  ==> Iterations <==

                           Total Energy        Delta E     RMS |[F,P]|

   @DF-RHF iter SAD:    -0.83277963372837   -8.32780e-01   0.00000e+00 
   @DF-RHF iter   1:    -0.82294149883815    9.83813e-03   1.94715e-03 DIIS/ADIIS
   @DF-RHF iter   2:    -0.82693751622017   -3.99602e-03   3.49719e-04 DIIS/ADIIS
   @DF-RHF iter   3:    -0.82708581823227   -1.48302e-04   2.10026e-05 DIIS
   @DF-RHF iter   4:    -0.82708621995407   -4.01722e-07   9.78636e-07 DIIS
   @DF-RHF iter   5:    -0.82708622103712   -1.08305e-09   1.61995e-08 DIIS
   @DF-RHF iter   6:    -0.82708622103737   -2.51243e-13   5.89849e-10 DIIS
   @DF-RHF iter   7:    -0.82708622103737   -8.88178e-16   6.51712e-13 DIIS
  Energy and wave function converged.


  ==> Post-Iterations <==

    Orbital Energies [Eh]
    ---------------------

    Doubly Occupied:                                                      

       1A     -0.326093  

    Virtual:                                                              

       2A     -0.125129     3A      0.377676     4A      0.414870  
       5A      0.724363     6A      0.748001     7A      0.748001  
       8A      0.759876     9A      0.759876    10A      0.824304  
      11A      2.480036    12A      2.483689    13A      3.399005  
      14A      3.399005    15A      3.399064    16A      3.399064  
      17A      3.400223    18A      3.400223    19A      3.400569  
      20A      3.400569    21A      3.401784    22A      3.403797  
      23A      3.788801    24A      3.811924    25A      3.811924  
      26A      3.818829    27A      3.818829    28A      3.870892  

    Final Occupation by Irrep:
              A 
    DOCC [     1 ]
    NA   [     1 ]
    NB   [     1 ]

  @DF-RHF Final Energy:    -0.82708622103737

   => Energetics <=

    Nuclear Repulsion Energy =              0.1718784247254921
    One-Electron Energy =                  -1.3457439449849971
    Two-Electron Energy =                   0.3467792992221338
    Total Energy =                         -0.8270862210373712

Computation Completed


Properties will be evaluated at   0.000000,   0.000000,   0.000000 [a0]

Properties computed using the SCF density matrix


 Multipole Moments:

 ------------------------------------------------------------------------------------
     Multipole            Electronic (a.u.)      Nuclear  (a.u.)        Total (a.u.)
 ------------------------------------------------------------------------------------

 L = 1.  Multiply by 2.5417464519 to convert [e a0] to [Debye]
 Dipole X            :          0.0000000            0.0000000            0.0000000
 Dipole Y            :          0.0000000            0.0000000            0.0000000
 Dipole Z            :          0.0000000            0.0000000            0.0000000
 Magnitude           :                                                    0.0000000

 ------------------------------------------------------------------------------------

*** tstop() called on Angelinas-MacBook-Pro-574.local at Thu Feb 12 13:23:00 2026
Module time:
	user time   =       0.05 seconds =       0.00 minutes
	system time =       0.00 seconds =       0.00 minutes
	total time  =          0 seconds =       0.00 minutes
Total time:
	user time   =      61.06 seconds =       1.02 minutes
	system time =      16.32 seconds =       0.27 minutes
	total time  =      61572 seconds =    1026.20 minutes

Scratch directory: /tmp/
   => Libint2 <=

    Primary   basis highest AM E, G, H:  6, 6, 3
    Auxiliary basis highest AM E, G, H:  7, 7, 4
    Onebody   basis highest AM E, G, H:  -, -, -
    Solid Harmonics ordering:            Gaussian

*** tstart() called on Angelinas-MacBook-Pro-574.local
*** at Thu Feb 12 13:23:00 2026

   => Loading Basis Set <=

    Name: CC-PVTZ
    Role: ORBITAL
    Keyword: BASIS
    atoms 1-2 entry H          line    23 file /opt/anaconda3/envs/psi4/share/psi4/basis/cc-pvtz.gbs 


         ---------------------------------------------------------
                                   SCF
               by Justin Turney, Rob Parrish, Andy Simmonett
                          and Daniel G. A. Smith
                              RHF Reference
                        4 Threads,   1907 MiB Core
         ---------------------------------------------------------

  ==> Geometry <==

    Molecular point group: c1
    Full point group: D_inf_h

    Geometry (in Angstrom), charge = 0, multiplicity = 1:

       Center              X                  Y                   Z               Mass       
    ------------   -----------------  -----------------  -----------------  -----------------
         H            0.000000000000     0.000000000000    -1.558585858586     1.007825032230
         H            0.000000000000     0.000000000000     1.558585858586     1.007825032230

  Running in c1 symmetry.

  Rotational constants: A = ************  B =      3.44286  C =      3.44286 [cm^-1]
  Rotational constants: A = ************  B = 103214.47304  C = 103214.47304 [MHz]
  Nuclear repulsion =    0.169761969722391

  Charge       = 0
  Multiplicity = 1
  Electrons    = 2
  Nalpha       = 1
  Nbeta        = 1

  ==> Algorithm <==

  SCF Algorithm Type is DF.
  DIIS enabled.
  MOM disabled.
  Fractional occupation disabled.
  Guess Type is SAD.
  Energy threshold   = 1.00e-10
  Density threshold  = 1.00e-10
  Integral threshold = 1.00e-12

  ==> Primary Basis <==

  Basis Set: CC-PVTZ
    Blend: CC-PVTZ
    Number of shells: 12
    Number of basis functions: 28
    Number of Cartesian functions: 30
    Spherical Harmonics?: true
    Max angular momentum: 2

   => Loading Basis Set <=

    Name: (CC-PVTZ AUX)
    Role: JKFIT
    Keyword: DF_BASIS_SCF
    atoms 1-2 entry H          line    51 file /opt/anaconda3/envs/psi4/share/psi4/basis/cc-pvtz-jkfit.gbs 

  ==> Integral Setup <==

  DFHelper Memory: AOs need 0.001 GiB; user supplied 1.397 GiB. 
  SCF_SUBTYPE=INCORE selected. In-core MEM_DF algorithm will be used.
  Using in-core AOs.

  ==> MemDFJK: Density-Fitted J/K Matrices <==

    J tasked:                   Yes
    K tasked:                   Yes
    wK tasked:                   No
    OpenMP threads:               4
    Memory [MiB]:              1430
    Algorithm:                 Core
    Schwarz Cutoff:           1E-12
    Mask sparsity (%):       0.0000
    Fitting Condition:        1E-10

   => Auxiliary Basis Set <=

  Basis Set: (CC-PVTZ AUX)
    Blend: CC-PVTZ-JKFIT
    Number of shells: 20
    Number of basis functions: 60
    Number of Cartesian functions: 70
    Spherical Harmonics?: true
    Max angular momentum: 3

  Minimum eigenvalue in the overlap matrix is 9.3525476927E-02.
  Reciprocal condition number of the overlap matrix is 3.9488148475E-02.
    Using symmetric orthogonalization.

  ==> Pre-Iterations <==

  SCF Guess: Superposition of Atomic Densities via on-the-fly atomic UHF (no occupation information).

   -------------------------
    Irrep   Nso     Nmo    
   -------------------------
     A         28      28 
   -------------------------
    Total      28      28
   -------------------------

  ==> Iterations <==

                           Total Energy        Delta E     RMS |[F,P]|

   @DF-RHF iter SAD:    -0.83267682776923   -8.32677e-01   0.00000e+00 
   @DF-RHF iter   1:    -0.82080315046917    1.18737e-02   1.92793e-03 DIIS/ADIIS
   @DF-RHF iter   2:    -0.82473185516387   -3.92870e-03   3.45413e-04 DIIS/ADIIS
   @DF-RHF iter   3:    -0.82487722759613   -1.45372e-04   2.10114e-05 DIIS
   @DF-RHF iter   4:    -0.82487762991924   -4.02323e-07   9.55267e-07 DIIS
   @DF-RHF iter   5:    -0.82487763094975   -1.03051e-09   1.57854e-08 DIIS
   @DF-RHF iter   6:    -0.82487763094999   -2.40141e-13   5.69108e-10 DIIS
   @DF-RHF iter   7:    -0.82487763094999    5.55112e-16   5.94522e-13 DIIS
  Energy and wave function converged.


  ==> Post-Iterations <==

    Orbital Energies [Eh]
    ---------------------

    Doubly Occupied:                                                      

       1A     -0.324585  

    Virtual:                                                              

       2A     -0.126896     3A      0.375922     4A      0.415617  
       5A      0.727464     6A      0.748368     7A      0.748368  
       8A      0.759115     9A      0.759115    10A      0.818316  
      11A      2.478045    12A      2.484336    13A      3.398815  
      14A      3.398815    15A      3.398871    16A      3.398871  
      17A      3.400009    18A      3.400009    19A      3.400321  
      20A      3.400321    21A      3.401563    22A      3.403323  
      23A      3.791881    24A      3.812217    25A      3.812217  
      26A      3.818199    27A      3.818199    28A      3.865223  

    Final Occupation by Irrep:
              A 
    DOCC [     1 ]
    NA   [     1 ]
    NB   [     1 ]

  @DF-RHF Final Energy:    -0.82487763094999

   => Energetics <=

    Nuclear Repulsion Energy =              0.1697619697223915
    One-Electron Energy =                  -1.3401092404697801
    Two-Electron Energy =                   0.3454696397974012
    Total Energy =                         -0.8248776309499873

Computation Completed


Properties will be evaluated at   0.000000,   0.000000,   0.000000 [a0]

Properties computed using the SCF density matrix


 Multipole Moments:

 ------------------------------------------------------------------------------------
     Multipole            Electronic (a.u.)      Nuclear  (a.u.)        Total (a.u.)
 ------------------------------------------------------------------------------------

 L = 1.  Multiply by 2.5417464519 to convert [e a0] to [Debye]
 Dipole X            :         -0.0000000            0.0000000           -0.0000000
 Dipole Y            :          0.0000000            0.0000000            0.0000000
 Dipole Z            :         -0.0000000            0.0000000           -0.0000000
 Magnitude           :                                                    0.0000000

 ------------------------------------------------------------------------------------

*** tstop() called on Angelinas-MacBook-Pro-574.local at Thu Feb 12 13:23:00 2026
Module time:
	user time   =       0.06 seconds =       0.00 minutes
	system time =       0.00 seconds =       0.00 minutes
	total time  =          0 seconds =       0.00 minutes
Total time:
	user time   =      61.13 seconds =       1.02 minutes
	system time =      16.33 seconds =       0.27 minutes
	total time  =      61572 seconds =    1026.20 minutes

Scratch directory: /tmp/
   => Libint2 <=

    Primary   basis highest AM E, G, H:  6, 6, 3
    Auxiliary basis highest AM E, G, H:  7, 7, 4
    Onebody   basis highest AM E, G, H:  -, -, -
    Solid Harmonics ordering:            Gaussian

*** tstart() called on Angelinas-MacBook-Pro-574.local
*** at Thu Feb 12 13:23:00 2026

   => Loading Basis Set <=

    Name: CC-PVTZ
    Role: ORBITAL
    Keyword: BASIS
    atoms 1-2 entry H          line    23 file /opt/anaconda3/envs/psi4/share/psi4/basis/cc-pvtz.gbs 


         ---------------------------------------------------------
                                   SCF
               by Justin Turney, Rob Parrish, Andy Simmonett
                          and Daniel G. A. Smith
                              RHF Reference
                        4 Threads,   1907 MiB Core
         ---------------------------------------------------------

  ==> Geometry <==

    Molecular point group: c1
    Full point group: D_inf_h

    Geometry (in Angstrom), charge = 0, multiplicity = 1:

       Center              X                  Y                   Z               Mass       
    ------------   -----------------  -----------------  -----------------  -----------------
         H            0.000000000000     0.000000000000    -1.577777777778     1.007825032230
         H            0.000000000000     0.000000000000     1.577777777778     1.007825032230

  Running in c1 symmetry.

  Rotational constants: A = ************  B =      3.35962  C =      3.35962 [cm^-1]
  Rotational constants: A = ************  B = 100718.76519  C = 100718.76519 [MHz]
  Nuclear repulsion =    0.167697003381338

  Charge       = 0
  Multiplicity = 1
  Electrons    = 2
  Nalpha       = 1
  Nbeta        = 1

  ==> Algorithm <==

  SCF Algorithm Type is DF.
  DIIS enabled.
  MOM disabled.
  Fractional occupation disabled.
  Guess Type is SAD.
  Energy threshold   = 1.00e-10
  Density threshold  = 1.00e-10
  Integral threshold = 1.00e-12

  ==> Primary Basis <==

  Basis Set: CC-PVTZ
    Blend: CC-PVTZ
    Number of shells: 12
    Number of basis functions: 28
    Number of Cartesian functions: 30
    Spherical Harmonics?: true
    Max angular momentum: 2

   => Loading Basis Set <=

    Name: (CC-PVTZ AUX)
    Role: JKFIT
    Keyword: DF_BASIS_SCF
    atoms 1-2 entry H          line    51 file /opt/anaconda3/envs/psi4/share/psi4/basis/cc-pvtz-jkfit.gbs 

  ==> Integral Setup <==

  DFHelper Memory: AOs need 0.001 GiB; user supplied 1.397 GiB. 
  SCF_SUBTYPE=INCORE selected. In-core MEM_DF algorithm will be used.
  Using in-core AOs.

  ==> MemDFJK: Density-Fitted J/K Matrices <==

    J tasked:                   Yes
    K tasked:                   Yes
    wK tasked:                   No
    OpenMP threads:               4
    Memory [MiB]:              1430
    Algorithm:                 Core
    Schwarz Cutoff:           1E-12
    Mask sparsity (%):       0.0000
    Fitting Condition:        1E-10

   => Auxiliary Basis Set <=

  Basis Set: (CC-PVTZ AUX)
    Blend: CC-PVTZ-JKFIT
    Number of shells: 20
    Number of basis functions: 60
    Number of Cartesian functions: 70
    Spherical Harmonics?: true
    Max angular momentum: 3

  Minimum eigenvalue in the overlap matrix is 9.3846732708E-02.
  Reciprocal condition number of the overlap matrix is 3.9729598376E-02.
    Using symmetric orthogonalization.

  ==> Pre-Iterations <==

  SCF Guess: Superposition of Atomic Densities via on-the-fly atomic UHF (no occupation information).

   -------------------------
    Irrep   Nso     Nmo    
   -------------------------
     A         28      28 
   -------------------------
    Total      28      28
   -------------------------

  ==> Iterations <==

                           Total Energy        Delta E     RMS |[F,P]|

   @DF-RHF iter SAD:    -0.83260805055939   -8.32608e-01   0.00000e+00 
   @DF-RHF iter   1:    -0.81872380657941    1.38842e-02   1.90949e-03 DIIS/ADIIS
   @DF-RHF iter   2:    -0.82259014109816   -3.86633e-03   3.41303e-04 DIIS/ADIIS
   @DF-RHF iter   3:    -0.82273279246917   -1.42651e-04   2.10173e-05 DIIS
   @DF-RHF iter   4:    -0.82273319522464   -4.02755e-07   9.31713e-07 DIIS
   @DF-RHF iter   5:    -0.82273319620313   -9.78485e-10   1.54072e-08 DIIS
   @DF-RHF iter   6:    -0.82273319620336   -2.29594e-13   5.49643e-10 DIIS
   @DF-RHF iter   7:    -0.82273319620336   -1.33227e-15   5.46064e-13 DIIS
  Energy and wave function converged.


  ==> Post-Iterations <==

    Orbital Energies [Eh]
    ---------------------

    Doubly Occupied:                                                      

       1A     -0.323110  

    Virtual:                                                              

       2A     -0.128604     3A      0.374263     4A      0.416354  
       5A      0.730285     6A      0.748693     7A      0.748693  
       8A      0.758430     9A      0.758430    10A      0.812712  
      11A      2.475981    12A      2.485086    13A      3.398654  
      14A      3.398654    15A      3.398706    16A      3.398706  
      17A      3.399820    18A      3.399820    19A      3.400104  
      20A      3.400104    21A      3.401339    22A      3.402884  
      23A      3.794720    24A      3.812485    25A      3.812485  
      26A      3.817656    27A      3.817656    28A      3.860032  

    Final Occupation by Irrep:
              A 
    DOCC [     1 ]
    NA   [     1 ]
    NB   [     1 ]

  @DF-RHF Final Energy:    -0.82273319620336

   => Energetics <=

    Nuclear Repulsion Energy =              0.1676970033813380
    One-Electron Energy =                  -1.3346400706622452
    Two-Electron Energy =                   0.3442098710775498
    Total Energy =                         -0.8227331962033573

Computation Completed


Properties will be evaluated at   0.000000,   0.000000,   0.000000 [a0]

Properties computed using the SCF density matrix


 Multipole Moments:

 ------------------------------------------------------------------------------------
     Multipole            Electronic (a.u.)      Nuclear  (a.u.)        Total (a.u.)
 ------------------------------------------------------------------------------------

 L = 1.  Multiply by 2.5417464519 to convert [e a0] to [Debye]
 Dipole X            :         -0.0000000            0.0000000           -0.0000000
 Dipole Y            :          0.0000000            0.0000000            0.0000000
 Dipole Z            :          0.0000000            0.0000000            0.0000000
 Magnitude           :                                                    0.0000000

 ------------------------------------------------------------------------------------

*** tstop() called on Angelinas-MacBook-Pro-574.local at Thu Feb 12 13:23:00 2026
Module time:
	user time   =       0.05 seconds =       0.00 minutes
	system time =       0.00 seconds =       0.00 minutes
	total time  =          0 seconds =       0.00 minutes
Total time:
	user time   =      61.19 seconds =       1.02 minutes
	system time =      16.33 seconds =       0.27 minutes
	total time  =      61572 seconds =    1026.20 minutes

Scratch directory: /tmp/
   => Libint2 <=

    Primary   basis highest AM E, G, H:  6, 6, 3
    Auxiliary basis highest AM E, G, H:  7, 7, 4
    Onebody   basis highest AM E, G, H:  -, -, -
    Solid Harmonics ordering:            Gaussian

*** tstart() called on Angelinas-MacBook-Pro-574.local
*** at Thu Feb 12 13:23:00 2026

   => Loading Basis Set <=

    Name: CC-PVTZ
    Role: ORBITAL
    Keyword: BASIS
    atoms 1-2 entry H          line    23 file /opt/anaconda3/envs/psi4/share/psi4/basis/cc-pvtz.gbs 


         ---------------------------------------------------------
                                   SCF
               by Justin Turney, Rob Parrish, Andy Simmonett
                          and Daniel G. A. Smith
                              RHF Reference
                        4 Threads,   1907 MiB Core
         ---------------------------------------------------------

  ==> Geometry <==

    Molecular point group: c1
    Full point group: D_inf_h

    Geometry (in Angstrom), charge = 0, multiplicity = 1:

       Center              X                  Y                   Z               Mass       
    ------------   -----------------  -----------------  -----------------  -----------------
         H            0.000000000000     0.000000000000    -1.596969696970     1.007825032230
         H            0.000000000000     0.000000000000     1.596969696970     1.007825032230

  Running in c1 symmetry.

  Rotational constants: A = ************  B =      3.27935  C =      3.27935 [cm^-1]
  Rotational constants: A = ************  B =  98312.49365  C =  98312.49365 [MHz]
  Nuclear repulsion =    0.165681669374858

  Charge       = 0
  Multiplicity = 1
  Electrons    = 2
  Nalpha       = 1
  Nbeta        = 1

  ==> Algorithm <==

  SCF Algorithm Type is DF.
  DIIS enabled.
  MOM disabled.
  Fractional occupation disabled.
  Guess Type is SAD.
  Energy threshold   = 1.00e-10
  Density threshold  = 1.00e-10
  Integral threshold = 1.00e-12

  ==> Primary Basis <==

  Basis Set: CC-PVTZ
    Blend: CC-PVTZ
    Number of shells: 12
    Number of basis functions: 28
    Number of Cartesian functions: 30
    Spherical Harmonics?: true
    Max angular momentum: 2

   => Loading Basis Set <=

    Name: (CC-PVTZ AUX)
    Role: JKFIT
    Keyword: DF_BASIS_SCF
    atoms 1-2 entry H          line    51 file /opt/anaconda3/envs/psi4/share/psi4/basis/cc-pvtz-jkfit.gbs 

  ==> Integral Setup <==

  DFHelper Memory: AOs need 0.001 GiB; user supplied 1.397 GiB. 
  SCF_SUBTYPE=INCORE selected. In-core MEM_DF algorithm will be used.
  Using in-core AOs.

  ==> MemDFJK: Density-Fitted J/K Matrices <==

    J tasked:                   Yes
    K tasked:                   Yes
    wK tasked:                   No
    OpenMP threads:               4
    Memory [MiB]:              1430
    Algorithm:                 Core
    Schwarz Cutoff:           1E-12
    Mask sparsity (%):       0.0000
    Fitting Condition:        1E-10

   => Auxiliary Basis Set <=

  Basis Set: (CC-PVTZ AUX)
    Blend: CC-PVTZ-JKFIT
    Number of shells: 20
    Number of basis functions: 60
    Number of Cartesian functions: 70
    Spherical Harmonics?: true
    Max angular momentum: 3

  Minimum eigenvalue in the overlap matrix is 9.4169486617E-02.
  Reciprocal condition number of the overlap matrix is 3.9967157487E-02.
    Using symmetric orthogonalization.

  ==> Pre-Iterations <==

  SCF Guess: Superposition of Atomic Densities via on-the-fly atomic UHF (no occupation information).

   -------------------------
    Irrep   Nso     Nmo    
   -------------------------
     A         28      28 
   -------------------------
    Total      28      28
   -------------------------

  ==> Iterations <==

                           Total Energy        Delta E     RMS |[F,P]|

   @DF-RHF iter SAD:    -0.83257008696293   -8.32570e-01   0.00000e+00 
   @DF-RHF iter   1:    -0.81670182455791    1.58683e-02   1.89184e-03 DIIS/ADIIS
   @DF-RHF iter   2:    -0.82051046825071   -3.80864e-03   3.37382e-04 DIIS/ADIIS
   @DF-RHF iter   3:    -0.82065058933762   -1.40121e-04   2.10198e-05 DIIS
   @DF-RHF iter   4:    -0.82065099233611   -4.02998e-07   9.08022e-07 DIIS
   @DF-RHF iter   5:    -0.82065099326328   -9.27175e-10   1.50601e-08 DIIS
   @DF-RHF iter   6:    -0.82065099326350   -2.22267e-13   5.31319e-10 DIIS
   @DF-RHF iter   7:    -0.82065099326350    1.11022e-16   5.05575e-13 DIIS
  Energy and wave function converged.


  ==> Post-Iterations <==

    Orbital Energies [Eh]
    ---------------------

    Doubly Occupied:                                                      

       1A     -0.321667  

    Virtual:                                                              

       2A     -0.130258     3A      0.372703     4A      0.417071  
       5A      0.732839     6A      0.748981     7A      0.748981  
       8A      0.757814     9A      0.757814    10A      0.807481  
      11A      2.473875    12A      2.485917    13A      3.398520  
      14A      3.398520    15A      3.398569    16A      3.398569  
      17A      3.399655    18A      3.399655    19A      3.399914  
      20A      3.399914    21A      3.401119    22A      3.402481  
      23A      3.797317    24A      3.812732    25A      3.812732  
      26A      3.817191    27A      3.817191    28A      3.855291  

    Final Occupation by Irrep:
              A 
    DOCC [     1 ]
    NA   [     1 ]
    NB   [     1 ]

  @DF-RHF Final Energy:    -0.82065099326350

   => Energetics <=

    Nuclear Repulsion Energy =              0.1656816693748577
    One-Electron Energy =                  -1.3293308044057486
    Two-Electron Energy =                   0.3429981417673864
    Total Energy =                         -0.8206509932635044

Computation Completed


Properties will be evaluated at   0.000000,   0.000000,   0.000000 [a0]

Properties computed using the SCF density matrix


 Multipole Moments:

 ------------------------------------------------------------------------------------
     Multipole            Electronic (a.u.)      Nuclear  (a.u.)        Total (a.u.)
 ------------------------------------------------------------------------------------

 L = 1.  Multiply by 2.5417464519 to convert [e a0] to [Debye]
 Dipole X            :          0.0000000            0.0000000            0.0000000
 Dipole Y            :         -0.0000000            0.0000000           -0.0000000
 Dipole Z            :         -0.0000000            0.0000000           -0.0000000
 Magnitude           :                                                    0.0000000

 ------------------------------------------------------------------------------------

*** tstop() called on Angelinas-MacBook-Pro-574.local at Thu Feb 12 13:23:00 2026
Module time:
	user time   =       0.06 seconds =       0.00 minutes
	system time =       0.01 seconds =       0.00 minutes
	total time  =          0 seconds =       0.00 minutes
Total time:
	user time   =      61.26 seconds =       1.02 minutes
	system time =      16.34 seconds =       0.27 minutes
	total time  =      61572 seconds =    1026.20 minutes

Scratch directory: /tmp/
   => Libint2 <=

    Primary   basis highest AM E, G, H:  6, 6, 3
    Auxiliary basis highest AM E, G, H:  7, 7, 4
    Onebody   basis highest AM E, G, H:  -, -, -
    Solid Harmonics ordering:            Gaussian

*** tstart() called on Angelinas-MacBook-Pro-574.local
*** at Thu Feb 12 13:23:00 2026

   => Loading Basis Set <=

    Name: CC-PVTZ
    Role: ORBITAL
    Keyword: BASIS
    atoms 1-2 entry H          line    23 file /opt/anaconda3/envs/psi4/share/psi4/basis/cc-pvtz.gbs 


         ---------------------------------------------------------
                                   SCF
               by Justin Turney, Rob Parrish, Andy Simmonett
                          and Daniel G. A. Smith
                              RHF Reference
                        4 Threads,   1907 MiB Core
         ---------------------------------------------------------

  ==> Geometry <==

    Molecular point group: c1
    Full point group: D_inf_h

    Geometry (in Angstrom), charge = 0, multiplicity = 1:

       Center              X                  Y                   Z               Mass       
    ------------   -----------------  -----------------  -----------------  -----------------
         H            0.000000000000     0.000000000000    -1.616161616162     1.007825032230
         H            0.000000000000     0.000000000000     1.616161616162     1.007825032230

  Running in c1 symmetry.

  Rotational constants: A = ************  B =      3.20193  C =      3.20193 [cm^-1]
  Rotational constants: A = ************  B =  95991.43552  C =  95991.43552 [MHz]
  Nuclear repulsion =    0.163714199551031

  Charge       = 0
  Multiplicity = 1
  Electrons    = 2
  Nalpha       = 1
  Nbeta        = 1

  ==> Algorithm <==

  SCF Algorithm Type is DF.
  DIIS enabled.
  MOM disabled.
  Fractional occupation disabled.
  Guess Type is SAD.
  Energy threshold   = 1.00e-10
  Density threshold  = 1.00e-10
  Integral threshold = 1.00e-12

  ==> Primary Basis <==

  Basis Set: CC-PVTZ
    Blend: CC-PVTZ
    Number of shells: 12
    Number of basis functions: 28
    Number of Cartesian functions: 30
    Spherical Harmonics?: true
    Max angular momentum: 2

   => Loading Basis Set <=

    Name: (CC-PVTZ AUX)
    Role: JKFIT
    Keyword: DF_BASIS_SCF
    atoms 1-2 entry H          line    51 file /opt/anaconda3/envs/psi4/share/psi4/basis/cc-pvtz-jkfit.gbs 

  ==> Integral Setup <==

  DFHelper Memory: AOs need 0.001 GiB; user supplied 1.397 GiB. 
  SCF_SUBTYPE=INCORE selected. In-core MEM_DF algorithm will be used.
  Using in-core AOs.

  ==> MemDFJK: Density-Fitted J/K Matrices <==

    J tasked:                   Yes
    K tasked:                   Yes
    wK tasked:                   No
    OpenMP threads:               4
    Memory [MiB]:              1430
    Algorithm:                 Core
    Schwarz Cutoff:           1E-12
    Mask sparsity (%):       0.0000
    Fitting Condition:        1E-10

   => Auxiliary Basis Set <=

  Basis Set: (CC-PVTZ AUX)
    Blend: CC-PVTZ-JKFIT
    Number of shells: 20
    Number of basis functions: 60
    Number of Cartesian functions: 70
    Spherical Harmonics?: true
    Max angular momentum: 3

  Minimum eigenvalue in the overlap matrix is 9.4493931150E-02.
  Reciprocal condition number of the overlap matrix is 4.0201065328E-02.
    Using symmetric orthogonalization.

  ==> Pre-Iterations <==

  SCF Guess: Superposition of Atomic Densities via on-the-fly atomic UHF (no occupation information).

   -------------------------
    Irrep   Nso     Nmo    
   -------------------------
     A         28      28 
   -------------------------
    Total      28      28
   -------------------------

  ==> Iterations <==

                           Total Energy        Delta E     RMS |[F,P]|

   @DF-RHF iter SAD:    -0.83255995738957   -8.32560e-01   0.00000e+00 
   @DF-RHF iter   1:    -0.81473561176306    1.78243e-02   1.87496e-03 DIIS/ADIIS
   @DF-RHF iter   2:    -0.81849098691932   -3.75538e-03   3.33641e-04 DIIS/ADIIS
   @DF-RHF iter   3:    -0.81862875196650   -1.37765e-04   2.10184e-05 DIIS
   @DF-RHF iter   4:    -0.81862915499843   -4.03032e-07   8.84237e-07 DIIS
   @DF-RHF iter   5:    -0.81862915587521   -8.76779e-10   1.47399e-08 DIIS
   @DF-RHF iter   6:    -0.81862915587542   -2.13607e-13   5.14012e-10 DIIS
   @DF-RHF iter   7:    -0.81862915587542   -1.55431e-15   4.72149e-13 DIIS
  Energy and wave function converged.


  ==> Post-Iterations <==

    Orbital Energies [Eh]
    ---------------------

    Doubly Occupied:                                                      

       1A     -0.320255  

    Virtual:                                                              

       2A     -0.131858     3A      0.371243     4A      0.417762  
       5A      0.735139     6A      0.749237     7A      0.749237  
       8A      0.757263     9A      0.757263    10A      0.802611  
      11A      2.471755    12A      2.486806    13A      3.398411  
      14A      3.398411    15A      3.398457    16A      3.398457  
      17A      3.399514    18A      3.399514    19A      3.399752  
      20A      3.399752    21A      3.400909    22A      3.402113  
      23A      3.799676    24A      3.812962    25A      3.812962  
      26A      3.816798    27A      3.816798    28A      3.850975  

    Final Occupation by Irrep:
              A 
    DOCC [     1 ]
    NA   [     1 ]
    NB   [     1 ]

  @DF-RHF Final Energy:    -0.81862915587542

   => Energetics <=

    Nuclear Repulsion Energy =              0.1637141995510313
    One-Electron Energy =                  -1.3241760074738815
    Two-Electron Energy =                   0.3418326520474280
    Total Energy =                         -0.8186291558754224

Computation Completed


Properties will be evaluated at   0.000000,   0.000000,   0.000000 [a0]

Properties computed using the SCF density matrix


 Multipole Moments:

 ------------------------------------------------------------------------------------
     Multipole            Electronic (a.u.)      Nuclear  (a.u.)        Total (a.u.)
 ------------------------------------------------------------------------------------

 L = 1.  Multiply by 2.5417464519 to convert [e a0] to [Debye]
 Dipole X            :         -0.0000000            0.0000000           -0.0000000
 Dipole Y            :          0.0000000            0.0000000            0.0000000
 Dipole Z            :         -0.0000000            0.0000000           -0.0000000
 Magnitude           :                                                    0.0000000

 ------------------------------------------------------------------------------------

*** tstop() called on Angelinas-MacBook-Pro-574.local at Thu Feb 12 13:23:00 2026
Module time:
	user time   =       0.05 seconds =       0.00 minutes
	system time =       0.00 seconds =       0.00 minutes
	total time  =          0 seconds =       0.00 minutes
Total time:
	user time   =      61.32 seconds =       1.02 minutes
	system time =      16.34 seconds =       0.27 minutes
	total time  =      61572 seconds =    1026.20 minutes

Scratch directory: /tmp/
   => Libint2 <=

    Primary   basis highest AM E, G, H:  6, 6, 3
    Auxiliary basis highest AM E, G, H:  7, 7, 4
    Onebody   basis highest AM E, G, H:  -, -, -
    Solid Harmonics ordering:            Gaussian

*** tstart() called on Angelinas-MacBook-Pro-574.local
*** at Thu Feb 12 13:23:00 2026

   => Loading Basis Set <=

    Name: CC-PVTZ
    Role: ORBITAL
    Keyword: BASIS
    atoms 1-2 entry H          line    23 file /opt/anaconda3/envs/psi4/share/psi4/basis/cc-pvtz.gbs 


         ---------------------------------------------------------
                                   SCF
               by Justin Turney, Rob Parrish, Andy Simmonett
                          and Daniel G. A. Smith
                              RHF Reference
                        4 Threads,   1907 MiB Core
         ---------------------------------------------------------

  ==> Geometry <==

    Molecular point group: c1
    Full point group: D_inf_h

    Geometry (in Angstrom), charge = 0, multiplicity = 1:

       Center              X                  Y                   Z               Mass       
    ------------   -----------------  -----------------  -----------------  -----------------
         H            0.000000000000     0.000000000000    -1.635353535354     1.007825032230
         H            0.000000000000     0.000000000000     1.635353535354     1.007825032230

  Running in c1 symmetry.

  Rotational constants: A = ************  B =      3.12722  C =      3.12722 [cm^-1]
  Rotational constants: A = ************  B =  93751.61424  C =  93751.61424 [MHz]
  Nuclear repulsion =    0.161792908759512

  Charge       = 0
  Multiplicity = 1
  Electrons    = 2
  Nalpha       = 1
  Nbeta        = 1

  ==> Algorithm <==

  SCF Algorithm Type is DF.
  DIIS enabled.
  MOM disabled.
  Fractional occupation disabled.
  Guess Type is SAD.
  Energy threshold   = 1.00e-10
  Density threshold  = 1.00e-10
  Integral threshold = 1.00e-12

  ==> Primary Basis <==

  Basis Set: CC-PVTZ
    Blend: CC-PVTZ
    Number of shells: 12
    Number of basis functions: 28
    Number of Cartesian functions: 30
    Spherical Harmonics?: true
    Max angular momentum: 2

   => Loading Basis Set <=

    Name: (CC-PVTZ AUX)
    Role: JKFIT
    Keyword: DF_BASIS_SCF
    atoms 1-2 entry H          line    51 file /opt/anaconda3/envs/psi4/share/psi4/basis/cc-pvtz-jkfit.gbs 

  ==> Integral Setup <==

  DFHelper Memory: AOs need 0.001 GiB; user supplied 1.397 GiB. 
  SCF_SUBTYPE=INCORE selected. In-core MEM_DF algorithm will be used.
  Using in-core AOs.

  ==> MemDFJK: Density-Fitted J/K Matrices <==

    J tasked:                   Yes
    K tasked:                   Yes
    wK tasked:                   No
    OpenMP threads:               4
    Memory [MiB]:              1430
    Algorithm:                 Core
    Schwarz Cutoff:           1E-12
    Mask sparsity (%):       0.5102
    Fitting Condition:        1E-10

   => Auxiliary Basis Set <=

  Basis Set: (CC-PVTZ AUX)
    Blend: CC-PVTZ-JKFIT
    Number of shells: 20
    Number of basis functions: 60
    Number of Cartesian functions: 70
    Spherical Harmonics?: true
    Max angular momentum: 3

  Minimum eigenvalue in the overlap matrix is 9.4820198843E-02.
  Reciprocal condition number of the overlap matrix is 4.0431534829E-02.
    Using symmetric orthogonalization.

  ==> Pre-Iterations <==

  SCF Guess: Superposition of Atomic Densities via on-the-fly atomic UHF (no occupation information).

   -------------------------
    Irrep   Nso     Nmo    
   -------------------------
     A         28      28 
   -------------------------
    Total      28      28
   -------------------------

  ==> Iterations <==

                           Total Energy        Delta E     RMS |[F,P]|

   @DF-RHF iter SAD:    -0.83257490456169   -8.32575e-01   0.00000e+00 
   @DF-RHF iter   1:    -0.81282362346388    1.97513e-02   1.85885e-03 DIIS/ADIIS
   @DF-RHF iter   2:    -0.81652990228446   -3.70628e-03   3.30071e-04 DIIS/ADIIS
   @DF-RHF iter   3:    -0.81666547016753   -1.35568e-04   2.10124e-05 DIIS
   @DF-RHF iter   4:    -0.81666587300356   -4.02836e-07   8.60407e-07 DIIS
   @DF-RHF iter   5:    -0.81666587383103   -8.27465e-10   1.44435e-08 DIIS
   @DF-RHF iter   6:    -0.81666587383124   -2.08278e-13   4.97601e-10 DIIS
   @DF-RHF iter   7:    -0.81666587383124    7.77156e-16   4.45072e-13 DIIS
  Energy and wave function converged.


  ==> Post-Iterations <==

    Orbital Energies [Eh]
    ---------------------

    Doubly Occupied:                                                      

       1A     -0.318874  

    Virtual:                                                              

       2A     -0.133406     3A      0.369883     4A      0.418417  
       5A      0.737201     6A      0.749463     7A      0.749463  
       8A      0.756771     9A      0.756771    10A      0.798090  
      11A      2.469646    12A      2.487733    13A      3.398327  
      14A      3.398327    15A      3.398370    16A      3.398370  
      17A      3.399396    18A      3.399396    19A      3.399615  
      20A      3.399615    21A      3.400713    22A      3.401780  
      23A      3.801803    24A      3.813178    25A      3.813178  
      26A      3.816470    27A      3.816470    28A      3.847059  

    Final Occupation by Irrep:
              A 
    DOCC [     1 ]
    NA   [     1 ]
    NB   [     1 ]

  @DF-RHF Final Energy:    -0.81666587383124

   => Energetics <=

    Nuclear Repulsion Energy =              0.1617929087595120
    One-Electron Energy =                  -1.3191704327218163
    Two-Electron Energy =                   0.3407116501310676
    Total Energy =                         -0.8166658738312367

Computation Completed


Properties will be evaluated at   0.000000,   0.000000,   0.000000 [a0]

Properties computed using the SCF density matrix


 Multipole Moments:

 ------------------------------------------------------------------------------------
     Multipole            Electronic (a.u.)      Nuclear  (a.u.)        Total (a.u.)
 ------------------------------------------------------------------------------------

 L = 1.  Multiply by 2.5417464519 to convert [e a0] to [Debye]
 Dipole X            :         -0.0000000            0.0000000           -0.0000000
 Dipole Y            :         -0.0000000            0.0000000           -0.0000000
 Dipole Z            :          0.0000000            0.0000000            0.0000000
 Magnitude           :                                                    0.0000000

 ------------------------------------------------------------------------------------

*** tstop() called on Angelinas-MacBook-Pro-574.local at Thu Feb 12 13:23:00 2026
Module time:
	user time   =       0.06 seconds =       0.00 minutes
	system time =       0.01 seconds =       0.00 minutes
	total time  =          0 seconds =       0.00 minutes
Total time:
	user time   =      61.39 seconds =       1.02 minutes
	system time =      16.35 seconds =       0.27 minutes
	total time  =      61572 seconds =    1026.20 minutes

Scratch directory: /tmp/
   => Libint2 <=

    Primary   basis highest AM E, G, H:  6, 6, 3
    Auxiliary basis highest AM E, G, H:  7, 7, 4
    Onebody   basis highest AM E, G, H:  -, -, -
    Solid Harmonics ordering:            Gaussian

*** tstart() called on Angelinas-MacBook-Pro-574.local
*** at Thu Feb 12 13:23:00 2026

   => Loading Basis Set <=

    Name: CC-PVTZ
    Role: ORBITAL
    Keyword: BASIS
    atoms 1-2 entry H          line    23 file /opt/anaconda3/envs/psi4/share/psi4/basis/cc-pvtz.gbs 


         ---------------------------------------------------------
                                   SCF
               by Justin Turney, Rob Parrish, Andy Simmonett
                          and Daniel G. A. Smith
                              RHF Reference
                        4 Threads,   1907 MiB Core
         ---------------------------------------------------------

  ==> Geometry <==

    Molecular point group: c1
    Full point group: D_inf_h

    Geometry (in Angstrom), charge = 0, multiplicity = 1:

       Center              X                  Y                   Z               Mass       
    ------------   -----------------  -----------------  -----------------  -----------------
         H            0.000000000000     0.000000000000    -1.654545454545     1.007825032230
         H            0.000000000000     0.000000000000     1.654545454545     1.007825032230

  Running in c1 symmetry.

  Rotational constants: A = ************  B =      3.05509  C =      3.05509 [cm^-1]
  Rotational constants: A = ************  B =  91589.28252  C =  91589.28252 [MHz]
  Nuclear repulsion =    0.159916190037637

  Charge       = 0
  Multiplicity = 1
  Electrons    = 2
  Nalpha       = 1
  Nbeta        = 1

  ==> Algorithm <==

  SCF Algorithm Type is DF.
  DIIS enabled.
  MOM disabled.
  Fractional occupation disabled.
  Guess Type is SAD.
  Energy threshold   = 1.00e-10
  Density threshold  = 1.00e-10
  Integral threshold = 1.00e-12

  ==> Primary Basis <==

  Basis Set: CC-PVTZ
    Blend: CC-PVTZ
    Number of shells: 12
    Number of basis functions: 28
    Number of Cartesian functions: 30
    Spherical Harmonics?: true
    Max angular momentum: 2

   => Loading Basis Set <=

    Name: (CC-PVTZ AUX)
    Role: JKFIT
    Keyword: DF_BASIS_SCF
    atoms 1-2 entry H          line    51 file /opt/anaconda3/envs/psi4/share/psi4/basis/cc-pvtz-jkfit.gbs 

  ==> Integral Setup <==

  DFHelper Memory: AOs need 0.001 GiB; user supplied 1.397 GiB. 
  SCF_SUBTYPE=INCORE selected. In-core MEM_DF algorithm will be used.
  Using in-core AOs.

  ==> MemDFJK: Density-Fitted J/K Matrices <==

    J tasked:                   Yes
    K tasked:                   Yes
    wK tasked:                   No
    OpenMP threads:               4
    Memory [MiB]:              1430
    Algorithm:                 Core
    Schwarz Cutoff:           1E-12
    Mask sparsity (%):       0.5102
    Fitting Condition:        1E-10

   => Auxiliary Basis Set <=

  Basis Set: (CC-PVTZ AUX)
    Blend: CC-PVTZ-JKFIT
    Number of shells: 20
    Number of basis functions: 60
    Number of Cartesian functions: 70
    Spherical Harmonics?: true
    Max angular momentum: 3

  Minimum eigenvalue in the overlap matrix is 9.5148360992E-02.
  Reciprocal condition number of the overlap matrix is 4.0658751136E-02.
    Using symmetric orthogonalization.

  ==> Pre-Iterations <==

  SCF Guess: Superposition of Atomic Densities via on-the-fly atomic UHF (no occupation information).

   -------------------------
    Irrep   Nso     Nmo    
   -------------------------
     A         28      28 
   -------------------------
    Total      28      28
   -------------------------

  ==> Iterations <==

                           Total Energy        Delta E     RMS |[F,P]|

   @DF-RHF iter SAD:    -0.83261238070875   -8.32612e-01   0.00000e+00 
   @DF-RHF iter   1:    -0.81096436098039    2.16480e-02   1.84350e-03 DIIS/ADIIS
   @DF-RHF iter   2:    -0.81462547316732   -3.66111e-03   3.26664e-04 DIIS/ADIIS
   @DF-RHF iter   3:    -0.81475898850549   -1.33515e-04   2.10013e-05 DIIS
   @DF-RHF iter   4:    -0.81475939089744   -4.02392e-07   8.36577e-07 DIIS
   @DF-RHF iter   5:    -0.81475939167684   -7.79401e-10   1.41679e-08 DIIS
   @DF-RHF iter   6:    -0.81475939167704   -2.00173e-13   4.81981e-10 DIIS
   @DF-RHF iter   7:    -0.81475939167704   -7.77156e-16   4.23637e-13 DIIS
  Energy and wave function converged.


  ==> Post-Iterations <==

    Orbital Energies [Eh]
    ---------------------

    Doubly Occupied:                                                      

       1A     -0.317521  

    Virtual:                                                              

       2A     -0.134904     3A      0.368624     4A      0.419028  
       5A      0.739042     6A      0.749666     7A      0.749666  
       8A      0.756332     9A      0.756332    10A      0.793904  
      11A      2.467570    12A      2.488679    13A      3.398265  
      14A      3.398265    15A      3.398306    16A      3.398306  
      17A      3.399299    18A      3.399299    19A      3.399502  
      20A      3.399502    21A      3.400534    22A      3.401481  
      23A      3.803712    24A      3.813383    25A      3.813383  
      26A      3.816202    27A      3.816202    28A      3.843516  

    Final Occupation by Irrep:
              A 
    DOCC [     1 ]
    NA   [     1 ]
    NB   [     1 ]

  @DF-RHF Final Energy:    -0.81475939167704

   => Energetics <=

    Nuclear Repulsion Energy =              0.1599161900376374
    One-Electron Energy =                  -1.3143090108941298
    Two-Electron Energy =                   0.3396334291794543
    Total Energy =                         -0.8147593916770381

Computation Completed


Properties will be evaluated at   0.000000,   0.000000,   0.000000 [a0]

Properties computed using the SCF density matrix


 Multipole Moments:

 ------------------------------------------------------------------------------------
     Multipole            Electronic (a.u.)      Nuclear  (a.u.)        Total (a.u.)
 ------------------------------------------------------------------------------------

 L = 1.  Multiply by 2.5417464519 to convert [e a0] to [Debye]
 Dipole X            :         -0.0000000            0.0000000           -0.0000000
 Dipole Y            :         -0.0000000            0.0000000           -0.0000000
 Dipole Z            :         -0.0000000            0.0000000           -0.0000000
 Magnitude           :                                                    0.0000000

 ------------------------------------------------------------------------------------

*** tstop() called on Angelinas-MacBook-Pro-574.local at Thu Feb 12 13:23:01 2026
Module time:
	user time   =       0.05 seconds =       0.00 minutes
	system time =       0.00 seconds =       0.00 minutes
	total time  =          1 seconds =       0.02 minutes
Total time:
	user time   =      61.45 seconds =       1.02 minutes
	system time =      16.35 seconds =       0.27 minutes
	total time  =      61573 seconds =    1026.22 minutes

Scratch directory: /tmp/
   => Libint2 <=

    Primary   basis highest AM E, G, H:  6, 6, 3
    Auxiliary basis highest AM E, G, H:  7, 7, 4
    Onebody   basis highest AM E, G, H:  -, -, -
    Solid Harmonics ordering:            Gaussian

*** tstart() called on Angelinas-MacBook-Pro-574.local
*** at Thu Feb 12 13:23:01 2026

   => Loading Basis Set <=

    Name: CC-PVTZ
    Role: ORBITAL
    Keyword: BASIS
    atoms 1-2 entry H          line    23 file /opt/anaconda3/envs/psi4/share/psi4/basis/cc-pvtz.gbs 


         ---------------------------------------------------------
                                   SCF
               by Justin Turney, Rob Parrish, Andy Simmonett
                          and Daniel G. A. Smith
                              RHF Reference
                        4 Threads,   1907 MiB Core
         ---------------------------------------------------------

  ==> Geometry <==

    Molecular point group: c1
    Full point group: D_inf_h

    Geometry (in Angstrom), charge = 0, multiplicity = 1:

       Center              X                  Y                   Z               Mass       
    ------------   -----------------  -----------------  -----------------  -----------------
         H            0.000000000000     0.000000000000    -1.673737373737     1.007825032230
         H            0.000000000000     0.000000000000     1.673737373737     1.007825032230

  Running in c1 symmetry.

  Rotational constants: A = ************  B =      2.98543  C =      2.98543 [cm^-1]
  Rotational constants: A = ************  B =  89500.90668  C =  89500.90668 [MHz]
  Nuclear repulsion =    0.158082510127731

  Charge       = 0
  Multiplicity = 1
  Electrons    = 2
  Nalpha       = 1
  Nbeta        = 1

  ==> Algorithm <==

  SCF Algorithm Type is DF.
  DIIS enabled.
  MOM disabled.
  Fractional occupation disabled.
  Guess Type is SAD.
  Energy threshold   = 1.00e-10
  Density threshold  = 1.00e-10
  Integral threshold = 1.00e-12

  ==> Primary Basis <==

  Basis Set: CC-PVTZ
    Blend: CC-PVTZ
    Number of shells: 12
    Number of basis functions: 28
    Number of Cartesian functions: 30
    Spherical Harmonics?: true
    Max angular momentum: 2

   => Loading Basis Set <=

    Name: (CC-PVTZ AUX)
    Role: JKFIT
    Keyword: DF_BASIS_SCF
    atoms 1-2 entry H          line    51 file /opt/anaconda3/envs/psi4/share/psi4/basis/cc-pvtz-jkfit.gbs 

  ==> Integral Setup <==

  DFHelper Memory: AOs need 0.001 GiB; user supplied 1.397 GiB. 
  SCF_SUBTYPE=INCORE selected. In-core MEM_DF algorithm will be used.
  Using in-core AOs.

  ==> MemDFJK: Density-Fitted J/K Matrices <==

    J tasked:                   Yes
    K tasked:                   Yes
    wK tasked:                   No
    OpenMP threads:               4
    Memory [MiB]:              1430
    Algorithm:                 Core
    Schwarz Cutoff:           1E-12
    Mask sparsity (%):       1.0204
    Fitting Condition:        1E-10

   => Auxiliary Basis Set <=

  Basis Set: (CC-PVTZ AUX)
    Blend: CC-PVTZ-JKFIT
    Number of shells: 20
    Number of basis functions: 60
    Number of Cartesian functions: 70
    Spherical Harmonics?: true
    Max angular momentum: 3

  Minimum eigenvalue in the overlap matrix is 9.5478427330E-02.
  Reciprocal condition number of the overlap matrix is 4.0882870899E-02.
    Using symmetric orthogonalization.

  ==> Pre-Iterations <==

  SCF Guess: Superposition of Atomic Densities via on-the-fly atomic UHF (no occupation information).

   -------------------------
    Irrep   Nso     Nmo    
   -------------------------
     A         28      28 
   -------------------------
    Total      28      28
   -------------------------

  ==> Iterations <==

                           Total Energy        Delta E     RMS |[F,P]|

   @DF-RHF iter SAD:    -0.83267003520643   -8.32670e-01   0.00000e+00 
   @DF-RHF iter   1:    -0.80915636997065    2.35137e-02   1.82890e-03 DIIS/ADIIS
   @DF-RHF iter   2:    -0.81277601073226   -3.61964e-03   3.23413e-04 DIIS/ADIIS
   @DF-RHF iter   3:    -0.81290760494536   -1.31594e-04   2.09848e-05 DIIS
   @DF-RHF iter   4:    -0.81290800662758   -4.01682e-07   8.12793e-07 DIIS
   @DF-RHF iter   5:    -0.81290800736030   -7.32724e-10   1.39109e-08 DIIS
   @DF-RHF iter   6:    -0.81290800736050   -1.96176e-13   4.67056e-10 DIIS
   @DF-RHF iter   7:    -0.81290800736050   -1.11022e-15   4.07415e-13 DIIS
  Energy and wave function converged.


  ==> Post-Iterations <==

    Orbital Energies [Eh]
    ---------------------

    Doubly Occupied:                                                      

       1A     -0.316197  

    Virtual:                                                              

       2A     -0.136354     3A      0.367466     4A      0.419590  
       5A      0.740679     6A      0.749847     7A      0.749847  
       8A      0.755943     9A      0.755943    10A      0.790040  
      11A      2.465547    12A      2.489626    13A      3.398225  
      14A      3.398225    15A      3.398263    16A      3.398263  
      17A      3.399224    18A      3.399224    19A      3.399412  
      20A      3.399412    21A      3.400374    22A      3.401215  
      23A      3.805416    24A      3.813579    25A      3.813579  
      26A      3.815988    27A      3.815988    28A      3.840323  

    Final Occupation by Irrep:
              A 
    DOCC [     1 ]
    NA   [     1 ]
    NB   [     1 ]

  @DF-RHF Final Energy:    -0.81290800736050

   => Energetics <=

    Nuclear Repulsion Energy =              0.1580825101277308
    One-Electron Energy =                  -1.3095868421068948
    Two-Electron Energy =                   0.3385963246186633
    Total Energy =                         -0.8129080073605007

Computation Completed


Properties will be evaluated at   0.000000,   0.000000,   0.000000 [a0]

Properties computed using the SCF density matrix


 Multipole Moments:

 ------------------------------------------------------------------------------------
     Multipole            Electronic (a.u.)      Nuclear  (a.u.)        Total (a.u.)
 ------------------------------------------------------------------------------------

 L = 1.  Multiply by 2.5417464519 to convert [e a0] to [Debye]
 Dipole X            :         -0.0000000            0.0000000           -0.0000000
 Dipole Y            :          0.0000000            0.0000000            0.0000000
 Dipole Z            :         -0.0000000            0.0000000           -0.0000000
 Magnitude           :                                                    0.0000000

 ------------------------------------------------------------------------------------

*** tstop() called on Angelinas-MacBook-Pro-574.local at Thu Feb 12 13:23:01 2026
Module time:
	user time   =       0.05 seconds =       0.00 minutes
	system time =       0.01 seconds =       0.00 minutes
	total time  =          0 seconds =       0.00 minutes
Total time:
	user time   =      61.52 seconds =       1.03 minutes
	system time =      16.36 seconds =       0.27 minutes
	total time  =      61573 seconds =    1026.22 minutes

Scratch directory: /tmp/
   => Libint2 <=

    Primary   basis highest AM E, G, H:  6, 6, 3
    Auxiliary basis highest AM E, G, H:  7, 7, 4
    Onebody   basis highest AM E, G, H:  -, -, -
    Solid Harmonics ordering:            Gaussian

*** tstart() called on Angelinas-MacBook-Pro-574.local
*** at Thu Feb 12 13:23:01 2026

   => Loading Basis Set <=

    Name: CC-PVTZ
    Role: ORBITAL
    Keyword: BASIS
    atoms 1-2 entry H          line    23 file /opt/anaconda3/envs/psi4/share/psi4/basis/cc-pvtz.gbs 


         ---------------------------------------------------------
                                   SCF
               by Justin Turney, Rob Parrish, Andy Simmonett
                          and Daniel G. A. Smith
                              RHF Reference
                        4 Threads,   1907 MiB Core
         ---------------------------------------------------------

  ==> Geometry <==

    Molecular point group: c1
    Full point group: D_inf_h

    Geometry (in Angstrom), charge = 0, multiplicity = 1:

       Center              X                  Y                   Z               Mass       
    ------------   -----------------  -----------------  -----------------  -----------------
         H            0.000000000000     0.000000000000    -1.692929292929     1.007825032230
         H            0.000000000000     0.000000000000     1.692929292929     1.007825032230

  Running in c1 symmetry.

  Rotational constants: A = ************  B =      2.91812  C =      2.91812 [cm^-1]
  Rotational constants: A = ************  B =  87483.15220  C =  87483.15220 [MHz]
  Nuclear repulsion =    0.156290405299314

  Charge       = 0
  Multiplicity = 1
  Electrons    = 2
  Nalpha       = 1
  Nbeta        = 1

  ==> Algorithm <==

  SCF Algorithm Type is DF.
  DIIS enabled.
  MOM disabled.
  Fractional occupation disabled.
  Guess Type is SAD.
  Energy threshold   = 1.00e-10
  Density threshold  = 1.00e-10
  Integral threshold = 1.00e-12

  ==> Primary Basis <==

  Basis Set: CC-PVTZ
    Blend: CC-PVTZ
    Number of shells: 12
    Number of basis functions: 28
    Number of Cartesian functions: 30
    Spherical Harmonics?: true
    Max angular momentum: 2

   => Loading Basis Set <=

    Name: (CC-PVTZ AUX)
    Role: JKFIT
    Keyword: DF_BASIS_SCF
    atoms 1-2 entry H          line    51 file /opt/anaconda3/envs/psi4/share/psi4/basis/cc-pvtz-jkfit.gbs 

  ==> Integral Setup <==

  DFHelper Memory: AOs need 0.001 GiB; user supplied 1.397 GiB. 
  SCF_SUBTYPE=INCORE selected. In-core MEM_DF algorithm will be used.
  Using in-core AOs.

  ==> MemDFJK: Density-Fitted J/K Matrices <==

    J tasked:                   Yes
    K tasked:                   Yes
    wK tasked:                   No
    OpenMP threads:               4
    Memory [MiB]:              1430
    Algorithm:                 Core
    Schwarz Cutoff:           1E-12
    Mask sparsity (%):       1.0204
    Fitting Condition:        1E-10

   => Auxiliary Basis Set <=

  Basis Set: (CC-PVTZ AUX)
    Blend: CC-PVTZ-JKFIT
    Number of shells: 20
    Number of basis functions: 60
    Number of Cartesian functions: 70
    Spherical Harmonics?: true
    Max angular momentum: 3

  Minimum eigenvalue in the overlap matrix is 9.5810346664E-02.
  Reciprocal condition number of the overlap matrix is 4.1104022031E-02.
    Using symmetric orthogonalization.

  ==> Pre-Iterations <==

  SCF Guess: Superposition of Atomic Densities via on-the-fly atomic UHF (no occupation information).

   -------------------------
    Irrep   Nso     Nmo    
   -------------------------
     A         28      28 
   -------------------------
    Total      28      28
   -------------------------

  ==> Iterations <==

                           Total Energy        Delta E     RMS |[F,P]|

   @DF-RHF iter SAD:    -0.83274570267184   -8.32746e-01   0.00000e+00 
   @DF-RHF iter   1:    -0.80739823881993    2.53475e-02   1.81503e-03 DIIS/ADIIS
   @DF-RHF iter   2:    -0.81097987713349   -3.58164e-03   3.20309e-04 DIIS/ADIIS
   @DF-RHF iter   3:    -0.81110966944284   -1.29792e-04   2.09623e-05 DIIS
   @DF-RHF iter   4:    -0.81111007013407   -4.00691e-07   7.89102e-07 DIIS
   @DF-RHF iter   5:    -0.81111007082163   -6.87560e-10   1.36704e-08 DIIS
   @DF-RHF iter   6:    -0.81111007082182   -1.91624e-13   4.52744e-10 DIIS
   @DF-RHF iter   7:    -0.81111007082182   -8.88178e-16   3.95427e-13 DIIS
  Energy and wave function converged.


  ==> Post-Iterations <==

    Orbital Energies [Eh]
    ---------------------

    Doubly Occupied:                                                      

       1A     -0.314901  

    Virtual:                                                              

       2A     -0.137757     3A      0.366408     4A      0.420096  
       5A      0.742128     6A      0.750009     7A      0.750009  
       8A      0.755599     9A      0.755599    10A      0.786482  
      11A      2.463594    12A      2.490560    13A      3.398206  
      14A      3.398206    15A      3.398242    16A      3.398242  
      17A      3.399168    18A      3.399168    19A      3.399343  
      20A      3.399343    21A      3.400234    22A      3.400981  
      23A      3.806930    24A      3.813768    25A      3.813768  
      26A      3.815823    27A      3.815823    28A      3.837454  

    Final Occupation by Irrep:
              A 
    DOCC [     1 ]
    NA   [     1 ]
    NB   [     1 ]

  @DF-RHF Final Energy:    -0.81111007082182

   => Energetics <=

    Nuclear Repulsion Energy =              0.1562904052993138
    One-Electron Energy =                  -1.3049991880013121
    Two-Electron Energy =                   0.3375987118801773
    Total Energy =                         -0.8111100708218208

Computation Completed


Properties will be evaluated at   0.000000,   0.000000,   0.000000 [a0]

Properties computed using the SCF density matrix


 Multipole Moments:

 ------------------------------------------------------------------------------------
     Multipole            Electronic (a.u.)      Nuclear  (a.u.)        Total (a.u.)
 ------------------------------------------------------------------------------------

 L = 1.  Multiply by 2.5417464519 to convert [e a0] to [Debye]
 Dipole X            :          0.0000000            0.0000000            0.0000000
 Dipole Y            :          0.0000000            0.0000000            0.0000000
 Dipole Z            :         -0.0000000            0.0000000           -0.0000000
 Magnitude           :                                                    0.0000000

 ------------------------------------------------------------------------------------

*** tstop() called on Angelinas-MacBook-Pro-574.local at Thu Feb 12 13:23:01 2026
Module time:
	user time   =       0.06 seconds =       0.00 minutes
	system time =       0.00 seconds =       0.00 minutes
	total time  =          0 seconds =       0.00 minutes
Total time:
	user time   =      61.59 seconds =       1.03 minutes
	system time =      16.36 seconds =       0.27 minutes
	total time  =      61573 seconds =    1026.22 minutes

Scratch directory: /tmp/
   => Libint2 <=

    Primary   basis highest AM E, G, H:  6, 6, 3
    Auxiliary basis highest AM E, G, H:  7, 7, 4
    Onebody   basis highest AM E, G, H:  -, -, -
    Solid Harmonics ordering:            Gaussian

*** tstart() called on Angelinas-MacBook-Pro-574.local
*** at Thu Feb 12 13:23:01 2026

   => Loading Basis Set <=

    Name: CC-PVTZ
    Role: ORBITAL
    Keyword: BASIS
    atoms 1-2 entry H          line    23 file /opt/anaconda3/envs/psi4/share/psi4/basis/cc-pvtz.gbs 


         ---------------------------------------------------------
                                   SCF
               by Justin Turney, Rob Parrish, Andy Simmonett
                          and Daniel G. A. Smith
                              RHF Reference
                        4 Threads,   1907 MiB Core
         ---------------------------------------------------------

  ==> Geometry <==

    Molecular point group: c1
    Full point group: D_inf_h

    Geometry (in Angstrom), charge = 0, multiplicity = 1:

       Center              X                  Y                   Z               Mass       
    ------------   -----------------  -----------------  -----------------  -----------------
         H            0.000000000000     0.000000000000    -1.712121212121     1.007825032230
         H            0.000000000000     0.000000000000     1.712121212121     1.007825032230

  Running in c1 symmetry.

  Rotational constants: A = ************  B =      2.85307  C =      2.85307 [cm^-1]
  Rotational constants: A = ************  B =  85532.87038  C =  85532.87038 [MHz]
  Nuclear repulsion =    0.154538477452301

  Charge       = 0
  Multiplicity = 1
  Electrons    = 2
  Nalpha       = 1
  Nbeta        = 1

  ==> Algorithm <==

  SCF Algorithm Type is DF.
  DIIS enabled.
  MOM disabled.
  Fractional occupation disabled.
  Guess Type is SAD.
  Energy threshold   = 1.00e-10
  Density threshold  = 1.00e-10
  Integral threshold = 1.00e-12

  ==> Primary Basis <==

  Basis Set: CC-PVTZ
    Blend: CC-PVTZ
    Number of shells: 12
    Number of basis functions: 28
    Number of Cartesian functions: 30
    Spherical Harmonics?: true
    Max angular momentum: 2

   => Loading Basis Set <=

    Name: (CC-PVTZ AUX)
    Role: JKFIT
    Keyword: DF_BASIS_SCF
    atoms 1-2 entry H          line    51 file /opt/anaconda3/envs/psi4/share/psi4/basis/cc-pvtz-jkfit.gbs 

  ==> Integral Setup <==

  DFHelper Memory: AOs need 0.001 GiB; user supplied 1.397 GiB. 
  SCF_SUBTYPE=INCORE selected. In-core MEM_DF algorithm will be used.
  Using in-core AOs.

  ==> MemDFJK: Density-Fitted J/K Matrices <==

    J tasked:                   Yes
    K tasked:                   Yes
    wK tasked:                   No
    OpenMP threads:               4
    Memory [MiB]:              1430
    Algorithm:                 Core
    Schwarz Cutoff:           1E-12
    Mask sparsity (%):       2.0408
    Fitting Condition:        1E-10

   => Auxiliary Basis Set <=

  Basis Set: (CC-PVTZ AUX)
    Blend: CC-PVTZ-JKFIT
    Number of shells: 20
    Number of basis functions: 60
    Number of Cartesian functions: 70
    Spherical Harmonics?: true
    Max angular momentum: 3

  Minimum eigenvalue in the overlap matrix is 9.6144008439E-02.
  Reciprocal condition number of the overlap matrix is 4.1322303947E-02.
    Using symmetric orthogonalization.

  ==> Pre-Iterations <==

  SCF Guess: Superposition of Atomic Densities via on-the-fly atomic UHF (no occupation information).

   -------------------------
    Irrep   Nso     Nmo    
   -------------------------
     A         28      28 
   -------------------------
    Total      28      28
   -------------------------

  ==> Iterations <==

                           Total Energy        Delta E     RMS |[F,P]|

   @DF-RHF iter SAD:    -0.83283739152137   -8.32837e-01   0.00000e+00 
   @DF-RHF iter   1:    -0.80568859709672    2.71488e-02   1.80187e-03 DIIS/ADIIS
   @DF-RHF iter   2:    -0.80923548410829   -3.54689e-03   3.17344e-04 DIIS/ADIIS
   @DF-RHF iter   3:    -0.80936358248198   -1.28098e-04   2.09335e-05 DIIS
   @DF-RHF iter   4:    -0.80936398188763   -3.99406e-07   7.65549e-07 DIIS
   @DF-RHF iter   5:    -0.80936398253165   -6.44018e-10   1.34448e-08 DIIS
   @DF-RHF iter   6:    -0.80936398253183   -1.87406e-13   4.38972e-10 DIIS
   @DF-RHF iter   7:    -0.80936398253183    6.66134e-16   3.87373e-13 DIIS
  Energy and wave function converged.


  ==> Post-Iterations <==

    Orbital Energies [Eh]
    ---------------------

    Doubly Occupied:                                                      

       1A     -0.313632  

    Virtual:                                                              

       2A     -0.139116     3A      0.365449     4A      0.420540  
       5A      0.743405     6A      0.750157     7A      0.750157  
       8A      0.755296     9A      0.755296    10A      0.783217  
      11A      2.461725    12A      2.491466    13A      3.398205  
      14A      3.398205    15A      3.398239    16A      3.398239  
      17A      3.399131    18A      3.399131    19A      3.399295  
      20A      3.399295    21A      3.400115    22A      3.400779  
      23A      3.808271    24A      3.813953    25A      3.813953  
      26A      3.815702    27A      3.815702    28A      3.834888  

    Final Occupation by Irrep:
              A 
    DOCC [     1 ]
    NA   [     1 ]
    NB   [     1 ]

  @DF-RHF Final Energy:    -0.80936398253183

   => Energetics <=

    Nuclear Repulsion Energy =              0.1545384774523009
    One-Electron Energy =                  -1.3005414645502666
    Two-Electron Energy =                   0.3366390045661329
    Total Energy =                         -0.8093639825318328

Computation Completed


Properties will be evaluated at   0.000000,   0.000000,   0.000000 [a0]

Properties computed using the SCF density matrix


 Multipole Moments:

 ------------------------------------------------------------------------------------
     Multipole            Electronic (a.u.)      Nuclear  (a.u.)        Total (a.u.)
 ------------------------------------------------------------------------------------

 L = 1.  Multiply by 2.5417464519 to convert [e a0] to [Debye]
 Dipole X            :          0.0000000            0.0000000            0.0000000
 Dipole Y            :         -0.0000000            0.0000000           -0.0000000
 Dipole Z            :         -0.0000000            0.0000000           -0.0000000
 Magnitude           :                                                    0.0000000

 ------------------------------------------------------------------------------------

*** tstop() called on Angelinas-MacBook-Pro-574.local at Thu Feb 12 13:23:01 2026
Module time:
	user time   =       0.05 seconds =       0.00 minutes
	system time =       0.01 seconds =       0.00 minutes
	total time  =          0 seconds =       0.00 minutes
Total time:
	user time   =      61.65 seconds =       1.03 minutes
	system time =      16.37 seconds =       0.27 minutes
	total time  =      61573 seconds =    1026.22 minutes

Scratch directory: /tmp/
   => Libint2 <=

    Primary   basis highest AM E, G, H:  6, 6, 3
    Auxiliary basis highest AM E, G, H:  7, 7, 4
    Onebody   basis highest AM E, G, H:  -, -, -
    Solid Harmonics ordering:            Gaussian

*** tstart() called on Angelinas-MacBook-Pro-574.local
*** at Thu Feb 12 13:23:01 2026

   => Loading Basis Set <=

    Name: CC-PVTZ
    Role: ORBITAL
    Keyword: BASIS
    atoms 1-2 entry H          line    23 file /opt/anaconda3/envs/psi4/share/psi4/basis/cc-pvtz.gbs 


         ---------------------------------------------------------
                                   SCF
               by Justin Turney, Rob Parrish, Andy Simmonett
                          and Daniel G. A. Smith
                              RHF Reference
                        4 Threads,   1907 MiB Core
         ---------------------------------------------------------

  ==> Geometry <==

    Molecular point group: c1
    Full point group: D_inf_h

    Geometry (in Angstrom), charge = 0, multiplicity = 1:

       Center              X                  Y                   Z               Mass       
    ------------   -----------------  -----------------  -----------------  -----------------
         H            0.000000000000     0.000000000000    -1.731313131313     1.007825032230
         H            0.000000000000     0.000000000000     1.731313131313     1.007825032230

  Running in c1 symmetry.

  Rotational constants: A = ************  B =      2.79017  C =      2.79017 [cm^-1]
  Rotational constants: A = ************  B =  83647.08609  C =  83647.08609 [MHz]
  Nuclear repulsion =    0.152825390479376

  Charge       = 0
  Multiplicity = 1
  Electrons    = 2
  Nalpha       = 1
  Nbeta        = 1

  ==> Algorithm <==

  SCF Algorithm Type is DF.
  DIIS enabled.
  MOM disabled.
  Fractional occupation disabled.
  Guess Type is SAD.
  Energy threshold   = 1.00e-10
  Density threshold  = 1.00e-10
  Integral threshold = 1.00e-12

  ==> Primary Basis <==

  Basis Set: CC-PVTZ
    Blend: CC-PVTZ
    Number of shells: 12
    Number of basis functions: 28
    Number of Cartesian functions: 30
    Spherical Harmonics?: true
    Max angular momentum: 2

   => Loading Basis Set <=

    Name: (CC-PVTZ AUX)
    Role: JKFIT
    Keyword: DF_BASIS_SCF
    atoms 1-2 entry H          line    51 file /opt/anaconda3/envs/psi4/share/psi4/basis/cc-pvtz-jkfit.gbs 

  ==> Integral Setup <==

  DFHelper Memory: AOs need 0.001 GiB; user supplied 1.397 GiB. 
  SCF_SUBTYPE=INCORE selected. In-core MEM_DF algorithm will be used.
  Using in-core AOs.

  ==> MemDFJK: Density-Fitted J/K Matrices <==

    J tasked:                   Yes
    K tasked:                   Yes
    wK tasked:                   No
    OpenMP threads:               4
    Memory [MiB]:              1430
    Algorithm:                 Core
    Schwarz Cutoff:           1E-12
    Mask sparsity (%):       3.0612
    Fitting Condition:        1E-10

   => Auxiliary Basis Set <=

  Basis Set: (CC-PVTZ AUX)
    Blend: CC-PVTZ-JKFIT
    Number of shells: 20
    Number of basis functions: 60
    Number of Cartesian functions: 70
    Spherical Harmonics?: true
    Max angular momentum: 3

  Minimum eigenvalue in the overlap matrix is 9.6479245194E-02.
  Reciprocal condition number of the overlap matrix is 4.1537788238E-02.
    Using symmetric orthogonalization.

  ==> Pre-Iterations <==

  SCF Guess: Superposition of Atomic Densities via on-the-fly atomic UHF (no occupation information).

   -------------------------
    Irrep   Nso     Nmo    
   -------------------------
     A         28      28 
   -------------------------
    Total      28      28
   -------------------------

  ==> Iterations <==

                           Total Energy        Delta E     RMS |[F,P]|

   @DF-RHF iter SAD:    -0.83294327299457   -8.32943e-01   0.00000e+00 
   @DF-RHF iter   1:    -0.80402611404873    2.89172e-02   1.78941e-03 DIIS/ADIIS
   @DF-RHF iter   2:    -0.80754129152110   -3.51518e-03   3.14512e-04 DIIS/ADIIS
   @DF-RHF iter   3:    -0.80766779356556   -1.26502e-04   2.08982e-05 DIIS
   @DF-RHF iter   4:    -0.80766819138040   -3.97815e-07   7.42178e-07 DIIS
   @DF-RHF iter   5:    -0.80766819198259   -6.02188e-10   1.32327e-08 DIIS
   @DF-RHF iter   6:    -0.80766819198277   -1.84519e-13   4.25680e-10 DIIS
   @DF-RHF iter   7:    -0.80766819198277    6.66134e-16   3.82793e-13 DIIS
  Energy and wave function converged.


  ==> Post-Iterations <==

    Orbital Energies [Eh]
    ---------------------

    Doubly Occupied:                                                      

       1A     -0.312389  

    Virtual:                                                              

       2A     -0.140432     3A      0.364588     4A      0.420917  
       5A      0.744528     6A      0.750292     7A      0.750292  
       8A      0.755030     9A      0.755030    10A      0.780228  
      11A      2.459952    12A      2.492333    13A      3.398223  
      14A      3.398223    15A      3.398255    16A      3.398255  
      17A      3.399112    18A      3.399112    19A      3.399265  
      20A      3.399265    21A      3.400016    22A      3.400608  
      23A      3.809455    24A      3.814134    25A      3.814134  
      26A      3.815621    27A      3.815621    28A      3.832599  

    Final Occupation by Irrep:
              A 
    DOCC [     1 ]
    NA   [     1 ]
    NB   [     1 ]

  @DF-RHF Final Energy:    -0.80766819198277

   => Energetics <=

    Nuclear Repulsion Energy =              0.1528253904793757
    One-Electron Energy =                  -1.2962092354870640
    Two-Electron Energy =                   0.3357156530249150
    Total Energy =                         -0.8076681919827733

Computation Completed


Properties will be evaluated at   0.000000,   0.000000,   0.000000 [a0]

Properties computed using the SCF density matrix


 Multipole Moments:

 ------------------------------------------------------------------------------------
     Multipole            Electronic (a.u.)      Nuclear  (a.u.)        Total (a.u.)
 ------------------------------------------------------------------------------------

 L = 1.  Multiply by 2.5417464519 to convert [e a0] to [Debye]
 Dipole X            :          0.0000000            0.0000000            0.0000000
 Dipole Y            :          0.0000000            0.0000000            0.0000000
 Dipole Z            :          0.0000000            0.0000000            0.0000000
 Magnitude           :                                                    0.0000000

 ------------------------------------------------------------------------------------

*** tstop() called on Angelinas-MacBook-Pro-574.local at Thu Feb 12 13:23:01 2026
Module time:
	user time   =       0.06 seconds =       0.00 minutes
	system time =       0.00 seconds =       0.00 minutes
	total time  =          0 seconds =       0.00 minutes
Total time:
	user time   =      61.72 seconds =       1.03 minutes
	system time =      16.37 seconds =       0.27 minutes
	total time  =      61573 seconds =    1026.22 minutes

Scratch directory: /tmp/
   => Libint2 <=

    Primary   basis highest AM E, G, H:  6, 6, 3
    Auxiliary basis highest AM E, G, H:  7, 7, 4
    Onebody   basis highest AM E, G, H:  -, -, -
    Solid Harmonics ordering:            Gaussian

*** tstart() called on Angelinas-MacBook-Pro-574.local
*** at Thu Feb 12 13:23:01 2026

   => Loading Basis Set <=

    Name: CC-PVTZ
    Role: ORBITAL
    Keyword: BASIS
    atoms 1-2 entry H          line    23 file /opt/anaconda3/envs/psi4/share/psi4/basis/cc-pvtz.gbs 


         ---------------------------------------------------------
                                   SCF
               by Justin Turney, Rob Parrish, Andy Simmonett
                          and Daniel G. A. Smith
                              RHF Reference
                        4 Threads,   1907 MiB Core
         ---------------------------------------------------------

  ==> Geometry <==

    Molecular point group: c1
    Full point group: D_inf_h

    Geometry (in Angstrom), charge = 0, multiplicity = 1:

       Center              X                  Y                   Z               Mass       
    ------------   -----------------  -----------------  -----------------  -----------------
         H            0.000000000000     0.000000000000    -1.750505050505     1.007825032230
         H            0.000000000000     0.000000000000     1.750505050505     1.007825032230

  Running in c1 symmetry.

  Rotational constants: A = ************  B =      2.72932  C =      2.72932 [cm^-1]
  Rotational constants: A = ************  B =  81822.98638  C =  81822.98638 [MHz]
  Nuclear repulsion =    0.151149866867657

  Charge       = 0
  Multiplicity = 1
  Electrons    = 2
  Nalpha       = 1
  Nbeta        = 1

  ==> Algorithm <==

  SCF Algorithm Type is DF.
  DIIS enabled.
  MOM disabled.
  Fractional occupation disabled.
  Guess Type is SAD.
  Energy threshold   = 1.00e-10
  Density threshold  = 1.00e-10
  Integral threshold = 1.00e-12

  ==> Primary Basis <==

  Basis Set: CC-PVTZ
    Blend: CC-PVTZ
    Number of shells: 12
    Number of basis functions: 28
    Number of Cartesian functions: 30
    Spherical Harmonics?: true
    Max angular momentum: 2

   => Loading Basis Set <=

    Name: (CC-PVTZ AUX)
    Role: JKFIT
    Keyword: DF_BASIS_SCF
    atoms 1-2 entry H          line    51 file /opt/anaconda3/envs/psi4/share/psi4/basis/cc-pvtz-jkfit.gbs 

  ==> Integral Setup <==

  DFHelper Memory: AOs need 0.001 GiB; user supplied 1.397 GiB. 
  SCF_SUBTYPE=INCORE selected. In-core MEM_DF algorithm will be used.
  Using in-core AOs.

  ==> MemDFJK: Density-Fitted J/K Matrices <==

    J tasked:                   Yes
    K tasked:                   Yes
    wK tasked:                   No
    OpenMP threads:               4
    Memory [MiB]:              1430
    Algorithm:                 Core
    Schwarz Cutoff:           1E-12
    Mask sparsity (%):       3.0612
    Fitting Condition:        1E-10

   => Auxiliary Basis Set <=

  Basis Set: (CC-PVTZ AUX)
    Blend: CC-PVTZ-JKFIT
    Number of shells: 20
    Number of basis functions: 60
    Number of Cartesian functions: 70
    Spherical Harmonics?: true
    Max angular momentum: 3

  Minimum eigenvalue in the overlap matrix is 9.6815835810E-02.
  Reciprocal condition number of the overlap matrix is 4.1750519760E-02.
    Using symmetric orthogonalization.

  ==> Pre-Iterations <==

  SCF Guess: Superposition of Atomic Densities via on-the-fly atomic UHF (no occupation information).

   -------------------------
    Irrep   Nso     Nmo    
   -------------------------
     A         28      28 
   -------------------------
    Total      28      28
   -------------------------

  ==> Iterations <==

                           Total Energy        Delta E     RMS |[F,P]|

   @DF-RHF iter SAD:    -0.83306167064406   -8.33062e-01   0.00000e+00 
   @DF-RHF iter   1:    -0.80240949712090    3.06522e-02   1.77762e-03 DIIS/ADIIS
   @DF-RHF iter   2:    -0.80589580586578   -3.48631e-03   3.11805e-04 DIIS/ADIIS
   @DF-RHF iter   3:    -0.80602079966581   -1.24994e-04   2.08560e-05 DIIS
   @DF-RHF iter   4:    -0.80602119557698   -3.95911e-07   7.19034e-07 DIIS
   @DF-RHF iter   5:    -0.80602119613912   -5.62141e-10   1.30327e-08 DIIS
   @DF-RHF iter   6:    -0.80602119613930   -1.80078e-13   4.12819e-10 DIIS
   @DF-RHF iter   7:    -0.80602119613930    1.77636e-15   3.81256e-13 DIIS
  Energy and wave function converged.


  ==> Post-Iterations <==

    Orbital Energies [Eh]
    ---------------------

    Doubly Occupied:                                                      

       1A     -0.311172  

    Virtual:                                                              

       2A     -0.141705     3A      0.363823     4A      0.421225  
       5A      0.745511     6A      0.750416     7A      0.750416  
       8A      0.754798     9A      0.754798    10A      0.777500  
      11A      2.458285    12A      2.493149    13A      3.398258  
      14A      3.398258    15A      3.398288    16A      3.398288  
      17A      3.399110    18A      3.399110    19A      3.399253  
      20A      3.399253    21A      3.399938    22A      3.400465  
      23A      3.810498    24A      3.814314    25A      3.814314  
      26A      3.815575    27A      3.815575    28A      3.830568  

    Final Occupation by Irrep:
              A 
    DOCC [     1 ]
    NA   [     1 ]
    NB   [     1 ]

  @DF-RHF Final Energy:    -0.80602119613930

   => Energetics <=

    Nuclear Repulsion Energy =              0.1511498668676572
    One-Electron Energy =                  -1.2919982063179105
    Two-Electron Energy =                   0.3348271433109576
    Total Energy =                         -0.8060211961392958

Computation Completed


Properties will be evaluated at   0.000000,   0.000000,   0.000000 [a0]

Properties computed using the SCF density matrix


 Multipole Moments:

 ------------------------------------------------------------------------------------
     Multipole            Electronic (a.u.)      Nuclear  (a.u.)        Total (a.u.)
 ------------------------------------------------------------------------------------

 L = 1.  Multiply by 2.5417464519 to convert [e a0] to [Debye]
 Dipole X            :          0.0000000            0.0000000            0.0000000
 Dipole Y            :          0.0000000            0.0000000            0.0000000
 Dipole Z            :          0.0000000            0.0000000            0.0000000
 Magnitude           :                                                    0.0000000

 ------------------------------------------------------------------------------------

*** tstop() called on Angelinas-MacBook-Pro-574.local at Thu Feb 12 13:23:01 2026
Module time:
	user time   =       0.05 seconds =       0.00 minutes
	system time =       0.01 seconds =       0.00 minutes
	total time  =          0 seconds =       0.00 minutes
Total time:
	user time   =      61.78 seconds =       1.03 minutes
	system time =      16.38 seconds =       0.27 minutes
	total time  =      61573 seconds =    1026.22 minutes

Scratch directory: /tmp/
   => Libint2 <=

    Primary   basis highest AM E, G, H:  6, 6, 3
    Auxiliary basis highest AM E, G, H:  7, 7, 4
    Onebody   basis highest AM E, G, H:  -, -, -
    Solid Harmonics ordering:            Gaussian

*** tstart() called on Angelinas-MacBook-Pro-574.local
*** at Thu Feb 12 13:23:01 2026

   => Loading Basis Set <=

    Name: CC-PVTZ
    Role: ORBITAL
    Keyword: BASIS
    atoms 1-2 entry H          line    23 file /opt/anaconda3/envs/psi4/share/psi4/basis/cc-pvtz.gbs 


         ---------------------------------------------------------
                                   SCF
               by Justin Turney, Rob Parrish, Andy Simmonett
                          and Daniel G. A. Smith
                              RHF Reference
                        4 Threads,   1907 MiB Core
         ---------------------------------------------------------

  ==> Geometry <==

    Molecular point group: c1
    Full point group: D_inf_h

    Geometry (in Angstrom), charge = 0, multiplicity = 1:

       Center              X                  Y                   Z               Mass       
    ------------   -----------------  -----------------  -----------------  -----------------
         H            0.000000000000     0.000000000000    -1.769696969697     1.007825032230
         H            0.000000000000     0.000000000000     1.769696969697     1.007825032230

  Running in c1 symmetry.

  Rotational constants: A = ************  B =      2.67044  C =      2.67044 [cm^-1]
  Rotational constants: A = ************  B =  80057.90998  C =  80057.90998 [MHz]
  Nuclear repulsion =    0.149510684521490

  Charge       = 0
  Multiplicity = 1
  Electrons    = 2
  Nalpha       = 1
  Nbeta        = 1

  ==> Algorithm <==

  SCF Algorithm Type is DF.
  DIIS enabled.
  MOM disabled.
  Fractional occupation disabled.
  Guess Type is SAD.
  Energy threshold   = 1.00e-10
  Density threshold  = 1.00e-10
  Integral threshold = 1.00e-12

  ==> Primary Basis <==

  Basis Set: CC-PVTZ
    Blend: CC-PVTZ
    Number of shells: 12
    Number of basis functions: 28
    Number of Cartesian functions: 30
    Spherical Harmonics?: true
    Max angular momentum: 2

   => Loading Basis Set <=

    Name: (CC-PVTZ AUX)
    Role: JKFIT
    Keyword: DF_BASIS_SCF
    atoms 1-2 entry H          line    51 file /opt/anaconda3/envs/psi4/share/psi4/basis/cc-pvtz-jkfit.gbs 

  ==> Integral Setup <==

  DFHelper Memory: AOs need 0.001 GiB; user supplied 1.397 GiB. 
  SCF_SUBTYPE=INCORE selected. In-core MEM_DF algorithm will be used.
  Using in-core AOs.

  ==> MemDFJK: Density-Fitted J/K Matrices <==

    J tasked:                   Yes
    K tasked:                   Yes
    wK tasked:                   No
    OpenMP threads:               4
    Memory [MiB]:              1430
    Algorithm:                 Core
    Schwarz Cutoff:           1E-12
    Mask sparsity (%):       5.1020
    Fitting Condition:        1E-10

   => Auxiliary Basis Set <=

  Basis Set: (CC-PVTZ AUX)
    Blend: CC-PVTZ-JKFIT
    Number of shells: 20
    Number of basis functions: 60
    Number of Cartesian functions: 70
    Spherical Harmonics?: true
    Max angular momentum: 3

  Minimum eigenvalue in the overlap matrix is 9.7153509486E-02.
  Reciprocal condition number of the overlap matrix is 4.1960518103E-02.
    Using symmetric orthogonalization.

  ==> Pre-Iterations <==

  SCF Guess: Superposition of Atomic Densities via on-the-fly atomic UHF (no occupation information).

   -------------------------
    Irrep   Nso     Nmo    
   -------------------------
     A         28      28 
   -------------------------
    Total      28      28
   -------------------------

  ==> Iterations <==

                           Total Energy        Delta E     RMS |[F,P]|

   @DF-RHF iter SAD:    -0.83319105028949   -8.33191e-01   0.00000e+00 
   @DF-RHF iter   1:    -0.80083749048483    3.23536e-02   1.76648e-03 DIIS/ADIIS
   @DF-RHF iter   2:    -0.80429757873469   -3.46009e-03   3.09216e-04 DIIS/ADIIS
   @DF-RHF iter   3:    -0.80442114364471   -1.23565e-04   2.08069e-05 DIIS
   @DF-RHF iter   4:    -0.80442153733491   -3.93690e-07   6.96161e-07 DIIS
   @DF-RHF iter   5:    -0.80442153785884   -5.23929e-10   1.28438e-08 DIIS
   @DF-RHF iter   6:    -0.80442153785902   -1.76192e-13   4.00345e-10 DIIS
   @DF-RHF iter   7:    -0.80442153785902   -8.88178e-16   3.81901e-13 DIIS
  Energy and wave function converged.


  ==> Post-Iterations <==

    Orbital Energies [Eh]
    ---------------------

    Doubly Occupied:                                                      

       1A     -0.309980  

    Virtual:                                                              

       2A     -0.142939     3A      0.363151     4A      0.421461  
       5A      0.746368     6A      0.750531     7A      0.750531  
       8A      0.754596     9A      0.754596    10A      0.775018  
      11A      2.456730    12A      2.493907    13A      3.398308  
      14A      3.398308    15A      3.398337    16A      3.398337  
      17A      3.399123    18A      3.399123    19A      3.399258  
      20A      3.399258    21A      3.399880    22A      3.400350  
      23A      3.811415    24A      3.814494    25A      3.814494  
      26A      3.815562    27A      3.815562    28A      3.828773  

    Final Occupation by Irrep:
              A 
    DOCC [     1 ]
    NA   [     1 ]
    NB   [     1 ]

  @DF-RHF Final Energy:    -0.80442153785902

   => Energetics <=

    Nuclear Repulsion Energy =              0.1495106845214897
    One-Electron Energy =                  -1.2879042188741283
    Two-Electron Energy =                   0.3339719964936202
    Total Energy =                         -0.8044215378590183

Computation Completed


Properties will be evaluated at   0.000000,   0.000000,   0.000000 [a0]

Properties computed using the SCF density matrix


 Multipole Moments:

 ------------------------------------------------------------------------------------
     Multipole            Electronic (a.u.)      Nuclear  (a.u.)        Total (a.u.)
 ------------------------------------------------------------------------------------

 L = 1.  Multiply by 2.5417464519 to convert [e a0] to [Debye]
 Dipole X            :          0.0000000            0.0000000            0.0000000
 Dipole Y            :          0.0000000            0.0000000            0.0000000
 Dipole Z            :         -0.0000000            0.0000000           -0.0000000
 Magnitude           :                                                    0.0000000

 ------------------------------------------------------------------------------------

*** tstop() called on Angelinas-MacBook-Pro-574.local at Thu Feb 12 13:23:01 2026
Module time:
	user time   =       0.06 seconds =       0.00 minutes
	system time =       0.00 seconds =       0.00 minutes
	total time  =          0 seconds =       0.00 minutes
Total time:
	user time   =      61.85 seconds =       1.03 minutes
	system time =      16.38 seconds =       0.27 minutes
	total time  =      61573 seconds =    1026.22 minutes

Scratch directory: /tmp/
   => Libint2 <=

    Primary   basis highest AM E, G, H:  6, 6, 3
    Auxiliary basis highest AM E, G, H:  7, 7, 4
    Onebody   basis highest AM E, G, H:  -, -, -
    Solid Harmonics ordering:            Gaussian

*** tstart() called on Angelinas-MacBook-Pro-574.local
*** at Thu Feb 12 13:23:01 2026

   => Loading Basis Set <=

    Name: CC-PVTZ
    Role: ORBITAL
    Keyword: BASIS
    atoms 1-2 entry H          line    23 file /opt/anaconda3/envs/psi4/share/psi4/basis/cc-pvtz.gbs 


         ---------------------------------------------------------
                                   SCF
               by Justin Turney, Rob Parrish, Andy Simmonett
                          and Daniel G. A. Smith
                              RHF Reference
                        4 Threads,   1907 MiB Core
         ---------------------------------------------------------

  ==> Geometry <==

    Molecular point group: c1
    Full point group: D_inf_h

    Geometry (in Angstrom), charge = 0, multiplicity = 1:

       Center              X                  Y                   Z               Mass       
    ------------   -----------------  -----------------  -----------------  -----------------
         H            0.000000000000     0.000000000000    -1.788888888889     1.007825032230
         H            0.000000000000     0.000000000000     1.788888888889     1.007825032230

  Running in c1 symmetry.

  Rotational constants: A = ************  B =      2.61345  C =      2.61345 [cm^-1]
  Rotational constants: A = ************  B =  78349.33765  C =  78349.33765 [MHz]
  Nuclear repulsion =    0.147906673789752

  Charge       = 0
  Multiplicity = 1
  Electrons    = 2
  Nalpha       = 1
  Nbeta        = 1

  ==> Algorithm <==

  SCF Algorithm Type is DF.
  DIIS enabled.
  MOM disabled.
  Fractional occupation disabled.
  Guess Type is SAD.
  Energy threshold   = 1.00e-10
  Density threshold  = 1.00e-10
  Integral threshold = 1.00e-12

  ==> Primary Basis <==

  Basis Set: CC-PVTZ
    Blend: CC-PVTZ
    Number of shells: 12
    Number of basis functions: 28
    Number of Cartesian functions: 30
    Spherical Harmonics?: true
    Max angular momentum: 2

   => Loading Basis Set <=

    Name: (CC-PVTZ AUX)
    Role: JKFIT
    Keyword: DF_BASIS_SCF
    atoms 1-2 entry H          line    51 file /opt/anaconda3/envs/psi4/share/psi4/basis/cc-pvtz-jkfit.gbs 

  ==> Integral Setup <==

  DFHelper Memory: AOs need 0.001 GiB; user supplied 1.397 GiB. 
  SCF_SUBTYPE=INCORE selected. In-core MEM_DF algorithm will be used.
  Using in-core AOs.

  ==> MemDFJK: Density-Fitted J/K Matrices <==

    J tasked:                   Yes
    K tasked:                   Yes
    wK tasked:                   No
    OpenMP threads:               4
    Memory [MiB]:              1430
    Algorithm:                 Core
    Schwarz Cutoff:           1E-12
    Mask sparsity (%):       5.3571
    Fitting Condition:        1E-10

   => Auxiliary Basis Set <=

  Basis Set: (CC-PVTZ AUX)
    Blend: CC-PVTZ-JKFIT
    Number of shells: 20
    Number of basis functions: 60
    Number of Cartesian functions: 70
    Spherical Harmonics?: true
    Max angular momentum: 3

  Minimum eigenvalue in the overlap matrix is 9.7491950309E-02.
  Reciprocal condition number of the overlap matrix is 4.2167779367E-02.
    Using symmetric orthogonalization.

  ==> Pre-Iterations <==

  SCF Guess: Superposition of Atomic Densities via on-the-fly atomic UHF (no occupation information).

   -------------------------
    Irrep   Nso     Nmo    
   -------------------------
     A         28      28 
   -------------------------
    Total      28      28
   -------------------------

  ==> Iterations <==

                           Total Energy        Delta E     RMS |[F,P]|

   @DF-RHF iter SAD:    -0.83333001043157   -8.33330e-01   0.00000e+00 
   @DF-RHF iter   1:    -0.79930887357549    3.40211e-02   1.75598e-03 DIIS/ADIIS
   @DF-RHF iter   2:    -0.80274520526591   -3.43633e-03   3.06739e-04 DIIS/ADIIS
   @DF-RHF iter   3:    -0.80286741265480   -1.22207e-04   2.07507e-05 DIIS
   @DF-RHF iter   4:    -0.80286780380575   -3.91151e-07   6.73598e-07 DIIS
   @DF-RHF iter   5:    -0.80286780429334   -4.87587e-10   1.26649e-08 DIIS
   @DF-RHF iter   6:    -0.80286780429351   -1.73639e-13   3.88227e-10 DIIS
   @DF-RHF iter   7:    -0.80286780429351    5.55112e-16   3.83529e-13 DIIS
  Energy and wave function converged.


  ==> Post-Iterations <==

    Orbital Energies [Eh]
    ---------------------

    Doubly Occupied:                                                      

       1A     -0.308813  

    Virtual:                                                              

       2A     -0.144134     3A      0.362572     4A      0.421623  
       5A      0.747115     6A      0.750640     7A      0.750640  
       8A      0.754423     9A      0.754423    10A      0.772767  
      11A      2.455293    12A      2.494598    13A      3.398373  
      14A      3.398373    15A      3.398400    16A      3.398400  
      17A      3.399152    18A      3.399152    19A      3.399279  
      20A      3.399279    21A      3.399842    22A      3.400261  
      23A      3.812221    24A      3.814674    25A      3.814674  
      26A      3.815578    27A      3.815578    28A      3.827194  

    Final Occupation by Irrep:
              A 
    DOCC [     1 ]
    NA   [     1 ]
    NB   [     1 ]

  @DF-RHF Final Energy:    -0.80286780429351

   => Energetics <=

    Nuclear Repulsion Energy =              0.1479066737897516
    One-Electron Energy =                  -1.2839232463574677
    Two-Electron Energy =                   0.3331487682742071
    Total Energy =                         -0.8028678042935089

Computation Completed


Properties will be evaluated at   0.000000,   0.000000,   0.000000 [a0]

Properties computed using the SCF density matrix


 Multipole Moments:

 ------------------------------------------------------------------------------------
     Multipole            Electronic (a.u.)      Nuclear  (a.u.)        Total (a.u.)
 ------------------------------------------------------------------------------------

 L = 1.  Multiply by 2.5417464519 to convert [e a0] to [Debye]
 Dipole X            :         -0.0000000            0.0000000           -0.0000000
 Dipole Y            :          0.0000000            0.0000000            0.0000000
 Dipole Z            :         -0.0000000            0.0000000           -0.0000000
 Magnitude           :                                                    0.0000000

 ------------------------------------------------------------------------------------

*** tstop() called on Angelinas-MacBook-Pro-574.local at Thu Feb 12 13:23:01 2026
Module time:
	user time   =       0.05 seconds =       0.00 minutes
	system time =       0.01 seconds =       0.00 minutes
	total time  =          0 seconds =       0.00 minutes
Total time:
	user time   =      61.91 seconds =       1.03 minutes
	system time =      16.39 seconds =       0.27 minutes
	total time  =      61573 seconds =    1026.22 minutes

Scratch directory: /tmp/
   => Libint2 <=

    Primary   basis highest AM E, G, H:  6, 6, 3
    Auxiliary basis highest AM E, G, H:  7, 7, 4
    Onebody   basis highest AM E, G, H:  -, -, -
    Solid Harmonics ordering:            Gaussian

*** tstart() called on Angelinas-MacBook-Pro-574.local
*** at Thu Feb 12 13:23:01 2026

   => Loading Basis Set <=

    Name: CC-PVTZ
    Role: ORBITAL
    Keyword: BASIS
    atoms 1-2 entry H          line    23 file /opt/anaconda3/envs/psi4/share/psi4/basis/cc-pvtz.gbs 


         ---------------------------------------------------------
                                   SCF
               by Justin Turney, Rob Parrish, Andy Simmonett
                          and Daniel G. A. Smith
                              RHF Reference
                        4 Threads,   1907 MiB Core
         ---------------------------------------------------------

  ==> Geometry <==

    Molecular point group: c1
    Full point group: D_inf_h

    Geometry (in Angstrom), charge = 0, multiplicity = 1:

       Center              X                  Y                   Z               Mass       
    ------------   -----------------  -----------------  -----------------  -----------------
         H            0.000000000000     0.000000000000    -1.808080808081     1.007825032230
         H            0.000000000000     0.000000000000     1.808080808081     1.007825032230

  Running in c1 symmetry.

  Rotational constants: A = ************  B =      2.55827  C =      2.55827 [cm^-1]
  Rotational constants: A = ************  B =  76694.88310  C =  76694.88310 [MHz]
  Nuclear repulsion =    0.146336714682486

  Charge       = 0
  Multiplicity = 1
  Electrons    = 2
  Nalpha       = 1
  Nbeta        = 1

  ==> Algorithm <==

  SCF Algorithm Type is DF.
  DIIS enabled.
  MOM disabled.
  Fractional occupation disabled.
  Guess Type is SAD.
  Energy threshold   = 1.00e-10
  Density threshold  = 1.00e-10
  Integral threshold = 1.00e-12

  ==> Primary Basis <==

  Basis Set: CC-PVTZ
    Blend: CC-PVTZ
    Number of shells: 12
    Number of basis functions: 28
    Number of Cartesian functions: 30
    Spherical Harmonics?: true
    Max angular momentum: 2

   => Loading Basis Set <=

    Name: (CC-PVTZ AUX)
    Role: JKFIT
    Keyword: DF_BASIS_SCF
    atoms 1-2 entry H          line    51 file /opt/anaconda3/envs/psi4/share/psi4/basis/cc-pvtz-jkfit.gbs 

  ==> Integral Setup <==

  DFHelper Memory: AOs need 0.001 GiB; user supplied 1.397 GiB. 
  SCF_SUBTYPE=INCORE selected. In-core MEM_DF algorithm will be used.
  Using in-core AOs.

  ==> MemDFJK: Density-Fitted J/K Matrices <==

    J tasked:                   Yes
    K tasked:                   Yes
    wK tasked:                   No
    OpenMP threads:               4
    Memory [MiB]:              1430
    Algorithm:                 Core
    Schwarz Cutoff:           1E-12
    Mask sparsity (%):       5.3571
    Fitting Condition:        1E-10

   => Auxiliary Basis Set <=

  Basis Set: (CC-PVTZ AUX)
    Blend: CC-PVTZ-JKFIT
    Number of shells: 20
    Number of basis functions: 60
    Number of Cartesian functions: 70
    Spherical Harmonics?: true
    Max angular momentum: 3

  Minimum eigenvalue in the overlap matrix is 9.7830802326E-02.
  Reciprocal condition number of the overlap matrix is 4.2372278210E-02.
    Using symmetric orthogonalization.

  ==> Pre-Iterations <==

  SCF Guess: Superposition of Atomic Densities via on-the-fly atomic UHF (no occupation information).

   -------------------------
    Irrep   Nso     Nmo    
   -------------------------
     A         28      28 
   -------------------------
    Total      28      28
   -------------------------

  ==> Iterations <==

                           Total Energy        Delta E     RMS |[F,P]|

   @DF-RHF iter SAD:    -0.83347727312081   -8.33477e-01   0.00000e+00 
   @DF-RHF iter   1:    -0.79782245963671    3.56548e-02   1.74609e-03 DIIS/ADIIS
   @DF-RHF iter   2:    -0.80123732258066   -3.41486e-03   3.04367e-04 DIIS/ADIIS
   @DF-RHF iter   3:    -0.80135823653269   -1.20914e-04   2.06874e-05 DIIS
   @DF-RHF iter   4:    -0.80135862482851   -3.88296e-07   6.51386e-07 DIIS
   @DF-RHF iter   5:    -0.80135862528165   -4.53135e-10   1.24951e-08 DIIS
   @DF-RHF iter   6:    -0.80135862528182   -1.70086e-13   3.76437e-10 DIIS
   @DF-RHF iter   7:    -0.80135862528182    6.66134e-16   3.88769e-13 DIIS
  Energy and wave function converged.


  ==> Post-Iterations <==

    Orbital Energies [Eh]
    ---------------------

    Doubly Occupied:                                                      

       1A     -0.307670  

    Virtual:                                                              

       2A     -0.145291     3A      0.362081     4A      0.421710  
       5A      0.747764     6A      0.750743     7A      0.750743  
       8A      0.754275     9A      0.754275    10A      0.770731  
      11A      2.453979    12A      2.495218    13A      3.398451  
      14A      3.398451    15A      3.398476    16A      3.398476  
      17A      3.399194    18A      3.399194    19A      3.399314  
      20A      3.399314    21A      3.399822    22A      3.400196  
      23A      3.812931    24A      3.814855    25A      3.814855  
      26A      3.815619    27A      3.815619    28A      3.825812  

    Final Occupation by Irrep:
              A 
    DOCC [     1 ]
    NA   [     1 ]
    NB   [     1 ]

  @DF-RHF Final Energy:    -0.80135862528182

   => Energetics <=

    Nuclear Repulsion Energy =              0.1463367146824860
    One-Electron Energy =                  -1.2800513888310694
    Two-Electron Energy =                   0.3323560488667680
    Total Energy =                         -0.8013586252818152

Computation Completed


Properties will be evaluated at   0.000000,   0.000000,   0.000000 [a0]

Properties computed using the SCF density matrix


 Multipole Moments:

 ------------------------------------------------------------------------------------
     Multipole            Electronic (a.u.)      Nuclear  (a.u.)        Total (a.u.)
 ------------------------------------------------------------------------------------

 L = 1.  Multiply by 2.5417464519 to convert [e a0] to [Debye]
 Dipole X            :          0.0000000            0.0000000            0.0000000
 Dipole Y            :          0.0000000            0.0000000            0.0000000
 Dipole Z            :         -0.0000000            0.0000000           -0.0000000
 Magnitude           :                                                    0.0000000

 ------------------------------------------------------------------------------------

*** tstop() called on Angelinas-MacBook-Pro-574.local at Thu Feb 12 13:23:01 2026
Module time:
	user time   =       0.05 seconds =       0.00 minutes
	system time =       0.00 seconds =       0.00 minutes
	total time  =          0 seconds =       0.00 minutes
Total time:
	user time   =      61.98 seconds =       1.03 minutes
	system time =      16.39 seconds =       0.27 minutes
	total time  =      61573 seconds =    1026.22 minutes

Scratch directory: /tmp/
   => Libint2 <=

    Primary   basis highest AM E, G, H:  6, 6, 3
    Auxiliary basis highest AM E, G, H:  7, 7, 4
    Onebody   basis highest AM E, G, H:  -, -, -
    Solid Harmonics ordering:            Gaussian

*** tstart() called on Angelinas-MacBook-Pro-574.local
*** at Thu Feb 12 13:23:01 2026

   => Loading Basis Set <=

    Name: CC-PVTZ
    Role: ORBITAL
    Keyword: BASIS
    atoms 1-2 entry H          line    23 file /opt/anaconda3/envs/psi4/share/psi4/basis/cc-pvtz.gbs 


         ---------------------------------------------------------
                                   SCF
               by Justin Turney, Rob Parrish, Andy Simmonett
                          and Daniel G. A. Smith
                              RHF Reference
                        4 Threads,   1907 MiB Core
         ---------------------------------------------------------

  ==> Geometry <==

    Molecular point group: c1
    Full point group: D_inf_h

    Geometry (in Angstrom), charge = 0, multiplicity = 1:

       Center              X                  Y                   Z               Mass       
    ------------   -----------------  -----------------  -----------------  -----------------
         H            0.000000000000     0.000000000000    -1.827272727273     1.007825032230
         H            0.000000000000     0.000000000000     1.827272727273     1.007825032230

  Running in c1 symmetry.

  Rotational constants: A = ************  B =      2.50481  C =      2.50481 [cm^-1]
  Rotational constants: A = ************  B =  75092.28470  C =  75092.28470 [MHz]
  Nuclear repulsion =    0.144799734262935

  Charge       = 0
  Multiplicity = 1
  Electrons    = 2
  Nalpha       = 1
  Nbeta        = 1

  ==> Algorithm <==

  SCF Algorithm Type is DF.
  DIIS enabled.
  MOM disabled.
  Fractional occupation disabled.
  Guess Type is SAD.
  Energy threshold   = 1.00e-10
  Density threshold  = 1.00e-10
  Integral threshold = 1.00e-12

  ==> Primary Basis <==

  Basis Set: CC-PVTZ
    Blend: CC-PVTZ
    Number of shells: 12
    Number of basis functions: 28
    Number of Cartesian functions: 30
    Spherical Harmonics?: true
    Max angular momentum: 2

   => Loading Basis Set <=

    Name: (CC-PVTZ AUX)
    Role: JKFIT
    Keyword: DF_BASIS_SCF
    atoms 1-2 entry H          line    51 file /opt/anaconda3/envs/psi4/share/psi4/basis/cc-pvtz-jkfit.gbs 

  ==> Integral Setup <==

  DFHelper Memory: AOs need 0.000 GiB; user supplied 1.397 GiB. 
  SCF_SUBTYPE=INCORE selected. In-core MEM_DF algorithm will be used.
  Using in-core AOs.

  ==> MemDFJK: Density-Fitted J/K Matrices <==

    J tasked:                   Yes
    K tasked:                   Yes
    wK tasked:                   No
    OpenMP threads:               4
    Memory [MiB]:              1430
    Algorithm:                 Core
    Schwarz Cutoff:           1E-12
    Mask sparsity (%):       9.1837
    Fitting Condition:        1E-10

   => Auxiliary Basis Set <=

  Basis Set: (CC-PVTZ AUX)
    Blend: CC-PVTZ-JKFIT
    Number of shells: 20
    Number of basis functions: 60
    Number of Cartesian functions: 70
    Spherical Harmonics?: true
    Max angular momentum: 3

  Minimum eigenvalue in the overlap matrix is 9.8169674971E-02.
  Reciprocal condition number of the overlap matrix is 4.2573970113E-02.
    Using symmetric orthogonalization.

  ==> Pre-Iterations <==

  SCF Guess: Superposition of Atomic Densities via on-the-fly atomic UHF (no occupation information).

   -------------------------
    Irrep   Nso     Nmo    
   -------------------------
     A         28      28 
   -------------------------
    Total      28      28
   -------------------------

  ==> Iterations <==

                           Total Energy        Delta E     RMS |[F,P]|

   @DF-RHF iter SAD:    -0.83363167527403   -8.33632e-01   0.00000e+00 
   @DF-RHF iter   1:    -0.79637709428056    3.72546e-02   1.73678e-03 DIIS/ADIIS
   @DF-RHF iter   2:    -0.79977260822376   -3.39551e-03   3.02094e-04 DIIS/ADIIS
   @DF-RHF iter   3:    -0.79989228619783   -1.19678e-04   2.06171e-05 DIIS
   @DF-RHF iter   4:    -0.79989267132846   -3.85131e-07   6.29561e-07 DIIS
   @DF-RHF iter   5:    -0.79989267174904   -4.20574e-10   1.23337e-08 DIIS
   @DF-RHF iter   6:    -0.79989267174921   -1.67977e-13   3.64955e-10 DIIS
   @DF-RHF iter   7:    -0.79989267174921   -1.11022e-16   3.92811e-13 DIIS
  Energy and wave function converged.


  ==> Post-Iterations <==

    Orbital Energies [Eh]
    ---------------------

    Doubly Occupied:                                                      

       1A     -0.306550  

    Virtual:                                                              

       2A     -0.146412     3A      0.361678     4A      0.421723  
       5A      0.748326     6A      0.750841     7A      0.750841  
       8A      0.754150     9A      0.754150    10A      0.768895  
      11A      2.452789    12A      2.495763    13A      3.398541  
      14A      3.398541    15A      3.398566    16A      3.398566  
      17A      3.399250    18A      3.399250    19A      3.399362  
      20A      3.399362    21A      3.399820    22A      3.400155  
      23A      3.813556    24A      3.815038    25A      3.815038  
      26A      3.815683    27A      3.815683    28A      3.824609  

    Final Occupation by Irrep:
              A 
    DOCC [     1 ]
    NA   [     1 ]
    NB   [     1 ]

  @DF-RHF Final Energy:    -0.79989267174921

   => Energetics <=

    Nuclear Repulsion Energy =              0.1447997342629354
    One-Electron Energy =                  -1.2762848691090927
    Two-Electron Energy =                   0.3315924630969518
    Total Energy =                         -0.7998926717492056

Computation Completed


Properties will be evaluated at   0.000000,   0.000000,   0.000000 [a0]

Properties computed using the SCF density matrix


 Multipole Moments:

 ------------------------------------------------------------------------------------
     Multipole            Electronic (a.u.)      Nuclear  (a.u.)        Total (a.u.)
 ------------------------------------------------------------------------------------

 L = 1.  Multiply by 2.5417464519 to convert [e a0] to [Debye]
 Dipole X            :          0.0000000            0.0000000            0.0000000
 Dipole Y            :         -0.0000000            0.0000000           -0.0000000
 Dipole Z            :          0.0000000            0.0000000            0.0000000
 Magnitude           :                                                    0.0000000

 ------------------------------------------------------------------------------------

*** tstop() called on Angelinas-MacBook-Pro-574.local at Thu Feb 12 13:23:01 2026
Module time:
	user time   =       0.05 seconds =       0.00 minutes
	system time =       0.01 seconds =       0.00 minutes
	total time  =          0 seconds =       0.00 minutes
Total time:
	user time   =      62.04 seconds =       1.03 minutes
	system time =      16.40 seconds =       0.27 minutes
	total time  =      61573 seconds =    1026.22 minutes

Scratch directory: /tmp/
   => Libint2 <=

    Primary   basis highest AM E, G, H:  6, 6, 3
    Auxiliary basis highest AM E, G, H:  7, 7, 4
    Onebody   basis highest AM E, G, H:  -, -, -
    Solid Harmonics ordering:            Gaussian

*** tstart() called on Angelinas-MacBook-Pro-574.local
*** at Thu Feb 12 13:23:01 2026

   => Loading Basis Set <=

    Name: CC-PVTZ
    Role: ORBITAL
    Keyword: BASIS
    atoms 1-2 entry H          line    23 file /opt/anaconda3/envs/psi4/share/psi4/basis/cc-pvtz.gbs 


         ---------------------------------------------------------
                                   SCF
               by Justin Turney, Rob Parrish, Andy Simmonett
                          and Daniel G. A. Smith
                              RHF Reference
                        4 Threads,   1907 MiB Core
         ---------------------------------------------------------

  ==> Geometry <==

    Molecular point group: c1
    Full point group: D_inf_h

    Geometry (in Angstrom), charge = 0, multiplicity = 1:

       Center              X                  Y                   Z               Mass       
    ------------   -----------------  -----------------  -----------------  -----------------
         H            0.000000000000     0.000000000000    -1.846464646465     1.007825032230
         H            0.000000000000     0.000000000000     1.846464646465     1.007825032230

  Running in c1 symmetry.

  Rotational constants: A = ************  B =      2.45301  C =      2.45301 [cm^-1]
  Rotational constants: A = ************  B =  73539.39776  C =  73539.39776 [MHz]
  Nuclear repulsion =    0.143294704202216

  Charge       = 0
  Multiplicity = 1
  Electrons    = 2
  Nalpha       = 1
  Nbeta        = 1

  ==> Algorithm <==

  SCF Algorithm Type is DF.
  DIIS enabled.
  MOM disabled.
  Fractional occupation disabled.
  Guess Type is SAD.
  Energy threshold   = 1.00e-10
  Density threshold  = 1.00e-10
  Integral threshold = 1.00e-12

  ==> Primary Basis <==

  Basis Set: CC-PVTZ
    Blend: CC-PVTZ
    Number of shells: 12
    Number of basis functions: 28
    Number of Cartesian functions: 30
    Spherical Harmonics?: true
    Max angular momentum: 2

   => Loading Basis Set <=

    Name: (CC-PVTZ AUX)
    Role: JKFIT
    Keyword: DF_BASIS_SCF
    atoms 1-2 entry H          line    51 file /opt/anaconda3/envs/psi4/share/psi4/basis/cc-pvtz-jkfit.gbs 

  ==> Integral Setup <==

  DFHelper Memory: AOs need 0.000 GiB; user supplied 1.397 GiB. 
  SCF_SUBTYPE=INCORE selected. In-core MEM_DF algorithm will be used.
  Using in-core AOs.

  ==> MemDFJK: Density-Fitted J/K Matrices <==

    J tasked:                   Yes
    K tasked:                   Yes
    wK tasked:                   No
    OpenMP threads:               4
    Memory [MiB]:              1430
    Algorithm:                 Core
    Schwarz Cutoff:           1E-12
    Mask sparsity (%):       9.1837
    Fitting Condition:        1E-10

   => Auxiliary Basis Set <=

  Basis Set: (CC-PVTZ AUX)
    Blend: CC-PVTZ-JKFIT
    Number of shells: 20
    Number of basis functions: 60
    Number of Cartesian functions: 70
    Spherical Harmonics?: true
    Max angular momentum: 3

  Minimum eigenvalue in the overlap matrix is 9.8508148757E-02.
  Reciprocal condition number of the overlap matrix is 4.2772793786E-02.
    Using symmetric orthogonalization.

  ==> Pre-Iterations <==

  SCF Guess: Superposition of Atomic Densities via on-the-fly atomic UHF (no occupation information).

   -------------------------
    Irrep   Nso     Nmo    
   -------------------------
     A         28      28 
   -------------------------
    Total      28      28
   -------------------------

  ==> Iterations <==

                           Total Energy        Delta E     RMS |[F,P]|

   @DF-RHF iter SAD:    -0.83379216043105   -8.33792e-01   0.00000e+00 
   @DF-RHF iter   1:    -0.79497165406895    3.88205e-02   1.72803e-03 DIIS/ADIIS
   @DF-RHF iter   2:    -0.79834977862048   -3.37812e-03   2.99915e-04 DIIS/ADIIS
   @DF-RHF iter   3:    -0.79846827206937   -1.18493e-04   2.05398e-05 DIIS
   @DF-RHF iter   4:    -0.79846865373389   -3.81665e-07   6.08159e-07 DIIS
   @DF-RHF iter   5:    -0.79846865412378   -3.89893e-10   1.21797e-08 DIIS
   @DF-RHF iter   6:    -0.79846865412394   -1.64979e-13   3.53764e-10 DIIS
   @DF-RHF iter   7:    -0.79846865412394    1.11022e-16   3.98877e-13 DIIS
  Energy and wave function converged.


  ==> Post-Iterations <==

    Orbital Energies [Eh]
    ---------------------

    Doubly Occupied:                                                      

       1A     -0.305453  

    Virtual:                                                              

       2A     -0.147498     3A      0.361358     4A      0.421662  
       5A      0.748813     6A      0.750937     7A      0.750937  
       8A      0.754046     9A      0.754046    10A      0.767245  
      11A      2.451725    12A      2.496229    13A      3.398643  
      14A      3.398643    15A      3.398666    16A      3.398666  
      17A      3.399317    18A      3.399317    19A      3.399423  
      20A      3.399423    21A      3.399835    22A      3.400134  
      23A      3.814108    24A      3.815223    25A      3.815223  
      26A      3.815767    27A      3.815767    28A      3.823569  

    Final Occupation by Irrep:
              A 
    DOCC [     1 ]
    NA   [     1 ]
    NB   [     1 ]

  @DF-RHF Final Energy:    -0.79846865412394

   => Energetics <=

    Nuclear Repulsion Energy =              0.1432947042022156
    One-Electron Energy =                  -1.2726200289997867
    Two-Electron Energy =                   0.3308566706736263
    Total Energy =                         -0.7984686541239449

Computation Completed


Properties will be evaluated at   0.000000,   0.000000,   0.000000 [a0]

Properties computed using the SCF density matrix


 Multipole Moments:

 ------------------------------------------------------------------------------------
     Multipole            Electronic (a.u.)      Nuclear  (a.u.)        Total (a.u.)
 ------------------------------------------------------------------------------------

 L = 1.  Multiply by 2.5417464519 to convert [e a0] to [Debye]
 Dipole X            :         -0.0000000            0.0000000           -0.0000000
 Dipole Y            :          0.0000000            0.0000000            0.0000000
 Dipole Z            :          0.0000000            0.0000000            0.0000000
 Magnitude           :                                                    0.0000000

 ------------------------------------------------------------------------------------

*** tstop() called on Angelinas-MacBook-Pro-574.local at Thu Feb 12 13:23:01 2026
Module time:
	user time   =       0.05 seconds =       0.00 minutes
	system time =       0.00 seconds =       0.00 minutes
	total time  =          0 seconds =       0.00 minutes
Total time:
	user time   =      62.11 seconds =       1.04 minutes
	system time =      16.40 seconds =       0.27 minutes
	total time  =      61573 seconds =    1026.22 minutes

Scratch directory: /tmp/
   => Libint2 <=

    Primary   basis highest AM E, G, H:  6, 6, 3
    Auxiliary basis highest AM E, G, H:  7, 7, 4
    Onebody   basis highest AM E, G, H:  -, -, -
    Solid Harmonics ordering:            Gaussian

*** tstart() called on Angelinas-MacBook-Pro-574.local
*** at Thu Feb 12 13:23:01 2026

   => Loading Basis Set <=

    Name: CC-PVTZ
    Role: ORBITAL
    Keyword: BASIS
    atoms 1-2 entry H          line    23 file /opt/anaconda3/envs/psi4/share/psi4/basis/cc-pvtz.gbs 


         ---------------------------------------------------------
                                   SCF
               by Justin Turney, Rob Parrish, Andy Simmonett
                          and Daniel G. A. Smith
                              RHF Reference
                        4 Threads,   1907 MiB Core
         ---------------------------------------------------------

  ==> Geometry <==

    Molecular point group: c1
    Full point group: D_inf_h

    Geometry (in Angstrom), charge = 0, multiplicity = 1:

       Center              X                  Y                   Z               Mass       
    ------------   -----------------  -----------------  -----------------  -----------------
         H            0.000000000000     0.000000000000    -1.865656565657     1.007825032230
         H            0.000000000000     0.000000000000     1.865656565657     1.007825032230

  Running in c1 symmetry.

  Rotational constants: A = ************  B =      2.40280  C =      2.40280 [cm^-1]
  Rotational constants: A = ************  B =  72034.18732  C =  72034.18732 [MHz]
  Nuclear repulsion =    0.141820638484921

  Charge       = 0
  Multiplicity = 1
  Electrons    = 2
  Nalpha       = 1
  Nbeta        = 1

  ==> Algorithm <==

  SCF Algorithm Type is DF.
  DIIS enabled.
  MOM disabled.
  Fractional occupation disabled.
  Guess Type is SAD.
  Energy threshold   = 1.00e-10
  Density threshold  = 1.00e-10
  Integral threshold = 1.00e-12

  ==> Primary Basis <==

  Basis Set: CC-PVTZ
    Blend: CC-PVTZ
    Number of shells: 12
    Number of basis functions: 28
    Number of Cartesian functions: 30
    Spherical Harmonics?: true
    Max angular momentum: 2

   => Loading Basis Set <=

    Name: (CC-PVTZ AUX)
    Role: JKFIT
    Keyword: DF_BASIS_SCF
    atoms 1-2 entry H          line    51 file /opt/anaconda3/envs/psi4/share/psi4/basis/cc-pvtz-jkfit.gbs 

  ==> Integral Setup <==

  DFHelper Memory: AOs need 0.000 GiB; user supplied 1.397 GiB. 
  SCF_SUBTYPE=INCORE selected. In-core MEM_DF algorithm will be used.
  Using in-core AOs.

  ==> MemDFJK: Density-Fitted J/K Matrices <==

    J tasked:                   Yes
    K tasked:                   Yes
    wK tasked:                   No
    OpenMP threads:               4
    Memory [MiB]:              1430
    Algorithm:                 Core
    Schwarz Cutoff:           1E-12
    Mask sparsity (%):      10.7143
    Fitting Condition:        1E-10

   => Auxiliary Basis Set <=

  Basis Set: (CC-PVTZ AUX)
    Blend: CC-PVTZ-JKFIT
    Number of shells: 20
    Number of basis functions: 60
    Number of Cartesian functions: 70
    Spherical Harmonics?: true
    Max angular momentum: 3

  Minimum eigenvalue in the overlap matrix is 9.8845781085E-02.
  Reciprocal condition number of the overlap matrix is 4.2968673676E-02.
    Using symmetric orthogonalization.

  ==> Pre-Iterations <==

  SCF Guess: Superposition of Atomic Densities via on-the-fly atomic UHF (no occupation information).

   -------------------------
    Irrep   Nso     Nmo    
   -------------------------
     A         28      28 
   -------------------------
    Total      28      28
   -------------------------

  ==> Iterations <==

                           Total Energy        Delta E     RMS |[F,P]|

   @DF-RHF iter SAD:    -0.83395777094275   -8.33958e-01   0.00000e+00 
   @DF-RHF iter   1:    -0.79360504512783    4.03527e-02   1.71982e-03 DIIS/ADIIS
   @DF-RHF iter   2:    -0.79696758756246   -3.36254e-03   2.97824e-04 DIIS/ADIIS
   @DF-RHF iter   3:    -0.79708494251403   -1.17355e-04   2.04559e-05 DIIS
   @DF-RHF iter   4:    -0.79708532042370   -3.77910e-07   5.87212e-07 DIIS
   @DF-RHF iter   5:    -0.79708532078477   -3.61066e-10   1.20326e-08 DIIS
   @DF-RHF iter   6:    -0.79708532078493   -1.62315e-13   3.42853e-10 DIIS
   @DF-RHF iter   7:    -0.79708532078493    5.55112e-16   4.05910e-13 DIIS
  Energy and wave function converged.


  ==> Post-Iterations <==

    Orbital Energies [Eh]
    ---------------------

    Doubly Occupied:                                                      

       1A     -0.304379  

    Virtual:                                                              

       2A     -0.148551     3A      0.361118     4A      0.421530  
       5A      0.749234     6A      0.751030     7A      0.751030  
       8A      0.753961     9A      0.753961    10A      0.765766  
      11A      2.450786    12A      2.496616    13A      3.398755  
      14A      3.398755    15A      3.398777    16A      3.398777  
      17A      3.399396    18A      3.399396    19A      3.399496  
      20A      3.399496    21A      3.399864    22A      3.400133  
      23A      3.814597    24A      3.815410    25A      3.815410  
      26A      3.815869    27A      3.815869    28A      3.822675  

    Final Occupation by Irrep:
              A 
    DOCC [     1 ]
    NA   [     1 ]
    NB   [     1 ]

  @DF-RHF Final Energy:    -0.79708532078493

   => Energetics <=

    Nuclear Repulsion Energy =              0.1418206384849215
    One-Electron Energy =                  -1.2690533258592294
    Two-Electron Energy =                   0.3301473665893796
    Total Energy =                         -0.7970853207849283

Computation Completed


Properties will be evaluated at   0.000000,   0.000000,   0.000000 [a0]

Properties computed using the SCF density matrix


 Multipole Moments:

 ------------------------------------------------------------------------------------
     Multipole            Electronic (a.u.)      Nuclear  (a.u.)        Total (a.u.)
 ------------------------------------------------------------------------------------

 L = 1.  Multiply by 2.5417464519 to convert [e a0] to [Debye]
 Dipole X            :          0.0000000            0.0000000            0.0000000
 Dipole Y            :         -0.0000000            0.0000000           -0.0000000
 Dipole Z            :          0.0000000            0.0000000            0.0000000
 Magnitude           :                                                    0.0000000

 ------------------------------------------------------------------------------------

*** tstop() called on Angelinas-MacBook-Pro-574.local at Thu Feb 12 13:23:01 2026
Module time:
	user time   =       0.06 seconds =       0.00 minutes
	system time =       0.01 seconds =       0.00 minutes
	total time  =          0 seconds =       0.00 minutes
Total time:
	user time   =      62.18 seconds =       1.04 minutes
	system time =      16.41 seconds =       0.27 minutes
	total time  =      61573 seconds =    1026.22 minutes

Scratch directory: /tmp/
   => Libint2 <=

    Primary   basis highest AM E, G, H:  6, 6, 3
    Auxiliary basis highest AM E, G, H:  7, 7, 4
    Onebody   basis highest AM E, G, H:  -, -, -
    Solid Harmonics ordering:            Gaussian

*** tstart() called on Angelinas-MacBook-Pro-574.local
*** at Thu Feb 12 13:23:01 2026

   => Loading Basis Set <=

    Name: CC-PVTZ
    Role: ORBITAL
    Keyword: BASIS
    atoms 1-2 entry H          line    23 file /opt/anaconda3/envs/psi4/share/psi4/basis/cc-pvtz.gbs 


         ---------------------------------------------------------
                                   SCF
               by Justin Turney, Rob Parrish, Andy Simmonett
                          and Daniel G. A. Smith
                              RHF Reference
                        4 Threads,   1907 MiB Core
         ---------------------------------------------------------

  ==> Geometry <==

    Molecular point group: c1
    Full point group: D_inf_h

    Geometry (in Angstrom), charge = 0, multiplicity = 1:

       Center              X                  Y                   Z               Mass       
    ------------   -----------------  -----------------  -----------------  -----------------
         H            0.000000000000     0.000000000000    -1.884848484848     1.007825032230
         H            0.000000000000     0.000000000000     1.884848484848     1.007825032230

  Running in c1 symmetry.

  Rotational constants: A = ************  B =      2.35412  C =      2.35412 [cm^-1]
  Rotational constants: A = ************  B =  70574.72149  C =  70574.72149 [MHz]
  Nuclear repulsion =    0.140376591254904

  Charge       = 0
  Multiplicity = 1
  Electrons    = 2
  Nalpha       = 1
  Nbeta        = 1

  ==> Algorithm <==

  SCF Algorithm Type is DF.
  DIIS enabled.
  MOM disabled.
  Fractional occupation disabled.
  Guess Type is SAD.
  Energy threshold   = 1.00e-10
  Density threshold  = 1.00e-10
  Integral threshold = 1.00e-12

  ==> Primary Basis <==

  Basis Set: CC-PVTZ
    Blend: CC-PVTZ
    Number of shells: 12
    Number of basis functions: 28
    Number of Cartesian functions: 30
    Spherical Harmonics?: true
    Max angular momentum: 2

   => Loading Basis Set <=

    Name: (CC-PVTZ AUX)
    Role: JKFIT
    Keyword: DF_BASIS_SCF
    atoms 1-2 entry H          line    51 file /opt/anaconda3/envs/psi4/share/psi4/basis/cc-pvtz-jkfit.gbs 

  ==> Integral Setup <==

  DFHelper Memory: AOs need 0.000 GiB; user supplied 1.397 GiB. 
  SCF_SUBTYPE=INCORE selected. In-core MEM_DF algorithm will be used.
  Using in-core AOs.

  ==> MemDFJK: Density-Fitted J/K Matrices <==

    J tasked:                   Yes
    K tasked:                   Yes
    wK tasked:                   No
    OpenMP threads:               4
    Memory [MiB]:              1430
    Algorithm:                 Core
    Schwarz Cutoff:           1E-12
    Mask sparsity (%):      10.7143
    Fitting Condition:        1E-10

   => Auxiliary Basis Set <=

  Basis Set: (CC-PVTZ AUX)
    Blend: CC-PVTZ-JKFIT
    Number of shells: 20
    Number of basis functions: 60
    Number of Cartesian functions: 70
    Spherical Harmonics?: true
    Max angular momentum: 3

  Minimum eigenvalue in the overlap matrix is 9.9182112081E-02.
  Reciprocal condition number of the overlap matrix is 4.3161522519E-02.
    Using symmetric orthogonalization.

  ==> Pre-Iterations <==

  SCF Guess: Superposition of Atomic Densities via on-the-fly atomic UHF (no occupation information).

   -------------------------
    Irrep   Nso     Nmo    
   -------------------------
     A         28      28 
   -------------------------
    Total      28      28
   -------------------------

  ==> Iterations <==

                           Total Energy        Delta E     RMS |[F,P]|

   @DF-RHF iter SAD:    -0.83412764058066   -8.34128e-01   0.00000e+00 
   @DF-RHF iter   1:    -0.79227620180406    4.18514e-02   1.71212e-03 DIIS/ADIIS
   @DF-RHF iter   2:    -0.79562482473455   -3.34862e-03   2.95816e-04 DIIS/ADIIS
   @DF-RHF iter   3:    -0.79574108233600   -1.16258e-04   2.03654e-05 DIIS
   @DF-RHF iter   4:    -0.79574145621711   -3.73881e-07   5.66747e-07 DIIS
   @DF-RHF iter   5:    -0.79574145655116   -3.34053e-10   1.18917e-08 DIIS
   @DF-RHF iter   6:    -0.79574145655132   -1.60649e-13   3.32214e-10 DIIS
   @DF-RHF iter   7:    -0.79574145655132    9.99201e-16   4.14830e-13 DIIS
  Energy and wave function converged.


  ==> Post-Iterations <==

    Orbital Energies [Eh]
    ---------------------

    Doubly Occupied:                                                      

       1A     -0.303327  

    Virtual:                                                              

       2A     -0.149571     3A      0.360956     4A      0.421328  
       5A      0.749599     6A      0.751122     7A      0.751122  
       8A      0.753892     9A      0.753892    10A      0.764444  
      11A      2.449970    12A      2.496922    13A      3.398876  
      14A      3.398876    15A      3.398897    16A      3.398897  
      17A      3.399485    18A      3.399485    19A      3.399579  
      20A      3.399579    21A      3.399908    22A      3.400150  
      23A      3.815033    24A      3.815600    25A      3.815600  
      26A      3.815987    27A      3.815987    28A      3.821914  

    Final Occupation by Irrep:
              A 
    DOCC [     1 ]
    NA   [     1 ]
    NB   [     1 ]

  @DF-RHF Final Energy:    -0.79574145655132

   => Energetics <=

    Nuclear Repulsion Energy =              0.1403765912549035
    One-Electron Energy =                  -1.2655813294154203
    Two-Electron Energy =                   0.3294632816091955
    Total Energy =                         -0.7957414565513213

Computation Completed


Properties will be evaluated at   0.000000,   0.000000,   0.000000 [a0]

Properties computed using the SCF density matrix


 Multipole Moments:

 ------------------------------------------------------------------------------------
     Multipole            Electronic (a.u.)      Nuclear  (a.u.)        Total (a.u.)
 ------------------------------------------------------------------------------------

 L = 1.  Multiply by 2.5417464519 to convert [e a0] to [Debye]
 Dipole X            :         -0.0000000            0.0000000           -0.0000000
 Dipole Y            :          0.0000000            0.0000000            0.0000000
 Dipole Z            :         -0.0000000            0.0000000           -0.0000000
 Magnitude           :                                                    0.0000000

 ------------------------------------------------------------------------------------

*** tstop() called on Angelinas-MacBook-Pro-574.local at Thu Feb 12 13:23:01 2026
Module time:
	user time   =       0.05 seconds =       0.00 minutes
	system time =       0.00 seconds =       0.00 minutes
	total time  =          0 seconds =       0.00 minutes
Total time:
	user time   =      62.24 seconds =       1.04 minutes
	system time =      16.41 seconds =       0.27 minutes
	total time  =      61573 seconds =    1026.22 minutes

Scratch directory: /tmp/
   => Libint2 <=

    Primary   basis highest AM E, G, H:  6, 6, 3
    Auxiliary basis highest AM E, G, H:  7, 7, 4
    Onebody   basis highest AM E, G, H:  -, -, -
    Solid Harmonics ordering:            Gaussian

*** tstart() called on Angelinas-MacBook-Pro-574.local
*** at Thu Feb 12 13:23:01 2026

   => Loading Basis Set <=

    Name: CC-PVTZ
    Role: ORBITAL
    Keyword: BASIS
    atoms 1-2 entry H          line    23 file /opt/anaconda3/envs/psi4/share/psi4/basis/cc-pvtz.gbs 


         ---------------------------------------------------------
                                   SCF
               by Justin Turney, Rob Parrish, Andy Simmonett
                          and Daniel G. A. Smith
                              RHF Reference
                        4 Threads,   1907 MiB Core
         ---------------------------------------------------------

  ==> Geometry <==

    Molecular point group: c1
    Full point group: D_inf_h

    Geometry (in Angstrom), charge = 0, multiplicity = 1:

       Center              X                  Y                   Z               Mass       
    ------------   -----------------  -----------------  -----------------  -----------------
         H            0.000000000000     0.000000000000    -1.904040404040     1.007825032230
         H            0.000000000000     0.000000000000     1.904040404040     1.007825032230

  Running in c1 symmetry.

  Rotational constants: A = ************  B =      2.30690  C =      2.30690 [cm^-1]
  Rotational constants: A = ************  B =  69159.16525  C =  69159.16525 [MHz]
  Nuclear repulsion =    0.138961654791326

  Charge       = 0
  Multiplicity = 1
  Electrons    = 2
  Nalpha       = 1
  Nbeta        = 1

  ==> Algorithm <==

  SCF Algorithm Type is DF.
  DIIS enabled.
  MOM disabled.
  Fractional occupation disabled.
  Guess Type is SAD.
  Energy threshold   = 1.00e-10
  Density threshold  = 1.00e-10
  Integral threshold = 1.00e-12

  ==> Primary Basis <==

  Basis Set: CC-PVTZ
    Blend: CC-PVTZ
    Number of shells: 12
    Number of basis functions: 28
    Number of Cartesian functions: 30
    Spherical Harmonics?: true
    Max angular momentum: 2

   => Loading Basis Set <=

    Name: (CC-PVTZ AUX)
    Role: JKFIT
    Keyword: DF_BASIS_SCF
    atoms 1-2 entry H          line    51 file /opt/anaconda3/envs/psi4/share/psi4/basis/cc-pvtz-jkfit.gbs 

  ==> Integral Setup <==

  DFHelper Memory: AOs need 0.000 GiB; user supplied 1.397 GiB. 
  SCF_SUBTYPE=INCORE selected. In-core MEM_DF algorithm will be used.
  Using in-core AOs.

  ==> MemDFJK: Density-Fitted J/K Matrices <==

    J tasked:                   Yes
    K tasked:                   Yes
    wK tasked:                   No
    OpenMP threads:               4
    Memory [MiB]:              1430
    Algorithm:                 Core
    Schwarz Cutoff:           1E-12
    Mask sparsity (%):      12.7551
    Fitting Condition:        1E-10

   => Auxiliary Basis Set <=

  Basis Set: (CC-PVTZ AUX)
    Blend: CC-PVTZ-JKFIT
    Number of shells: 20
    Number of basis functions: 60
    Number of Cartesian functions: 70
    Spherical Harmonics?: true
    Max angular momentum: 3

  Minimum eigenvalue in the overlap matrix is 9.9516670350E-02.
  Reciprocal condition number of the overlap matrix is 4.3351243881E-02.
    Using symmetric orthogonalization.

  ==> Pre-Iterations <==

  SCF Guess: Superposition of Atomic Densities via on-the-fly atomic UHF (no occupation information).

   -------------------------
    Irrep   Nso     Nmo    
   -------------------------
     A         28      28 
   -------------------------
    Total      28      28
   -------------------------

  ==> Iterations <==

                           Total Energy        Delta E     RMS |[F,P]|

   @DF-RHF iter SAD:    -0.83430098755817   -8.34301e-01   0.00000e+00 
   @DF-RHF iter   1:    -0.79098408537644    4.33169e-02   1.70492e-03 DIIS/ADIIS
   @DF-RHF iter   2:    -0.79432031429336   -3.33623e-03   2.93885e-04 DIIS/ADIIS
   @DF-RHF iter   3:    -0.79443551131992   -1.15197e-04   2.02687e-05 DIIS
   @DF-RHF iter   4:    -0.79443588091628   -3.69596e-07   5.46791e-07 DIIS
   @DF-RHF iter   5:    -0.79443588122508   -3.08808e-10   1.17562e-08 DIIS
   @DF-RHF iter   6:    -0.79443588122524   -1.57097e-13   3.21841e-10 DIIS
   @DF-RHF iter   7:    -0.79443588122524   -1.11022e-16   4.23888e-13 DIIS
  Energy and wave function converged.


  ==> Post-Iterations <==

    Orbital Energies [Eh]
    ---------------------

    Doubly Occupied:                                                      

       1A     -0.302297  

    Virtual:                                                              

       2A     -0.150560     3A      0.360868     4A      0.421060  
       5A      0.749916     6A      0.751213     7A      0.751213  
       8A      0.753839     9A      0.753839    10A      0.763267  
      11A      2.449276    12A      2.497148    13A      3.399006  
      14A      3.399006    15A      3.399026    16A      3.399026  
      17A      3.399583    18A      3.399583    19A      3.399672  
      20A      3.399672    21A      3.399966    22A      3.400184  
      23A      3.815424    24A      3.815792    25A      3.815792  
      26A      3.816118    27A      3.816118    28A      3.821271  

    Final Occupation by Irrep:
              A 
    DOCC [     1 ]
    NA   [     1 ]
    NB   [     1 ]

  @DF-RHF Final Energy:    -0.79443588122524

   => Energetics <=

    Nuclear Repulsion Energy =              0.1389616547913263
    One-Electron Energy =                  -1.2622007188260871
    Two-Electron Energy =                   0.3288031828095199
    Total Energy =                         -0.7944358812252410

Computation Completed


Properties will be evaluated at   0.000000,   0.000000,   0.000000 [a0]

Properties computed using the SCF density matrix


 Multipole Moments:

 ------------------------------------------------------------------------------------
     Multipole            Electronic (a.u.)      Nuclear  (a.u.)        Total (a.u.)
 ------------------------------------------------------------------------------------

 L = 1.  Multiply by 2.5417464519 to convert [e a0] to [Debye]
 Dipole X            :         -0.0000000            0.0000000           -0.0000000
 Dipole Y            :         -0.0000000            0.0000000           -0.0000000
 Dipole Z            :          0.0000000            0.0000000            0.0000000
 Magnitude           :                                                    0.0000000

 ------------------------------------------------------------------------------------

*** tstop() called on Angelinas-MacBook-Pro-574.local at Thu Feb 12 13:23:01 2026
Module time:
	user time   =       0.06 seconds =       0.00 minutes
	system time =       0.01 seconds =       0.00 minutes
	total time  =          0 seconds =       0.00 minutes
Total time:
	user time   =      62.31 seconds =       1.04 minutes
	system time =      16.42 seconds =       0.27 minutes
	total time  =      61573 seconds =    1026.22 minutes

Scratch directory: /tmp/
   => Libint2 <=

    Primary   basis highest AM E, G, H:  6, 6, 3
    Auxiliary basis highest AM E, G, H:  7, 7, 4
    Onebody   basis highest AM E, G, H:  -, -, -
    Solid Harmonics ordering:            Gaussian

*** tstart() called on Angelinas-MacBook-Pro-574.local
*** at Thu Feb 12 13:23:01 2026

   => Loading Basis Set <=

    Name: CC-PVTZ
    Role: ORBITAL
    Keyword: BASIS
    atoms 1-2 entry H          line    23 file /opt/anaconda3/envs/psi4/share/psi4/basis/cc-pvtz.gbs 


         ---------------------------------------------------------
                                   SCF
               by Justin Turney, Rob Parrish, Andy Simmonett
                          and Daniel G. A. Smith
                              RHF Reference
                        4 Threads,   1907 MiB Core
         ---------------------------------------------------------

  ==> Geometry <==

    Molecular point group: c1
    Full point group: D_inf_h

    Geometry (in Angstrom), charge = 0, multiplicity = 1:

       Center              X                  Y                   Z               Mass       
    ------------   -----------------  -----------------  -----------------  -----------------
         H            0.000000000000     0.000000000000    -1.923232323232     1.007825032230
         H            0.000000000000     0.000000000000     1.923232323232     1.007825032230

  Running in c1 symmetry.

  Rotational constants: A = ************  B =      2.26109  C =      2.26109 [cm^-1]
  Rotational constants: A = ************  B =  67785.77468  C =  67785.77468 [MHz]
  Nuclear repulsion =    0.137574957605909

  Charge       = 0
  Multiplicity = 1
  Electrons    = 2
  Nalpha       = 1
  Nbeta        = 1

  ==> Algorithm <==

  SCF Algorithm Type is DF.
  DIIS enabled.
  MOM disabled.
  Fractional occupation disabled.
  Guess Type is SAD.
  Energy threshold   = 1.00e-10
  Density threshold  = 1.00e-10
  Integral threshold = 1.00e-12

  ==> Primary Basis <==

  Basis Set: CC-PVTZ
    Blend: CC-PVTZ
    Number of shells: 12
    Number of basis functions: 28
    Number of Cartesian functions: 30
    Spherical Harmonics?: true
    Max angular momentum: 2

   => Loading Basis Set <=

    Name: (CC-PVTZ AUX)
    Role: JKFIT
    Keyword: DF_BASIS_SCF
    atoms 1-2 entry H          line    51 file /opt/anaconda3/envs/psi4/share/psi4/basis/cc-pvtz-jkfit.gbs 

  ==> Integral Setup <==

  DFHelper Memory: AOs need 0.000 GiB; user supplied 1.397 GiB. 
  SCF_SUBTYPE=INCORE selected. In-core MEM_DF algorithm will be used.
  Using in-core AOs.

  ==> MemDFJK: Density-Fitted J/K Matrices <==

    J tasked:                   Yes
    K tasked:                   Yes
    wK tasked:                   No
    OpenMP threads:               4
    Memory [MiB]:              1430
    Algorithm:                 Core
    Schwarz Cutoff:           1E-12
    Mask sparsity (%):      14.2857
    Fitting Condition:        1E-10

   => Auxiliary Basis Set <=

  Basis Set: (CC-PVTZ AUX)
    Blend: CC-PVTZ-JKFIT
    Number of shells: 20
    Number of basis functions: 60
    Number of Cartesian functions: 70
    Spherical Harmonics?: true
    Max angular momentum: 3

  Minimum eigenvalue in the overlap matrix is 9.9848978558E-02.
  Reciprocal condition number of the overlap matrix is 4.3537734653E-02.
    Using symmetric orthogonalization.

  ==> Pre-Iterations <==

  SCF Guess: Superposition of Atomic Densities via on-the-fly atomic UHF (no occupation information).

   -------------------------
    Irrep   Nso     Nmo    
   -------------------------
     A         28      28 
   -------------------------
    Total      28      28
   -------------------------

  ==> Iterations <==

                           Total Energy        Delta E     RMS |[F,P]|

   @DF-RHF iter SAD:    -0.83447710795187   -8.34477e-01   0.00000e+00 
   @DF-RHF iter   1:    -0.78972768283042    4.47494e-02   1.69817e-03 DIIS/ADIIS
   @DF-RHF iter   2:    -0.79305291350655   -3.32523e-03   2.92028e-04 DIIS/ADIIS
   @DF-RHF iter   3:    -0.79316708283557   -1.14169e-04   2.01661e-05 DIIS
   @DF-RHF iter   4:    -0.79316744791067   -3.65075e-07   5.27366e-07 DIIS
   @DF-RHF iter   5:    -0.79316744819593   -2.85269e-10   1.16258e-08 DIIS
   @DF-RHF iter   6:    -0.79316744819609   -1.54876e-13   3.11730e-10 DIIS
   @DF-RHF iter   7:    -0.79316744819609   -1.44329e-15   4.32198e-13 DIIS
  Energy and wave function converged.


  ==> Post-Iterations <==

    Orbital Energies [Eh]
    ---------------------

    Doubly Occupied:                                                      

       1A     -0.301288  

    Virtual:                                                              

       2A     -0.151519     3A      0.360851     4A      0.420729  
       5A      0.750191     6A      0.751303     7A      0.751303  
       8A      0.753800     9A      0.753800    10A      0.762221  
      11A      2.448700    12A      2.497296    13A      3.399143  
      14A      3.399143    15A      3.399162    16A      3.399162  
      17A      3.399689    18A      3.399689    19A      3.399774  
      20A      3.399774    21A      3.400035    22A      3.400233  
      23A      3.815777    24A      3.815987    25A      3.815987  
      26A      3.816262    27A      3.816262    28A      3.820734  

    Final Occupation by Irrep:
              A 
    DOCC [     1 ]
    NA   [     1 ]
    NB   [     1 ]

  @DF-RHF Final Energy:    -0.79316744819609

   => Energetics <=

    Nuclear Repulsion Energy =              0.1375749576059086
    One-Electron Energy =                  -1.2589082799361446
    Two-Electron Energy =                   0.3281658741341452
    Total Energy =                         -0.7931674481960909

Computation Completed


Properties will be evaluated at   0.000000,   0.000000,   0.000000 [a0]

Properties computed using the SCF density matrix


 Multipole Moments:

 ------------------------------------------------------------------------------------
     Multipole            Electronic (a.u.)      Nuclear  (a.u.)        Total (a.u.)
 ------------------------------------------------------------------------------------

 L = 1.  Multiply by 2.5417464519 to convert [e a0] to [Debye]
 Dipole X            :         -0.0000000            0.0000000           -0.0000000
 Dipole Y            :         -0.0000000            0.0000000           -0.0000000
 Dipole Z            :         -0.0000000            0.0000000           -0.0000000
 Magnitude           :                                                    0.0000000

 ------------------------------------------------------------------------------------

*** tstop() called on Angelinas-MacBook-Pro-574.local at Thu Feb 12 13:23:01 2026
Module time:
	user time   =       0.05 seconds =       0.00 minutes
	system time =       0.00 seconds =       0.00 minutes
	total time  =          0 seconds =       0.00 minutes
Total time:
	user time   =      62.37 seconds =       1.04 minutes
	system time =      16.42 seconds =       0.27 minutes
	total time  =      61573 seconds =    1026.22 minutes

Scratch directory: /tmp/
   => Libint2 <=

    Primary   basis highest AM E, G, H:  6, 6, 3
    Auxiliary basis highest AM E, G, H:  7, 7, 4
    Onebody   basis highest AM E, G, H:  -, -, -
    Solid Harmonics ordering:            Gaussian

*** tstart() called on Angelinas-MacBook-Pro-574.local
*** at Thu Feb 12 13:23:01 2026

   => Loading Basis Set <=

    Name: CC-PVTZ
    Role: ORBITAL
    Keyword: BASIS
    atoms 1-2 entry H          line    23 file /opt/anaconda3/envs/psi4/share/psi4/basis/cc-pvtz.gbs 


         ---------------------------------------------------------
                                   SCF
               by Justin Turney, Rob Parrish, Andy Simmonett
                          and Daniel G. A. Smith
                              RHF Reference
                        4 Threads,   1907 MiB Core
         ---------------------------------------------------------

  ==> Geometry <==

    Molecular point group: c1
    Full point group: D_inf_h

    Geometry (in Angstrom), charge = 0, multiplicity = 1:

       Center              X                  Y                   Z               Mass       
    ------------   -----------------  -----------------  -----------------  -----------------
         H            0.000000000000     0.000000000000    -1.942424242424     1.007825032230
         H            0.000000000000     0.000000000000     1.942424242424     1.007825032230

  Running in c1 symmetry.

  Rotational constants: A = ************  B =      2.21663  C =      2.21663 [cm^-1]
  Rotational constants: A = ************  B =  66452.89159  C =  66452.89159 [MHz]
  Nuclear repulsion =    0.136215662652964

  Charge       = 0
  Multiplicity = 1
  Electrons    = 2
  Nalpha       = 1
  Nbeta        = 1

  ==> Algorithm <==

  SCF Algorithm Type is DF.
  DIIS enabled.
  MOM disabled.
  Fractional occupation disabled.
  Guess Type is SAD.
  Energy threshold   = 1.00e-10
  Density threshold  = 1.00e-10
  Integral threshold = 1.00e-12

  ==> Primary Basis <==

  Basis Set: CC-PVTZ
    Blend: CC-PVTZ
    Number of shells: 12
    Number of basis functions: 28
    Number of Cartesian functions: 30
    Spherical Harmonics?: true
    Max angular momentum: 2

   => Loading Basis Set <=

    Name: (CC-PVTZ AUX)
    Role: JKFIT
    Keyword: DF_BASIS_SCF
    atoms 1-2 entry H          line    51 file /opt/anaconda3/envs/psi4/share/psi4/basis/cc-pvtz-jkfit.gbs 

  ==> Integral Setup <==

  DFHelper Memory: AOs need 0.000 GiB; user supplied 1.397 GiB. 
  SCF_SUBTYPE=INCORE selected. In-core MEM_DF algorithm will be used.
  Using in-core AOs.

  ==> MemDFJK: Density-Fitted J/K Matrices <==

    J tasked:                   Yes
    K tasked:                   Yes
    wK tasked:                   No
    OpenMP threads:               4
    Memory [MiB]:              1430
    Algorithm:                 Core
    Schwarz Cutoff:           1E-12
    Mask sparsity (%):      14.2857
    Fitting Condition:        1E-10

   => Auxiliary Basis Set <=

  Basis Set: (CC-PVTZ AUX)
    Blend: CC-PVTZ-JKFIT
    Number of shells: 20
    Number of basis functions: 60
    Number of Cartesian functions: 70
    Spherical Harmonics?: true
    Max angular momentum: 3

  Minimum eigenvalue in the overlap matrix is 1.0017855875E-01.
  Reciprocal condition number of the overlap matrix is 4.3720887453E-02.
    Using symmetric orthogonalization.

  ==> Pre-Iterations <==

  SCF Guess: Superposition of Atomic Densities via on-the-fly atomic UHF (no occupation information).

   -------------------------
    Irrep   Nso     Nmo    
   -------------------------
     A         28      28 
   -------------------------
    Total      28      28
   -------------------------

  ==> Iterations <==

                           Total Energy        Delta E     RMS |[F,P]|

   @DF-RHF iter SAD:    -0.83465536951161   -8.34655e-01   0.00000e+00 
   @DF-RHF iter   1:    -0.78850600570527    4.61494e-02   1.69187e-03 DIIS/ADIIS
   @DF-RHF iter   2:    -0.79182151146029   -3.31551e-03   2.90239e-04 DIIS/ADIIS
   @DF-RHF iter   3:    -0.79193468251168   -1.13171e-04   2.00580e-05 DIIS
   @DF-RHF iter   4:    -0.79193504285044   -3.60339e-07   5.08490e-07 DIIS
   @DF-RHF iter   5:    -0.79193504311382   -2.63377e-10   1.14997e-08 DIIS
   @DF-RHF iter   6:    -0.79193504311397   -1.53544e-13   3.01878e-10 DIIS
   @DF-RHF iter   7:    -0.79193504311397    6.66134e-16   4.40961e-13 DIIS
  Energy and wave function converged.


  ==> Post-Iterations <==

    Orbital Energies [Eh]
    ---------------------

    Doubly Occupied:                                                      

       1A     -0.300300  

    Virtual:                                                              

       2A     -0.152449     3A      0.360901     4A      0.420338  
       5A      0.750432     6A      0.751394     7A      0.751394  
       8A      0.753772     9A      0.753772    10A      0.761296  
      11A      2.448238    12A      2.497368    13A      3.399287  
      14A      3.399287    15A      3.399305    16A      3.399305  
      17A      3.399803    18A      3.399803    19A      3.399883  
      20A      3.399883    21A      3.400116    22A      3.400295  
      23A      3.816098    24A      3.816183    25A      3.816183  
      26A      3.816416    27A      3.816416    28A      3.820291  

    Final Occupation by Irrep:
              A 
    DOCC [     1 ]
    NA   [     1 ]
    NB   [     1 ]

  @DF-RHF Final Energy:    -0.79193504311397

   => Energetics <=

    Nuclear Repulsion Energy =              0.1362156626529641
    One-Electron Energy =                  -1.2557009027043535
    Two-Electron Energy =                   0.3275501969374180
    Total Energy =                         -0.7919350431139716

Computation Completed


Properties will be evaluated at   0.000000,   0.000000,   0.000000 [a0]

Properties computed using the SCF density matrix


 Multipole Moments:

 ------------------------------------------------------------------------------------
     Multipole            Electronic (a.u.)      Nuclear  (a.u.)        Total (a.u.)
 ------------------------------------------------------------------------------------

 L = 1.  Multiply by 2.5417464519 to convert [e a0] to [Debye]
 Dipole X            :          0.0000000            0.0000000            0.0000000
 Dipole Y            :         -0.0000000            0.0000000           -0.0000000
 Dipole Z            :          0.0000000            0.0000000            0.0000000
 Magnitude           :                                                    0.0000000

 ------------------------------------------------------------------------------------

*** tstop() called on Angelinas-MacBook-Pro-574.local at Thu Feb 12 13:23:02 2026
Module time:
	user time   =       0.05 seconds =       0.00 minutes
	system time =       0.01 seconds =       0.00 minutes
	total time  =          1 seconds =       0.02 minutes
Total time:
	user time   =      62.44 seconds =       1.04 minutes
	system time =      16.43 seconds =       0.27 minutes
	total time  =      61574 seconds =    1026.23 minutes

Scratch directory: /tmp/
   => Libint2 <=

    Primary   basis highest AM E, G, H:  6, 6, 3
    Auxiliary basis highest AM E, G, H:  7, 7, 4
    Onebody   basis highest AM E, G, H:  -, -, -
    Solid Harmonics ordering:            Gaussian

*** tstart() called on Angelinas-MacBook-Pro-574.local
*** at Thu Feb 12 13:23:02 2026

   => Loading Basis Set <=

    Name: CC-PVTZ
    Role: ORBITAL
    Keyword: BASIS
    atoms 1-2 entry H          line    23 file /opt/anaconda3/envs/psi4/share/psi4/basis/cc-pvtz.gbs 


         ---------------------------------------------------------
                                   SCF
               by Justin Turney, Rob Parrish, Andy Simmonett
                          and Daniel G. A. Smith
                              RHF Reference
                        4 Threads,   1907 MiB Core
         ---------------------------------------------------------

  ==> Geometry <==

    Molecular point group: c1
    Full point group: D_inf_h

    Geometry (in Angstrom), charge = 0, multiplicity = 1:

       Center              X                  Y                   Z               Mass       
    ------------   -----------------  -----------------  -----------------  -----------------
         H            0.000000000000     0.000000000000    -1.961616161616     1.007825032230
         H            0.000000000000     0.000000000000     1.961616161616     1.007825032230

  Running in c1 symmetry.

  Rotational constants: A = ************  B =      2.17347  C =      2.17347 [cm^-1]
  Rotational constants: A = ************  B =  65158.93850  C =  65158.93850 [MHz]
  Nuclear repulsion =    0.134882965644516

  Charge       = 0
  Multiplicity = 1
  Electrons    = 2
  Nalpha       = 1
  Nbeta        = 1

  ==> Algorithm <==

  SCF Algorithm Type is DF.
  DIIS enabled.
  MOM disabled.
  Fractional occupation disabled.
  Guess Type is SAD.
  Energy threshold   = 1.00e-10
  Density threshold  = 1.00e-10
  Integral threshold = 1.00e-12

  ==> Primary Basis <==

  Basis Set: CC-PVTZ
    Blend: CC-PVTZ
    Number of shells: 12
    Number of basis functions: 28
    Number of Cartesian functions: 30
    Spherical Harmonics?: true
    Max angular momentum: 2

   => Loading Basis Set <=

    Name: (CC-PVTZ AUX)
    Role: JKFIT
    Keyword: DF_BASIS_SCF
    atoms 1-2 entry H          line    51 file /opt/anaconda3/envs/psi4/share/psi4/basis/cc-pvtz-jkfit.gbs 

  ==> Integral Setup <==

  DFHelper Memory: AOs need 0.000 GiB; user supplied 1.397 GiB. 
  SCF_SUBTYPE=INCORE selected. In-core MEM_DF algorithm will be used.
  Using in-core AOs.

  ==> MemDFJK: Density-Fitted J/K Matrices <==

    J tasked:                   Yes
    K tasked:                   Yes
    wK tasked:                   No
    OpenMP threads:               4
    Memory [MiB]:              1430
    Algorithm:                 Core
    Schwarz Cutoff:           1E-12
    Mask sparsity (%):      16.3265
    Fitting Condition:        1E-10

   => Auxiliary Basis Set <=

  Basis Set: (CC-PVTZ AUX)
    Blend: CC-PVTZ-JKFIT
    Number of shells: 20
    Number of basis functions: 60
    Number of Cartesian functions: 70
    Spherical Harmonics?: true
    Max angular momentum: 3

  Minimum eigenvalue in the overlap matrix is 1.0050493739E-01.
  Reciprocal condition number of the overlap matrix is 4.3900592905E-02.
    Using symmetric orthogonalization.

  ==> Pre-Iterations <==

  SCF Guess: Superposition of Atomic Densities via on-the-fly atomic UHF (no occupation information).

   -------------------------
    Irrep   Nso     Nmo    
   -------------------------
     A         28      28 
   -------------------------
    Total      28      28
   -------------------------

  ==> Iterations <==

                           Total Energy        Delta E     RMS |[F,P]|

   @DF-RHF iter SAD:    -0.83483520584699   -8.34835e-01   0.00000e+00 
   @DF-RHF iter   1:    -0.78731808902087    4.75171e-02   1.68599e-03 DIIS/ADIIS
   @DF-RHF iter   2:    -0.79062502784027   -3.30694e-03   2.88514e-04 DIIS/ADIIS
   @DF-RHF iter   3:    -0.79073722698420   -1.12199e-04   1.99448e-05 DIIS
   @DF-RHF iter   4:    -0.79073758239435   -3.55410e-07   4.90180e-07 DIIS
   @DF-RHF iter   5:    -0.79073758263740   -2.43054e-10   1.13777e-08 DIIS
   @DF-RHF iter   6:    -0.79073758263755   -1.50657e-13   2.92286e-10 DIIS
   @DF-RHF iter   7:    -0.79073758263755   -5.55112e-16   4.58488e-13 DIIS
  Energy and wave function converged.


  ==> Post-Iterations <==

    Orbital Energies [Eh]
    ---------------------

    Doubly Occupied:                                                      

       1A     -0.299333  

    Virtual:                                                              

       2A     -0.153351     3A      0.361015     4A      0.419892  
       5A      0.750644     6A      0.751484     7A      0.751484  
       8A      0.753756     9A      0.753756    10A      0.760480  
      11A      2.447886    12A      2.497367    13A      3.399436  
      14A      3.399436    15A      3.399453    16A      3.399453  
      17A      3.399924    18A      3.399924    19A      3.400000  
      20A      3.400000    21A      3.400206    22A      3.400369  
      23A      3.816382    24A      3.816382    25A      3.816393  
      26A      3.816579    27A      3.816579    28A      3.819932  

    Final Occupation by Irrep:
              A 
    DOCC [     1 ]
    NA   [     1 ]
    NB   [     1 ]

  @DF-RHF Final Energy:    -0.79073758263755

   => Energetics <=

    Nuclear Repulsion Energy =              0.1348829656445160
    One-Electron Energy =                  -1.2525755787715775
    Two-Electron Energy =                   0.3269550304895077
    Total Energy =                         -0.7907375826375538

Computation Completed


Properties will be evaluated at   0.000000,   0.000000,   0.000000 [a0]

Properties computed using the SCF density matrix


 Multipole Moments:

 ------------------------------------------------------------------------------------
     Multipole            Electronic (a.u.)      Nuclear  (a.u.)        Total (a.u.)
 ------------------------------------------------------------------------------------

 L = 1.  Multiply by 2.5417464519 to convert [e a0] to [Debye]
 Dipole X            :          0.0000000            0.0000000            0.0000000
 Dipole Y            :          0.0000000            0.0000000            0.0000000
 Dipole Z            :         -0.0000000            0.0000000           -0.0000000
 Magnitude           :                                                    0.0000000

 ------------------------------------------------------------------------------------

*** tstop() called on Angelinas-MacBook-Pro-574.local at Thu Feb 12 13:23:02 2026
Module time:
	user time   =       0.05 seconds =       0.00 minutes
	system time =       0.00 seconds =       0.00 minutes
	total time  =          0 seconds =       0.00 minutes
Total time:
	user time   =      62.50 seconds =       1.04 minutes
	system time =      16.43 seconds =       0.27 minutes
	total time  =      61574 seconds =    1026.23 minutes

Scratch directory: /tmp/
   => Libint2 <=

    Primary   basis highest AM E, G, H:  6, 6, 3
    Auxiliary basis highest AM E, G, H:  7, 7, 4
    Onebody   basis highest AM E, G, H:  -, -, -
    Solid Harmonics ordering:            Gaussian

*** tstart() called on Angelinas-MacBook-Pro-574.local
*** at Thu Feb 12 13:23:02 2026

   => Loading Basis Set <=

    Name: CC-PVTZ
    Role: ORBITAL
    Keyword: BASIS
    atoms 1-2 entry H          line    23 file /opt/anaconda3/envs/psi4/share/psi4/basis/cc-pvtz.gbs 


         ---------------------------------------------------------
                                   SCF
               by Justin Turney, Rob Parrish, Andy Simmonett
                          and Daniel G. A. Smith
                              RHF Reference
                        4 Threads,   1907 MiB Core
         ---------------------------------------------------------

  ==> Geometry <==

    Molecular point group: c1
    Full point group: D_inf_h

    Geometry (in Angstrom), charge = 0, multiplicity = 1:

       Center              X                  Y                   Z               Mass       
    ------------   -----------------  -----------------  -----------------  -----------------
         H            0.000000000000     0.000000000000    -1.980808080808     1.007825032230
         H            0.000000000000     0.000000000000     1.980808080808     1.007825032230

  Running in c1 symmetry.

  Rotational constants: A = ************  B =      2.13156  C =      2.13156 [cm^-1]
  Rotational constants: A = ************  B =  63902.41398  C =  63902.41398 [MHz]
  Nuclear repulsion =    0.133576093463361

  Charge       = 0
  Multiplicity = 1
  Electrons    = 2
  Nalpha       = 1
  Nbeta        = 1

  ==> Algorithm <==

  SCF Algorithm Type is DF.
  DIIS enabled.
  MOM disabled.
  Fractional occupation disabled.
  Guess Type is SAD.
  Energy threshold   = 1.00e-10
  Density threshold  = 1.00e-10
  Integral threshold = 1.00e-12

  ==> Primary Basis <==

  Basis Set: CC-PVTZ
    Blend: CC-PVTZ
    Number of shells: 12
    Number of basis functions: 28
    Number of Cartesian functions: 30
    Spherical Harmonics?: true
    Max angular momentum: 2

   => Loading Basis Set <=

    Name: (CC-PVTZ AUX)
    Role: JKFIT
    Keyword: DF_BASIS_SCF
    atoms 1-2 entry H          line    51 file /opt/anaconda3/envs/psi4/share/psi4/basis/cc-pvtz-jkfit.gbs 

  ==> Integral Setup <==

  DFHelper Memory: AOs need 0.000 GiB; user supplied 1.397 GiB. 
  SCF_SUBTYPE=INCORE selected. In-core MEM_DF algorithm will be used.
  Using in-core AOs.

  ==> MemDFJK: Density-Fitted J/K Matrices <==

    J tasked:                   Yes
    K tasked:                   Yes
    wK tasked:                   No
    OpenMP threads:               4
    Memory [MiB]:              1430
    Algorithm:                 Core
    Schwarz Cutoff:           1E-12
    Mask sparsity (%):      16.8367
    Fitting Condition:        1E-10

   => Auxiliary Basis Set <=

  Basis Set: (CC-PVTZ AUX)
    Blend: CC-PVTZ-JKFIT
    Number of shells: 20
    Number of basis functions: 60
    Number of Cartesian functions: 70
    Spherical Harmonics?: true
    Max angular momentum: 3

  Minimum eigenvalue in the overlap matrix is 1.0082764994E-01.
  Reciprocal condition number of the overlap matrix is 4.4076741768E-02.
    Using symmetric orthogonalization.

  ==> Pre-Iterations <==

  SCF Guess: Superposition of Atomic Densities via on-the-fly atomic UHF (no occupation information).

   -------------------------
    Irrep   Nso     Nmo    
   -------------------------
     A         28      28 
   -------------------------
    Total      28      28
   -------------------------

  ==> Iterations <==

                           Total Energy        Delta E     RMS |[F,P]|

   @DF-RHF iter SAD:    -0.83501611097756   -8.35016e-01   0.00000e+00 
   @DF-RHF iter   1:    -0.78616299028906    4.88531e-02   1.68050e-03 DIIS/ADIIS
   @DF-RHF iter   2:    -0.78946241178980   -3.29942e-03   2.86850e-04 DIIS/ADIIS
   @DF-RHF iter   3:    -0.78957366272251   -1.11251e-04   1.98269e-05 DIIS
   @DF-RHF iter   4:    -0.78957401303551   -3.50313e-07   4.72447e-07 DIIS
   @DF-RHF iter   5:    -0.78957401325974   -2.24234e-10   1.12590e-08 DIIS
   @DF-RHF iter   6:    -0.78957401325989   -1.47327e-13   2.82951e-10 DIIS
   @DF-RHF iter   7:    -0.78957401325989   -1.11022e-15   4.55037e-13 DIIS
  Energy and wave function converged.


  ==> Post-Iterations <==

    Orbital Energies [Eh]
    ---------------------

    Doubly Occupied:                                                      

       1A     -0.298385  

    Virtual:                                                              

       2A     -0.154227     3A      0.361189     4A      0.419396  
       5A      0.750831     6A      0.751575     7A      0.751575  
       8A      0.753750     9A      0.753750    10A      0.759762  
      11A      2.447639    12A      2.497296    13A      3.399590  
      14A      3.399590    15A      3.399607    16A      3.399607  
      17A      3.400050    18A      3.400050    19A      3.400123  
      20A      3.400123    21A      3.400305    22A      3.400455  
      23A      3.816582    24A      3.816582    25A      3.816666  
      26A      3.816749    27A      3.816749    28A      3.819647  

    Final Occupation by Irrep:
              A 
    DOCC [     1 ]
    NA   [     1 ]
    NB   [     1 ]

  @DF-RHF Final Energy:    -0.78957401325989

   => Energetics <=

    Nuclear Repulsion Energy =              0.1335760934633606
    One-Electron Energy =                  -1.2495293991458580
    Two-Electron Energy =                   0.3263792924226043
    Total Energy =                         -0.7895740132598932

Computation Completed


Properties will be evaluated at   0.000000,   0.000000,   0.000000 [a0]

Properties computed using the SCF density matrix


 Multipole Moments:

 ------------------------------------------------------------------------------------
     Multipole            Electronic (a.u.)      Nuclear  (a.u.)        Total (a.u.)
 ------------------------------------------------------------------------------------

 L = 1.  Multiply by 2.5417464519 to convert [e a0] to [Debye]
 Dipole X            :         -0.0000000            0.0000000           -0.0000000
 Dipole Y            :         -0.0000000            0.0000000           -0.0000000
 Dipole Z            :          0.0000000            0.0000000            0.0000000
 Magnitude           :                                                    0.0000000

 ------------------------------------------------------------------------------------

*** tstop() called on Angelinas-MacBook-Pro-574.local at Thu Feb 12 13:23:02 2026
Module time:
	user time   =       0.05 seconds =       0.00 minutes
	system time =       0.01 seconds =       0.00 minutes
	total time  =          0 seconds =       0.00 minutes
Total time:
	user time   =      62.57 seconds =       1.04 minutes
	system time =      16.44 seconds =       0.27 minutes
	total time  =      61574 seconds =    1026.23 minutes

Scratch directory: /tmp/
   => Libint2 <=

    Primary   basis highest AM E, G, H:  6, 6, 3
    Auxiliary basis highest AM E, G, H:  7, 7, 4
    Onebody   basis highest AM E, G, H:  -, -, -
    Solid Harmonics ordering:            Gaussian

*** tstart() called on Angelinas-MacBook-Pro-574.local
*** at Thu Feb 12 13:23:02 2026

   => Loading Basis Set <=

    Name: CC-PVTZ
    Role: ORBITAL
    Keyword: BASIS
    atoms 1-2 entry H          line    23 file /opt/anaconda3/envs/psi4/share/psi4/basis/cc-pvtz.gbs 


         ---------------------------------------------------------
                                   SCF
               by Justin Turney, Rob Parrish, Andy Simmonett
                          and Daniel G. A. Smith
                              RHF Reference
                        4 Threads,   1907 MiB Core
         ---------------------------------------------------------

  ==> Geometry <==

    Molecular point group: c1
    Full point group: D_inf_h

    Geometry (in Angstrom), charge = 0, multiplicity = 1:

       Center              X                  Y                   Z               Mass       
    ------------   -----------------  -----------------  -----------------  -----------------
         H            0.000000000000     0.000000000000    -2.000000000000     1.007825032230
         H            0.000000000000     0.000000000000     2.000000000000     1.007825032230

  Running in c1 symmetry.

  Rotational constants: A = ************  B =      2.09084  C =      2.09084 [cm^-1]
  Rotational constants: A = ************  B =  62681.88831  C =  62681.88831 [MHz]
  Nuclear repulsion =    0.132294302667500

  Charge       = 0
  Multiplicity = 1
  Electrons    = 2
  Nalpha       = 1
  Nbeta        = 1

  ==> Algorithm <==

  SCF Algorithm Type is DF.
  DIIS enabled.
  MOM disabled.
  Fractional occupation disabled.
  Guess Type is SAD.
  Energy threshold   = 1.00e-10
  Density threshold  = 1.00e-10
  Integral threshold = 1.00e-12

  ==> Primary Basis <==

  Basis Set: CC-PVTZ
    Blend: CC-PVTZ
    Number of shells: 12
    Number of basis functions: 28
    Number of Cartesian functions: 30
    Spherical Harmonics?: true
    Max angular momentum: 2

   => Loading Basis Set <=

    Name: (CC-PVTZ AUX)
    Role: JKFIT
    Keyword: DF_BASIS_SCF
    atoms 1-2 entry H          line    51 file /opt/anaconda3/envs/psi4/share/psi4/basis/cc-pvtz-jkfit.gbs 

  ==> Integral Setup <==

  DFHelper Memory: AOs need 0.000 GiB; user supplied 1.397 GiB. 
  SCF_SUBTYPE=INCORE selected. In-core MEM_DF algorithm will be used.
  Using in-core AOs.

  ==> MemDFJK: Density-Fitted J/K Matrices <==

    J tasked:                   Yes
    K tasked:                   Yes
    wK tasked:                   No
    OpenMP threads:               4
    Memory [MiB]:              1430
    Algorithm:                 Core
    Schwarz Cutoff:           1E-12
    Mask sparsity (%):      18.3673
    Fitting Condition:        1E-10

   => Auxiliary Basis Set <=

  Basis Set: (CC-PVTZ AUX)
    Blend: CC-PVTZ-JKFIT
    Number of shells: 20
    Number of basis functions: 60
    Number of Cartesian functions: 70
    Spherical Harmonics?: true
    Max angular momentum: 3

  Minimum eigenvalue in the overlap matrix is 1.0114624515E-01.
  Reciprocal condition number of the overlap matrix is 4.4249226891E-02.
    Using symmetric orthogonalization.

  ==> Pre-Iterations <==

  SCF Guess: Superposition of Atomic Densities via on-the-fly atomic UHF (no occupation information).

   -------------------------
    Irrep   Nso     Nmo    
   -------------------------
     A         28      28 
   -------------------------
    Total      28      28
   -------------------------

  ==> Iterations <==

                           Total Energy        Delta E     RMS |[F,P]|

   @DF-RHF iter SAD:    -0.83519763423366   -8.35198e-01   0.00000e+00 
   @DF-RHF iter   1:    -0.78503978861278    5.01578e-02   1.67539e-03 DIIS/ADIIS
   @DF-RHF iter   2:    -0.78833264084682   -3.29285e-03   2.85243e-04 DIIS/ADIIS
   @DF-RHF iter   3:    -0.78844296493542   -1.10324e-04   1.97048e-05 DIIS
   @DF-RHF iter   4:    -0.78844331000709   -3.45072e-07   4.55301e-07 DIIS
   @DF-RHF iter   5:    -0.78844331021392   -2.06828e-10   1.11435e-08 DIIS
   @DF-RHF iter   6:    -0.78844331021407   -1.46438e-13   2.73874e-10 DIIS
   @DF-RHF iter   7:    -0.78844331021407    1.11022e-16   4.67667e-13 DIIS
  Energy and wave function converged.


  ==> Post-Iterations <==

    Orbital Energies [Eh]
    ---------------------

    Doubly Occupied:                                                      

       1A     -0.297458  

    Virtual:                                                              

       2A     -0.155076     3A      0.361419     4A      0.418852  
       5A      0.750998     6A      0.751667     7A      0.751667  
       8A      0.753753     9A      0.753753    10A      0.759133  
      11A      2.447492    12A      2.497158    13A      3.399749  
      14A      3.399749    15A      3.399765    16A      3.399765  
      17A      3.400182    18A      3.400182    19A      3.400251  
      20A      3.400251    21A      3.400413    22A      3.400550  
      23A      3.816784    24A      3.816784    25A      3.816920  
      26A      3.816926    27A      3.816926    28A      3.819426  

    Final Occupation by Irrep:
              A 
    DOCC [     1 ]
    NA   [     1 ]
    NB   [     1 ]

  @DF-RHF Final Energy:    -0.78844331021407

   => Energetics <=

    Nuclear Repulsion Energy =              0.1322943026675000
    One-Electron Energy =                  -1.2465595519825872
    Two-Electron Energy =                   0.3258219391010220
    Total Energy =                         -0.7884433102140651

Computation Completed


Properties will be evaluated at   0.000000,   0.000000,   0.000000 [a0]

Properties computed using the SCF density matrix


 Multipole Moments:

 ------------------------------------------------------------------------------------
     Multipole            Electronic (a.u.)      Nuclear  (a.u.)        Total (a.u.)
 ------------------------------------------------------------------------------------

 L = 1.  Multiply by 2.5417464519 to convert [e a0] to [Debye]
 Dipole X            :         -0.0000000            0.0000000           -0.0000000
 Dipole Y            :          0.0000000            0.0000000            0.0000000
 Dipole Z            :          0.0000000            0.0000000            0.0000000
 Magnitude           :                                                    0.0000000

 ------------------------------------------------------------------------------------

*** tstop() called on Angelinas-MacBook-Pro-574.local at Thu Feb 12 13:23:02 2026
Module time:
	user time   =       0.05 seconds =       0.00 minutes
	system time =       0.00 seconds =       0.00 minutes
	total time  =          0 seconds =       0.00 minutes
Total time:
	user time   =      62.63 seconds =       1.04 minutes
	system time =      16.44 seconds =       0.27 minutes
	total time  =      61574 seconds =    1026.23 minutes
