R_angstrom,E_root0,E_root1,E_root2,E_root3,E_root4,E_root5,E_root6,E_root7,E_root8,E_root9,E_root10
0.2,0.8313503983479575,2.136329113211102,2.151381078791813,2.1513810788052234,2.170194690703052,2.420963522997154,2.431978288606428,2.438871599479799,2.4388715994798185,2.4456188304140034,2.5405741816188425
0.2096192384769539,0.7219902048356164,2.0139591743748224,2.0303800726968184,2.030380072726218,2.0504139409170032,2.299274462861133,2.311089704166135,2.317417941848494,2.31741794184851,2.324170515061842,2.4195473860596968
0.21923847695390783,0.623272425805302,1.9021993250588518,1.9200498271774475,1.9200498272265905,1.94129462154521,2.1882281674343216,2.2008564804940707,2.2066172721356208,2.2066172721356363,2.2133782613560156,2.309190248011218
0.22885771543086172,0.5338370701623112,1.7997065201259077,1.819046477233952,1.8190464772995503,1.8414910516371183,2.0864813440116685,2.099933653348712,2.10512612259536,2.10512612259539,2.111899400720385,2.208158907618979
0.23847695390781565,0.4525430697146813,1.7053546528584733,1.7262429173821796,1.726242917447493,1.7498745691646682,1.992907481200122,2.0071929362207657,2.0118177911233195,2.0118177911233257,2.018608190852728,2.115326262737519
0.24809619238476954,0.3784260968373998,1.6181924302681794,1.6406867808951984,1.6406867809318424,1.6654914957991012,1.9065548215646893,1.9216806609314212,1.9257403195730272,1.925740319573041,1.9325538289531667,2.0297399479543174
0.25771543086172344,0.3106657672330515,1.5374103549740052,1.561567829818192,1.561567829818214,1.5875305071334336,1.826613737743807,1.8425851199584518,1.8460838827500328,1.84608388275004,1.8529278824322577,1.960002518891212
0.26733466933867733,0.24855985987410123,1.4623144884693036,1.4881923853608967,1.488192385360909,1.5152970382922448,1.752391155266052,1.7692109404552443,1.7721552177576823,1.7721552177577073,1.779038766796597,1.885912260887295
0.2769539078156313,0.19150385644672796,1.3923061716708705,1.4199630870278401,1.4199630870278455,1.448193015383658,1.6832903346525536,1.7009587805490516,1.7033573819946595,1.7033573819946783,1.7102915571774688,1.816922694443416
0.2865731462925852,0.13897456470133784,1.3268672519734066,1.356362728132894,1.3563627282552355,1.3857006634324724,1.6187947525408315,1.6373091012278367,1.6391735877539793,1.6391735877539824,1.6461718773201284,1.7452841936160572
0.2961923847695391,0.09051691203212053,1.265548326353342,1.296941241827486,1.2969412419909527,1.3273694662560862,1.5584550901156784,1.5778090966461573,1.579154186675626,1.5791541866756356,1.5862329304023148,1.6858269980465883
0.305811623246493,0.045733223188046956,1.2079577160906951,1.2413051422674626,1.2413051424655681,1.2728055861278629,1.5018786353829645,1.5220621053433179,1.5229061105125103,1.5229061105125323,1.5300849627596578,1.6301540511547463
0.3154308617234469,0.004274459726080648,1.1537518057600642,1.18910889864432,1.1891088988710334,1.2216632193869803,1.4487206311675664,1.4697190020316893,1.470084243871348,1.4700842438713697,1.4773866122897017,1.577919804790317
0.3250501002004008,-0.034166980843377326,1.102627524119693,1.1400478404823857,1.1400478407322567,1.1736374876679163,1.398677184000378,1.4203843287251203,1.4203843287251376,1.4204712009620666,1.4278377102174784,1.5288195682316077
0.3346693386773547,-0.06986321846579013,1.0543165141114208,1.0938522865168379,1.0938522867849614,1.128458556061632,1.351479400056866,1.3735370925177213,1.373537092517723,1.3740449937474857,1.3811731967629552,1.4825836371238945
0.3442885771543086,-0.10305584060141504,1.0085803861800418,1.050282657782731,1.0502826580646087,1.0858867382488737,1.3068884923588855,1.3293033605640643,1.3293033605640703,1.3301969965376825,1.3371578969731004,1.4389724066639205
0.3539078156312625,-0.1339600408085455,0.9652067288654328,1.0091253876580308,1.0091253879495747,1.0457084006778565,1.2646917172138177,1.2874699654826367,1.287469965482659,1.288710492777577,1.295581995738421,1.3977722817684703
0.3635270541082164,-0.1627680975378467,0.9240057219625336,0.9701894812498848,0.970189481545558,1.0077325175709007,1.2246989086826656,1.2478463060374811,1.2478463060374825,1.2493924403025558,1.2562571477615296,1.3579539159100642
0.37314629258517035,-0.1896523135114856,0.8848072533363691,0.9333036069440916,0.933303607242422,0.9717877591094359,1.1867395819443969,1.210261438212184,1.210261438212185,1.2120708991817168,1.2190132315189897,1.31996545683868
0.38276553106212424,-0.21476751176630327,0.8474584587387842,0.8983136265334752,0.8983136268313967,0.937720018809574,1.1506604594963488,1.1745616048950713,1.1745616048950827,1.1765926716400197,1.1836957685054088,1.2838679626912428
0.3923847695390782,-0.23825316535161778,0.81182161817028,0.8650804886342167,0.865080488928955,0.9053903045701407,1.1163233629797542,1.1406081289166985,1.1406081289167074,1.1428210398951575,1.1501639712969594,1.2495236918587211
0.4020040080160321,-0.26023522271532595,0.777772351612246,0.8334784245669937,0.8334784248561271,0.8746729323683036,1.083603407246311,1.1082756085855676,1.10827560858557,1.1106336018776168,1.118289298689879,1.216808390398468
0.411623246492986,-0.280827678986977,0.745198065701115,0.8033933972150651,0.8033933974964212,0.8454539730133614,1.0523874466693164,1.077450366245345,1.0774503662453487,1.0799202773856398,1.0879543463460488,1.185609762165924
0.4212424849699399,-0.30013393399901056,0.7139966128043823,0.7747217624196232,0.7747217626912823,0.8176299114693676,1.022572733595072,1.0480291094141516,1.0480291094141603,1.0505815614463905,1.0590519153264646,1.155826137066627
0.4308617234468938,-0.31824797041002095,0.6840751291089846,0.7473691099534874,0.7473691111482728,0.7911064855040506,0.9940657552061087,1.0199177712883452,1.0199177712883476,1.022527059820297,1.0314841570526958,1.1273653024796677
0.44048096192384767,-0.33525537937754835,0.6553490247261138,0.7212492550810624,0.7212492550810707,0.7657976762563325,0.9667812212161271,0.9930305031956674,0.9930305031956757,0.9956742942525697,1.0051617523351815,1.1001434646324502
0.4501002004008016,-0.35123425638855266,0.6277411030003425,0.6962833619420339,0.6962833619420445,0.741624828016848,0.9406411793160641,0.9672887962680257,0.967288796268032,0.9699477359687991,0.9800031205502704,1.0740843034222374
0.4597194388777555,-0.3662559860544079,0.6011807901532839,0.6723991745048332,0.6723991745048457,0.7185158783161554,0.9155742395653751,0.9426207134085213,0.9426207134085314,0.9452780181368823,0.955933670319467,1.0491180942379625
0.4693386773547094,-0.38038593153381717,0.5756034589188572,0.6495303432934401,0.6495303432934436,0.6964046825367013,0.8915148917604693,0.9189602157279942,0.9189602157280011,0.9216012833149009,0.9328851041685485,1.0251808641865456
0.4789579158316633,-0.3936840417279701,0.5509498326385954,0.6276158329885465,0.6276158329885564,0.6752304197899597,0.8684029033743021,0.89624657016832,0.8962465701683295,0.8988586318394868,0.9107947846095213,1.0022135751541648
0.48857715430861726,-0.4062053873412861,0.5271654581003555,0.6065993999891902,0.606599399989191,0.6549370688935978,0.8461827879676465,0.8744238271199355,0.8744238271199365,0.8769956467927779,0.889605163679547,0.9801613381838605
0.49819639278557115,-0.4180006351992751,0.5042002373695894,0.5864291304767538,0.586429130476758,0.635472945004063,0.8248033362272316,0.8534403585691068,0.8534403585691119,0.8559619787170581,0.8692632738671742,0.9589726883748536
0.507815631262525,-0.42911646883101406,0.48200801066182564,0.5670570309587406,0.5670570309587482,0.6167902888866691,0.8042172031935271,0.8332484487434517,0.8332484487434574,0.8357109785004128,0.8497202759679722,0.9385989663490755
0.5174348697394789,-0.4395959621736507,0.46054618404488035,0.5484386644617661,0.5484386644617709,0.5988449019915545,0.7843805458326987,0.8138039304182507,0.8138039304182552,0.8161993703073378,0.830931058343178,0.9189938532115741
0.5270541082164328,-0.4494789122860432,0.43977539718468206,0.5305328265423115,0.5305328265423153,0.5815958214976672,0.7652527050260395,0.795065861043889,0.7950658610438992,0.797386958633614,0.8128538818389124,0.9001130861150175
0.5366733466933868,-0.4588021361598372,0.41965922727804705,0.513301256119429,0.5133012561194328,0.5650050303179006,0.7467959258871119,0.7769962336925735,0.7769962336925748,0.7792363649714955,0.7954500648832692,0.881914347869845
0.5462925851703406,-0.4675997360196543,0.40016392563028713,0.4967083768378461,0.496708376837849,0.5490371977584838,0.7289751106054815,0.7595597185271364,0.7595597185271374,0.7617127904863321,0.7786837037640286,0.8643572957179936
0.5559118236472946,-0.47590333692770737,0.38125818321634863,0.48072106564198913,0.4807210656419906,0.533659447121929,0.7117575988488872,0.742723431091326,0.7427234310913327,0.7447838017243911,0.7625214236523095,0.8474036789600886
0.5655310621242484,-0.4837423000096621,0.36291292148738774,0.46530844310747865,0.4653084431074818,0.5188411470405597,0.695112971960877,0.7264567242254973,0.7264567242255034,0.728419136811858,0.746932156495864,0.8310175085055347
0.5751503006012024,-0.4911439141811066,0.34510110473899913,0.45044168836411824,0.4504416883641213,0.5045537237609649,0.6790128777414617,0.7107310008413296,0.7107310008413353,0.7125905299345958,0.7318869424227471,0.8151652457406661
0.5847695390781563,-0.4981335688838233,0.3277975708747226,0.43609386881162276,0.43609386881162737,0.49077049196122874,0.6634308727388532,0.6955195451559459,0.6955195451559495,0.6972715521509797,0.7173587517553632,0.7998159868707229
0.5943887775551102,-0.5047349100188262,0.31097887796413803,0.4222397880251043,0.42223978802510587,0.477466501998821,0.6483422785463687,0.6807973702983102,0.6807973702983147,0.6824374668047324,0.7033223251348157,0.7849416063189296
0.6040080160320641,-0.5109699809862868,0.2946231646416395,0.4088558478526908,0.40885584785270046,0.4646184017532375,0.6337240485857297,0.6665410804698875,0.6665410804698887,0.6680650979904859,0.6897540295990732,0.7705168191723923
0.613627254509018,-0.5168593504867096,0.27871002281433477,0.3959199230557571,0.39591992305576296,0.4522043114609987,0.6195546424156728,0.6527287460715347,0.6527287460715386,0.6541327106868341,0.6766317287519059,0.7565191261006856
0.623246492985972,-0.522422228542979,0.2632203814555645,0.38341124955043554,0.38341124955043604,0.44020371013701376,0.605813905873001,0.63933979040704,0.639339790407041,0.6406199013191355,0.6639346654086519,0.7429286268838808
0.6328657314629258,-0.5276765720092674,0.24813640043244756,0.371310318894307,0.37131031889431265,0.4285973323495939,0.5924829568245298,0.6263548867439623,0.6263548867439677,0.6275074976499936,0.6516433553170323,0.7297277191626867
0.6424849699398798,-0.5326391806738643,0.23344137344360527,0.35959878608214074,0.3595987860821469,0.41736707426339065,0.5795440774466503,0.6137558646594339,0.6137558646594362,0.6147774670241749,0.6397394907307408,0.7169007245030193
0.6521042084168336,-0.5373257849345167,0.21911963923870925,0.3482593836025724,0.34825938360257674,0.4064959079922167,0.5669806144174545,0.6015256247247445,0.6015256247247452,0.6024128321185643,0.6282058527665703,0.7044334947670294
0.6617234468937876,-0.5417511258943045,0.2051565003824014,0.3372758433443987,0.3372758433444041,0.39596780341490373,0.554776888194511,0.5896480606914534,0.5896480606914567,0.590397593467892,0.617026231605791,0.6923130466347097
0.6713426853707415,-0.5459290286365179,0.19153814890182008,0.3266328252013237,0.3266328252013245,0.3857676567015074,0.5429181119259386,0.5781079884355436,0.578107988435544,0.5787166581534372,0.6061853537116182,0.6805272563253586
0.6809619238476954,-0.5498724693334147,0.17825159822609138,0.3163158517133873,0.31631585171338916,0.3758812248822564,0.5313903198008476,0.5668910809968187,0.566891080996822,0.5673557741520991,0.5956688153304912,0.6690646280225888
0.6905811623246493,-0.5535936367792222,0.1652846208761315,0.30631124815692784,0.3063112481569342,0.36629506586303245,0.5201803040632296,0.5559838091210328,0.5559838091210355,0.5563014699429676,0.5854630216277542,0.6579141341718245
0.7002004008016032,-0.5571039888601945,0.15262569141072624,0.29660608755982654,0.2966060875598272,0.35699648335629214,0.5092755595780141,0.545373386772916,0.545373386772918,0.5455409990528084,0.5755551308815987,0.6470651163873604
0.7098196392785572,-0.5604143044199938,0.14026393416905136,0.28718814017583444,0.2871881401758385,0.3479734762536441,0.49866423474286037,0.5350477211416561,0.5350477211416567,0.5350622892837966,0.5659330032245553,0.6365072319150625
0.719438877755511,-0.5635347309298272,0.12818907538884683,0.2780458270014854,0.27804582700149255,0.3392146920171429,0.4883350876270174,0.5248538964022911,0.5249953667075666,0.5249953667075722,0.5565851534808497,0.6262304309251985
0.729058116232465,-0.5664748283209814,0.11639139931035103,0.2691681769636244,0.2691681769636281,0.330709383714883,0.47827744638497444,0.5149049620733113,0.5152054829810438,0.5152054829810517,0.5475007077023928,0.6162249522814984
0.7386773547094188,-0.5692436093066819,0.10486170790842608,0.26054478744437237,0.26054478744437626,0.3224473703672629,0.4684811731914946,0.5052051758041648,0.5056677955627992,0.5056677955628013,0.5386693630554208,0.6064813287319749
0.7482965931863728,-0.5718495764871441,0.09359128392990756,0.2521657878464154,0.25216578784641974,0.31441900030961345,0.4589366311292197,0.4957447406182743,0.49637256020943565,0.49637256020943776,0.5300813507546686,0.5969903953802878
0.7579158316633265,-0.5743007565048829,0.08257185694022384,0.2440218061090172,0.24402180610901897,0.3066151173109804,0.4496346536033933,0.48651434212770756,0.48731053105133165,0.4873105310513336,0.5217274017814787,0.5877432977242538
0.7675350701402806,-0.5766047314922182,0.07179557211212162,0.23610393661382223,0.23610393661382917,0.2990270292188233,0.44056651597209184,0.47750512062286393,0.47847292395354224,0.47847292395354235,0.5135987151560162,0.578731497323814
0.7771543086172346,-0.578768668043562,0.061254961515658346,0.22840371327705178,0.22840371327705306,0.29164647892420803,0.431723909159929,0.46870864576288496,0.4698513971226964,0.46985139712269935,0.5056869285614596,0.5699467743189277
0.7867735470941883,-0.5807993439231582,0.05094291769053272,0.2209130809449793,0.2209130809449838,0.2844656174635612,0.4230989150738057,0.4601168934398301,0.46143801836784504,0.46143801836784537,0.4979840911396545,0.5613812267186313
0.7963927855711423,-0.5827031727039997,0.04085266930444409,0.21362437151903718,0.21362437151903935,0.2774769790898538,0.41468398367710047,0.4517222244074236,0.4532252421110959,0.4532252421111014,0.49048263829411687,0.5530272667785244
0.8060120240480961,-0.5844862265276368,0.030977758718510273,0.20653028080009955,0.2065302808001015,0.27067345815929805,0.4064719115989056,0.4435173643101773,0.44520588574048425,0.4452058857404875,0.483175368348123,0.544877614942464
0.8156312625250501,-0.5861542571529129,0.021312021298406925,0.1996238471096879,0.19962384710969128,0.26404828769134947,0.3984558221718043,0.4354953848131905,0.43737311129619283,0.43737311129619627,0.4760554209147178,0.5369252918872565
0.8252505010020039,-0.5877127154530855,0.011849566324976246,0.19289843141576762,0.1928984314157754,0.2575950194689252,0.3906291467993177,0.4276496856083341,0.4297204008444189,0.4297204008444201,0.46911625684275726,0.5291636091646427
0.8348697394789579,-0.5891667695034404,0.0025847593706758154,0.18634769883594904,0.1863476988359576,0.2513075055542477,0.38298560756361194,0.41997397714783113,0.4222415411276115,0.42224154112761153,0.4623516396100101,0.5215861588881575
0.8444889779559117,-0.5905213213898953,-0.006487793978032119,0.17996560144559126,0.17996560144559476,0.2451798811042189,0.3755192009885724,0.41246226402340547,0.41493060534914294,0.4149306053491443,0.4557556180414597,0.5141868028333983
0.8541082164328657,-0.5917810228519459,-0.015373263163610429,0.1737463620642244,0.1737463620642276,0.23920654837752076,0.3682241828780723,0.40510882896187606,0.4077819369327509,0.4077819369327538,0.4493225102389149,0.5069596612480174
0.8637274549098197,-0.5929502898633893,-0.024076606564819913,0.1676844595027881,0.1676844595027887,0.2333821618337411,0.36109505415540133,0.39790821744445615,0.40079013433443555,0.40079013433443716,0.443046888616411,0.4998991016049789
0.8733466933867735,-0.5940333162400127,-0.03260258436116392,0.1617746144113219,0.16177461441132313,0.227701614233493,0.3541265476321724,0.39085522297715813,0.39395003683312146,0.39395003683312624,0.43692356594506265,0.49299972747179355
0.8829659318637275,-0.5950340863546474,-0.04095577043706233,0.15601177624438056,0.15601177624438106,0.22216002365685605,0.3473136156411259,0.38394487304631364,0.3872567112323948,0.38725671123239597,0.4309475823202277,0.4862563676263533
0.8925851703406813,-0.59595638702863,-0.049140563403359705,0.15039111103139552,0.15039111103139657,0.21675272136486795,0.34065141847016556,0.37717241578976024,0.3807054394110303,0.38070543941103124,0.42511419297266595,0.4796640655077233
0.9022044088176353,-0.5968038186637794,-0.05716119680506815,0.14490798992994974,0.14490798992995169,0.2114752404370432,0.33413531353992654,0.3705333074046115,0.37429170666443656,0.3742917066644406,0.4194188568540255,0.4732180690646212
0.9118236472945891,-0.5975798056706794,-0.06502174858050636,0.139557978503405,0.1395579785034054,0.20632330512389863,0.327760845270113,0.3640232002997794,0.3680111907832577,0.36801119078326006,0.4138572259345846,0.4669138210351722
0.9214428857715431,-0.5982876062429527,-0.0727261498305436,0.1343368266692091,0.13433682666921132,0.20129282086043537,0.32152373558437897,0.3576379319883518,0.3618597518189349,0.36185975181894103,0.4084251351581486,0.4607469496800765
0.9310621242484969,-0.5989303215261919,-0.08027819295148719,0.12924045926867428,0.12924045926867472,0.19637986489093878,0.31541987500712926,0.35137351470292,0.35583342248940986,0.35583342248941285,0.403118593004908,0.4547132599716456
0.9406813627254509,-0.599510904220046,-0.08768153918264643,0.12426496721316516,0.12426496721316593,0.19158067746149948,0.3094453143076208,0.3452261257074062,0.3499283991812471,0.3499283991812474,0.39793377261844537,0.4488087252365002
0.9503006012024049,-0.6000321666564159,-0.09493972561309183,0.11940659916526386,0.11940659916526636,0.1868916535394876,0.3035962566519969,0.33919209827164853,0.3441410335071786,0.3441410335071806,0.39286700345728126,0.4430294792370617
0.9599198396793587,-0.6004967883854709,-0.10205617169059045,0.11466175371698273,0.11466175371698378,0.18230933502413638,0.29786905022490257,0.3332679132704963,0.3384678243810742,0.3384678243810814,0.3879147634353848,0.4373718086716556
0.9695390781563127,-0.6009073233056175,-0.1090341852714305,0.11002697203001799,0.11002697203002099,0.17783040341445455,0.29226018128648934,0.32745019136653597,0.3329054105746091,0.3329054105746127,0.3830736715191161,0.43183214607779247
0.9791583166332665,-0.601266206365478,-0.1158769682467351,0.10549893090609319,0.10549893090609791,0.17345167290424168,0.28676626763222623,0.32173568573512956,0.3274505637226689,0.32745056372267084,0.37834048075098115,0.42640706310292564
0.9887775551102205,-0.6015757598680075,-0.12258762177859439,0.10107443625785828,0.10107443625786083,0.16917008387614396,0.2813840524262382,0.31612127529087247,0.3221001817465075,0.3221001817465165,0.37371207167295173,0.4210932641257635
0.9983967935871743,-0.6018381994012165,-0.12916915117619643,0.09675041695311265,0.09675041695311604,0.16498269676859173,0.2761103983806611,0.31060395837640997,0.3168512826661898,0.31685128266619345,0.36918544612416404,0.41588758019294547
1.0080160320641283,-0.602055639420413,-0.13562447044031056,0.09252391900740803,0.09252391900741302,0.16088668629218839,0.27094228225604367,0.30518084687663793,0.3117009987756766,0.3117009987756768,0.3647577213897994,0.4107869632478003
1.017635270541082,-0.6022300985046037,-0.14195640650178953,0.08839210010153614,0.08839210010153759,0.15687933597285653,0.2658767896597201,0.29984916072393764,0.30664657115592653,0.30664657115592964,0.36042612467943724,0.4057884806187768
1.027254509018036,-0.6023635043069915,-0.1481677031781793,0.0843522244060374,0.08435222440603846,0.15295803300147331,0.2609111101212466,0.2946062227627662,0.30168534450328294,0.3016853445032831,0.3561879879148121,0.4008893097460403
1.03687374749499,-0.6024576982194547,-0.15426102487015625,0.08040165769633556,0.08040165769634011,0.14912026337064915,0.25604253242629116,0.28944945394460175,0.2968147622519298,0.2968147622519326,0.3520407428081658,0.3960867331173155
1.0464929859719438,-0.6025144397682457,-0.16023896001838878,0.07653786269700524,0.07653786269700791,0.14536360728099607,0.25126844019139327,0.28437636882679523,0.29203236197093696,0.29203236197093746,0.34798191621364444,0.39137813339364597
1.0561122244488979,-0.6025354107583178,-0.1661040243390326,0.07275839473110945,0.0727583947311109,0.14168573479999974,0.24658630766485734,0.27938457135127,0.28733577101774066,0.28733577101774166,0.34400912573524867,0.3867609887029223
1.0657314629258516,-0.6025222191807542,-0.17185866385547038,0.06906089757143208,0.06906089757143558,0.13808440175818487,0.24199369574011614,0.27447175088124964,0.2827227024313741,0.28272270243137815,0.34012007557596624,0.38223286808907053
1.0753507014028056,-0.6024764028988496,-0.17750525774158926,0.06544309951308253,0.06544309951308336,0.13455744586795898,0.23748824816960395,0.26963567847622455,0.278190951049871,0.2781909510498721,0.3363125526135373,0.37779142710190544
1.0849699398797594,-0.6023994331250802,-0.1830461209914554,0.06190281027956285,0.06190281027956673,0.13110278305154477,0.2330676879690009,0.2648742033870375,0.27373838983754245,0.2737383898375457,0.33258442268922983,0.3734344035227154
1.0945891783567134,-0.6022927177023701,-0.1884835069282974,0.05843791489989997,0.05843791489990052,0.1277184039654583,0.2287298140026794,0.26018524975476554,0.2693629664087619,0.2693629664087671,0.3289336270968112,0.36915961322185153
1.1042084168336672,-0.6021576042014636,-0.19381960956527788,0.055046374439939205,0.05504637443994137,0.12440237070947957,0.2244724977425025,0.2555668134984137,0.2650626997359467,0.26506269973594776,0.32535817925951954,0.36496494615198843
1.1138276553106212,-0.6019953828450029,-0.19905656582908365,0.051726219983749266,0.051726219983753485,0.12115281370913672,0.2202936801932407,0.25101695937774765,0.26083567703028787,0.2608356770302902,0.3218561615836632,0.36084836248035834
1.123446893787575,-0.6018072892686124,-0.20419645765652383,0.04847555037280432,0.048475550372805376,0.1179679287612232,0.21619136897802643,0.24653381821874043,0.25668005078458533,0.25668005078458844,0.3184257224779694,0.35680788887317305
1.133066132264529,-0.6015945071295932,-0.20924131397386136,0.045292529347540744,0.04529252934754263,0.11484597423259746,0.21216363557854068,0.24211558429020008,0.2525940359683264,0.252594035968328,0.3150650735284696,0.3528416149414365
1.142685370741483,-0.6013581705714026,-0.2141931125670743,0.042175382831758035,0.042175382831760366,0.11178526840308184,0.20820861272413105,0.23776051282099878,0.2485759073657959,0.24857590736579985,0.3117724868191702,0.34894768986535224
1.1523046092184368,-0.6010993665532413,-0.2190537818514412,0.03912239635175735,0.03912239635175924,0.10878418694394193,0.2043244919243677,0.23346691764823616,0.24462399704872848,0.24462399704873505,0.308546292389315,0.3451243192096003
1.1619238476953908,-0.6008191370522165,-0.22382520254750288,0.036131912582400894,0.03613191258240228,0.10584116052384318,0.20050952113948967,0.2292331689873523,0.24073669197552047,0.24073669197552144,0.3053848758185346,0.3413697619450594
1.1715430861723446,-0.6005184811462823,-0.22850920927035762,0.03320232901305925,0.033202329013060417,0.10295467253472412,0.1967620025823964,0.2250576913160112,0.23691243170958956,0.2369124317095927,0.30228667593147174,0.3376823276876351
1.1811623246492986,-0.600198356984978,-0.23310759203828957,0.03033209572662593,0.030332095726627428,0.10012325693050905,0.19308029064580468,0.22093896136408575,0.23314970625001455,0.23314970625001677,0.2992501826141221,0.3340603741633764
1.1907815631262524,-0.5998596836544889,-0.23762209770676918,0.027519713285312497,0.027519713285314218,0.09734549617197846,0.1894627899475358,0.21687550620277452,0.22944705396799697,0.22944705396799808,0.2962739347343193,0.3305023049043803
1.2004008016032064,-0.599503342943553,-0.24205443133289273,0.02476373071733773,0.024763730717342003,0.09462001927164482,0.1859079534862652,0.2128659014262893,0.2258030596431676,0.22580305964316902,0.2933565181592498,0.3270065671739302
1.2100200400801602,-0.599130181016524,-0.24640625747542744,0.02206274359894561,0.02206274359894861,0.09194549993259421,0.1824142808999637,0.2089087694202125,0.22221635259414074,0.22221635259414224,0.2904965638633023,0.3235716501175577
1.2196392785571142,-0.5987410099980849,-0.25067920143462197,0.019415392226570183,0.019415392226572625,0.08932065477599521,0.17898031681887944,0.20500277771086003,0.21868560489809402,0.21868560489809555,0.28769274611976303,0.320196083127557
1.229258517034068,-0.5983366094766054,-0.2548748504363873,0.01682035987423497,0.01682035987423569,0.08674424165191608,0.17560464930468433,0.20114663739063462,0.2152095296945123,0.21520952969451262,0.2849437807703895,0.31687843440749147
1.238877755511022,-0.5979177279293875,-0.2589947547643232,0.014276371131626164,0.01427637113162794,0.08421505802879603,0.17228590836781915,0.19733910161458712,0.2117868795685532,0.21178687956855438,0.28224842356707003,0.31361730971732127
1.2484969939879758,-0.5974850840756543,-0.26304042884330653,0.011782190318553376,0.011782190318553598,0.08173193945682672,0.16902276455510146,0.19357896416379522,0.20841644500981338,0.20841644500981438,0.27960546858017465,0.3104113512781166
1.2581162324649298,-0.5970393681610113,-0.26701335227779116,0.009336619971655635,0.009336619971656634,0.07929375810115918,0.16581392760027075,0.18986505807156936,0.20509705294251282,0.2050970529425149,0.27701374666859074,0.3072592368124493
1.2677354709418838,-0.5965812431776105,-0.27091497084763266,0.006938499399644804,0.006938499399645026,0.0768994213408446,0.1626581451307681,0.18619625430872733,0.20182756532345214,0.2018275653234531,0.2744721240066256,0.3041596786973416
1.2773547094188376,-0.5961113460239322,-0.27474669746431324,0.004586703303453676,0.004586703303456785,0.07454787042975353,0.15955420142468013,0.18257146052445758,0.1986068778042591,0.19860687780426273,0.2719795006633975,0.30111142320441975
1.2869739478957916,-0.5956302886077993,-0.2785099130897953,0.002280140457905755,0.002280140457906421,0.07223807921608139,0.15650091621268736,0.1789896198396743,0.1954339184547613,0.1954339184547619,0.26953480923065676,0.29811324980706977
1.2965931863727453,-0.5951386588957521,-0.28220596762028793,1.7752451750785436e-05,1.7752451752228726e-05,0.0699690529169909,0.15349714352071941,0.1754497096897897,0.19230764654444416,0.19230764654444904,0.2671370134952224,0.29516397053188637
1.3062124248496993,-0.5946370219119479,-0.2858361807368923,-0.0022014875169396597,-0.002201487516938383,0.06773982694547476,0.1505417705495668,0.17195074071431599,0.18922705137924833,0.1892270513792491,0.2647851071527316,0.292262429338156
1.3158316633266531,-0.5941259206900532,-0.2894018427248579,-0.004378575792819417,-0.004378575792818307,0.06554946578656351,0.14763371658886065,0.1684917556906455,0.1861911511909951,0.18619115119099697,0.2624781125595239,0.289407501509537
1.3254509018036071,-0.5936058771800565,-0.2929042152632774,-0.006514479365449355,-0.006514479365446857,0.06339706192004724,0.14477193196313792,0.16507182850975946,0.18319899207714505,0.18319899207714943,0.26021507952004985,0.28659809304602124
1.335070140280561,-0.5930773931131956,-0.29634453218645807,-0.00861013692407453,-0.008610136924070977,0.06128173478751875,0.1419553970085271,0.16169006319162574,0.18024964698844384,0.18024964698845128,0.25799508410739835,0.2838331400475088
1.344689378757515,-0.5925409508268588,-0.2997240002185655,-0.010666459867394507,-0.010666459867394007,0.05920262980114144,0.1391831210790368,0.15834559293830477,0.17734221476237993,0.17734221476238116,0.25581722751498653,0.28111160808257374
1.354308617234469,-0.5919970140525936,-0.3030437996826929,-0.012684333270574999,-0.012684333270574444,0.05715891739217732,0.13645414158160485,0.15503757922285352,0.17447581920039756,0.17447581920039892,0.25368063493771653,0.27843249153882244
1.3639278557114227,-0.5914460286680752,-0.30630508518556226,-0.014664616811514541,-0.014664616811512432,0.05514979209725129,0.13376752303970424,0.15176521091224668,0.17164960818698038,0.17164960818698494,0.25158445448146716,0.275794812953298
1.3735470941883767,-0.5908884234160072,-0.30950898627893403,-0.016608145658508988,-0.016608145658506546,0.05317447168050504,0.1311223561852038,0.14852770342272953,0.16886275284874228,0.16886275284874278,0.24952785609987607,0.2731976223233855
1.3831663326653305,-0.5903246105914839,-0.3126566080987724,-0.01851573132102402,-0.018515731321022133,0.05123219628994469,0.12851775707828622,0.14532429790595694,0.1661144467518149,0.16611444675181652,0.2475100305579868,0.2706399964000554
1.3927855711422845,-0.5897549866990341,-0.3157490319832188,-0.020388162465493187,-0.020388162465490134,0.04932222764648586,0.12595286625545876,0.14215426046453083,0.16340390513590858,0.16340390513590952,0.24553018842251587,0.26812103796584413
1.4024048096192383,-0.5891799330817253,-0.31878731607001126,-0.02222620569773348,-0.02222620569773165,0.047443848264214716,0.12342684790549485,0.1390168813955567,0.16073036418337833,0.16073036418338207,0.24358755907892438,0.2656398751013025
1.4120240480961923,-0.5885998165231952,-0.32177249587465856,-0.0240306063135724,-0.02403060631356979,0.04559636070059969,0.12093888907321931,0.13591147446085114,0.15809308032187244,0.15809308032187486,0.2416813897757725,0.2631956604437739
1.421643286573146,-0.5880149898241178,-0.32470558484980205,-0.025802089019257624,-0.025802089019253738,0.04377908683544185,0.11848819889081375,0.13283737618266606,0.15549132955893644,0.15549132955893705,0.23981094469711825,0.26078757044213974
1.4312625250501,-0.5874257923546027,-0.32758757492675034,-0.027541358622967416,-0.02754135862296675,0.0419913671774958,0.11607400783653227,0.12979394516366755,0.15292440684729233,0.15292440684729303,0.23797550406402931,0.25841480461219235
1.440881763527054,-0.5868325505833876,-0.33041943704007315,-0.029249100698863828,-0.029249100698862662,0.04023256019778709,0.11369556702016848,0.1267805614301412,0.15039162547919588,0.15039162547919965,0.2361743632665618,0.2560765847954334
1.4505010020040079,-0.5862355785851354,-0.33320212163557333,-0.0309259822248667,-0.030925982224866366,0.0385020416886821,0.11135214749506361,0.1237966257972882,0.14789231650861429,0.14789231650861584,0.2344068320276265,0.25377215442563433
1.460120240480962,-0.5856351785267468,-0.33593655916286624,-0.03257265219545641,-0.03257265219545513,0.03679920414790183,0.10904303959585326,0.12084155925565906,0.1454258281997905,0.14542582819979175,0.2326722336004971,0.2515007778057924
1.4697394789579157,-0.5850316411337098,-0.3386236605528442,-0.034189742210558094,-0.034189742210556984,0.03512345618678808,0.10676755230148655,0.11791480237775945,0.14299152550085675,0.14299152550085795,0.23096990400174255,0.24926173939822363
1.4793587174348697,-0.5844252461372281,-0.3412643176807607,-0.03577786704163716,-0.03577786704163627,0.03347422196200278,0.1045250126226755,0.11501581474385644,0.1405887895411334,0.14058878954113355,0.22929919128144982,0.24705434313014563
1.4889779559118235,-0.5838162627031629,-0.3438594038156733,-0.037337625176045,-0.0373376251760435,0.031850940630114954,0.10231476501306136,0.1121440743862151,0.13821701715085744,0.13821701715086204,0.2276594548325933,0.24487791171654202
1.4985971943887775,-0.5832049498432854,-0.34640977405666346,-0.0388695993405217,-0.0388695993405202,0.03025306582438092,0.10013617080337861,0.10929907725079485,0.1358756204019708,0.1358756204019718,0.22605006474142714,0.24273178600193362
1.5082164328657313,-0.5825915568098465,-0.3489162657565213,-0.040374357004884676,-0.04037435700488129,0.028680065153207313,0.09798860765764505,0.10648033667575305,0.13356402616872456,0.13356402616872642,0.2244704011806387,0.24061532432184246
1.5178356713426853,-0.5819763234736416,-0.35137969893323084,-0.041852450866655344,-0.04185245086665451,0.027131419719650496,0.09587146905063021,0.10368738288584112,0.13128167570682822,0.13128167570683133,0.22291985384681795,0.23852790188512762
1.5274549098196393,-0.581359480686946,-0.35380087667005894,-0.04330441931758261,-0.04330441931757889,0.02560662366142008,0.09378416376577892,0.10091976250211707,0.12902802424990611,0.12902802424990684,0.22139782144360295,0.23646891017741256
1.537074148296593,-0.5807412506309358,-0.35618058550439724,-0.04473078689272997,-0.0447307868927283,0.024105183710825207,0.09172611541267489,0.09817703806613132,0.12680254062209928,0.12680254062209934,0.21990371121160363,0.23443775638591796
1.546693386773547,-0.5801218471491563,-0.35851959580607884,-0.04613206470300668,-0.04613206470300368,0.022626618774012064,0.08969676196325366,0.0954587875780559,0.12460470686558026,0.1246047068655814,0.21843693850585005,0.23243386284578665
1.5563126252505008,-0.5795014760665842,-0.36081866214532604,-0.04750875085171885,-0.04750875085171663,0.021170459528976893,0.08769555530597345,0.09276460404798931,0.12243401788193906,0.12243401788194302,0.2169969264211623,0.2304566665075987
1.5659318637274549,-0.5788803354956704,-0.36307852365107574,-0.04886133083594846,-0.04886133083594768,0.019736248041651028,0.08572196081709854,0.09009409505996033,0.1202899810863319,0.12028998108633399,0.21558310546539194,0.22850561842603057
1.5755511022044086,-0.5782586161291459,-0.36529990435974363,-0.05019027793330899,-0.05019027793330766,0.01832353739938475,0.08377545694833965,0.08744688234793979,0.11817211607333375,0.11817211607333669,0.2141949132801469,0.22658018326896667
1.5851703406813626,-0.5776365015204328,-0.3674835135549302,-0.05149605357473597,-0.05149605357473319,0.016931891361145035,0.08185553483018293,0.08482260138340408,0.11607995429367168,0.11607995429367302,0.21283179440797512,0.2246798388467358
1.5947895791583164,-0.57701416835196,-0.36963004609843153,-0.05277910770390337,-0.05277910770390265,0.015560884023669008,0.07996169789005925,0.08222090097385887,0.11401303874076785,0.11401303874077195,0.2114932001047367,0.2228040756607791
1.6044088176352704,-0.5763917866920245,-0.37174018275282367,-0.05403987912379421,-0.05403987912379293,0.014210099502710072,0.07809346148479168,0.07964144287191871,0.11197092364644456,0.11197092364644598,0.21017858819522456,0.2209523964712782
1.6140280561122244,-0.5757695202402069,-0.3738145904959783,-0.05527879583096723,-0.05527879583096662,0.012879131628602491,0.0762503525466312,0.07708390139443838,0.10995317418489431,0.10995317418489597,0.2088874229697988,0.21912431588285639
1.6236472945891782,-0.5751475265623003,-0.3758539228276914,-0.0564962753380393,-0.05649627533803708,0.011567583655176794,0.07443190924222476,0.0745479630513014,0.10795936618433247,0.10795936618433435,0.2076191751192678,0.21731935994785756
1.6332665330661322,-0.5745259573148593,-0.37785882006882937,-0.05769272498484035,-0.057692724984839405,0.010275067981134034,0.07203332618354358,0.07263768064396231,0.10598908632941531,0.10598908632941603,0.2063733217049528,0.2155370657864205
1.642885771543086,-0.5739049584597272,-0.3798299096531651,-0.05886854223872162,-0.05886854223872012,0.009001205882806673,0.06953970061044507,0.0708672264131604,0.10404192992907199,0.10404192992907235,0.20514934616042976,0.2137769812227119
1.65250501002004,-0.5732846704693164,-0.38176780641213404,-0.06002411498443705,-0.06002411498443688,0.007745627257381149,0.06706680728537684,0.06912011649449451,0.1021175036183212,0.10211750361832203,0.20394673832129445,0.21203866443643749
1.6621242484969938,-0.572665228522572,-0.3836731128528275,-0.061159821804019965,-0.06115982180401963,0.00650797037541162,0.06461437796019553,0.06739593082121609,0.10021542309119183,0.10021542309119238,0.20276499447894764,0.21032168362932824
1.6717434869739478,-0.572046762692649,-0.3855464194293079,-0.062276032247081226,-0.06227603224708045,0.005287881641565906,0.062182154858074434,0.06569425903067905,0.09833531335002446,0.09833531335002521,0.20160361745434013,0.20862561670546365
1.6813627254509016,-0.5714293981260415,-0.3873883048075719,-0.0633731070918423,-0.06337310709184002,0.004085015362448041,0.05976989035471525,0.06401470018970662,0.09647680845282708,0.09647680845282816,0.20046211668750424,0.20695005096522162
1.6909819639278556,-0.5708132552140415,-0.38919933612425905,-0.06445139859735427,-0.06445139859735044,0.002899033520344707,0.057377346668022744,0.06235686252936512,0.09463955126550444,0.09463955126550469,0.1993400083387547,0.20529458281192306
1.7006012024048096,-0.570198449756943,-0.3909800692393595,-0.06551125074718156,-0.06551125074717995,0.0017296055516547448,0.0550042955563767,0.06072036318878443,0.09282319321882768,0.0928231932188282,0.1982368153973877,0.2036588174707553
1.7102204408817634,-0.569585093120911,-0.39273104898301575,-0.06655299948491583,-0.0665529994849145,0.0005764081288037737,0.052650518025771864,0.05910482796759331,0.09102739407006757,0.09102739407006835,0.19715206779408434,0.2020423687193049
1.7198396793587174,-0.5689732923885584,-0.39445280939663,-0.06757697294182324,-0.06757697294181958,-0.0005608750556674869,0.050315804046228596,0.05750989108663379,0.08925182166921097,0.08925182166921153,0.19608530251317988,0.2004448586291238
1.7294589178356712,-0.5683631505030348,-0.39614587396844525,-0.06858349165692329,-0.0685834916569199,-0.0016825535041504747,0.047999952278019786,0.05593519495662358,0.08749615172973077,0.08749615172973227,0.19503606370143894,0.19886591731796993
1.7390781563126252,-0.5677547664063316,-0.397810755863704,-0.0695728687898357,-0.06957286878983449,-0.0027889301295310753,0.04570276980839927,0.05438038995438324,0.08576006760397581,0.08576006760397675,0.1940039027702073,0.1973051827118733
1.748697394789579,-0.5671482351720393,-0.3994479581494875,-0.0705454103266025,-0.07054541032660039,-0.0038803014727725182,0.04342407189974162,0.052845134206434385,0.08404326006312715,0.0840432600631276,0.192988378488225,0.19576230031693845
1.758316633266533,-0.5665436481327681,-0.40105797401445087,-0.07150141527878995,-0.07150141527878695,-0.0049569579240589245,0.04116368175017959,0.051329093379555296,0.08234542708185202,0.08234542708185247,0.191989057062672,0.19423692300014547
1.7679358717434868,-0.565941093002846,-0.40264128698357393,-0.07244117587614185,-0.07244117587614096,-0.006019183949215912,0.038921430268057666,0.049831940478106795,0.0806662736276599,0.08066627362766213,0.19100551220667183,0.19272871077876474
1.7775551102204408,-0.565340653996188,-0.404198371127877,-0.07336497775297746,-0.07336497775297707,-0.007067258323368686,0.03669715586186112,0.048353355647830915,0.07900551145506171,0.07900551145506277,0.1900373251916218,0.19123733061799728
1.7871743486973948,-0.5647424119399189,-0.40572969126951636,-0.07427310012863242,-0.07427310012863159,-0.008101454373876493,0.034490704247539916,0.046893025985860454,0.07736285890457115,0.07736285890457262,0.18908408488336736,0.1897624562363229
1.7967935871743486,-0.5641464443838187,-0.40723570318200303,-0.07516581598207989,-0.07516581598207767,-0.009122040235075846,0.03230192827557371,0.045450645356766434,0.07573804070665405,0.07573804070665521,0.18814538776153877,0.18830376791841466
1.8064128256513026,-0.5635528257059677,-0.40871685378597705,-0.07604339222105289,-0.076043392221051,-0.010129279117674861,0.030130687780616894,0.044025914214333356,0.07413078779065446,0.07413078779065449,0.18686095233480027,0.18722083792179217
1.8160320641282564,-0.5629616272146187,-0.4101735813404242,-0.07690608984575953,-0.07690608984575897,-0.011123429596112233,0.027976849457092556,0.042618539428926794,0.07254083709876705,0.07254083709876771,0.18543370236837858,0.18631004706109033
1.8256513026052104,-0.562372917246583,-0.4116063156294821,-0.07775416410749653,-0.07775416410749458,-0.012104745917939141,0.02584028676487443,0.04122823412020657,0.07096793140510502,0.07096793140510563,0.1840217169470958,0.18541263444645423
1.8352705410821641,-0.5617867612624272,-0.41301547814496586,-0.07858786466224632,-0.0785878646622451,-0.013073478340091982,0.023720879870013367,0.03985471749499386,0.06941181913987413,0.06941181913987451,0.18262470088257665,0.1845282268679327
1.8448897795591181,-0.5612032219383013,-0.41440148226467444,-0.07940743571953379,-0.0794074357195324,-0.014029873497954981,0.02161851562668432,0.038497714690139795,0.06787225421868845,0.0678722542186889,0.18124236471435337,0.18365645857681662
1.854509018036072,-0.5606223592549191,-0.4157647334265095,-0.08021311618662819,-0.0802131161866263,-0.014974174814565866,0.01953308760772221,0.03715695662018367,0.06634899587703108,0.06634899587703189,0.17987442455936647,0.182796971210242
1.864128256513026,-0.5600442305835236,-0.4171056292985978,-0.08100513980833313,-0.08100513980833107,-0.015906622959017735,0.017464496193185297,0.035832179829628,0.06484180850982846,0.06484180850982954,0.17852060196638558,0.1819494137036704
1.87374749498998,-0.5594688907690848,-0.41842455994543554,-0.08178373530246669,-0.08178373530246441,-0.01682745636548283,0.015412648728436118,0.034523126349718186,0.06335046151613097,0.06335046151613188,0.17718062377514127,0.18111344219263342
1.8833667334669337,-0.5588963922108308,-0.41972190799004994,-0.08254912649121599,-0.08254912649121493,-0.017736911827122837,0.01337745976629745,0.03322954355952265,0.061874729148847424,0.0618747291488487,0.175854221979725,0.18028871990541673
1.8929859719438877,-0.5583267849401198,-0.4209980487724746,-0.08330153242849914,-0.08330153242849875,-0.01863522518325067,0.011358851411723936,0.03195118405115743,0.0604143903694872,0.06041439036948762,0.17454113359606663,0.17947491704826898
1.9026052104208415,-0.5577601166958341,-0.4222533505043909,-0.084041167523485,-0.08404116752348312,-0.0195226321229236,0.00935675379246953,0.030687805499078374,0.058969228707824395,0.05896922870782523,0.17324110053318365,0.1786717106848174
1.9122244488977955,-0.5571964329973227,-0.4234881744201327,-0.08476824166038227,-0.08476824166038194,-0.020399369135161827,0.007371105685938295,0.029439170533203857,0.057539032126416506,0.05753903212641695,0.1719538694678433,0.1778787846112308
1.9218436873747493,-0.5566357772148811,-0.4247028749241392,-0.08548296031468561,-0.08548296031468444,-0.021265674644818378,0.005401855341494066,0.02820504661584189,0.056123592889880614,0.056123592889880836,0.17067919172251908,0.17709582922880893
1.9314629258517033,-0.5560781906380375,-0.4258977997348482,-0.08618552466590546,-0.08618552466590335,-0.022121790385364992,0.0034489615494245895,0.026985205922191363,0.054722707438829815,0.0547227074388307,0.1694168231461944,0.17632254141537326
1.941082164328657,-0.5555237125414569,-0.4270732900251816,-0.08687613170700997,-0.08687613170700897,-0.022967963076254316,0.0015123950244214646,0.025779425224373292,0.05333617626834289,0.053336176268343305,0.1681665239979126,0.1755586243969565
1.950701402805611,-0.5549723802487649,-0.428229680559662,-0.08755497435060483,-0.08755497435060278,-0.0238044464952355,-0.00040785980618401885,0.024587485778817336,0.0519638038108618,0.05196380381086302,0.16692805883264494,0.17480378762103044
1.9603206412825651,-0.5544242291941857,-0.42936729982827554,-0.08822224153202857,-0.08822224153202701,-0.024631504067303467,-0.0023118024876592203,0.023409173216930784,0.05060539832340988,0.05060539832341229,0.16570119638946568,0.17405774663243406
1.969939879759519,-0.5538792929819811,-0.43048647017711505,-0.08887811830941023,-0.0888781183094085,-0.025449412136031524,-0.0041994135309605385,0.02224427743889487,0.049260771778944,0.049260771778945,0.16448570948154662,0.17332022295309396
1.979559118236473,-0.5533376034440962,-0.4315875079358526,-0.08952278596084173,-0.08952278596084079,-0.026258464145527405,-0.0060706504854832755,0.021092592510521285,0.04792973976177617,0.04792973976177675,0.16328137488792466,0.1725909439664064
1.9891783567134267,-0.5527991906956085,-0.4326707235422481,-0.0901564220787267,-0.09015642207872504,-0.027058976051047734,-0.007925442773569824,0.01995391656302739,0.04661212136688231,0.046612121366883114,0.1620879732467806,0.17186964280708167
1.9987975951903807,-0.5522640831884468,-0.4337364216636087,-0.09077920066141537,-0.09077920066141465,-0.027851293407204936,-0.009763684838023479,0.018828051695667564,0.0453077391029858,0.04530773910298605,0.16090528894997547,0.1711560582570948
2.0084168336673347,-0.5517323077630797,-0.4347849013153826,-0.09139129220222691,-0.09139129220222558,-0.02863580077588207,-0.011585226960570683,0.01771480388107094,0.04401641879925203,0.04401641879925336,0.1597331100387624,0.17044993464826397
2.0180360721442887,-0.5512038896985623,-0.43581645597689156,-0.09199286377590093,-0.09199286377590005,-0.029412934385717737,-0.013389862819764231,0.016613982873253746,0.04273798951548444,0.04273798951548513,0.15857122810035612,0.16975102177183005
2.0276553106212423,-0.5506788527607687,-0.43683137370439445,-0.09258407912263306,-0.09258407912263267,-0.03018319941557912,-0.015177312415965982,0.015525402118156673,0.041472283455671166,0.04147228345567308,0.1574194381654145,0.1690590747953656
2.0372745490981963,-0.5501572192488444,-0.43782993724138075,-0.09316509872969747,-0.09316509872969703,-0.030947193955241925,-0.0169471983105014,0.01444887866666289,0.040219135884746904,0.040219135884747126,0.15627753860609017,0.16837385418712003
2.0468937875751503,-0.5496390100402888,-0.4388124241263272,-0.0937360799108003,-0.09373607991079907,-0.03170564276422494,-0.0186990120582623,0.013384233089986236,0.03897838504843534,0.03897838504843551,0.15514533103468175,0.1676951256479053
2.0565130260521043,-0.5491242446341653,-0.4397791067979106,-0.09429717688318046,-0.09429717688317713,-0.032459445648457874,-0.020432066014339723,0.012331289397349482,0.03774987209605171,0.03774987209605196,0.15402262020275637,0.16702266005047173
2.0661322645290583,-0.5486129411930811,-0.4407302526977715,-0.09484854084256883,-0.09484854084256739,-0.03320974800928056,-0.022145422960380023,0.011289874955886708,0.036533441006138145,0.036533441006138256,0.15290921390066697,0.16635623338626307
2.075751503006012,-0.5481051165834692,-0.44166612437086916,-0.09539032003607706,-0.09539032003607512,-0.03395804555371629,-0.023837791562080712,0.010259820412687137,0.035328938514789604,0.03532893851479055,0.1518049228574502,0.16569562671933896
2.085370741482966,-0.5476007864146439,-0.4425869795635876,-0.09592265983303,-0.09592265983302939,-0.0347063423222867,-0.02550736850175367,0.009240959618871503,0.03413621404658357,0.03413621404658396,0.1507095606410967,0.16504062614724466
2.09498997995992,-0.5470999650764867,-0.44349307131952403,-0.09644570279387671,-0.09644570279387527,-0.03545739249878371,-0.027151596821825108,0.008233129555679675,0.03295511964795608,0.03295511964795858,0.14962294355912134,0.16439102276842948
2.104609218436874,-0.5466026657757546,-0.44438464807315836,-0.09695958873717342,-0.09695958873717259,-0.03621507302957039,-0.028766793451967643,0.007236170262504532,0.03178550992298018,0.031785509922981625,0.14854489055970083,0.163746612655914
2.1142284569138274,-0.5461089005713027,-0.4452619537413854,-0.09746445480476207,-0.09746445480476074,-0.036984953365535145,-0.03034757960700918,0.006249924766838805,0.030627241971338565,0.030627241971340008,0.14747522313343375,0.163107196836697
2.1238476953907814,-0.54561868040799,-0.44612522781296327,-0.09796043552513603,-0.0979604355251352,-0.03777513207906838,-0.031886044303494204,0.005274239015998022,0.02948017532850769,0.029480175328507857,0.14641376521577662,0.16247258127651526
2.1334669338677354,-0.5451320151495567,-0.446974705436053,-0.09844766287510479,-0.0984476628751034,-0.03859732636331262,-0.03337065498789246,0.004308961810562395,0.028344171907954074,0.02834417190795427,0.14536034309024842,0.16184257686939701
2.1430861723446895,-0.5446489136103557,-0.44781061750382367,-0.0989262663397513,-0.09892626633974985,-0.03946783314758226,-0.0347852965428557,0.003353944739493825,0.02721909594530658,0.027219095945308525,0.14431478529265512,0.16121699943152495
2.1527054108216435,-0.544169383586109,-0.4486331907380433,-0.09939637297081017,-0.0993963729708095,-0.04040703932714046,-0.036109761173486965,0.002409042116916671,0.026104813944405503,0.02610481394440653,0.14327692251659477,0.16059566969884023
2.162324649298597,-0.5436934318836664,-0.44944264777111065,-0.09985810744342466,-0.09985810744342327,-0.041435091504627763,-0.03732407877667654,0.0014741109204768343,0.02500119462512626,0.02500119462512712,0.14224658752053745,0.15997841332783327
2.171943887775551,-0.5432210643497326,-0.45023920722610067,-0.10031159211139332,-0.10031159211139154,-0.04256315943390118,-0.03841725360283657,0.0005490107312622061,0.02390810887290809,0.023908108872908562,0.14122361503675912,0.1593650608989689
2.181563126252505,-0.5427522858988513,-0.4510230837952034,-0.10075694706093435,-0.10075694706093336,-0.04378647106966804,-0.039394229307022466,-0.0003663963248107249,0.022825429689925875,0.02282542968992632,0.14020784168237416,0.15875544792214108
2.191182364729459,-0.5422871005403891,-0.4517944883165235,-0.1011942901630154,-0.10119429016301379,-0.045086915039508846,-0.04027328657274315,-0.00127224563412201,0.0217530321477995,0.021753032147800666,0.13919910587296586,0.15814941484368056
2.200801603206413,-0.5418255114047816,-0.4525536278491506,-0.10162373712425082,-0.10162373712424899,-0.046442220839392534,-0.04107686300842073,-0.0021686701510946205,0.020690793341812425,0.02069079334181384,0.1381972477390922,0.15754680705386925
2.2104208416833666,-0.5413675207689468,-0.45330070574681935,-0.10204540153647565,-0.1020454015364746,-0.04783295239641225,-0.041824559672298506,-0.0030558004525529092,0.019638592346524236,0.019638592346525957,0.13720210904606467,0.1569474748955184
2.2200400801603206,-0.5409131300809651,-0.45403592172992874,-0.10245939492498118,-0.10245939492497902,-0.04924464894855596,-0.04253100027333262,-0.003933764790734179,0.018596310172765473,0.018596310172766,0.13621353311748288,0.15635127367181234
2.2296593186372746,-0.540462339983993,-0.45475947195606814,-0.10286582679547146,-0.10286582679546996,-0.05066727459065762,-0.04320638170776542,-0.004802689145027489,0.01756382972591597,0.017563829725916053,0.13523136476286468,0.15575806365316985
2.2392785571142286,-0.5400151503396089,-0.45547154908920895,-0.10326480467976543,-0.10326480467976515,-0.05209401861965604,-0.04385767378742292,-0.005662697272397821,0.016541035765446382,0.016541035765447465,0.13425545020989507,0.1551677100833903
2.2488977955911826,-0.5395715602503361,-0.4561723423673199,-0.10365643418030879,-0.10365643418030812,-0.053520253928507566,-0.04448966091806433,-0.006513910756608704,0.015527814865631318,0.01552781486563204,0.13328563704162794,0.15458008318361577
2.258517034068136,-0.5391315680816599,-0.45686203766877576,-0.10404081901347323,-0.10404081901347106,-0.05494279947490044,-0.045105679699096124,-0.007356449056204806,0.014524055377420853,0.014524055377421657,0.1323217741391414,0.1539950581541496
2.26813627254509,-0.5386951714833097,-0.45754081757730075,-0.10441806105174872,-0.10441806105174778,-0.05635943328669896,-0.04570810598323499,-0.00819042955132862,0.01352964739139359,0.013529647391393784,0.13136371163002003,0.15341251517346804
2.277755511022044,-0.538262367410139,-0.45820886144561135,-0.10478826036479863,-0.10478826036479702,-0.057768577354876366,-0.04629867004557056,-0.00901596758935358,0.01254448270177086,0.012544482701772247,0.13041130084305447,0.15283233939409852
2.287374749498998,-0.537833152142221,-0.45886634545786675,-0.10515151525944091,-0.10515151525943964,-0.059169093448886684,-0.04687866082714895,-0.009833176529401438,0.011568454771435227,0.011568454771435754,0.12946439426950693,0.15225442093490865
2.296993987975952,-0.5374075213045887,-0.4595134426907155,-0.10550792231857364,-0.10550792231857253,-0.060560149288527876,-0.04744905981916753,-0.010642167785742895,0.010601458697913374,0.010601458697914345,0.12852284553132481,0.15167865486944995
2.306613226452906,-0.5369854698863662,-0.4601503231732754,-0.10585757643908575,-0.10585757643908542,-0.06194112942997046,-0.04801063023029997,-0.011443050870090954,0.009643391180292532,0.009643391180293115,0.12758650935652718,0.1511049412100205
2.31623246492986,-0.5365669922594005,-0.46077715394578145,-0.10620057086876708,-0.10620057086876653,-0.06331157488042508,-0.04856397742264704,-0.0122359334328416,0.008694150487036145,0.008694150487036284,0.12665524156200392,0.15053318488716272
2.325851703406814,-0.536152082196403,-0.4613940991171148,-0.10653699724225141,-0.10653699724225119,-0.06467114144920899,-0.04910959060883108,-0.013020921303264266,0.007753636424641497,0.007753636424643939,0.12572889904402404,0.14996329572428993
2.335470941883768,-0.5357407328887235,-0.46200131992118443,-0.10686694561603247,-0.10686694561603119,-0.06601957052269333,-0.04964787212277369,-0.013798118528651288,0.0068217503071514585,0.0068217503071519026,0.124807339776418,0.1493951884072601
2.3450901803607214,-0.5353329369634826,-0.4625989747721486,-0.10719050450254738,-0.10719050450254661,-0.06735666821797745,-0.05017915830938138,-0.014567627412459122,0.005898394926442424,0.00589839492644284,0.12389042281664821,0.14882878244869707
2.3547094188376754,-0.5349286865004933,-0.46318721931852913,-0.10750776090338676,-0.10750776090338521,-0.06868229028191469,-0.05070373466669076,-0.015329548551472283,0.004983474523288206,0.004983474523290066,0.12297800831973192,0.14826400214689664
2.3643286573146294,-0.5345279730485629,-0.46376620649628564,-0.10781880034164165,-0.1078188003416401,-0.06999633099298597,-0.05122184698304777,-0.016083980871973103,0.004076894759170391,0.004076894759171279,0.12206995755990231,0.14770077653920732
2.3739478957915834,-0.5341307876415292,-0.4643360865807197,-0.10812370689341164,-0.10812370689340853,-0.07129871489452841,-0.05173370964085941,-0.016831021664966334,0.00317856268879374,0.003178562688793879,0.1211661329599986,0.14713903934987374
2.383567134268537,-0.5337371208138679,-0.4648970072374562,-0.10842256321849944,-0.10842256321849794,-0.0725893905593685,-0.05223951188699963,-0.017570766620483624,0.0022883867332923746,0.002288386733294012,0.12026639812826889,0.14657872893223706
2.393186372745491,-0.5333469626158197,-0.46544911357228214,-0.10871545059031446,-0.10871545059031157,-0.07386832583153036,-0.052739422624292764,-0.01830330986092915,0.0014062766541173832,0.0014062766541186045,0.11937061790242513,0.14601978820535194
2.402805611222445,-0.5329603026283458,-0.46599254818004926,-0.10900244892501998,-0.10900244892501848,-0.07513550415540926,-0.05323359411368478,-0.019028743973585505,0.0005321435275439379,0.0005321435275457143,0.11847865840055305,0.14546216458508332
2.412424849699399,-0.5325771299775293,-0.46652745119251376,-0.10928363680992759,-0.1092836368099262,-0.07639092171505352,-0.05372216486466391,-0.019747160038026373,-0.0003341002801781623,-0.00033410028017713533,0.1175903870904491,0.14490580990972196
2.422044088176353,-0.5321974333487772,-0.4670539603253785,-0.10955909153117965,-0.10955909153117516,-0.0776345851834756,-0.05420526191394587,-0.020458647673414182,-0.001192541137083336,-0.00119254113708267,0.11670567280571877,0.1443506803603095
2.4316633266533065,-0.5318212010006051,-0.46757221092407114,-0.10982888910072464,-0.10982888910072297,-0.07886650993609412,-0.05468300263847542,-0.02116329504367015,-0.0020432641691607023,-0.0020432641691590925,0.11582438588548008,0.1437967363757951
2.4412825651302605,-0.5314484207781022,-0.4680823360088413,-0.11009310428263663,-0.11009310428263464,-0.0800867186207122,-0.05515549621042676,-0.021861188902949885,-0.002886353283468729,-0.002886353283468146,0.11494639820148765,0.14324394256319894
2.4509018036072145,-0.5310790801261394,-0.46858446631885564,-0.11035181061875796,-0.11035181061875685,-0.08129524000374674,-0.05562284477443305,-0.022552414619844474,-0.0037218911906900243,-0.0037218911906892194,0.11407158324820844,0.1426922676031151
2.4605210420841686,-0.5307131661022146,-0.46907873035537373,-0.11060508045372774,-0.11060508045372719,-0.08249210803245893,-0.05608514440750728,-0.02323705620485192,-0.004549959427168765,-0.004549959427167988,0.11319981622501331,0.14214168415064754
2.470140280561122,-0.5303506653890532,-0.4695652544240343,-0.11085298495939486,-0.11085298495939414,-0.08367736106724613,-0.056542485907548984,-0.02391519633713582,-0.0053706383764342,-0.005370638376433118,0.11233097412150247,0.1415921687322269
2.479759519038076,-0.5299915643068441,-0.4700441626762689,-0.11109559415863765,-0.11109559415863421,-0.08485104124896906,-0.05699495544556529,-0.024586916390497343,-0.006184007290212318,-0.006184007290210902,0.11146493580521931,0.14104370163851204
2.48937875751503,-0.5296358488252886,-0.47051557714990255,-0.11133297694861913,-0.11133297694861785,-0.0860131939741364,-0.057442635108811285,-0.025252296458675383,-0.0069901443089768756,-0.006990144308976126,0.1106015821111764,0.14049626681373856
2.498997995991984,-0.5292835045753068,-0.4709796178088358,-0.11156520112350227,-0.11156520112350038,-0.08716386745690025,-0.05788560335600079,-0.02591141537992353,-0.007789126482016462,-0.007789126482015379,0.10974079593236269,0.13994985174186897
2.508617234468938,-0.5289345168605579,-0.47143640258197284,-0.11179233339663494,-0.11179233339663366,-0.08830311236130509,-0.058323935401127375,-0.02656435076092703,-0.008581029787046945,-0.00858102978704528,0.10888246231065324,0.13940444732991286
2.5182364729458917,-0.528588870668601,-0.47188604740131057,-0.11201443942220224,-0.1120144394221993,-0.0894309814907272,-0.05875770353906462,-0.027211179000068503,-0.009365929149389052,-0.009365929149388136,0.10802646852735215,0.13886004778876956
2.5278557114228457,-0.5282465506819314,-0.4723286662392411,-0.11223158381644083,-0.1122315838164396,-0.09054752952416162,-0.059186977423297316,-0.027851975310071303,-0.010143898460714923,-0.010143898460714146,0.10717270419275726,0.13831665051200798
2.5374749498997997,-0.5279075412886479,-0.47276437114505376,-0.11244383017834633,-0.112443830178345,-0.09165281279108348,-0.059611824304156874,-0.02848681374003237,-0.01091501059737196,-0.010915010597371183,0.10632106133401549,0.1377742559529589
2.5470941883767537,-0.5275718265930539,-0.4731932722807273,-0.11265124110995567,-0.11265124110995406,-0.09274688907817913,-0.060032309234212544,-0.029115767196874198,-0.011679337438307902,-0.011679337438306736,0.10547143448077796,0.13723286750053632
2.5567134268537073,-0.5272393904258047,-0.47361547795591463,-0.11285387823618431,-0.11285387823618365,-0.09382981746262875,-0.06044849524629736,-0.02973890746624369,-0.012436949882599274,-0.012436949882598164,0.10462372074792152,0.1366924913541462
2.5663326653306613,-0.5269102163540791,-0.4740310946622842,-0.11305180222428249,-0.11305180222428193,-0.09490165816751736,-0.060860443508536505,-0.030356305232858538,-0.01318791786659565,-0.013187917866594817,0.10377781991491458,0.13615313639814897
2.5759519038076153,-0.5265842876913787,-0.47444022710700884,-0.11324507280285293,-0.11324507280285165,-0.09596247243584835,-0.06126821346001801,-0.030968030100357896,-0.013932310380686874,-0.01393231038068568,0.10293363450121468,0.1356148140761736
2.5855711422845693,-0.5262615875071415,-0.47484297824569544,-0.11343374878055987,-0.11343374878055881,-0.09701232242018124,-0.061671862930026106,-0.03157415061063501,-0.014670195485717907,-0.014670195485717435,0.10209106983735013,0.13507753826575392
2.5951903807615233,-0.5259420986361983,-0.47523944931454787,-0.11361788806442913,-0.1136178880644278,-0.09805127108555406,-0.06207144824335353,-0.03217473426270967,-0.015401640329044897,-0.015401640329044591,0.10125003413114328,0.1345413251536015
2.604809619238477,-0.5256258036880095,-0.4756297398618889,-0.11379754767784367,-0.11379754767784073,-0.09907938212362216,-0.06246702431364515,-0.03276984753114892,-0.016126711160239227,-0.01612671116023842,0.10041043852883624,0.13400619311190753
2.614428857715431,-0.525312685055719,-0.4760139477789983,-0.11397278377820921,-0.11397278377820705,-0.10009671987640331,-0.06285864472653782,-0.033359555884039965,-0.016845473346464468,-0.016845473346463635,0.09957219717070345,0.13347216257599653
2.624048096192385,-0.5250027249249843,-0.4763921693303135,-0.11414365167431209,-0.11414365167431137,-0.10110334926821465,-0.0632463618139604,-0.033943923800551334,-0.01755799138753031,-0.017557991387529864,0.09873522724096731,0.13293925592367406
2.633667334669339,-0.5246959052826783,-0.47676449918305613,-0.114310205843414,-0.11431020584341334,-0.10209933574467989,-0.06363022672079555,-0.03452301478810993,-0.01826432893062757,-0.018264328930626267,0.09789944901173896,0.13240749735661478
2.6432865731462925,-0.5243922079253747,-0.47713103043618027,-0.11447249994804953,-0.11447249994804776,-0.10308474521781241,-0.0640102894649402,-0.03509689139917574,-0.01896454878473469,-0.018964548784734025,0.09706478588086541,0.13187691278399616
2.6529058116232465,-0.5240916144676726,-0.47749185464870925,-0.11463058685257735,-0.11463058685257457,-0.10405964401631926,-0.0643865989915525,-0.035665615247664456,-0.019658712934756517,-0.019658712934754546,0.09623116440353982,0.13134752970874608
2.6625250501002005,-0.5237941063503483,-0.47784706186756687,-0.11478451863950703,-0.11478451863950648,-0.10502409884053318,-0.06475920322226056,-0.036229247025024,-0.02034688255533601,-0.020346882555334234,0.09539851431763008,0.1308193771165993
2.6721442885771545,-0.52349966484838,-0.4781967406547525,-0.11493434662557986,-0.11493434662557936,-0.10597817672126783,-0.06512814909993206,-0.03678784651597122,-0.021029118024401022,-0.021029118024400717,0.09456676856265413,0.13029248536821664
2.6817635270541085,-0.5232082710787249,-0.47854097811397633,-0.115080121377645,-0.1150801213776445,-0.1069219449821639,-0.06549348262950477,-0.03734147261391277,-0.021705478936422634,-0.021705478936421663,0.09373586329248272,0.1297668860945398
2.691382765531062,-0.522919906008015,-0.4788798599167984,-0.11522189272833078,-0.11522189272832911,-0.10785547120510602,-0.06585524891538919,-0.03789018333605826,-0.022376024115392884,-0.022376024115392662,0.0929057378817445,0.12924261209562304
2.701002004008016,-0.52263455046006,-0.4792134703281558,-0.11535970979154675,-0.11535970979154486,-0.10877882319828136,-0.06621349219576111,-0.03843403583824434,-0.02304081162755739,-0.023040811627557112,0.09207633492609887,0.12871969724305216
2.71062124248497,-0.5223521851232322,-0.4795418922313925,-0.11549362097777477,-0.1154936209777746,-0.10969206896665085,-0.06656825587415388,-0.03897308642946659,-0.02369989879387241,-0.023699898793871937,0.09124760023643505,0.12819817638608133
2.720240480961924,-0.5220727905576482,-0.4798652071528119,-0.11562367400923684,-0.11562367400923601,-0.1105952766844766,-0.06691958254857505,-0.03950739058615241,-0.024353342202205447,-0.024353342202205086,0.09041948282718343,0.127678085261673
2.7298597194388776,-0.5217963472022515,-0.48018349528569976,-0.11574991593486056,-0.11574991593486,-0.11148851466975768,-0.06726751403847431,-0.04003700296617041,-0.025001197719305285,-0.02500119771930473,0.08959193489890184,0.12715946040842152
2.7394789579158316,-0.5215228353817178,-0.4804968355138676,-0.11587239314513642,-0.11587239314513459,-0.11237185136029693,-0.06761209140971719,-0.040561977422575834,-0.025643520502518835,-0.025643520502517947,0.08876491181535485,0.1266423390845624
2.7490981963927856,-0.5212522353132629,-0.48080530543469985,-0.11599115138681049,-0.11599115138680965,-0.11324535529126956,-0.0679533549977987,-0.04108236701712317,-0.02628036501127351,-0.02628036501127201,0.08793837207526031,0.1261267591899653
2.7587174348697396,-0.5209845271132263,-0.4811089813817367,-0.1161062357774667,-0.11610623577746476,-0.1141090950741247,-0.06829134442946416,-0.04159822403354585,-0.02691178501833108,-0.02691178501833022,0.08711227727900255,0.12561275919227471
2.7683366733466936,-0.5207196908036513,-0.4814079384469119,-0.11621769081994618,-0.1162176908199434,-0.11496313937670569,-0.06862609864289751,-0.04210959999059771,-0.02753783362082668,-0.027537833620824653,0.08628659209051352,0.12510037805711444
2.777955911823647,-0.5204577063185771,-0.4817022505021201,-0.11632556041669057,-0.1163255604166894,-0.11580755690442596,-0.0689576559065726,-0.04261654565488113,-0.028158563251076213,-0.02815856325107502,0.08546128419460064,0.12458965518239447
2.787575150300601,-0.5201985535102898,-0.4819919902206187,-0.11664241638246109,-0.11642988788394115,-0.11642988788393993,-0.06928605383694464,-0.04311911105345173,-0.02877402568717005,-0.028774025687168164,0.08463632425002382,0.12408063033664918
2.797194388777555,-0.5199422121554531,-0.4822772290977691,-0.11746778653882722,-0.11653071596582598,-0.11653071596582526,-0.06961132941502485,-0.043617345486223924,-0.029384272063370964,-0.02938427206337066,0.0838116858385286,0.123573343601389
2.8068136272545092,-0.5196886619610285,-0.4825580374715589,-0.11828373608826806,-0.11662808684835371,-0.11662808684835305,-0.06993351900200626,-0.04411129753815446,-0.029989352880297443,-0.029989352880296805,0.08298734541019927,0.12306783531742958
2.816432865731463,-0.5194378825701602,-0.48283448454258443,-0.11909033371689443,-0.11672204217327631,-0.11672204217327509,-0.070252658353959,-0.04460101509124398,-0.030589318014914685,-0.030589318014914296,0.08216328222535609,0.12256414603501395
2.826052104208417,-0.5191898535678516,-0.483106638385535,-0.11988764806752403,-0.11681262305186527,-0.11681262305186449,-0.07056878263570485,-0.04508654533534498,-0.031184216730323233,-0.031184216730321457,0.08133947830056094,0.12206231646781004
2.835671342685371,-0.5189445544865686,-0.4833745660013772,-0.12067574772560644,-0.1168998700785687,-0.11689987007856753,-0.07088192643393929,-0.045567934783695446,-0.031774097685365627,-0.03177409768536496,0.080515918315645,0.1215623874504728
2.845290581162325,-0.518701964811723,-0.4836383332864787,-0.12145470120579549,-0.11698382334456037,-0.11698382334455987,-0.07119212376967399,-0.04604522927844262,-0.03235900894404828,-0.032359008944047946,0.07969258959027073,0.12106439989986642
2.854909819639279,-0.5184620639869699,-0.48389800508455855,-0.12222457693899352,-0.1170645224511822,-0.11706452245118215,-0.0714994081100161,-0.04651847400580239,-0.032938997984776563,-0.032938997984774676,0.07886948198617368,0.12056839477967242
2.8645290581162324,-0.5182248314194434,-0.48415364519642823,-0.12298544325992813,-0.11714200652327514,-0.11714200652327336,-0.07180381237938846,-0.04698771350611258,-0.03351411170941529,-0.033514111709414485,0.07804658784335934,0.12007441306831428
2.8741482965931864,-0.5179902464848859,-0.48440531639776774,-0.12373736839519031,-0.11721631422238529,-0.1172163142223843,-0.07210536897021205,-0.04745299168471867,-0.034084396452179755,-0.034084396452179616,0.07722390190733772,0.11958249573005099
2.8837675350701404,-0.5177582885325871,-0.48465308045665695,-0.12448042045168517,-0.11728748375985698,-0.11728748375985631,-0.07240410975308242,-0.047914351822636925,-0.03464989798835383,-0.0346498979883538,0.0764014212548699,0.11909268368910134
2.8933867735470944,-0.5175289368902497,-0.4848969981506782,-0.12521466740548437,-0.11735555290981159,-0.1173555529098102,-0.07270006608650448,-0.04837183658709707,-0.035210661542849964,-0.03521066154284935,0.07557914521846447,0.11860501780663726
2.903006012024048,-0.5173021708687708,-0.4851371292837593,-0.12594017709107747,-0.1174205590219598,-0.11742055902195753,-0.07299326882623436,-0.04882548804186654,-0.035766731798646895,-0.03576673179859022,0.07475707530984185,0.11811953886049123
2.912625250501002,-0.5170779697668533,-0.4853735327026012,-0.12665701719093028,-0.11748253903432368,-0.11748253903432296,-0.07328374833419857,-0.04927534765741662,-0.03631815290476145,-0.036318152904761064,0.07393521514275486,0.11763628752743449
2.922244488977956,-0.5168563128755088,-0.48560626631296616,-0.12736525522541015,-0.11754152948578106,-0.1175415294857794,-0.07357153448709958,-0.04972145632095459,-0.03686496848488449,-0.03686496848488305,0.07311357035497318,0.11715530436784084
2.93186372745491,-0.5166371794824973,-0.48583538709551777,-0.12806495854298974,-0.11759756652846778,-0.11759756652846756,-0.07385665668469779,-0.050163854346233744,-0.03740722164475058,-0.03740722164474841,0.07229214853029721,0.1166766298126165
2.941482965931864,-0.5164205488766003,-0.48606095112137454,-0.12875619431075264,-0.11765068594003153,-0.11765068594003003,-0.07413914385778403,-0.05060258148323374,-0.03794495498020306,-0.03794495498020195,0.07147095912017923,0.11620030415218566
2.9511022044088175,-0.5162064003518322,-0.48628301356745773,-0.12943902950516786,-0.11770092313570188,-0.11770092313570021,-0.07441902447590884,-0.05103767692768013,-0.0384782105847907,-0.03847821058478998,0.07065001336550543,0.11572636752739644
2.9607214428857715,-0.515994713211511,-0.486501628731523,-0.13011353090310485,-0.11774831318021439,-0.11774831318021367,-0.07469632655485364,-0.05146917933039796,-0.03900703005725695,-0.03900703005725578,0.06982932421859463,0.11525485992219929
2.9703406813627256,-0.515785466772217,-0.48671685004685866,-0.13077976507312544,-0.11779289079950733,-0.117792890799505,-0.07497107766388988,-0.05189712680649261,-0.039531454508906244,-0.03953145450890555,0.06900890626563369,0.11478582115791357
2.9799599198396796,-0.5155786403677043,-0.48692873009676935,-0.13143779836695046,-0.1178346903922618,-0.11783469039225986,-0.07524330493282144,-0.0523215569443965,-0.04005152457083774,-0.04005152457083727,0.06818877564965611,0.11431929088892716
2.989579158316633,-0.515374213352636,-0.487137320628812,-0.13208769691119326,-0.11787374604124112,-0.11787374604124068,-0.07551303505886692,-0.05274250681475312,-0.04056728040103971,-0.04056728040103791,0.06736894999427026,0.11385530859971334
2.999198396793587,-0.5151721651062641,-0.48734267256872843,-0.13272952659925366,-0.11791009152439971,-0.11791009152439855,-0.07578029431336267,-0.05316001297914258,-0.041078761691364374,-0.04107876169136285,0.06654944832821456,0.11339391360295971
3.008817635270541,-0.5149724750360168,-0.48754483603413323,-0.13336335308342928,-0.11794376032576798,-0.11794376032576681,-0.07604510854829977,-0.053574111498669474,-0.04158600767436205,-0.041586007674361214,0.06573029101094625,0.11293514503871108
3.018436873747495,-0.5147751225809462,-0.48774386034800454,-0.1339892417671967,-0.11797478564614741,-0.11797478564614636,-0.07630750320277194,-0.0539848379423819,-0.0420890571300184,-0.04208905713001823,0.06491149965928057,0.11247904187434395
3.028056112224449,-0.5145800872151346,-0.4879397940518452,-0.1346072577976749,-0.11800320041352463,-0.11800320041352302,-0.07656750330924239,-0.054392227395573034,-0.04258794839234356,-0.04258794839234245,0.0640930970752849,0.11202564290529121
3.0376753507014027,-0.5143873484509295,-0.48813268491870976,-0.13521746605825316,-0.11802903729326522,-0.11802903729326444,-0.07682513349975548,-0.05479631446790573,-0.04308271935585603,-0.04308271935585489,0.06327510717545465,0.1115749867563119
3.0472945891783567,-0.5141968858422219,-0.4883225799658778,-0.13581993116134602,-0.11805232869803792,-0.11805232869803653,-0.07708041801200746,-0.055197133301417345,-0.043573407481957566,-0.04357340748195673,0.06245755492130453,0.11112711188325258
3.0569138276553107,-0.5140086789874361,-0.4885095254674583,-0.1364147174413561,-0.11807310679747471,-0.11807310679747354,-0.07733338069535109,-0.05559471757837356,-0.04406004980518877,-0.04406004980518799,0.061640466251430145,0.11068205657512223
3.0665330661322647,-0.5138227075326316,-0.48869356696662014,-0.13700188894772902,-0.11809140352758124,-0.11809140352757996,-0.07758404501672295,-0.05598910052898043,-0.04454268293937408,-0.0445426829393728,0.06082386801508169,0.11023985895640086
3.0761523046092183,-0.513638951174419,-0.4888747492877086,-0.1375815094381626,-0.1181072505998298,-0.11810725059982763,-0.0778324340664775,-0.056380314938968445,-0.04502134308365688,-0.04502134308365671,0.06000778790740789,0.10980055698946645
3.0857715430861723,-0.5134573896627607,-0.48905311654808714,-0.13815364237195868,-0.11812067950998048,-0.11812067950997876,-0.07807857056418357,-0.05676839315704013,-0.045496066028437504,-0.04549606602843681,0.05919225440628141,0.10936418847700863
3.0953907815631263,-0.5132780028037678,-0.4892287121698164,-0.13871835090348966,-0.11813172154662405,-0.11813172154662316,-0.07832247686434465,-0.05715336710216895,-0.04596688716119973,-0.045966887161198566,0.058377296710879434,0.10893079106438285
3.1050100200400803,-0.5131007704623902,-0.4894015788910966,-0.13927569787579705,-0.11814040779939702,-0.11814040779939658,-0.07856417496207319,-0.057535268270783674,-0.04643384147224028,-0.04643384147223947,0.057562944681972567,0.1085004022417678
3.1146292585170343,-0.5129256725649852,-0.4895717587775402,-0.13982574581430088,-0.11814676916689651,-0.11814676916689534,-0.07880368649871658,-0.057914127743821875,-0.046896963560305455,-0.046896963560304816,0.05674922878400018,0.10807305934605724
3.124248496993988,-0.5127526891018933,-0.48973929323321397,-0.1403685569206425,-0.11815083636428145,-0.11815083636428073,-0.07904103276743912,-0.05828997619363879,-0.047356287638110256,-0.04735628763810948,0.055936180028898164,0.10764879956241757
3.133867735470942,-0.5125818001298224,-0.4899042230115298,-0.14090419306661986,-0.11815263993056727,-0.11815263993056699,-0.07927623471876638,-0.05866284389081672,-0.047811847537786584,-0.04781184753778528,0.055123829921787035,0.10722765992542173
3.143486973947896,-0.5124129857743026,-0.49006658822590976,-0.1414327157882557,-0.11815221023556685,-0.11815221023556585,-0.07950931296608232,-0.05903276071082564,-0.048263676716228165,-0.04826367671622689,0.054312210408415454,0.10680967731970496
3.15310621242485,-0.5122462262319508,-0.4902264283602833,-0.14195418627997428,-0.11814957748653812,-0.11814957748653696,-0.07974028779110331,-0.059399756140577575,-0.04871180826033933,-0.048711808260338885,0.05350135382447557,0.10639488848006005
3.1627254509018035,-0.5120815017727063,-0.49038378227942814,-0.14246866538887262,-0.11814477173447532,-0.11814477173447505,-0.07996917914930293,-0.05976385928485861,-0.04915627489220242,-0.049156274892202007,0.05269129284669233,0.10598332999096359
3.1723446893787575,-0.5119187927420572,-0.49053868823907065,-0.1429762136091277,-0.11813782288008612,-0.1181378228800854,-0.08019600667531118,-0.060125098872625654,-0.04959710897415684,-0.049597108974155674,0.051882060445761116,0.1055750382853998
3.1819639278557115,-0.5117580795630885,-0.4906911838959195,-0.1434768910764827,-0.11812876067941774,-0.11812876067941619,-0.08042078968827618,-0.060483503263220245,-0.05003434251378783,-0.05003434251378677,0.05107368984105799,0.10517004964305221
3.1915831663326655,-0.511599342738577,-0.4908413063173938,-0.14397075756287825,-0.11811761474915516,-0.11811761474915394,-0.08064354719719302,-0.060839100452433154,-0.050468007168837925,-0.05046800716883548,0.050266214457167155,0.10476840018771172
3.2012024048096195,-0.5114425628529327,-0.4909890919912723,-0.14445787247115968,-0.11810441457158574,-0.11810441457158496,-0.08086429790618851,-0.06119191807847524,-0.05089813425202294,-0.05089813425202189,0.04945966788214699,0.10437012588391958
3.210821643286573,-0.5112877205741672,-0.4911345768351981,-0.1449382948299434,-0.11808918949922195,-0.1180891894992209,-0.08108306021978345,-0.06154198342784148,-0.05132475473579126,-0.051324754735790484,0.0486540838275689,0.10397526253286651
3.220440881763527,-0.5111347966557236,-0.4912777962059373,-0.14541208328852545,-0.11807196875909198,-0.11807196875909165,-0.08129985224809333,-0.06188932344103995,-0.05174789925697684,-0.0517478992569759,0.04784949609026323,0.10358384576738656
3.230060120240481,-0.510983771938332,-0.49141878490855917,-0.14587929611199482,-0.1180527814566932,-0.11805278145669254,-0.08151469181201632,-0.06223396471824741,-0.0521675981213941,-0.05216759812139335,0.047045938515766175,0.10319591104618382
3.239679358717435,-0.5108346273517064,-0.49155757720539517,-0.14633999117639415,-0.11803165657961909,-0.1180316565796182,-0.0817275964483492,-0.06257593352483592,-0.05258388130834182,-0.052583881308341046,0.04624344496342794,0.10281149364716424
3.2492985971943886,-0.5106873439162986,-0.4916942068249234,-0.14679422596403016,-0.118008623000844,-0.11800862300084267,-0.08193858341487253,-0.0629152557967945,-0.052996778475050604,-0.052996778475049994,0.04544204927315493,0.10243062865992142
3.2589178356713426,-0.5105419027449543,-0.49182870697042347,-0.1472420575589223,-0.11798370948171336,-0.11798370948171308,-0.08214766969538903,-0.06325195714607126,-0.05340631896103934,-0.05340631896103845,0.04464178523374303,0.10205335097731921
3.2685370741482966,-0.5103982850444457,-0.4919611103285416,-0.14768354264234598,-0.11795694467457304,-0.11795694467457254,-0.08235487200469732,-0.06358606286578386,-0.053812531792407775,-0.05381253179240697,0.04384268655277848,0.10167969528625014
3.2781563126252506,-0.510256472117098,-0.4920914490776751,-0.1481187374885293,-0.11792835712511432,-0.11792835712511343,-0.08256020679350809,-0.06391759793535665,-0.05421544568605688,-0.05421544568605588,0.043044786828053294,0.10130969605747425
3.2877755511022047,-0.5101164453622459,-0.492219754896258,-0.1485476979604935,-0.11789797527438783,-0.11789797527438745,-0.08276369025333416,-0.06424658702554284,-0.05461508905384346,-0.05461508905384241,0.0422481195204724,0.10094338753461296
3.297394789579158,-0.5099781862777419,-0.49234605897084943,-0.14897047950600312,-0.1178658274605251,-0.11786582746052349,-0.08296533832127123,-0.06457305450336148,-0.05501149000666228,-0.05501149000666197,0.04145271792838669,0.1005808037222651
3.307014028056112,-0.5098416764612843,-0.49247039200414483,-0.14938713715368912,-0.11783194192015184,-0.11783194192014973,-0.0831651666847383,-0.06489702443693668,-0.05540467635846277,-0.055404676358461996,0.04065861516335331,0.1002219783732877
3.3166332665330662,-0.5097068976118587,-0.4925927842227912,-0.14979772550930018,-0.11779634678951564,-0.11779634678951437,-0.08336319078615143,-0.06521852060024194,-0.05579467563019813,-0.05579467563019705,0.039865844127236275,0.09986694497524354
3.3262525050100202,-0.5095738315310409,-0.4927132653851356,-0.1502022987521173,-0.11775907010533163,-0.11775907010533096,-0.08355942582751352,-0.065537566477754,-0.05618151505371699,-0.056181515053715964,0.03907443749062847,0.09951573673600837
3.335871743486974,-0.5094424601242454,-0.4928318647887895,-0.15060091063152622,-0.11772013980533366,-0.117720139805333,-0.08375388677493292,-0.06585418526902045,-0.05656522157558,-0.056565221575579305,0.038284427672549776,0.09916838656859454
3.345490981963928,-0.5093127654020047,-0.4929486112781101,-0.15099361446373977,-0.11767958372858073,-0.11767958372857928,-0.08394658836306268,-0.06616839989313947,-0.05694582186082725,-0.056945821860826834,0.037495846821394924,0.09882492707519924
3.355110220440882,-0.5091847294811374,-0.4930635332515088,-0.15138046312871317,-0.11763742961548601,-0.11763742961548451,-0.0841375450994595,-0.06648023299313771,-0.05732334229667188,-0.0573233422966718,0.03670872679704021,0.09848539053047727
3.364729458917836,-0.509058334585941,-0.49317665866867305,-0.15176150906719654,-0.11759370510759953,-0.11759370510759903,-0.08432677126885063,-0.06678970694029573,-0.05769780899615054,-0.057697808996149125,0.035923099154130486,0.09814980886410463
3.37434869739479,-0.508933563049234,-0.4932880150576542,-0.15213680427800025,-0.11754843774715062,-0.11754843774715018,-0.08451428093731853,-0.0670968438383455,-0.05806924780168682,-0.05806924780168654,0.0351389951264478,0.09781821364264902
3.3839679358717434,-0.5088103973135251,-0.4933976295218345,-0.15250640031541213,-0.11750165497635856,-0.11750165497635728,-0.08470008795639702,-0.06740166552762805,-0.05843768428863416,-0.058437684288632996,0.03435644561237031,0.09749063605073605
3.3935871743486974,-0.5086888199319965,-0.49350552874676,-0.15287034828682602,-0.11745338413650572,-0.117453384136504,-0.08488420596706167,-0.0677041935891409,-0.05880314376872653,-0.05880314376872589,0.033575481161327705,0.09716710687160245
3.4032064128256514,-0.5085688135695086,-0.49361173900692157,-0.15322869885054816,-0.11740365246682008,-0.11740365246681864,-0.08506664840364006,-0.06800444934852165,-0.05916565129349377,-0.05916565129349166,0.03279613196126374,0.096847656467036
3.4128256513026054,-0.5084503610035875,-0.4937162861723295,-0.15358150221380923,-0.11735248710313184,-0.11735248710313118,-0.0852474284976256,-0.06830245387994208,-0.05952523165761375,-0.05952523165761314,0.03201842782702645,0.09653231475674509
3.422444889779559,-0.5083334451253286,-0.49381919571504374,-0.15392880813096296,-0.11729991507636237,-0.11729991507636003,-0.0854265592813652,-0.06859822800993806,-0.05988190940222096,-0.05988190940222013,0.03124239818967388,0.09622111119718452
3.432064128256513,-0.5082180489403172,-0.49392049271556787,-0.1542706659019144,-0.11724596331078846,-0.11724596331078785,-0.08560405359169387,-0.0688917923211523,-0.06023570881813814,-0.06023570881813714,0.03046807208663957,0.09591407475987236
3.441683366733467,-0.5081041555694221,-0.49402020186914636,-0.15460712437075164,-0.11719065862219541,-0.1171906586221938,-0.08577992407342644,-0.06918316715601255,-0.06058665394908605,-0.060586653949084524,0.029695478152726995,0.09561123390925519
3.451302605210421,-0.5079917482496871,-0.49411834749194317,-0.15493823192457087,-0.11713402771579975,-0.11713402771579914,-0.08595418318276857,-0.06947237262032505,-0.060934768594816585,-0.06093476859481639,0.028924644611894687,0.09531261658014856
3.460921843687375,-0.5078808103350614,-0.49421495352713524,-0.1552640364925575,-0.11707609718407253,-0.11707609718407025,-0.08612684319062558,-0.06975942858681175,-0.06128007631421312,-0.061280076314212895,0.02815559926980729,0.09501825015477833
3.4705410821643286,-0.5077713252971838,-0.49431004355086905,-0.15558458554525725,-0.11701689350438652,-0.1170168935043838,-0.08629791618580096,-0.07004435469857054,-0.061622600428326485,-0.0616226004283254,0.027388369507095167,0.09472816143947446
3.4801603206412826,-0.5076632767260534,-0.4944036407781298,-0.15589992609410966,-0.11695644303656375,-0.11695644303656347,-0.08646741407810457,-0.07032717037245514,-0.06196236402336644,-0.06196236402336472,0.026622982273304063,0.09444237664105914
3.4897795591182366,-0.5075566483307486,-0.4944957680685712,-0.156210104691174,-0.11689477202026602,-0.11689477202026535,-0.0866353486013525,-0.07060789480241156,-0.0622993899536563,-0.06229938995365433,0.02585946408151321,0.0941609213429665
3.4993987975951906,-0.5074514239400393,-0.4945864479321126,-0.15651516742911742,-0.11683190657230974,-0.11683190657230963,-0.08680173131626662,-0.0708865469627318,-0.06263370084452538,-0.06263370084452474,0.025097841003555665,0.09388382048113016
3.509018036072144,-0.5073475875030037,-0.4946757025345825,-0.15681515994143455,-0.11676787268384983,-0.11676787268384878,-0.08696657361328478,-0.07116314561123907,-0.06296531909516326,-0.06296531909516276,0.024338138665840364,0.09361109831968868
3.518637274549098,-0.5072451230896247,-0.49476355370317154,-0.15711012740290126,-0.11670269621749252,-0.11670269621749213,-0.08712988671526015,-0.07143770929243173,-0.06329426688142303,-0.06329426688142253,0.02358038224574524,0.0933427784265304
3.528256513026052,-0.5071440148912901,-0.49485002293184144,-0.1574001145302694,-0.1166364029043225,-0.11663640290432184,-0.08729168168008394,-0.07171025634053582,-0.06362056615858266,-0.06362056615858167,0.0228245964685308,0.09307888364874282
3.537875751503006,-0.507044247221337,-0.49493513138659406,-0.15768516558321363,-0.11656901834084935,-0.11656901834084896,-0.08745196940319133,-0.0719808048825217,-0.06394423866405885,-0.06394423866405777,0.022070805604757077,0.0928194360879984
3.54749498997996,-0.5069458045154955,-0.4950188999107226,-0.1579653243655177,-0.11650056798591008,-0.11650056798590702,-0.08761076061999828,-0.07224937284104235,-0.06426530592008778,-0.06426530592008739,0.021319033468201576,0.092564457075905
3.5571142284569137,-0.506848671332346,-0.49510134902988745,-0.158240634226516,-0.11643107715749276,-0.11643107715749049,-0.08776806590824718,-0.07251597793733333,-0.06458378923635097,-0.06458378923634892,0.02056930341420532,0.09231396714937211
3.5667334669338677,-0.5067528323537129,-0.49518249895718014,-0.1585111380627762,-0.11636057102954825,-0.11636057102954725,-0.08792389569025488,-0.07278063769403648,-0.06489970971256254,-0.06489970971256168,0.019821638338456404,0.09206798602604147
3.5763527054108217,-0.506658272385047,-0.49526236959805764,-0.15877687832002463,-0.11628907462874177,-0.11628907462874122,-0.08807826023508694,-0.07304336943797535,-0.06521308824102295,-0.06521308824102165,0.019076060676189804,0.0918265325798048
3.5859719438877757,-0.506564976355774,-0.4953409805551858,-0.15903789699534554,-0.11621661283118434,-0.11621661283118356,-0.08823116966067066,-0.07330419030288113,-0.06552394550911542,-0.06552394550911445,0.018332592401751086,0.09158962481646055
3.5955911823647293,-0.5064729293195618,-0.49541835113323973,-0.15929423563959474,-0.11614321035914696,-0.11614321035914602,-0.0883826339357957,-0.07356311723206546,-0.0658323020017813,-0.06583230200178067,0.017591255028531094,0.09135727984952444
3.6052104208416833,-0.506382116454647,-0.495494500343572,-0.15954593536009118,-0.1160688917777751,-0.11606889177777421,-0.08853266288208161,-0.07382016698102595,-0.06613817800394872,-0.066138178003948,0.016852069609242154,0.09112951387629126
3.6148296593186373,-0.5062925230640399,-0.4955694469088576,-0.15979303682355284,-0.11599368149177902,-0.11599368149177847,-0.08868126617586092,-0.07407535612002092,-0.06644159360291732,-0.06644159360291677,0.016115056736504485,0.09090634215410061
3.6244488977955913,-0.506204134575756,-0.4956432092676032,-0.16003558025924783,-0.1159176037421453,-0.11591760374214469,-0.08882845334999434,-0.07432870103658498,-0.06674256869071768,-0.06674256869071726,0.015380236543741044,0.09068777897693607
3.6340681362725453,-0.5061169365429727,-0.4957158055786072,-0.16027360546243197,-0.11584068260285824,-0.11584068260285585,-0.08897423379565375,-0.07458021793800249,-0.06704112296641732,-0.06704112296641696,0.014647628706354082,0.09047383765229838
3.643687374749499,-0.5060309146442038,-0.49578725372534804,-0.16050715179800892,-0.11576294197763101,-0.1157629419776289,-0.08911861676401714,-0.07482992285372345,-0.06733727593841152,-0.06733727593841071,0.013917252443161804,0.09026453047847548
3.653306613226453,-0.505946054683401,-0.49585757132026387,-0.1607362582044344,-0.11568440559667201,-0.11568440559667117,-0.08926161136794175,-0.07507783163773946,-0.06763104692665331,-0.06763104692665259,0.013189126518090205,0.09005986872218899
3.662925851703407,-0.5058623425900204,-0.495926775709013,-0.16096096319783443,-0.11560509701348187,-0.11560509701347849,-0.0894032265835753,-0.07532395997092961,-0.0679224550648766,-0.06792245506487474,0.012463269242087294,0.08985986259668312
3.672545090180361,-0.5057797644191094,-0.49599488397461966,-0.1611813048764121,-0.11552503960168178,-0.1155250396016809,-0.08954347125194903,-0.07556832336333524,-0.06821151930276301,-0.06821151930276256,0.011739698475276006,0.0896645212402577
3.6821643286573145,-0.5056983063513019,-0.4960619129415321,-0.161397320925011,-0.11544425655188759,-0.11544425655188725,-0.08968235408050182,-0.07581093715641521,-0.06849825840808729,-0.06849825840808627,0.011018431629278902,0.08947385269531019
3.6917835671342685,-0.5056179546928428,-0.49612787917968443,-0.16160904861999398,-0.11536277086864088,-0.115362770868639,-0.08981988364461935,-0.07605181652525572,-0.06878269096881814,-0.06878269096881728,0.010299485669769848,0.08928786388790022
3.7014028056112225,-0.5055386958755128,-0.49619279900839935,-0.16181652483423642,-0.11528060536737661,-0.1152806053673745,-0.08995606838910206,-0.07629097648073635,-0.06906483539520969,-0.0690648353952088,0.009582877119170857,0.08910656060787953
3.7110220440881765,-0.5054605164565914,-0.4962566885002928,-0.16201978604243825,-0.11519778267146916,-0.11519778267146893,-0.09009091662964366,-0.07652843187165428,-0.06934470992183253,-0.06934470992183234,0.00886862205953906,0.08892994748958641
3.7206412825651305,-0.5053834031187489,-0.496319563485065,-0.1622188683265702,-0.11511432520932255,-0.1151143252093221,-0.09022443655428466,-0.07676419738682475,-0.06962233260959755,-0.06962233260959627,0.008156736135591897,0.08875802799319008
3.730260521042084,-0.5053073426699464,-0.49638143955326863,-0.16241380738158348,-0.11503025521154678,-0.11503025521154639,-0.09035663622484608,-0.07699828755713908,-0.0698977213477342,-0.06989772134773323,0.007447234557882126,0.08859080438665139
3.739879759519038,-0.5052323220432355,-0.4964423320599681,-0.16260463852127668,-0.11494559470818386,-0.11494559470818297,-0.09048752357837972,-0.0772307167575802,-0.07017089385575331,-0.0701708938557532,0.0067401321061076325,0.08842827772837059
3.749498997995992,-0.5051583282966298,-0.49650225612835075,-0.16279139668436798,-0.11486036552602752,-0.11486036552602641,-0.09061710642858697,-0.07746149920921339,-0.07044186768536354,-0.07044186768536276,0.006035443132540896,0.08827044785052462
3.759118236472946,-0.5050853486128801,-0.49656122665334373,-0.1629741164407782,-0.11477458928601342,-0.11477458928601247,-0.09074539246726548,-0.0776906489811495,-0.07071066022238334,-0.07071066022238243,0.005333181565573275,0.08811731334314218
3.7687374749498996,-0.5050133702992285,-0.4966192583050224,-0.16315283199804628,-0.11468828740068984,-0.11468828740068907,-0.09087238926574451,-0.07791817999245898,-0.07097728868859429,-0.07097728868859421,0.004633360913371742,0.08796887153889682
3.7783567134268536,-0.5049423807871751,-0.4966763655321084,-0.16332757720795654,-0.11460148107176216,-0.11460148107176127,-0.09099810427633537,-0.07814410601407429,-0.07124177014360553,-0.07124177014360483,0.003935994267627502,0.0878251184986953
3.7879759519038076,-0.5048723676321766,-0.4967325625653306,-0.16349838557332375,-0.11451419128775364,-0.11451419128775325,-0.09112254483382165,-0.07836844067065185,-0.07150412148665125,-0.07150412148665083,0.0032410943073932774,0.08768604899804702
3.7975951903807617,-0.5048033185133354,-0.49678786342072867,-0.16366529025491142,-0.11442643882172174,-0.11442643882171935,-0.09124571815692056,-0.07859119744240364,-0.07176435945839776,-0.07176435945839718,0.0025486733030107844,0.08755165651424149
3.8072144288577157,-0.5047352212330571,-0.49684228190294444,-0.16382832407852863,-0.11433824422908193,-0.11433824422908143,-0.09136763134981077,-0.07881238966692067,-0.07202250064270721,-0.07202250064270566,0.0018587431201083082,0.08742193321436029
3.8168336673346692,-0.5046680637167463,-0.4968958316084161,-0.1639875195422392,-0.11424962784552348,-0.11424962784552281,-0.09148829140366607,-0.0790320305409386,-0.07227856146837561,-0.0722785614683748,0.0011713152236808022,0.0872968699441314
3.8264529058116232,-0.5046018340123197,-0.4969485259285372,-0.16414290882371843,-0.11416060978502188,-0.1141606097850211,-0.09160770519821401,-0.0792501331221073,-0.07253255821085608,-0.07253255821085472,0.0004864006822172806,0.08717645621766282
3.8360721442885772,-0.5045365202899226,-0.4970003780527467,-0.16429452378773635,-0.11407120993792769,-0.11407120993792708,-0.09172587950335104,-0.07946671033072022,-0.07278450699395375,-0.072784506993952,-0.000195989828101234,0.08706068020805424
3.8456913827655312,-0.5044721108414075,-0.4970514009716067,-0.16444239599373137,-0.11398144796918688,-0.11398144796918444,-0.09184282098076582,-0.07968177495142323,-0.07303442379149988,-0.07303442379149927,-0.0008758460191415907,0.08694952873888503
3.855310621242485,-0.5044085940799322,-0.49710160747977716,-0.16458655670350827,-0.11389134331662218,-0.11389134331662024,-0.09195853618561584,-0.07989533963490203,-0.07328232442900373,-0.07328232442900326,-0.001553157986534548,0.08684298727665293
3.864929859719439,-0.5043459585394645,-0.49715101017897445,-0.1647270368890122,-0.11380091518933882,-0.11380091518933799,-0.09207303156824564,-0.08010741689954504,-0.07352822458528008,-0.07352822458527933,-0.0022279162053144563,0.08674103992410379
3.874549098196393,-0.50428419287431,-0.49719962148085833,-0.16486386724020974,-0.11371018256621968,-0.11371018256621934,-0.09218631347593692,-0.08031801913308786,-0.07377213979406003,-0.07377213979405906,-0.0029001115255437304,0.08664366941451772
3.884168336673347,-0.504223285858587,-0.4972474536099204,-0.16499707817302292,-0.1136191641945134,-0.11361916419451187,-0.09229838815473065,-0.0805271585942395,-0.07401408544557694,-0.07401408544557583,-0.0035697351678796174,0.08655085710692273
3.8937875751503004,-0.504163226385705,-0.4972945186062598,-0.1651266998373248,-0.11352787858853733,-0.11352787858853669,-0.09240926175125716,-0.08073484741428386,-0.07425407678813697,-0.0742540767881357,-0.004236778719131196,0.08646258298229495
3.9034068136272544,-0.5041040034677904,-0.49734082832834314,-0.16525276212501028,-0.11343634402846872,-0.11343634402846747,-0.092518940314644,-0.08094109759865994,-0.07449212892967233,-0.0744921289296715,-0.004901234127754228,0.08637882564070223
3.9130260521042084,-0.5040456062351696,-0.4973863944557242,-0.16537529467808676,-0.11334457855923383,-0.11334457855923302,-0.09262742979846805,-0.08114592102853477,-0.07472825683926479,-0.07472825683926412,-0.005563093699348376,0.08629956229942326
3.9226452905811624,-0.5039880239357171,-0.49743122849174354,-0.16549432689681826,-0.11325259998950907,-0.11325259998950796,-0.09273473606275806,-0.08134932946234982,-0.0749624753486609,-0.07496247534866049,-0.006222350092117773,0.08622476879205987
3.9322645290581164,-0.5039312459342933,-0.4974753417660911,-0.16560988794786738,-0.11316042589080619,-0.11316042589080602,-0.09284086487604004,-0.08155133453735486,-0.07519479915376703,-0.07519479915376606,-0.00687899631230704,0.08615441956862006
3.94188376753507,-0.5038752617121207,-0.49751874543747254,-0.16572200677248067,-0.1130680735966613,-0.11306807359666118,-0.09294582191744763,-0.08175194777111841,-0.075425242816127,-0.07542524281612664,-0.007533025709623359,0.08608848769661585
3.951503006012024,-0.5038200608661375,-0.49756145049609646,-0.1658307120946472,-0.11297556020192967,-0.11297556020192806,-0.0930496127788843,-0.08195118056303641,-0.07565382076438254,-0.07565382076438115,-0.008184431972645317,0.08602694486312695
3.961122244488978,-0.5037656331083485,-0.4976034677661698,-0.16593603242926028,-0.11288290256216077,-0.1128829025621598,-0.09315224296722874,-0.08214904419580316,-0.07588054729571006,-0.07588054729570937,-0.008833209124201352,0.08596976137788928
3.970741482965932,-0.5037119682651612,-0.49764480790841076,-0.16603799609026104,-0.11279011729308674,-0.11279011729308605,-0.0932537179066035,-0.0823455498369001,-0.07610543657726263,-0.07610543657726204,-0.009479351516760548,0.08591690617737271
3.9803607214428856,-0.5036590562767136,-0.4976854814224491,-0.16613663119875355,-0.11269722077019081,-0.11269722077018951,-0.09335404294069502,-0.08254070854003248,-0.07632850264756888,-0.07632850264756741,-0.010122853827788214,0.08586834682985862
3.9899799599198396,-0.5036068871961468,-0.4977254986491951,-0.16623196569107396,-0.11260422912837684,-0.11260422912837564,-0.09345322333511114,-0.08273453124658098,-0.07654975941794057,-0.0765497594179404,-0.010763711055112507,0.08582404954153149
3.9995991983967936,-0.5035554511889536,-0.4977648697732273,-0.16632402732681117,-0.11251115826172886,-0.11251115826172714,-0.09355126427981639,-0.0829270287870292,-0.076769220673845,-0.07676922067384451,-0.011401918512268988,0.08578397916356087
4.009218436873748,-0.5035047385322042,-0.49780360482505276,-0.16641284369677145,-0.1124180238233704,-0.1124180238233693,-0.09364817089160474,-0.08311821188237895,-0.07698690007628256,-0.07698690007628162,-0.012037471823850787,0.08574809920019674
4.018837675350701,-0.5034547396138499,-0.497841713683446,-0.16649844223086652,-0.11232484122540146,-0.11232484122539985,-0.093743948216604,-0.08330809114554671,-0.07720281116313879,-0.07720281116313579,-0.012670366920843668,0.08571637181784961
4.028456913827655,-0.503405444931968,-0.4978792060776409,-0.1665808502059356,-0.11223162563892036,-0.11223162563891823,-0.0938386012328585,-0.08349667708276229,-0.07741696735051484,-0.0774169673505141,-0.013300600035974358,0.08568875785518265
4.038076152304609,-0.5033568450939981,-0.4979160915895565,-0.16666009475344648,-0.11213839199415407,-0.11213839199415324,-0.09393213485293797,-0.08368398009493655,-0.07762938193407734,-0.07762938193407606,-0.013928167699040456,0.08566521683418732
4.047695390781563,-0.503308930816019,-0.49795237965598377,-0.16673620286714025,-0.11204515498065662,-0.11204515498065601,-0.09402455392660025,-0.08387001047903508,-0.07784006809034993,-0.07784006809034927,-0.014553066732249542,0.08564570697224884
4.057314629258517,-0.5032616929219034,-0.497988079570689,-0.166809201410527,-0.11195192904758905,-0.11195192904758791,-0.09411586324348942,-0.08405477842943324,-0.07804903887803094,-0.07804903887802986,-0.015175294245558801,0.08563018519519622
4.066933867735471,-0.5032151223426145,-0.4980232004865668,-0.16687911712428993,-0.1118587284040942,-0.11185872840409314,-0.09420606753587446,-0.08423829403924527,-0.07825630723927204,-0.07825630723927146,-0.01579484763201716,0.08561860715133496
4.076553106212424,-0.503169210115372,-0.4980577514176921,-0.1669459766335475,-0.11176556701973858,-0.11176556701973753,-0.09429517148144459,-0.08442056730167447,-0.07846188600097181,-0.07846188600097118,-0.01641172456310716,0.08561092722644836
4.086172344689379,-0.5031239473828426,-0.4980917412413685,-0.16700980645499697,-0.11167245862504108,-0.11167245862504091,-0.09438317970609342,-0.08460160811131306,-0.07866578787602244,-0.0786657878760218,-0.017025922984091585,0.08560709855975471
4.095791583166332,-0.5030793253923758,-0.4981251787001317,-0.16707063300387998,-0.1115794167120834,-0.11157941671208144,-0.09447009678680404,-0.08478142626547217,-0.07886802546458252,-0.07886802546458155,-0.0176374411093769,0.08560707306082282
4.105410821643287,-0.5030353354951519,-0.49815807240377086,-0.16712848260085097,-0.11148645453516756,-0.1114864545351664,-0.09455592725450551,-0.08496003146545952,-0.07906861125530615,-0.0790686112553056,-0.018246277417858087,0.08561080142746563
4.11503006012024,-0.5029919691453857,-0.49819043083124426,-0.16718338147861578,-0.11139358511159228,-0.11139358511159161,-0.09464067559698308,-0.08513743331787985,-0.07926755762659393,-0.0792675576265931,-0.01885243064830147,0.08561823316450505
4.124649298597194,-0.5029492178994821,-0.498222262332625,-0.16723535578847465,-0.1113008212224558,-0.11130082122245397,-0.09472434626181295,-0.08531364133590866,-0.07946487684779663,-0.07946487684779596,-0.019455899794715986,0.08562931660354872
4.134268537074148,-0.5029070734152057,-0.4982535751309953,-0.1672844316066186,-0.11120817541355135,-0.11120817541355008,-0.09480694365930756,-0.08548866494055016,-0.07966058108043828,-0.07966058108043783,-0.02005668410173561,0.08564399892361257
4.143887775551102,-0.5028655274508677,-0.4982843773243223,-0.16733063494030756,-0.11111565999632997,-0.11111565999632875,-0.09488847216549665,-0.08566251346189888,-0.07985468237941565,-0.07985468237941487,-0.02065478306001506,0.08566222617268907
4.153507014028055,-0.5028245718644682,-0.49831467688730435,-0.16737399173382708,-0.1110232870489136,-0.11102328704891276,-0.09496893612510424,-0.08583519614038604,-0.08004719269418997,-0.0800471926941897,-0.021250196401641025,0.0856839432901969
4.16312625250501,-0.502784198612834,-0.4983444816731806,-0.16741452787423083,-0.1109310684171951,-0.11093106841719377,-0.0950483398545546,-0.08600672212800242,-0.08023812386996804,-0.08023812386996726,-0.021842924095548,0.08570909413031613
4.1727454909819635,-0.5027443997507897,-0.49837379941552085,-0.16745226919692682,-0.11083901571597862,-0.11083901571597812,-0.09512668764497431,-0.08617710048953456,-0.08042748764887878,-0.08042748764887844,-0.022432966342951416,0.08573762148618384
4.182364729458918,-0.502705167430318,-0.4984026377300073,-0.1674872414910255,-0.11074714033018188,-0.11074714033018038,-0.09520398376521047,-0.08634634020376072,-0.0806152956711301,-0.08061529567112957,-0.02302032357279271,0.08576946711496083
4.1919839679358715,-0.5026664938996461,-0.49843100411614405,-0.16751947050448515,-0.11065545341611019,-0.11065545341610925,-0.09528023246483375,-0.08651445016466483,-0.08080155947616471,-0.08080155947616349,-0.02360499643719971,0.08580457176370054
4.201603206412826,-0.5026283715024727,-0.49845890595901,-0.16754898194903112,-0.11056396590277631,-0.11056396590277456,-0.09535543797716778,-0.08668143918261459,-0.08098629050380807,-0.08098629050380779,-0.024186985806960742,0.08584287519608991
4.2112224448897795,-0.502590792677017,-0.4984863505309156,-0.1675758015048685,-0.11047268849326594,-0.11047268849326497,-0.09542960452228555,-0.08684731598555451,-0.08116950009539808,-0.08116950009539747,-0.024766292767017528,0.08588431621996097
4.220841683366733,-0.5025537499552208,-0.4985133449930995,-0.167599954825147,-0.11038163166617282,-0.1103816316661721,-0.09550273631001707,-0.08701208922015541,-0.08135119949491462,-0.08135119949491332,-0.02534291861198462,0.08592883271560064
4.2304609218436875,-0.5025172359618452,-0.49853989639734264,-0.1676214675402219,-0.11029080567707222,-0.11029080567707064,-0.09557483754293628,-0.08717576745298755,-0.08153139985009247,-0.08153139985009117,-0.025916864841662002,0.0859763616648403
4.240080160320641,-0.5024812434136389,-0.49856601168761905,-0.16764036526165826,-0.11020022056004515,-0.1102002205600426,-0.09564591241932739,-0.0873383591716519,-0.08171011221354042,-0.08171011221353867,-0.02648813315659397,0.08602683918089796
4.2496993987975955,-0.5024457651184414,-0.4985916977016699,-0.16765667358600617,-0.11010988612923983,-0.11010988612923928,-0.09571596513615174,-0.08749987278593066,-0.08188734754382451,-0.08188734754382399,-0.02705672545363591,0.08608020053894046
4.259318637274549,-0.5024107939743263,-0.49861696117259197,-0.16767041809833994,-0.1100198119805028,-0.11001981198050241,-0.0957849998919764,-0.08766031662888334,-0.08206311670657722,-0.08206311670657603,-0.02762264382154224,0.08613638020737877
4.268937875751503,-0.502376322968747,-0.49864180873037883,-0.1676816243755514,-0.10993000749301748,-0.10993000749301665,-0.09585302088987946,-0.08781969895798694,-0.08223743047556281,-0.08223743047556228,-0.028185890536578745,0.0861953118798493
4.278557114228457,-0.5023423451776298,-0.4986662469034522,-0.16769031798939993,-0.10984048183101457,-0.10984048183101312,-0.09592003234033648,-0.08797802795621458,-0.08241029953376537,-0.08241029953376507,-0.02874646805815885,0.08625692850785759
4.288176352705411,-0.502308853764564,-0.49869028212019884,-0.16769652450931805,-0.10975124394549929,-0.10975124394549748,-0.09598603846405598,-0.08813531173312858,-0.08258173447444234,-0.08258173447444178,-0.02930437902450056,0.08632116233409148
4.297795591182365,-0.5022758419798988,-0.49871392071042936,-0.16770026950496714,-0.10966230257602715,-0.10966230257602609,-0.09605104349481143,-0.08829155832595519,-0.08275174580219179,-0.08275174580219029,-0.02985962624831416,0.08638794492634605
4.307414829659319,-0.5022433031598806,-0.4987371689068537,-0.16770157854855225,-0.10957366625251241,-0.10957366625251222,-0.09611505168219883,-0.08844677570065515,-0.08292034393399264,-0.08292034393399161,-0.03041221271250949,0.08645720721206036
4.317034068136272,-0.5022112307257914,-0.49876003284652776,-0.16770047721688447,-0.10948534329707303,-0.10948534329707237,-0.09617806729437565,-0.08860097175295865,-0.08308753920024743,-0.08308753920024682,-0.03096214156593728,0.08652887951340876
4.326653306613227,-0.5021796181830968,-0.49878251857230027,-0.1676969910931925,-0.1093973418258942,-0.10939734182589311,-0.09624009462075817,-0.08875415430941846,-0.0832533418458126,-0.0832533418458124,-0.03150941611915167,0.08660289158298978
4.33627254509018,-0.5021484591205884,-0.49880463203417397,-0.16769114576870364,-0.10930966975114186,-0.10930966975114075,-0.09630113797465716,-0.08890633112843159,-0.08341776203102784,-0.08341776203102776,-0.03205403984021048,0.0866791726399963
4.345891783567135,-0.5021177472094845,-0.4988263790907689,-0.16768296684394396,-0.10922233478288977,-0.10922233478288883,-0.09636120169586464,-0.08905750990125381,-0.08358080983271977,-0.08358080983271939,-0.032596016350498205,0.08675765140690024
4.355511022044088,-0.5020874762026387,-0.4988477655106034,-0.16767247992983347,-0.10913534443107793,-0.10913534443107735,-0.09642029015321026,-0.08920769825300033,-0.08374249524521386,-0.08374249524521306,-0.033135349420580065,0.08683825614662177
4.365130260521042,-0.502057639933632,-0.4988687969735146,-0.16765971064851581,-0.10904870600750123,-0.10904870600750073,-0.09647840774702905,-0.08935690374363299,-0.08390282818133261,-0.08390282818133056,-0.03367204296609534,0.08692091470011631
4.374749498997996,-0.5020282323159483,-0.4988894790719427,-0.1676446846339373,-0.1089624266278103,-0.10896242662780956,-0.09653555891160115,-0.0895051338689466,-0.08406181847338326,-0.08406181847338223,-0.03420610104368066,0.08700555452438868
4.38436873747495,-0.501999247342121,-0.4989098173122811,-0.16762742753221055,-0.1088765132135474,-0.10887651321354673,-0.09659174811751119,-0.08965239606151894,-0.08421947587413471,-0.08421947587413404,-0.034737527846916874,0.0870921027308823
4.393987975951903,-0.5019706790829089,-0.49892981711615064,-0.1676079650017251,-0.10879097249419413,-0.10879097249419313,-0.09664697987395472,-0.08979869769167374,-0.0843758100577968,-0.08437581005779556,-0.035266327702334274,0.08718048612422424
4.403607214428858,-0.5019425216863868,-0.49894948382165916,-0.16758632271301646,-0.10870581100924312,-0.10870581100924254,-0.09670125873097798,-0.08994404606841319,-0.08453083062097452,-0.08453083062097333,-0.03579250506543377,0.08727063124127252
4.413226452905811,-0.501914769377182,-0.4989688226846897,-0.16756252634842847,-0.10862103511028881,-0.10862103511028814,-0.09675458928165337,-0.09008844844034952,-0.08468454708363116,-0.08468454708363055,-0.036316064516751206,0.08736246439047585
4.422845691382766,-0.5018874164556285,-0.49898783888013337,-0.1675366016015215,-0.10853665096312133,-0.10853665096312086,-0.09680697616417373,-0.09023191199660864,-0.0848369688900255,-0.08483696889002477,-0.03683701075796368,0.08745591169144491
4.432464929859719,-0.5018604572969023,-0.499006537503103,-0.16750857417627274,-0.10845266454986133,-0.10845266454985986,-0.09685842406388931,-0.09037444386774335,-0.08498810540965657,-0.08498810540965612,-0.03735534860802736,0.08755089911478425
4.442084168336673,-0.5018338863501983,-0.4990249235701518,-0.16747846978606012,-0.10836908167107923,-0.10836908167107825,-0.09690893771527254,-0.09051605112660838,-0.08513796593818584,-0.08513796593818532,-0.03787108299936909,0.08764735252206284
4.451703406813627,-0.5018076981379591,-0.49904300202043916,-0.16744631415240868,-0.10828590794794697,-0.10828590794794664,-0.09695852190379821,-0.09065674078925033,-0.08528655969836003,-0.08528655969835956,-0.03838421897409751,0.0877451977059591
4.461322645290581,-0.5017818872549936,-0.4990607777169442,-0.16741213300354962,-0.10820314882439709,-0.10820314882439559,-0.09700718146774838,-0.09079651981575877,-0.0854338958409157,-0.08543389584091497,-0.038894761680280956,0.0878443604305015
4.470941883767535,-0.5017564483677011,-0.4990782554475812,-0.1673759520727663,-0.10812080956928166,-0.10812080956928147,-0.09705492129995325,-0.09093539511112225,-0.08557998344549167,-0.08557998344549142,-0.039402716368250545,0.08794476647138369
4.480561122244489,-0.5017313762132541,-0.4990954399263624,-0.16733779709653313,-0.10803889527855977,-0.10803889527855816,-0.09710174634943554,-0.09107337352606203,-0.0857248315215103,-0.08572483152150982,-0.03990808838694655,0.08804634165630525
4.4901803607214426,-0.5017066655987916,-0.4991123357945045,-0.16729769381247261,-0.10795741087746227,-0.10795741087746086,-0.09714766162298913,-0.09121046185786819,-0.0858684490090679,-0.08586844900906768,-0.04041088318032704,0.08814901190531817
4.499799599198397,-0.5016823114006271,-0.4991289476215631,-0.16725566795711033,-0.10787636112270407,-0.10787636112270377,-0.09719267218666966,-0.09134666685119933,-0.08601084477980483,-0.08601084477980397,-0.040911106283793325,0.08825270327112596
4.509418837675351,-0.5016583085634356,-0.4991452799065046,-0.1672117452634486,-0.10779575060465588,-0.10779575060465532,-0.09723678316720064,-0.09148199519889405,-0.08615202763776561,-0.08615202763776403,-0.041408763320696707,0.08835734197928305
4.519038076152305,-0.5016346520994834,-0.49916133707877225,-0.16716595145836421,-0.10771558374955632,-0.10771558374955541,-0.09727999975330119,-0.09161645354276339,-0.08629200632026617,-0.08629200632026605,-0.041903859998858414,0.0884628544682989
4.528657314629259,-0.501611337087858,-0.49917712349937915,-0.1671183122598594,-0.10763586482170832,-0.10763586482170771,-0.09732232719693971,-0.0917500484743566,-0.08643078949873233,-0.0864307894987315,-0.04239640210715924,0.0885691674295509
4.538276553106212,-0.5015883586736384,-0.49919264346192216,-0.16706885337409025,-0.10755659792569042,-0.10755659792569008,-0.09736377081446596,-0.0918827865357402,-0.0865683857795369,-0.08656838577953604,-0.04288639551216164,0.08867620784700728
4.547895791583167,-0.5015657120671848,-0.4992079011936341,-0.16701760049229275,-0.10747778700855157,-0.10747778700855098,-0.09740433598771858,-0.09201467422024989,-0.08670480370482975,-0.08670480370482916,-0.043373846154803136,0.08878390303670494
4.55751503006012,-0.5015433925433099,-0.49922290085638893,-0.1669645792875467,-0.10739943586201756,-0.10739943586201592,-0.09744402816498743,-0.09214571797323051,-0.08684005175334975,-0.08684005175334933,-0.04385876004711503,0.08889218068593381
4.567134268537074,-0.5015213954405746,-0.4992376465477146,-0.1669098154113564,-0.10732154812470322,-0.10732154812470136,-0.09748285286192289,-0.09227592419277846,-0.08697413834124472,-0.08697413834124278,-0.044341143269000446,0.0890009688921039
4.576753507014028,-0.5014997161604972,-0.4992521423017532,-0.16685333449015444,-0.10724412728430574,-0.1072441272843051,-0.09752081566235504,-0.09240529923045873,-0.08710707182284974,-0.08710707182284899,-0.04482100196507405,0.08911019620122658
4.586372745490982,-0.5014783501667964,-0.4992663920902591,-0.16679516212162482,-0.10716717667981342,-0.10716717667981189,-0.0975579222190308,-0.09253384939201818,-0.08723886049150116,-0.08723886049149941,-0.0452983423415302,0.08921979164600737
4.595991983967936,-0.5014572929846731,-0.499280399823555,-0.1667353238709358,-0.10709069950368696,-0.10709069950368594,-0.09759417825424052,-0.09266158093809349,-0.08736951258029135,-0.08736951258029077,-0.0457731706630837,0.089329684783481
4.60561122244489,-0.5014365402000615,-0.49929416935145976,-0.1666738452668382,-0.10701469880407091,-0.10701469880407008,-0.09762958956039267,-0.09278850008489717,-0.08749903626285907,-0.08749903626285782,-0.04624549324995819,0.08943980573215576
4.615230460921843,-0.5014160874588857,-0.49930770446423817,-0.16661075179765722,-0.10693917748696623,-0.10693917748696556,-0.09766416200047788,-0.09291461300491262,-0.08762743965413157,-0.08762743965413035,-0.04671531647491277,0.08955008520861765
4.624849699398798,-0.5013959304663334,-0.49932100889351355,-0.16654606890720391,-0.1068641383184184,-0.10686413831841782,-0.09769790150846464,-0.09303992582755838,-0.08775473081108542,-0.08775473081108517,-0.047182646760341174,0.08966045456358263
4.634468937875751,-0.5013760649861593,-0.49933408631313136,-0.16647982199056305,-0.10678958392668528,-0.10678958392668503,-0.0977308140895877,-0.09316444463986073,-0.08788091773348153,-0.08788091773348011,-0.0476474905754139,0.08977084581733352
4.644088176352706,-0.501356486839948,-0.49934694034012794,-0.16641203638982247,-0.1067155168044154,-0.10671551680441485,-0.09776290582058336,-0.0932881754871124,-0.08800600836459604,-0.08800600836459557,-0.0481098544332674,0.0898811916944931
4.653707414829659,-0.5013371919063876,-0.49935957453553015,-0.16634273738970892,-0.10664193931079427,-0.1066419393107935,-0.09779418284981206,-0.09341112437351912,-0.08813001059194031,-0.08813001059193962,-0.04856974488826915,0.08999142565813954
4.663326653306613,-0.501318176120618,-0.4993719924052611,-0.1662719502131523,-0.10656885367370278,-0.10656885367370164,-0.09782465139731134,-0.09353329726284826,-0.08825293224796563,-0.08825293224796449,-0.049027168533305965,0.09010148194316323
4.672945891783567,-0.5012994354734875,-0.49938419740098083,-0.16619970001679735,-0.10649626199185619,-0.10649626199185602,-0.09785431775476078,-0.09365470007906287,-0.08837478111077054,-0.08837478111077002,-0.04948213199715737,0.09021129558889687
4.682565130260521,-0.5012809660108949,-0.4993961929209176,-0.16612601188645665,-0.1064241662369398,-0.10642416623693891,-0.09788318828538219,-0.09377533870694711,-0.08849556490478709,-0.08849556490478637,-0.049934641941892885,0.09032080247092936
4.692184368737475,-0.5012627638330652,-0.49940798231070593,-0.16605091083250598,-0.10635256825572056,-0.10635256825571984,-0.09791126942372541,-0.09389521899273684,-0.08861529130145862,-0.08861529130145782,-0.05038470506035489,0.09042993933209464
4.701803607214429,-0.5012448250939275,-0.4994195688641897,-0.16597442178525793,-0.10628146977216382,-0.10628146977216169,-0.09793856767540493,-0.09401434674473502,-0.08873396791990909,-0.08873396791990795,-0.05083232807366406,0.090538643844672
4.7114228456913825,-0.5012271460003851,-0.4994309558242125,-0.16589656959028434,-0.10621087238952864,-0.10621087238952798,-0.09796508961675363,-0.09413272773392112,-0.08885160232760525,-0.08885160232760403,-0.05127751772880182,0.09064685457813615
4.721042084168337,-0.5012097228117155,-0.4994421463834355,-0.16581737900371962,-0.10614077759245917,-0.10614077759245748,-0.09799084189437358,-0.0942503676945647,-0.08896820204100282,-0.0889682020410016,-0.05172028079624087,0.09075451091918084
4.7306613226452905,-0.5011925518388355,-0.49945314368507765,-0.165736874687552,-0.10607118674904577,-0.10607118674904549,-0.0980158312246487,-0.09436727232482085,-0.08908377452618436,-0.0890837745261837,-0.05216062406761919,0.09086155348569691
4.740280561122244,-0.501175629443708,-0.49946395082371087,-0.16565508120489067,-0.10600210111289937,-0.10600210111289868,-0.09804006439314855,-0.09448344728733996,-0.0891983271994913,-0.08919832719949114,-0.052598554353486315,0.09096792378635676
4.7498997995991985,-0.5011589520386751,-0.49947457084601565,-0.16557202301524554,-0.10593352182518871,-0.10593352182518849,-0.09806354825397727,-0.09459889820985772,-0.08931186742814452,-0.08931186742814438,-0.053034078481076316,0.0910735643620476
4.759519038076152,-0.5011425160858252,-0.49948500675146124,-0.1654877244697821,-0.10586544991667633,-0.10586544991667461,-0.09808628972904888,-0.09471363068578977,-0.08942440253084362,-0.08942440253084262,-0.05346720329216827,0.09117841881548401
4.7691382765531065,-0.5011263180963369,-0.49949526149312373,-0.16540220980662573,-0.1057978863097313,-0.10579788630973042,-0.0981082958072762,-0.09482765027482645,-0.08953593977837107,-0.08953593977837088,-0.053897935640966815,0.09128243183213516
4.77875751503006,-0.5011103546298746,-0.49950533797834573,-0.16531550314614551,-0.10573083182034397,-0.10573083182034325,-0.09812957354371667,-0.09494096250352309,-0.0896464863941832,-0.08964648639418223,-0.05432628239205482,0.09138554920162664
4.788376753507014,-0.5010946222939723,-0.4995152390694464,-0.1652276284862743,-0.10566428716010264,-0.10566428716010164,-0.09815013005862384,-0.09505357286588596,-0.089756049554981,-0.08975604955498075,-0.054752250418397166,0.0914877178385595
4.797995991983968,-0.5010791177433963,-0.4995249675844643,-0.16513860969786412,-0.1055982529381703,-0.1055982529381699,-0.09816997253644727,-0.09516548682395573,-0.08986463639128753,-0.08986463639128675,-0.05517584659936936,0.09158888580236245
4.807615230460922,-0.5010638376795564,-0.49953452629777534,-0.16504847052006955,-0.10553272966324419,-0.10553272966324286,-0.09818910822477313,-0.09527670980841103,-0.08997225398799356,-0.08997225398799323,-0.0555970778188845,0.09168900231606002
4.817234468937876,-0.501048778849897,-0.49954391794081904,-0.16495723455577543,-0.10546771774548828,-0.10546771774548745,-0.09820754443317563,-0.09538724721914178,-0.09007890938491879,-0.0900789093849179,-0.05601595096352795,0.09178801778391874
4.82685370741483,-0.5010339380473008,-0.4995531452027526,-0.16486492526706448,-0.10540321749846486,-0.10540321749846428,-0.098225288532043,-0.09549710442585436,-0.0901846095773355,-0.09018460957733514,-0.05643247292075969,0.091885883807928
4.836472945891783,-0.5010193121095062,-0.49956221073107887,-0.16477156597075518,-0.10533922914103433,-0.10533922914103366,-0.09824234795131512,-0.09560628676864161,-0.09028936151651121,-0.0902893615165106,-0.05684665057717128,0.0919825532031404
4.846092184368738,-0.5010048979184987,-0.4995711171323324,-0.1646771798339693,-0.10527575279925458,-0.10527575279925436,-0.09825873017917483,-0.0957147995585988,-0.0903931721102155,-0.09039317211021536,-0.05725849081677356,0.09207798001179525
4.855711422845691,-0.5009906923999813,-0.4995798669726619,-0.16458178986980138,-0.10521278850824432,-0.1052127885082438,-0.09827444276068785,-0.09582264807841089,-0.09049604822323574,-0.09049604822323477,-0.05766800051934458,0.09217211951628934
4.865330661322646,-0.5009766925227706,-0.4995884627785064,-0.1644854189330281,-0.10515033621403931,-0.10515033621403837,-0.09828949329638213,-0.09592983758294972,-0.09059799667786413,-0.09059799667786379,-0.05807518655882317,0.09226492825093477
4.874949899799599,nan,nan,nan,nan,nan,nan,nan,nan,nan,nan,nan
4.884569138276553,nan,nan,nan,nan,nan,nan,nan,nan,nan,nan,nan
4.894188376753507,nan,nan,nan,nan,nan,nan,nan,nan,nan,nan,nan
4.903807615230461,nan,nan,nan,nan,nan,nan,nan,nan,nan,nan,nan
4.913426853707414,nan,nan,nan,nan,nan,nan,nan,nan,nan,nan,nan
4.923046092184369,nan,nan,nan,nan,nan,nan,nan,nan,nan,nan,nan
4.932665330661322,nan,nan,nan,nan,nan,nan,nan,nan,nan,nan,nan
4.942284569138277,nan,nan,nan,nan,nan,nan,nan,nan,nan,nan,nan
4.95190380761523,nan,nan,nan,nan,nan,nan,nan,nan,nan,nan,nan
4.961523046092184,nan,nan,nan,nan,nan,nan,nan,nan,nan,nan,nan
4.971142284569138,nan,nan,nan,nan,nan,nan,nan,nan,nan,nan,nan
4.980761523046092,nan,nan,nan,nan,nan,nan,nan,nan,nan,nan,nan
4.990380761523046,nan,nan,nan,nan,nan,nan,nan,nan,nan,nan,nan
5.0,nan,nan,nan,nan,nan,nan,nan,nan,nan,nan,nan
