R_Ang,E_CCSD_Ha,status,omega_root1_Ha,omega_root2_Ha,omega_root3_Ha,omega_root4_Ha,omega_root5_Ha,omega_root6_Ha,omega_root7_Ha,omega_root8_Ha,omega_root9_Ha,omega_root10_Ha,omega_root1_eV,omega_root2_eV,omega_root3_eV,omega_root4_eV,omega_root5_eV,omega_root6_eV,omega_root7_eV,omega_root8_eV,omega_root9_eV,omega_root10_eV,E_total_root1_Ha,E_total_root2_Ha,E_total_root3_Ha,E_total_root4_Ha,E_total_root5_Ha,E_total_root6_Ha,E_total_root7_Ha,E_total_root8_Ha,E_total_root9_Ha,E_total_root10_Ha
0.2,0.021706560582366148,ok,0.7296061813,0.7826547293,1.1383767055,1.1383767055,1.1851767877,1.5265757585,1.5265757585,1.5638957781,1.9216134302,1.995532746,19.853595606814647,21.29712013623148,30.976808226795832,30.976808226795832,32.25030333988401,41.540242598305596,41.540242598305596,42.55577206634904,52.2897652646501,54.30121231792307,0.7513127418823662,0.8043612898823662,1.1600832660823661,1.1600832660823661,1.206883348282366,1.548282319082366,1.548282319082366,1.585602338682366,1.9433199907823662,2.017239306582366
0.2190954773869347,-0.17681693692565859,ok,0.7198618921,0.7756789632,1.1293562107,1.1293562107,1.1737097911,1.5154591357,1.5154591357,1.5518300408,1.891691408,1.964262948,19.588439989700834,21.10729987052271,30.7313480586631,30.7313480586631,31.938270466319988,41.23774388154384,41.23774388154384,42.22744662833612,51.47554556130487,53.45031776671104,0.5430449551743414,0.5988620262743414,0.9525392737743413,0.9525392737743413,0.9968928541743415,1.3386421987743415,1.3386421987743415,1.3750131038743416,1.7148744710743413,1.7874460110743415
0.23819095477386937,-0.338251778288827,ok,0.7100642704,0.7687390428,1.1202972041,1.1202972041,1.1621359608,1.5043115525,1.5043115525,1.5396638042,1.8612296042,1.9327101776,19.321833121330062,20.9184550160019,30.484839931065554,30.484839931065554,31.623330499681167,40.934402689379354,40.934402689379354,41.89638646505344,50.64663765235357,52.59172314422566,0.37181249211117295,0.43048726451117303,0.7820454258111731,0.7820454258111731,0.8238841825111729,1.166059774211173,1.166059774211173,1.201412025911173,1.522977825911173,1.594458399311173
0.25728643216080405,-0.47100547846035723,ok,0.7002638148,0.7618736822,1.111245594,1.111245594,1.1505547208,1.4932146443,1.4932146443,1.5274635522,1.8304102747,1.9010429391,19.055149138611807,20.73163903699731,30.238533072486362,30.238533072486362,31.30818890483368,40.63244043421288,40.63244043421288,41.56440069558305,49.80800097348669,51.73001368605834,0.22925833633964277,0.29086820373964273,0.6402401155396427,0.6402401155396427,0.6795492423396428,1.0222091658396428,1.0222091658396428,1.0564580737396427,1.3594047962396427,1.4300374606396429
0.27638190954773867,-0.5811763747468723,ok,0.6905026814,0.7551136844,1.1022394517,1.1022394517,1.1390709021,1.4822393608,1.4822393608,1.5152712708,1.7994037872,1.8694004699,18.789535167465793,20.547690125839484,29.993463455774734,29.993463455774734,30.995698278609083,40.33378775573516,40.33378775573516,41.23263181718788,48.964271465992795,50.86897823488036,0.1093263066531277,0.1739373096531277,0.5210630769531277,0.5210630769531277,0.5578945273531277,0.9010629860531276,0.9010629860531276,0.9340948960531277,1.2182274124531276,1.2882240951531276
0.2954773869346734,-0.6732937497533888,ok,0.6808159159,0.7484829239,1.0933098775,1.0933098775,1.1277979382,1.4714449271,1.4714449271,1.5031007032,1.76837225,1.8378974554,18.525944849970983,20.367257940769342,29.750477363206326,29.750477363206326,30.688945303789104,40.04005625101776,40.04005625101776,40.90145380139137,48.11986032143685,50.0117375394079,0.0075221661466111645,0.07518917414661119,0.42001612774661123,0.42001612774661123,0.4545041884466112,0.7981511773466112,0.7981511773466112,0.8298069534466113,1.0950785002466112,1.1646037056466112
0.314572864321608,-0.750790414447565,ok,0.6712326043,0.7419993721,1.0844817763,1.0844817763,1.1168599328,1.4608775899,1.4608775899,1.4909341448,1.7374735615,1.8066291945,18.265169656507723,20.19083150849367,29.510252491634457,29.510252491634457,30.391307014088998,39.752504356876955,39.752504356876955,40.5703848814846,47.27906417416889,49.16088481481768,-0.07955781014756502,-0.008791042347565003,0.3336913618524351,0.3336913618524351,0.36606951835243495,0.7100871754524349,0.7100871754524349,0.740143730352435,0.9866831470524351,1.055838780052435
0.3336683417085427,-0.8163141729530224,ok,0.6617768176,0.7356760812,1.0757745961,1.0757745961,1.1063911908,1.4505693198,1.4505693198,1.4787203993,1.7068657215,1.7756765349,18.00786459235435,20.01876599746803,29.273318048098837,29.273318048098837,30.1064380320174,39.47200203765789,39.47200203765789,40.2380319351739,46.446182417773485,48.31862003910149,-0.1545373553530225,-0.08063809175302239,0.2594604231469776,0.2594604231469776,0.2900770178469775,0.6342551468469776,0.6342551468469776,0.6624062263469775,0.8905515485469776,0.9593623619469777
0.3527638190954774,-0.8719386340336653,ok,0.6524682397,0.7295220746,1.0672030581,1.0672030581,1.0965312353,1.4405367225,1.4405367225,1.4663738109,1.676711499,1.7451101454,17.75456528371658,19.85130694691507,29.04007461685867,29.04007461685867,29.83813497453865,39.199001157477134,39.199001157477134,39.90206414940127,45.62564422237852,47.48686620827168,-0.21947039433366533,-0.14241655943366538,0.1952644240663347,0.1952644240663347,0.22459260126633473,0.5685980884663348,0.5685980884663348,0.5944351768663346,0.8047728649663347,0.8731715113663346
0.37185929648241206,-0.9193092899929006,ok,0.6433223967,0.7235431268,1.0587778891,1.0587778891,1.0874130276,1.4307804647,1.4307804647,1.4537737616,1.6471836197,1.7149938863,17.505694217298416,19.68861148898467,28.810814089011945,28.810814089011945,29.59001590294281,38.933519858165894,38.933519858165894,39.559199341180474,44.82214969372131,46.66736104961733,-0.2759868932929006,-0.19576616319290063,0.1394685991070993,0.1394685991070993,0.1681037376070994,0.5114711747070994,0.5114711747070994,0.5344644716070993,0.7278743297070994,0.7956845963070994
0.39095477386934674,-0.9597469715589387,ok,0.6343504706,0.7177424354,1.0505065452,1.0505065452,1.0791426911,1.4212854954,1.4212854954,1.4407642416,1.6184702066,1.6853870215,17.261555670820854,19.53076663480549,28.58573935537565,28.58573935537565,29.364968582057013,38.6751485811498,38.6751485811498,39.205192267585566,44.0408179194166,45.861717216011776,-0.3253965009589387,-0.2420045361589387,0.09075957364106124,0.09075957364106124,0.11939571954106121,0.4615385238410613,0.4615385238410613,0.4810172700410612,0.6587232350410613,0.7256400499410612
0.41005025125628136,-0.9943226369605864,ok,0.6255588068,0.7121211922,1.0423939077,1.0423939077,1.0717713874,1.4120222316,1.4120222316,1.4271544046,1.590779035,1.6563448606,17.022322311414182,19.377804814907655,28.364983242889462,28.364983242889462,29.16438518993984,38.42308233198952,38.42308233198952,38.83484973623363,43.28730275340506,45.07143975834375,-0.36876383016058645,-0.2822014447605864,0.04807127073941353,0.04807127073941353,0.07744875043941368,0.41769959463941353,0.41769959463941353,0.43283176763941356,0.5964563980394135,0.6620222236394135
0.4291457286432161,-1.023912471337585,ok,0.6169484181,0.7066790572,1.0344429238,1.0344429238,1.065264584,1.4029486982,1.4029486982,1.4127234057,1.5643370903,1.6279173627,16.788021698770393,19.229716777419846,28.14862594895093,28.14862594895093,28.987326049395726,38.176178910026245,38.176178910026245,38.4421622512503,42.567780783078305,44.29788813297984,-0.4069640532375849,-0.3172334141375849,0.010530452462415019,0.010530452462415019,0.04135211266241501,0.379036226862415,0.379036226862415,0.3888109343624151,0.5404246189624151,0.6040048913624152
0.4482412060301507,-1.0492391639343754,ok,0.6085149521,0.7014145387,1.0266551737,1.0266551737,1.0594796007,1.3940134325,1.3940134325,1.3972355475,1.5393794091,1.6001456111,16.558535398051983,19.0864619311172,27.9367104729926,27.9367104729926,28.829908634392837,37.933037943853016,37.933037943853016,38.02071615964701,41.88864768014087,43.5421802734646,-0.4407242118343755,-0.3478246252343754,-0.022583990234375406,-0.022583990234375406,0.010240436765624583,0.34477426856562454,0.34477426856562454,0.34799638356562457,0.4901402451656245,0.5509064471656246
0.4673366834170854,-1.0709032706515678,ok,0.6002495448,0.6963252883,1.0190313398,1.0190313398,1.0541652192,1.38047211,1.385158833,1.385158833,1.5161207727,1.5730570372,16.333622207531278,18.947976372780246,27.72925538406444,27.72925538406444,28.685296946737804,37.56455978702403,37.692092016804985,37.692092016804985,41.255747941505476,42.80506262621871,-0.47065372585156773,-0.3745779823515678,-0.05187193085156783,-0.05187193085156783,-0.016738051451567815,0.30956883934843216,0.3142555623484322,0.3142555623484322,0.44521750204843213,0.5021537665484321
0.4864321608040201,-1.0894073235431063,ok,0.5921406317,0.6914083215,1.0115715652,1.0115715652,1.0489924378,1.3622792845,1.3763246154,1.3763246154,1.4947105467,1.5466614779,16.112967441132025,18.81417889002675,27.526264576115828,27.526264576115828,28.54453839409634,37.06950778543767,37.451700709510284,37.451700709510284,40.67314601220558,42.086802866927535,-0.49726669184310635,-0.39799900204310634,-0.07783575834310641,-0.07783575834310641,-0.040414885743106366,0.2728719609568937,0.28691729185689363,0.28691729185689363,0.4053032231568936,0.45725415435689376
0.5055276381909548,-1.1051745456827595,ok,0.584176272,0.6866601811,1.0042756944,1.0042756944,1.043612205,1.3426160243,1.3674511091,1.3674511091,1.4751864572,1.5209506026,15.896246173133344,18.68497540765217,27.327733817776206,27.327733817776206,28.39813480128221,36.53444321728011,37.21024030222477,37.21024030222477,40.141868471719846,41.387174308416796,-0.5209982736827595,-0.4185143645827595,-0.10089885128275955,-0.10089885128275955,-0.06156234068275945,0.23744147861724052,0.26227656341724037,0.26227656341724037,0.37001191151724044,0.4157760569172404
0.5246231155778894,-1.118563500470608,ok,0.5763462332,0.6820770588,0.9971434144,0.9971434144,1.0377211889,1.3215742476,1.3584822176,1.3584822176,1.4574547189,1.4959020232,15.683179963025472,18.56026229653427,27.133654591881673,27.133654591881673,28.237832086803774,35.961867304194584,36.96618433141992,36.96618433141992,39.659363292025766,40.7055677394501,-0.542217267270608,-0.436486441670608,-0.12142008607060806,-0.12142008607060806,-0.08084231157060806,0.20301074712939204,0.23991871712939195,0.23991871712939195,0.33889121842939196,0.37733852272939195
0.543718592964824,-1.1298796457513591,ok,0.5686432177,0.6776548858,0.9901743183,0.9901743183,1.031111421,1.2993560003,1.3493679193,1.3493679193,1.4413122169,1.4714869215,15.47357023299614,18.439928838984688,26.944015826119163,26.944015826119163,28.057971139480543,35.3572779952054,36.71817164001747,36.71817164001747,39.220103435127136,40.04119897685632,-0.5612364280513591,-0.45222475995135913,-0.1397053274513591,-0.1397053274513591,-0.09876822475135905,0.16947635454864085,0.21948827354864098,0.21948827354864098,0.311432571148641,0.3416072757486408
0.5628140703517588,-1.1393845130376004,ok,0.5610630698,0.6733894001,0.9833679328,0.9833679328,1.0236885831,1.2762215566,1.3400662034,1.3400662034,1.4264973874,1.4476781009,15.267303900687525,18.32385906007525,26.75880464133957,26.75880464133957,27.855985430342283,34.72775771209863,36.465059055912114,36.465059055912114,38.81697138743417,39.393327963448286,-0.5783214432376004,-0.4659951129376003,-0.15601658023760034,-0.15601658023760034,-0.11569592993760036,0.13683704356239956,0.20068169036239958,0.20068169036239958,0.28711287436239963,0.3082935878623996
0.5819095477386935,-1.1473030532322726,ok,0.5536042275,0.6692761925,0.9767237249,0.9767237249,1.0154597387,1.2524374971,1.330544365,1.330544365,1.4127413399,1.4244554882,15.064338461914312,18.211932979361716,26.578006533874028,26.578006533874028,27.632067167015745,34.080560482546574,36.205956633437836,36.205956633437836,38.442650265693516,38.7614084796276,-0.5936988257322725,-0.4780268607322725,-0.17057932833227252,-0.17057932833227252,-0.1318433145322726,0.10513444386772752,0.1832413117677274,0.1832413117677274,0.2654382866677274,0.27715243496772746
0.601005025125628,-1.1538295591255474,ok,0.5462668439,0.6653107363,0.9702411057,0.9702411057,1.0065030133,1.2282433846,1.3207796429,1.3207796429,1.3998008847,1.4018078858,14.864678082739733,18.10402741906197,26.401605478937167,26.401605478937167,27.388342252657093,33.42220514243019,35.94024500879,35.94024500879,38.09052254104741,38.145135823175636,-0.6075627152255474,-0.48851882282554737,-0.18358845342554742,-0.18358845342554742,-0.1473265458255475,0.07441382547445263,0.16695008377445264,0.16695008377445264,0.24597132557445267,0.24797832667445263
0.6201005025125628,-1.159132477141575,ok,0.539051931,0.6614884021,0.9639194317,0.9639194317,0.9969337799,1.2038384414,1.310759257,1.310759257,1.3797316495,1.3874720616,14.668350301086672,18.00001640678452,26.22958396600195,26.22958396600195,27.127950146531685,32.75811280670359,35.66757641773125,35.66757641773125,37.544410830358636,37.75503817371485,-0.6200805461415749,-0.49764407504157493,-0.19521304544157492,-0.19521304544157492,-0.16219869724157499,0.0447059642584251,0.151626779858425,0.151626779858425,0.22059917235842508,0.22833958445842506
0.6391959798994975,-1.1633583467150677,ok,0.5319607046,0.6578044659,0.9577580049,0.9577580049,0.9868770775,1.1793811535,1.3004799521,1.3004799521,1.3582277856,1.3755910526,14.475388200558525,17.89977139594074,26.061923001520764,26.061923001520764,26.854293333164332,32.09259609912736,35.387862281757066,35.387862281757066,36.959260883994574,37.43173944882379,-0.6313976421150677,-0.5055538808150677,-0.2056003418150677,-0.2056003418150677,-0.17648126921506768,0.016022806784932397,0.13712160538493223,0.13712160538493223,0.19486943888493236,0.21223270588493226
0.6582914572864321,-1.1666350493877067,ok,0.5249941729,0.6542541119,0.9517560689,0.9517560689,0.9764497645,1.154994689,1.2899471797,1.2899471797,1.3372988393,1.3640293923,14.285819215674904,17.803161341936754,25.898602002801066,25.898602002801066,26.57055169161352,31.429006594443788,35.101250943739586,35.101250943739586,36.38975524250374,37.11713064475559,-0.6416408764877067,-0.5123809374877066,-0.2148789804877067,-0.2148789804877067,-0.1901852848877067,-0.01164036038770666,0.12331213031229327,0.12331213031229327,0.17066378991229336,0.1973943429122933
0.6773869346733667,-1.1690745070386053,ok,0.5181529283,0.6508324348,0.9459128021,0.9459128022,0.9657516693,1.1307737748,1.2791740362,1.2791740362,1.3169463866,1.3526876689,14.099659466461027,17.7100527647596,25.739598612967907,25.739598615689044,26.27944169102997,30.76992194291665,34.808098774877635,34.808098774877635,35.83593679103083,36.80850662862303,-0.6509215787386052,-0.5182420722386053,-0.22316170493860532,-0.2231617048386053,-0.20332283773860527,-0.038300732238605306,0.11009952916139465,0.11009952916139465,0.1478718795613947,0.18361316186139476
0.6964824120603015,-1.170774936386807,ok,0.5114370822,0.6475344418,0.9402273085,0.9402273085,0.954863255,1.106791059,1.2681800615,1.2681800615,1.2971694474,1.3414896074,13.916911984265312,17.620309803400037,25.584888450619214,25.584888450619214,25.983152843906332,30.117319000055094,34.50893748293732,34.50893748293732,35.29777885969621,36.5037918519402,-0.659337854186807,-0.523240494586807,-0.23054762788680694,-0.23054762788680694,-0.21591168138680694,-0.06398387738680689,0.0974051251131931,0.0974051251131931,0.126394511013193,0.17071467101319304
0.7155778894472362,-1.1718227429296812,ok,0.5048462874,0.6443550559,0.9346986051,0.9346986051,0.9438472083,1.0831023295,1.2569899749,1.2569899749,1.2779638264,1.3303771318,13.737567321294465,17.533794305650087,25.434444766962308,25.434444766962308,25.683390942248792,29.47271583195386,34.20443971433866,34.20443971433866,34.775167288571154,36.20140598623948,-0.6669764555296812,-0.5274676870296813,-0.23712413782968123,-0.23712413782968123,-0.22797553462968123,-0.08872041342968129,0.08516723197031872,0.08516723197031872,0.1061410834703187,0.1585543888703187
0.7346733668341707,-1.1722941193289098,ok,0.4983798042,0.6412891204,0.9293256105,0.9293256105,0.9327519134,1.0597505661,1.2456324116,1.2456324116,1.2593222348,1.3193064478,13.561605349286072,17.4503659505543,25.2882381356041,25.2882381356041,25.381472587211746,28.837281978551534,33.8953846725691,33.8953846725691,34.26790373930359,35.900157327908204,-0.6739143151289098,-0.5310049989289098,-0.24296850882890986,-0.24296850882890986,-0.23954220592890985,-0.11254355322890985,0.07333829227109012,0.07333829227109012,0.08702811547109013,0.14701232847109025
0.7537688442211055,-1.1722563999514697,ok,0.4920365848,0.6383314028,0.9216154239,0.9241071315,0.9241071315,1.0367690036,1.2341387086,1.2341387086,1.2412349693,1.308244998,13.388997556149627,17.369882354534145,25.078433270002858,25.146236087918524,25.146236087918524,28.21192180482772,33.58262508083943,33.58262508083943,33.77572417164936,35.599159944959794,-0.6802198151514697,-0.5339249971514697,-0.25064097605146973,-0.24814926845146967,-0.24814926845146967,-0.13548739635146978,0.06188230864853028,0.06188230864853028,0.0689785693485303,0.13598859804853025
0.7728643216080402,-1.1717692134531448,ok,0.4858153579,0.6354765971,0.9104690841,0.9190418518,0.9190418518,1.0141834242,1.22254178,1.22254178,1.2236908959,1.2971691137,13.219709348049797,17.292199133974197,24.77512591247603,25.00840280555786,25.00840280555786,27.597336880184894,33.267056577437685,33.267056577437685,33.29832561403399,35.297769779256626,-0.6859538555531448,-0.5362926163531447,-0.26130012935314473,-0.2527273616531448,-0.2527273616531448,-0.1575857892531447,0.05077256654685525,0.05077256654685525,0.05192168244685513,0.12539990024685532
0.7919597989949749,-1.1708854660588692,ok,0.4797147058,0.6327193236,0.899340351,0.9141283212,0.9141283212,0.9920138697,1.2066784812,1.2108751144,1.2108751144,1.2860622121,13.053702147404298,17.217169899779872,24.472297657663418,24.87469882656978,24.87469882656978,26.994072569783913,32.83539422665537,32.94959043359331,32.94959043359331,34.99553558982284,-0.6911707602588693,-0.5381661424588692,-0.27154511505886925,-0.25675714485886925,-0.25675714485886925,-0.17887159635886918,0.03579301514113076,0.039989648341130835,0.039989648341130835,0.11517674604113082
0.8110552763819094,-1.1696521853169117,ok,0.4737331286,0.6300541222,0.8882546619,0.9093649471,0.9093649471,0.9702759266,1.1901866586,1.1991719134,1.1991719134,1.2749134172,12.890935139854903,17.14464607506112,24.17064068976038,24.745080814100547,24.745080814100547,26.4025530038965,32.38662887198645,32.63113011086787,32.63113011086787,34.69216142562164,-0.6959190567169118,-0.5395980631169117,-0.2813975234169117,-0.2602872382169117,-0.2602872382169117,-0.19937625871691178,0.020534473283088328,0.029519728083088337,0.029519728083088337,0.10526123188308834
0.8301507537688442,-1.1681112450651543,ok,0.4678690941,0.6274754368,0.8772364041,0.9047499879,0.9047499879,0.9489816999,1.174205391,1.1874643851,1.1874643851,1.263716516,12.731366632115604,17.07447647063483,23.870818621006713,24.61950137679987,24.61950137679987,25.82310757635317,31.951756426622364,32.312552036310734,32.312552036310734,34.38747822231027,-0.7002421509651543,-0.5406358082651543,-0.29087484096515426,-0.26336125716515424,-0.26336125716515424,-0.21912954516515426,0.006094145934845807,0.019353140034845673,0.019353140034845673,0.09560527093484561
0.8492462311557789,-1.166299992667077,ok,0.4621210757,0.6249775874,0.8663091766,0.9002815492,0.9002815492,0.928140569,1.158725891,1.1757831938,1.1757831938,1.2524691767,12.57495508328416,17.00650652582712,23.573473612906426,24.49790896541765,24.49790896541765,25.255991513630075,31.53053777322759,31.994690628033165,31.994690628033165,34.08142252837829,-0.7041789169670769,-0.541322405267077,-0.299990816067077,-0.2660184434670769,-0.2660184434670769,-0.23815942366707699,-0.007574101667076949,0.009483201132923114,0.009483201132923114,0.08616918403292306
0.8683417085427134,-1.1642517860065245,ok,0.4564875791,0.6225547252,0.8554955904,0.8959575816,0.8959575816,0.907759784,1.1437405346,1.1641570561,1.1641570561,1.2411723747,12.421659831386098,16.94057708668212,23.279220942113945,24.38024781293891,24.38024781293891,24.70140210099864,31.122765452193402,31.67832730452942,31.67832730452942,33.774020885811844,-0.7077642069065244,-0.5416970608065245,-0.30875619560652445,-0.2682942044065244,-0.2682942044065244,-0.25649200200652444,-0.020511251406524433,-9.472990652437119e-05,-9.472990652437119e-05,0.07692058869347562
0.8874371859296482,-1.1619964752664584,ok,0.4509671598,0.6202007672,0.8448168504,0.8878449609,0.8917758819,0.8917758819,1.1292425697,1.1526124718,1.1526124718,1.2298299772,12.271441569573993,16.876522626337284,22.988637623353462,24.159492157604014,24.26645796723748,24.26645796723748,30.72825572951872,31.364183162092747,31.364183162092747,33.46537852648382,-0.7110293154664584,-0.5417957080664585,-0.31717962486645845,-0.27415151436645846,-0.27022059336645843,-0.27022059336645843,-0.03275390556645852,-0.009384003466458513,-0.009384003466458513,0.06783350193354165
0.9065326633165829,-1.1595608025553512,ok,0.4455584349,0.6179093029,0.834292309,0.868400511,0.8877340946,0.8877340946,1.1152257255,1.1411735694,1.1411735694,1.2184484439,12.1242626672218,16.81416870620109,22.702250262256168,23.63038172103435,24.15647533189305,24.15647533189305,30.34683796804269,31.05291477065619,31.05291477065619,33.155671227785945,-0.7140023676553512,-0.5416514996553512,-0.32526849355535126,-0.29116029155535117,-0.27182670795535124,-0.27182670795535124,-0.044335077055351224,-0.01838723315535118,-0.01838723315535118,0.058887641344648856
0.9256281407035176,-1.1569687652249872,ok,0.4402600896,0.6156734668,0.8239391146,0.8494300368,0.883829717,0.883829717,1.1016838194,1.1298620469,1.1298620469,1.2070366032,11.980087346798884,16.75332850650127,22.42052549055797,23.1141688203086,24.050231804969265,24.050231804969265,29.978343930648688,30.745112562878507,30.745112562878507,32.845139222720555,-0.7167086756249872,-0.5412952984249871,-0.33302965062498713,-0.3075387284249872,-0.27313904822498714,-0.27313904822498714,-0.05528494582498711,-0.027106718324987122,-0.027106718324987122,0.0500678379750128
0.9447236180904521,-1.1542419276724551,ok,0.4350708818,0.6134857644,0.8137720089,0.830936724,0.8800601052,0.8800601052,1.088610424,1.118697186,1.118697186,1.195605466,11.83888180904239,16.693798091503595,22.143864450351483,22.610940142739924,23.94765544228203,23.94765544228203,29.622598718872766,30.441301220545874,30.441301220545874,32.53408213314047,-0.7191710458724552,-0.5407561632724551,-0.34046991877245514,-0.3233052036724552,-0.27418182247245515,-0.27418182247245515,-0.06563150367245507,-0.03554474167245525,-0.03554474167245525,0.0413635383275448
0.9638190954773869,-1.151399695140551,ok,0.4299896437,0.6113378352,0.8038032803,0.8129237579,0.8764224821,0.8764224821,1.0759986285,1.107695924,1.107695924,1.1841680459,11.70061427649546,16.635349960413357,21.872601526035456,22.120782364756938,23.848670675090602,23.848670675090602,29.279414280266852,30.141941631070566,30.141941631070566,32.22285407714174,-0.721410051440551,-0.540061859940551,-0.3475964148405509,-0.3384759372405509,-0.274977213040551,-0.274977213040551,-0.0754010666405509,-0.04370377114055102,-0.04370377114055102,0.03276835075944895
0.9829145728643216,-1.1484595536249183,ok,0.4250152826,0.6092201276,0.7940428476,0.7953947986,0.8729139486,0.8729139486,1.0638408983,1.0968729644,1.0968729644,1.1727391569,11.565255015276342,16.577724200953693,21.607006621907786,21.643795082754433,23.753198614865116,23.753198614865116,28.94858558792014,29.847433897070243,29.847433897070243,31.911858164200225,-0.7234442710249183,-0.5392394260249183,-0.35441670602491826,-0.3530647550249183,-0.2755456050249182,-0.2755456050249182,-0.08461865532491819,-0.05158658922491832,-0.05158658922491832,0.02427960327508183
1.0020100502512561,-1.1454372803357158,ok,0.4201467812,0.6071214461,0.7783545605,0.7844984374,0.8695314967,0.8695314967,1.0521290218,1.0862409157,1.0862409157,1.1613351719,11.432776343241809,16.520616168049884,21.18010658209173,21.347289989465438,23.661157409755738,23.661157409755738,28.629889192813323,29.55812111330839,29.55812111330839,31.60153992362177,-0.7252904991357159,-0.5383158342357158,-0.36708271983571583,-0.36093884293571576,-0.27590578363571583,-0.27590578363571583,-0.0933082585357159,-0.05919636463571587,-0.05919636463571587,0.015897891564284228
1.0211055276381908,-1.1423471285480615,ok,0.415383196,0.605028314,0.7618095576,0.7751758163,0.8662720264,0.8662720264,1.0408541271,1.075810446,1.075810446,1.1499737316,11.303152586448938,16.463659142012908,20.729894117738844,21.09360854588834,23.572462704465114,23.572462704465114,28.323083678248786,29.274293573574614,29.274293573574614,31.292379383307736,-0.7269639325480615,-0.5373188145480615,-0.3805375709480615,-0.36717131224806154,-0.2760751021480615,-0.2760751021480615,-0.1014930014480615,-0.06653668254806155,-0.06653668254806155,0.007626603051938519
1.0402010050251256,-1.1392019901505395,ok,0.4107236564,0.6029240594,0.7457691099,0.7660790462,0.8631323652,0.8631323652,1.0300067451,1.0655904456,1.0655904456,1.1386734087,11.176360054664862,16.406399457332412,20.293411299815574,20.846072821106286,23.48702817087037,23.48702817087037,28.027911376889005,28.996193195256065,28.996193195256065,30.984881932171447,-0.7284783337505394,-0.5362779307505394,-0.39343288025053946,-0.37312294395053947,-0.27606962495053944,-0.27606962495053944,-0.10919524505053957,-0.07361154455053942,-0.07361154455053942,-0.0005285814505395781
1.0592964824120603,-1.1360135387444659,ok,0.4061673623,0.6007874913,0.7302467473,0.7572107388,0.8601092918,0.8601092918,1.0195769046,1.0555881928,1.0555881928,1.1274533347,11.052376976059444,16.348260477522455,19.871026295656694,20.60475388309673,23.404766152932996,23.404766152932996,27.74410095855946,28.724018030985246,28.724018030985246,30.679568164848884,-0.7298461764444659,-0.5352260474444659,-0.4057667914444658,-0.37880279994446586,-0.2759042469444659,-0.2759042469444659,-0.11643663414446581,-0.08042534594446593,-0.08042534594446593,-0.008560204044465891
1.0783919597989948,-1.132792355751779,ok,0.4017135813,0.5985909577,0.7152622193,0.7485722941,0.857199562,0.857199562,1.0095542399,1.0458095165,1.0458095165,1.1163328113,10.931183421013403,16.288489753330566,19.463276516534872,20.369689827800425,23.32558837147374,23.32558837147374,27.471370358193727,28.457926693211462,28.457926693211462,30.376963307353936,-0.7310787744517789,-0.5342013980517789,-0.41753013645177894,-0.3842200616517789,-0.2755927937517789,-0.2755927937517789,-0.12323811585177902,-0.08698283925177885,-0.08698283925177885,-0.016459544451778996
1.0974874371859296,-1.1295480416498715,ok,0.3973616457,0.5962974916,0.7008444086,0.7401641139,0.8543999382,0.8543999382,0.9999281033,1.0362589533,1.0362589533,1.1053309253,10.812761220484136,16.226081361441384,19.070947900755634,20.140891588752357,23.24940672690848,23.24940672690848,27.209429837114488,28.19804262910954,28.19804262910954,30.07758673797361,-0.7321863959498716,-0.5332505500498715,-0.4287036330498716,-0.3893839277498715,-0.2751481034498715,-0.2751481034498715,-0.1296199383498715,-0.0932890883498716,-0.0932890883498716,-0.024217116349871448
1.1165829145728643,-1.1262893142087345,ok,0.3931109486,0.5938566538,0.687035538,0.7319857874,0.8517072197,0.8517072197,0.9906876726,1.0269398981,1.0269398981,1.0944661881,10.697093859881335,16.159662781301776,18.695189389238163,19.918347987515055,23.176134123753258,23.176134123753258,26.9579849082575,27.944458218614656,27.944458218614656,29.781942177563252,-0.7331783656087345,-0.5324326604087345,-0.4392537762087345,-0.3943035268087345,-0.2745820945087345,-0.2745820945087345,-0.13560164160873445,-0.09934941610873449,-0.09934941610873449,-0.0318231261087345
1.1356783919597988,-1.12302409526463,ok,0.3889609392,0.5911986918,0.6738970551,0.724036248,0.8491182748,0.8491182748,0.9818220501,1.0178547433,1.0178547433,1.0837562192,10.584166351173455,16.087335950692616,18.337673056359957,19.702030000423957,23.10568534410978,23.10568534410978,26.71673903009888,27.697238562247268,27.697238562247268,29.49050907714284,-0.73406315606463,-0.53182540346463,-0.44912704016463,-0.39898784726463,-0.27390582046462997,-0.27390582046462997,-0.14120204516462997,-0.10516935196462995,-0.10516935196462995,-0.03926787606462989
1.1547738693467335,-1.1197595874647472,ok,0.384911118,0.5882270826,0.6615171254,0.7163139035,0.8466300722,0.8466300722,0.9733203496,1.0090050093,1.0090050093,1.0732174847,10.473965102273064,16.006474344979285,18.000798007595076,19.491894301509877,23.037977902102906,23.037977902102906,26.485395974045673,27.456425032199014,27.456425032199014,29.203735502119414,-0.7348484694647472,-0.5315325048647472,-0.4582424620647473,-0.4034456839647472,-0.27312951526474727,-0.27312951526474727,-0.14643923786474722,-0.11075457816474721,-0.11075457816474721,-0.04654210276474724
1.1738693467336683,-1.1165023422032363,ok,0.3809610315,0.5848112785,0.6500179172,0.7088167426,0.84423971,0.84423971,0.9651717704,1.0003914631,1.0003914631,1.0628650978,10.3664777728165,15.913525580273557,17.687888611741847,19.287886160511658,22.972932833010898,22.972932833010898,26.26366183807845,27.222038499603148,27.222038499603148,28.92203270361561,-0.7355413107032363,-0.5316910637032363,-0.4664844250032363,-0.40768559960323625,-0.2722626322032363,-0.2722626322032363,-0.15133057180323628,-0.11611087910323636,-0.11611087910323636,-0.05363724440323625
1.192964824120603,-1.1132583197758685,ok,0.3771102659,0.5807859938,0.6395563402,0.7015424215,0.8419444431,0.8419444431,0.9573656583,0.9920142246,0.9920142246,1.0527126817,10.261693102732137,15.803992003551791,17.4032145992527,19.089941799382217,22.910475438857368,22.910475438857368,26.051246706645866,26.99408222710489,26.99408222710489,28.645771387788525,-0.7361480538758685,-0.5324723259758686,-0.47370197957586857,-0.4117158982758685,-0.2713138766758685,-0.2713138766758685,-0.15589266147586855,-0.12124409517586854,-0.12124409517586854,-0.060545638075868435
1.2120603015075375,-1.1100329427555775,ok,0.3733584408,0.5759704855,0.6303047862,0.694488332,0.8397417048,0.8397417048,0.9498915541,0.9838728624,0.9838728624,1.0427722911,10.159600740808646,15.67295534722973,17.151466989983085,18.897990245383948,22.850535876177233,22.850535876177233,25.847865970416905,26.772544475712206,26.772544475712206,28.37527957973593,-0.7366745019555775,-0.5340624572555775,-0.47972815655557755,-0.41554461075557747,-0.2702912379555775,-0.2702912379555775,-0.16014138865557748,-0.12616008035557746,-0.12616008035557746,-0.0672606516555776
1.2311557788944723,-1.1068311433709195,ok,0.3697052023,0.5702212599,0.62239844,0.6876516568,0.837629124,0.837629124,0.942739231,0.9759664765,0.9759664765,1.0330543855,10.06019105693643,15.51651094881281,16.936324349740385,18.71195483587838,22.793049624052575,22.793049624052575,25.653241343986704,26.55740075517747,26.55740075517747,28.110841896952287,-0.7371259410709194,-0.5366098834709194,-0.4844327033709195,-0.4191794865709195,-0.2692020193709195,-0.2692020193709195,-0.16409191237091947,-0.13086466687091947,-0.13086466687091947,-0.07377675787091942
1.250251256281407,-1.103657405638258,ok,0.3661502162,0.5635037762,0.6158635901,0.6810294122,0.8356045353,0.8356045353,0.9358987215,0.9682937702,0.9682937702,1.0235678441,9.963454957070212,15.333718905250981,16.758502025051932,18.531754380252373,22.737957758947612,22.737957758947612,25.46710159786285,26.348615780496143,26.348615780496143,27.852699954778327,-0.737507189438258,-0.540153629438258,-0.48779381553825796,-0.42262799343825797,-0.268052870338258,-0.268052870338258,-0.167758684138258,-0.13536363543825802,-0.13536363543825802,-0.08008956153825797
1.2693467336683415,-1.1005158028863022,ok,0.3626931608,0.5559262588,0.6105838292,0.6746184818,0.8336659822,0.8336659822,0.9293603364,0.96085311,0.96085311,1.014320015,9.869383687307034,15.127524152493885,16.614832411915565,18.357304076941823,22.685207041785155,22.685207041785155,25.28918307548174,26.146145101868793,26.146145101868793,27.60105370520134,-0.7378226420863022,-0.5445895440863022,-0.48993197368630226,-0.4258973210863023,-0.26684982068630225,-0.26684982068630225,-0.1711554664863022,-0.1396626928863023,-0.1396626928863023,-0.08619578788630222
1.2884422110552762,-1.09741003113478,ok,0.3593337199,0.5476976187,0.6063421456,0.6684156439,0.8318117143,0.8318117143,0.9231146775,0.9536425768,0.9536425768,1.0053167883,9.777968643406565,14.90361144845356,16.499410321142694,18.18851625902367,22.63474984175472,22.63474984175472,25.119230038793148,25.949936497924075,25.949936497924075,27.35606342600745,-0.7380763112347801,-0.5497124124347801,-0.4910678855347801,-0.4289943872347801,-0.2655983168347801,-0.2655983168347801,-0.1742953536347801,-0.1437674543347801,-0.1437674543347801,-0.09209324283478004
1.307537688442211,-1.0943434394251932,ok,0.3560715739,0.5390492552,0.6028991222,0.6624175881,0.8300401727,0.8300401727,0.9171526382,0.9466600012,0.9466600012,0.9965626815,9.68920112860976,14.668277488859355,16.405720881551318,18.025300845924882,22.586543739026283,22.586543739026283,24.956994684587087,25.759930936280664,25.759930936280664,27.11785204463402,-0.7382718655251932,-0.5552941842251932,-0.4914443172251932,-0.43192585132519323,-0.2643032667251932,-0.2643032667251932,-0.17719080122519315,-0.14768343822519314,-0.14768343822519314,-0.09778075792519314
1.3266331658291455,-1.0913190560172723,ok,0.352906396,0.5301804818,0.6000475338,0.6566209369,0.8283499764,0.8283499764,0.9114654143,0.939903001,0.939903001,0.9880609448,9.603072250235595,14.426945870343811,16.32812520818434,17.867565931188413,22.54055115467544,22.54055115467544,24.802237438376775,25.576063593974244,25.576063593974244,26.886508003528625,-0.7384126600172722,-0.5611385742172723,-0.4912715222172723,-0.4346981191172723,-0.26296907961727234,-0.26296907961727234,-0.17985364171727225,-0.1514160550172723,-0.1514160550172723,-0.10325811121727235
1.3457286432160802,-1.0883396128439626,ok,0.3498378432,0.5212416887,0.5976291841,0.6510222544,0.8267398952,0.8267398952,0.9060444977,0.9333689996,0.9333689996,0.9798136604,9.519572674778587,14.183708918726738,16.262318560419768,17.71521801921226,22.49673861325484,22.49673861325484,24.654726782966883,25.398264358147017,25.398264358147017,26.662087962239713,-0.7385017696439626,-0.5670979241439627,-0.49071042874396265,-0.4373173584439627,-0.2615997176439626,-0.2615997176439626,-0.18229511514396268,-0.15497061324396266,-0.15497061324396266,-0.10852595244396268
1.364824120603015,-1.085407567031653,ok,0.3468655514,0.512339034,0.5955302268,0.6456180572,0.8252088214,0.8252088214,0.9008816754,0.9270552439,0.9270552439,0.9718218475,9.438692494573004,13.941455343070379,16.205203022615635,17.568162321853574,22.455075972711924,22.455075972711924,24.514239231242183,25.226458313131513,25.226458313131513,26.444619654612147,-0.7385420156316529,-0.573068533031653,-0.48987734023165297,-0.439789509831653,-0.260198745631653,-0.260198745631653,-0.184525891631653,-0.15835232313165293,-0.15835232313165293,-0.11358571953165297
1.3839195979899497,-1.0825251203729018,ok,0.3439891291,0.5035451986,0.5936704198,0.6404048229,0.8237557369,0.8237557369,0.8959690263,0.9209588149,0.9209588149,0.9640855651,9.36042105636113,13.702162891417336,16.154595095995642,17.42630298972544,22.41553552913437,22.41553552913437,24.380559239091077,25.060566028891266,25.060566028891266,26.234104686117707,-0.7385359912729018,-0.5789799217729018,-0.4888547005729018,-0.4421202974729018,-0.2587693834729018,-0.2587693834729018,-0.18655609407290186,-0.16156630547290185,-0.16156630547290185,-0.11843955527290184
1.4030150753768842,-1.0796942368933444,ok,0.3412081526,0.4949093136,0.5919932083,0.6353789967,0.8223796772,0.8223796772,0.891298919,0.9150766343,0.9150766343,0.9566040098,9.284746830678614,13.4671684891064,16.10895584605293,17.289543291792032,22.37809103714013,22.37809103714013,24.253479145540574,24.90050374061601,24.90050374061601,26.03052119512869,-0.7384860842933445,-0.5847849232933444,-0.4877010285933444,-0.44431524019334445,-0.2573145596933444,-0.2573145596933444,-0.1883953178933444,-0.16461760259334446,-0.16461760259334446,-0.12309022709334438
1.422110552763819,-1.0769166587247498,ok,0.3385221617,0.4864643824,0.5904583124,0.6305369981,0.8210796955,0.8210796955,0.886864009,0.9094054681,0.9094054681,0.9493756089,9.211657294845505,13.237370204402406,16.067189200870647,17.1577857976849,22.342716732988716,22.342716732988716,24.132799096564376,24.74618344668262,24.74618344668262,25.83382638629794,-0.7383944970247498,-0.5904522763247498,-0.4864583463247498,-0.4463796606247499,-0.2558369632247498,-0.2558369632247498,-0.1900526497247499,-0.16751119062474984,-0.16751119062474984,-0.1275410498247499
1.4412060301507537,-1.0741939204702384,ok,0.3359306562,0.4782324107,0.5890366079,0.6258752267,0.8198548258,0.8198548258,0.8826572373,0.9039419281,0.9039419281,0.942398107,9.141138837726404,13.013366842907663,16.028502650593484,17.030932535529,22.309386330481008,22.309386330481008,24.018327006986986,24.59751294947221,24.59751294947221,25.643958887064926,-0.7382632642702385,-0.5959615097702384,-0.4851573125702384,-0.4483186937702385,-0.2543390946702384,-0.2543390946702384,-0.19153668317023842,-0.17025199237023847,-0.17025199237023847,-0.1317958134702384
1.4603015075376882,-1.0715273622256267,ok,0.3334330922,0.4702278532,0.587706689,0.6213900684,0.8187040468,0.8187040468,0.8786718307,0.8986824724,0.8986824724,0.9356686469,9.073176659048329,12.795551737046944,15.992313713729747,16.908885160653302,22.278072038628235,22.278072038628235,23.909878568647077,24.454395868975848,24.454395868975848,25.46084094905686,-0.7380942700256268,-0.6012995090256268,-0.4838206732256267,-0.4501372938256267,-0.25282331542562675,-0.25282331542562675,-0.19285553152562673,-0.17284488982562674,-0.17284488982562674,-0.13585871532562677
1.479396984924623,-1.0689181414033615,ok,0.3310288803,0.4624599166,0.586452575,0.6170779015,0.8176262582,0.8176262582,0.8749013018,0.8936234062,0.8936234062,0.9291838437,9.007754720420227,12.584175413889998,15.958187533279247,16.791545121580235,22.248743916742114,22.248743916742114,23.807277250397515,24.316731664563626,24.316731664563626,25.28438046445244,-0.7378892611033615,-0.6064582248033614,-0.48246556640336147,-0.45184023990336153,-0.2512918832033615,-0.2512918832033615,-0.19401683960336147,-0.17529473520336147,-0.17529473520336147,-0.13973429770336154
1.4984924623115576,-1.0663672434913825,ok,0.3287173832,0.4549341072,0.5852621692,0.6129351031,0.8166202351,0.8166202351,0.8713394512,0.888760882,0.888760882,0.9229398521,8.944855680025647,12.37938770749291,15.92579494126598,16.678813834178577,22.221368633595628,22.221368633595628,23.710354357970413,24.184415640426963,24.184415640426963,25.114472797308135,-0.7376498602913825,-0.6114331362913825,-0.4811050742913825,-0.45343214039138247,-0.24974700839138242,-0.24974700839138242,-0.19502779229138245,-0.17760636149138243,-0.17760636149138243,-0.1434273913913825
1.5175879396984924,-1.0638754918664568,ok,0.3264979148,0.4476532846,0.5841262132,0.6089580568,0.8156846216,0.8156846216,0.8679803694,0.884090903,0.884090903,0.9169324286,8.884460868132482,12.181266431535791,15.894884003791534,16.5705928911911,22.195909293270166,22.195909293270166,23.618949085678743,24.05733903809731,24.05733903809731,24.951002476106414,-0.7373775770664568,-0.6162222072664568,-0.4797492786664568,-0.45491743506645677,-0.2481908702664568,-0.2481908702664568,-0.1958951224664568,-0.17978458886645676,-0.17978458886645676,-0.14694306326645679
1.5366834170854269,-1.0614435567732223,ok,0.3243697389,0.4406183859,0.5830375654,0.6051431587,0.8148179017,0.8148179017,0.8648184388,0.879609326,0.879609326,0.9111569863,8.826550251718178,11.989837085808693,15.865260388019887,16.466784225502913,22.172324643304183,22.172324643304183,23.532908570839133,23.935389115359172,23.935389115359172,24.793844684939696,-0.7370738178732223,-0.6208251708732223,-0.4784059913732224,-0.4563003980732223,-0.24662565507322232,-0.24662565507322232,-0.19662511797322235,-0.18183423077322236,-0.18183423077322236,-0.15028657047322236
1.5557788944723616,-1.0590719635705503,ok,0.3223320688,0.433828933,0.5819906946,0.601486826,0.8140183883,0.8140183883,0.8618483355,0.8753118674,0.8753118674,0.905608644,8.771102423585177,11.80508666054785,15.83677358233144,16.36729034415938,22.150568775367937,22.150568775367937,23.45208794275235,23.81844930951843,23.81844930951843,24.642866599589443,-0.7367398947705504,-0.6252430305705503,-0.47708126897055037,-0.4575851375705503,-0.24505357527055038,-0.24505357527055038,-0.19722362807055038,-0.18376009617055034,-0.18376009617055034,-0.15346331957055037
1.5748743718592964,-1.0567611003402344,ok,0.320384067,0.427283393,0.5809813189,0.5979855038,0.8132842136,0.8132842136,0.8590650301,0.8711941105,0.8711941105,0.90028227,8.718094594197497,11.626973443419285,15.809307070291428,16.272014513403526,22.130590864034207,22.130590864034207,23.376350344472407,23.706399436045448,23.706399436045448,24.497928579384855,-0.7363770333402344,-0.6294777073402344,-0.47577978144023436,-0.45877559654023436,-0.24347688674023438,-0.24347688674023438,-0.1976960702402344,-0.18556698984023445,-0.18556698984023445,-0.15647883034023435
1.5939698492462309,-1.0545112249465753,ok,0.3185248452,0.4209794371,0.5800061413,0.5946356729,0.8126133256,0.8126133256,0.8564637867,0.8672515154,0.8672515154,0.8951725195,8.667502591680737,11.45543406454671,15.782771135959393,16.18086097092488,22.112335071538407,22.112335071538407,23.305566905595178,23.59911595796781,23.59911595796781,24.358885184908722,-0.7359863797465753,-0.6335317878465754,-0.4745050836465753,-0.4598755520465754,-0.24189789934657535,-0.24189789934657535,-0.19804743824657534,-0.18725970954657534,-0.18725970954657534,-0.15933870544657536
1.6130653266331656,-1.052322471628491,ok,0.3167534642,0.4149141291,0.5790626522,0.5914338564,0.8120034897,0.8120034897,0.8540401599,0.86347943,0.86347943,0.8902738663,8.619300859100932,11.290388625857828,15.757097489640412,16.093735105454602,22.09574059131684,22.09574059131684,23.239616660624254,23.49647228519556,23.49647228519556,24.22558604059838,-0.7355690074284909,-0.6374083425284909,-0.47325981942849094,-0.4608886152284909,-0.24031898192849088,-0.24031898192849088,-0.19828231172849087,-0.18884304162849086,-0.18884304162849086,-0.16204860532849086
1.6321608040201003,-1.0501948571996482,ok,0.3150689344,0.4090840662,0.5781489778,0.5883766265,0.8114522948,0.8114522948,0.8517899898,0.8598731033,0.8598731033,0.8855806295,8.573462468070256,11.131744532447524,15.73223514263894,16.01054364180292,22.08074181399612,22.08074181399612,23.178386412913976,23.39833913643264,23.39833913643264,24.097876561289695,-0.7351259227996483,-0.6411107909996483,-0.47204587939964826,-0.4618182306996482,-0.2387425623996482,-0.2387425623996482,-0.19840486739964824,-0.19032175389964823,-0.19032175389964823,-0.16461422769964817
1.651256281407035,-1.0481282869262138,ok,0.3134702158,0.4034854825,0.5772637605,0.5854606091,0.8109571635,0.8109571635,0.8497093931,0.8564276999,0.8564276999,0.8810869934,8.52995911874701,10.979399308956332,15.70814715277701,15.931194766031496,22.06726860494934,22.06726860494934,23.12177049248815,23.304584933741996,23.304584933741996,23.975598493723677,-0.7346580711262138,-0.6446428044262138,-0.4708645264262139,-0.4626676778262139,-0.23717112342621383,-0.23717112342621383,-0.1984188938262138,-0.19170058702621384,-0.19170058702621384,-0.16704129352621389
1.6703517587939696,-1.0461225601440516,ok,0.3119562185,0.3981143291,0.5764060614,0.5826824888,0.8105153659,0.8105153659,0.8477947514,0.8531383154,0.8531383154,0.8767870234,8.488761153441327,10.833242779202479,15.684807971284073,15.855598261510375,22.055246679813187,22.055246679813187,23.069670437666776,23.21507622160093,23.21507622160093,23.858590349207518,-0.7341663416440516,-0.6480082310440516,-0.46971649874405164,-0.46344007134405163,-0.23560719424405163,-0.23560719424405163,-0.19832780874405154,-0.19298424474405163,-0.19298424474405163,-0.16933553674405155
1.6894472361809043,-1.044177375671533,ok,0.3105258031,0.3929663342,0.575575278,0.5800390109,0.8101240372,0.8101240372,0.846042696,0.849999993,0.849999993,0.8726746747,8.449837567499717,10.693158701586203,15.662201203299919,15.783665563340742,22.04459808340835,22.04459808340835,23.021994581453008,23.129678118610094,23.129678118610094,23.74668764035363,-0.7336515725715329,-0.6512110414715329,-0.46860209767153294,-0.4641383647715329,-0.23405333847153287,-0.23405333847153287,-0.19813467967153287,-0.19417738267153295,-0.19417738267153295,-0.17150270097153286
1.708542713567839,-1.0422923370661574,ok,0.3091777807,0.3880370506,0.5747710741,0.5775269824,0.8097801975,0.8097801975,0.8444500881,0.8470077411,0.8470077411,0.8687437972,8.413156009305075,10.55902606163059,15.640317700356487,15.715309785566314,22.035241728524944,22.035241728524944,22.978657512747695,23.048254796413904,23.048254796413904,23.639723014415466,-0.7331145563661574,-0.6542552864661575,-0.4675212629661575,-0.4647653546661574,-0.23251213956615746,-0.23251213956615746,-0.19784224896615743,-0.19528459596615744,-0.19528459596615744,-0.17354853986615748
1.7276381909547738,-1.0404669577664163,ok,0.3079109138,0.3833218926,0.5739933172,0.5751432715,0.8094807733,0.8094807733,0.8430139957,0.8441565498,0.8441565498,0.8649881343,8.378682804766918,10.430720076081728,15.619153856945108,15.650445707567641,22.02709398096735,22.02709398096735,22.939579447766366,22.9706699286884,22.9706699286884,23.53752622063384,-0.7325560439664163,-0.6571450651664164,-0.46647364056641627,-0.4653236862664163,-0.23098618446641628,-0.23098618446641628,-0.19745296206641627,-0.1963104079664163,-0.1963104079664163,-0.1754788234664163
1.7467336683417083,-1.0387006661628526,ok,0.3067239165,0.3788161657,0.572884804,0.5732420224,0.8092226209,0.8092226209,0.8414414089,0.8414414089,0.841731665,0.8614013184,8.346382962763672,10.308113001086891,15.58898967610113,15.598710083957704,22.02006929630062,22.02006929630062,22.896787180946223,22.896787180946223,22.904685451793576,23.43992398778569,-0.7319767496628526,-0.6598845004628526,-0.46581586216285265,-0.4654586437628526,-0.22947804526285265,-0.22947804526285265,-0.19725925726285265,-0.19725925726285265,-0.19696900116285265,-0.1772993477628526
1.765829145728643,-1.0369928105656105,ok,0.3056154555,0.3745150899,0.5707485592,0.5725173012,0.8090025507,0.8090025507,0.8388573247,0.8388573247,0.8406004886,0.8579768611,8.316220202354058,10.191074766219819,15.530859493732347,15.578989415463848,22.01408088108719,22.01408088108719,22.826470667687868,22.826470667687868,22.873904573860834,23.3467397575125,-0.7313773550656105,-0.6624777206656105,-0.46624425136561054,-0.46447550936561055,-0.2279902598656105,-0.2279902598656105,-0.19813548586561058,-0.19813548586561058,-0.19639232196561052,-0.1790159494656105
1.7849246231155778,-1.0353426642386263,ok,0.3045841502,0.3704138198,0.5687315622,0.5718193148,0.8088173519,0.8088173519,0.8363993366,0.8363993366,0.8396179676,0.8547081422,8.288156955498224,10.079473521429597,15.475974209308347,15.559996237939004,22.009041365008095,22.009041365008095,22.759585404110727,22.759585404110727,22.847168815435037,23.257793384995036,-0.7307585140386264,-0.6649288444386263,-0.4666111020386263,-0.4635233494386263,-0.22652531233862627,-0.22652531233862627,-0.19894332763862632,-0.19894332763862632,-0.19572469663862635,-0.1806345220386263
1.8040201005025123,-1.0337494303137422,ok,0.3036285744,0.36650746,0.5668308752,0.5711482307,0.8086638166,0.8086638166,0.8340625325,0.8340625325,0.838781669,0.8515883968,8.262154413317104,9.973176056095998,15.42425388121862,15.54173510929036,22.0048634566574,22.0048634566574,22.695997725164418,22.695997725164418,22.824411971213458,23.17290078792649,-0.7301208559137422,-0.6672419703137422,-0.46691855511374225,-0.46260119961374224,-0.22508561371374225,-0.22508561371374225,-0.19968689781374227,-0.19968689781374227,-0.19496776131374227,-0.18216103351374224
1.823115577889447,-1.0322122467415222,ok,0.3027472568,0.36279108,0.5650435869,0.5705041839,0.8085387644,0.8085387644,0.8318420639,0.8318420639,0.838089177,0.8486107044,8.238172539698116,9.872048204479132,15.375619288954384,15.52420970305507,22.001460612942292,22.001460612942292,22.635575696442732,22.635575696442732,22.8055683039292,23.091873649908347,-0.7294649899415222,-0.6694211667415222,-0.4671686598415222,-0.4617080628415222,-0.22367348234152218,-0.22367348234152218,-0.2003701828415222,-0.2003701828415222,-0.19412306974152227,-0.18360154234152226
1.8422110552763817,-1.0307301912476685,ok,0.3019386827,0.3592597246,0.5633668002,0.5698872411,0.8084390647,0.8084390647,0.8297331594,0.8297331594,0.8375380373,0.8457679806,8.216170117554515,9.775955128717877,15.329991598408547,15.507421834232586,21.998747645896984,21.998747645896984,22.57818948153733,22.57818948153733,22.790571028677004,23.014519194595884,-0.7287915085476685,-0.6714704666476685,-0.46736339104766855,-0.4608429501476685,-0.22229112654766847,-0.22229112654766847,-0.20099703184766848,-0.20099703184766848,-0.19319215394766853,-0.1849622106476685
1.8613065326633165,-1.0293022861308991,ok,0.3012012958,0.355908426,0.5617976191,0.56929737,0.8083616593,0.8083616593,0.8277311376,0.8277311376,0.8371256944,0.8430529785,8.196104797805882,9.684761648087637,15.287292005406545,15.491370623895142,21.99664133766006,21.99664133766006,22.52371169306464,22.52371169306464,22.779350606759312,22.940640223794116,-0.7281009903308991,-0.6733938601308991,-0.4675046670308991,-0.4600049161308991,-0.2209406268308991,-0.2209406268308991,-0.20157114853089908,-0.20157114853089908,-0.19217659173089918,-0.18624930763089909
1.880402010050251,-1.0279275033419648,ok,0.3005334998,0.3527322115,0.5603331335,0.5687344111,0.808303582,0.808303582,0.8258314177,0.8258314177,0.8368494154,0.8404582989,8.177933142916357,9.59833244852803,15.247441322093257,15.476051731826624,21.995060973817633,21.995060973817633,22.47201768110655,22.47201768110655,22.771832672178657,22.870035395013932,-0.7273940035419648,-0.6751952918419648,-0.4675943698419648,-0.4591930922419648,-0.21962392134196485,-0.21962392134196485,-0.2020960856419648,-0.2020960856419648,-0.1910780879419648,-0.1874692044419648
1.8994974874371857,-1.026604769230806,ok,0.2999336603,0.3497261122,0.5589704044,0.5681980556,0.8082619769,0.8082619769,0.8240295292,0.8240295292,0.836706203,0.837976418,8.161610678596258,9.516532319381936,15.21035957420451,15.461456755150966,21.99392884137173,21.99392884137173,22.422985797160848,22.422985797160848,22.76793566424704,22.80249997522749,-0.726671108930806,-0.6768786570308061,-0.467634364830806,-0.458406713630806,-0.218342792330806,-0.218342792330806,-0.20257524003080596,-0.20257524003080596,-0.18989856623080603,-0.188628351230806
1.9185929648241205,-1.0253329693979316,ok,0.2994001086,0.346885172,0.5577064503,0.5676878281,0.8082341156,0.8082341156,0.8223211231,0.8223211231,0.8355997356,0.8366926892,8.147091997205353,9.439226398297983,15.17596563099221,15.447572757575138,21.993170696776115,21.993170696776115,22.376497698908747,22.376497698908747,22.737827152457047,22.76756793501559,-0.7259328607979316,-0.6784477973979316,-0.4676265190979316,-0.45764514129793166,-0.2170988537979316,-0.2170988537979316,-0.20301184629793156,-0.20301184629793156,-0.1897332337979316,-0.18864028019793166
1.937688442211055,-1.024110953408542,ok,0.2989311437,0.3442044533,0.5565382316,0.5672030729,0.8082174107,0.8082174107,0.8207019697,0.8207019697,0.8333206446,0.8368050006,8.134330812175643,9.366280326335438,15.144176780726724,15.43438189659319,21.992716133290013,21.992716133290013,22.332438290349838,22.332438290349838,22.675809926966295,22.770624083900817,-0.725179809708542,-0.679906500108542,-0.4675727218085419,-0.4569078805085419,-0.215893542708542,-0.215893542708542,-0.203408983708542,-0.203408983708542,-0.19079030880854198,-0.187305952808542
1.9567839195979897,-1.0229375394963958,ok,0.2985250353,0.3416790447,0.5554626374,0.5667429475,0.8082094284,0.8082094284,0.8191679813,0.8191679813,0.8311316272,0.8370385876,8.123280039645502,9.297560457491898,15.11490837150658,15.421861246612199,21.99249892384158,21.99249892384158,22.290696339500574,22.290696339500574,22.616243728995705,22.776980309979862,-0.7244125041963958,-0.6812584947963958,-0.46747490209639575,-0.4561945919963958,-0.21472811109639578,-0.21472811109639578,-0.20376955819639575,-0.20376955819639575,-0.19180591229639576,-0.18589895189639571
1.9758793969849244,-1.0218115192713282,ok,0.2981800279,0.3393040668,0.5544764733,0.5663064192,0.8082078971,0.8082078971,0.8177151998,0.8177151998,0.8290253721,0.8373879931,8.113891910026377,9.232934016529313,15.088073479279553,15.409982706433595,21.992457255045824,21.992457255045824,22.251164140973046,22.251164140973046,22.558929607937024,22.786488117996832,-0.7236314913713282,-0.6825074524713282,-0.46733504597132813,-0.45550510007132816,-0.21360362217132822,-0.21360362217132822,-0.20409631947132822,-0.20409631947132822,-0.19278614717132814,-0.18442352617132818
1.9949748743718592,-1.0207316619467874,ok,0.2978943443,0.3370746793,0.5535764523,0.5658922696,0.8082107163,0.8082107163,0.8163398084,0.8163398084,0.8269949115,0.8378465361,8.106118063242633,9.172269292174835,15.063582660219051,15.398713121704374,21.992533969385928,21.992533969385928,22.213737834348237,22.213737834348237,22.503677960293164,22.798965708680228,-0.7228373176467875,-0.6836569826467874,-0.4671552096467875,-0.4548393923467874,-0.21252094564678747,-0.21252094564678747,-0.20439185354678746,-0.20439185354678746,-0.1937367504467874,-0.1828851258467874
2.014070351758794,-1.01969671884822,ok,0.2976661898,0.3349860862,0.5527591858,0.5654991018,0.8082159604,0.8082159604,0.8150381323,0.8150381323,0.8250337652,0.8384058537,8.099909663019373,9.11543577862003,15.041343705821646,15.388014480839086,21.99267666861654,21.99267666861654,22.178317423223966,22.178317423223966,22.45031245083897,22.814185515928006,-0.7220305290482201,-0.68471063264822,-0.46693753304821994,-0.45419761704822004,-0.21148075844822,-0.21148075844822,-0.20465858654822,-0.20465858654822,-0.19466295364821995,-0.18129086514822002
2.0331658291457284,-1.0187054275675305,ok,0.297493756,0.3330335419,0.5520211798,0.5651253538,0.8082218822,0.8082218822,0.8138066387,0.8138066387,0.8231360805,0.8390552215,8.09521750028571,9.062304341510329,15.021261539503788,15.37784427965242,21.992837809003614,21.992837809003614,22.144806775214906,22.144806775214906,22.39867381949417,22.831855713949516,-0.7212116715675305,-0.6856718856675305,-0.4666842477675305,-0.4535800737675305,-0.21048354536753044,-0.21048354536753044,-0.20489878886753043,-0.20489878886753043,-0.19556934706753049,-0.17965020606753046
2.0522613065326634,-1.017756515989686,ok,0.2973752258,0.3312123565,0.5513588321,0.5647693166,0.8082269137,0.8082269137,0.8126419378,0.8126419378,0.8212967526,0.8397805073,8.091992129231695,9.012747362165374,15.003238140409946,15.368156013885281,21.99297472309351,21.99297472309351,22.113113649163957,22.113113649163957,22.34862315757425,22.851591745992042,-0.720381290189686,-0.686544159489686,-0.46639768388968594,-0.452987199389686,-0.20952960228968598,-0.20952960228968598,-0.20511457818968593,-0.20511457818968593,-0.19645976338968596,-0.177976008689686
2.071356783919598,-1.0168487061752176,ok,0.2973087774,0.3295179015,0.5507684341,0.5644291552,0.8082296645,0.8082296645,0.8115407807,0.8115407807,0.819511511,0.8405625096,8.090183976153869,8.966638892683928,14.987172592393087,15.358899750643907,21.993049576174794,21.993049576174794,22.083149637998343,22.083149637998343,22.300044258854243,22.872871112622594,-0.7195399287752176,-0.6873308046752176,-0.4660802720752176,-0.4524195509752176,-0.2086190416752176,-0.2086190416752176,-0.2053079254752176,-0.2053079254752176,-0.19733719517521764,-0.1762861965752176
2.0904522613065324,-1.0159807180019258,ok,0.2972925892,0.3279456144,0.5502461753,0.564102934,0.8082289189,0.8082289189,0.8105000588,0.8105000588,0.8177769604,0.8413742527,8.08974347279104,8.923854781116242,14.972961206465921,15.350022819569077,21.99302928736521,21.99302928736521,22.054830152402783,22.054830152402783,22.252844732514433,22.894959767649212,-0.7186881288019258,-0.6880351036019259,-0.4657345427019258,-0.4518777840019258,-0.20775179910192576,-0.20775179910192576,-0.20548065920192582,-0.20548065920192582,-0.19820375760192577,-0.1746064653019258
2.1095477386934673,-1.0151512726660992,ok,0.297324844,0.326491004,0.5497881513,0.5637886441,0.8082236316,0.8082236316,0.8095168002,0.8095168002,0.8160905711,0.8421765158,8.090621170612128,8.884272815684412,14.96049773849199,15.341470555706962,21.99288541260271,21.99288541260271,22.028074322858497,22.028074322858497,22.20695574191103,22.916790458734212,-0.7178264286660991,-0.6886602686660992,-0.46536312136609914,-0.4513626285660992,-0.20692764106609918,-0.20692764106609918,-0.20563447246609912,-0.20563447246609912,-0.19906070156609912,-0.1729747568660992
2.128643216080402,-1.0143590959563802,ok,0.2974037341,0.3251496547,0.5493903754,0.5634842326,0.8082129209,0.8082129209,0.8085881675,0.8085881675,0.8144506198,0.8429105244,8.092767879594211,8.847772841791327,14.949673704837744,15.333187096802742,21.992593959608044,21.992593959608044,22.002804939778137,22.002804939778137,22.16233039366212,22.936763850256693,-0.7169553618563802,-0.6892094412563802,-0.46496872055638017,-0.45087486335638016,-0.20614617505638022,-0.20614617505638022,-0.20577092845638023,-0.20577092845638023,-0.1999084761563802,-0.17144857155638016
2.1477386934673364,-1.0136029213257964,ok,0.2975274652,0.3239172314,0.5490487929,0.5631876329,0.8077114537,0.8077114537,0.8081960621,0.8081960621,0.8128560894,0.8434868285,8.096134774346954,8.814236895356473,14.940378771495373,15.325116207805596,21.97894834193915,21.97894834193915,21.9921352082896,21.9921352082896,22.118941011066752,22.952445883716937,-0.7160754561257965,-0.6896856899257964,-0.46455412842579646,-0.4504152884257965,-0.20589146762579646,-0.20589146762579646,-0.2054068592257965,-0.2054068592257965,-0.20074683192579645,-0.17011609282579643
2.1668341708542713,-1.012881492753518,ok,0.2976942606,0.3227894826,0.548759298,0.562896794,0.8068840784,0.8068840784,0.808172478,0.808172478,0.8113065401,0.8437722499,8.100673508400407,8.783549287171223,14.93250121395523,15.31720207816234,21.95643431308046,21.95643431308046,21.99149345223524,21.99149345223524,22.07677562655725,22.96021259567521,-0.715187232153518,-0.690092010153518,-0.4641221947535179,-0.4499846987535179,-0.20599741435351793,-0.20599741435351793,-0.20470901475351788,-0.20470901475351788,-0.20157495265351788,-0.16910924285351792
2.185929648241206,-1.0121935673956173,ok,0.2979023662,0.3217622456,0.5485177544,0.5626097111,0.8061035835,0.8061035835,0.808141731,0.808141731,0.8098019678,0.8435883226,8.10633635026196,8.755596744398053,14.925928477760381,15.309390154485822,21.935195964893538,21.935195964893538,21.99065678374233,21.99065678374233,22.035834128566936,22.955207678873727,-0.7142912011956173,-0.6904313217956173,-0.46367581299561733,-0.44958385629561726,-0.20608998389561728,-0.20608998389561728,-0.2040518363956173,-0.2040518363956173,-0.20239159959561726,-0.16860524479561723
2.205025125628141,-1.0115379180244841,ok,0.2981500532,0.3208314487,0.5483200157,0.5623244516,0.8053676287,0.8053676287,0.8081035119,0.8081035119,0.8083426619,0.8427549562,8.11307625688707,8.730268470435584,14.920547733618903,15.301627848050984,21.91516961457115,21.91516961457115,21.98961678905026,21.98961678905026,21.99612439207099,22.932530623878897,-0.7133878648244841,-0.6907064693244841,-0.4632179023244841,-0.4492134664244841,-0.2061702893244841,-0.2061702893244841,-0.20343440612448416,-0.20343440612448416,-0.20319525612448408,-0.16878296182448416
2.2241206030150753,-1.01091333525844,ok,0.2984356221,0.3199931149,0.5481619491,0.562039181,0.8046739867,0.8046739867,0.8069290765,0.8080576302,0.8080576302,0.8411932837,8.120846982524812,8.707456245600717,14.916246522313715,15.293865239569762,21.89629465419271,21.89629465419271,21.9576587737599,21.988368284389935,21.988368284389935,22.89003535029166,-0.7124777131584401,-0.6909202203584401,-0.46275138615844,-0.44887415425844,-0.20623934855844006,-0.20623934855844006,-0.20398425875844006,-0.20285570505844008,-0.20285570505844008,-0.16972005155844005
2.24321608040201,-1.0103186295851996,ok,0.2987574062,0.3192433649,0.5480394591,0.5617521845,0.8040205383,0.8040205383,0.8055617215,0.8080040034,0.8080040034,0.8389930447,8.12960317395773,8.687054508762788,14.91291339961244,15.286055666957012,21.878513417388486,21.878513417388486,21.920451148719515,21.986909024822,21.986909024822,22.830163797029176,-0.7115612233851996,-0.6910752646851996,-0.4622791704851996,-0.4485664450851996,-0.2062980912851996,-0.2062980912851996,-0.20475690808519953,-0.20231462618519958,-0.20231462618519958,-0.17132558488519956
2.2623115577889448,-1.0097526331830324,ok,0.299113774,0.318578419,0.5479485112,0.561461886,0.8034052679,0.8034052679,0.8042410766,0.8079426463,0.8079426463,0.8363481603,8.139300435809163,8.668960409045201,14.910438581177281,15.278156242346883,21.861771056888365,21.861771056888365,21.88451457025182,21.985239413074968,21.985239413074968,22.758192826044787,-0.7106388591830324,-0.6911742141830324,-0.46180412198303245,-0.4482907471830324,-0.20634736528303244,-0.20634736528303244,-0.20551155658303244,-0.20180998688303242,-0.20180998688303242,-0.1734044728830324
2.2814070351758793,-1.0092142015451258,ok,0.2995031321,0.3179945996,0.5478851563,0.5611668624,0.8028262581,0.8028262581,0.8029675309,0.8078736601,0.8078736601,0.8334487226,8.149895409456267,8.6530738738539,14.908714606522805,15.2701282412156,21.846015397580352,21.846015397580352,21.849859626307204,21.983362202941123,21.983362202941123,22.679295106893907,-0.7097110694451257,-0.6912196019451258,-0.46132904524512575,-0.44804733914512573,-0.2063879434451258,-0.2063879434451258,-0.2062466706451258,-0.2013405414451258,-0.2013405414451258,-0.17576547894512573
2.3005025125628142,-1.0087022149122946,ok,0.2999239272,0.3174883327,0.5478455532,0.5608658547,0.8017413437,0.8022816857,0.8022816857,0.8077972219,0.8077972219,0.8304333425,8.161345827452786,8.639297649694441,14.907636951272165,15.261937404427885,21.816493372798117,21.831196827665046,21.831196827665046,21.981282213556977,21.981282213556977,22.597242434314342,-0.7087782877122946,-0.6912138822122946,-0.46085666171229467,-0.44783636021229456,-0.20696087121229456,-0.2064205292122946,-0.2064205292122946,-0.20090499301229459,-0.20090499301229459,-0.1782688724122946
2.3195979899497488,-1.0082155795221859,ok,0.3003746481,0.3170561491,0.5478259904,0.5605577748,0.8005626249,0.8017698163,0.8017698163,0.8077135749,0.8077135749,0.8273913401,8.173610567951824,8.62753733482566,14.907104620365313,15.253554123274359,21.78441880025591,21.817268151714146,21.817268151714146,21.979006062731656,21.979006062731656,22.51446533204672,-0.7078409314221858,-0.6911594304221859,-0.46038958912218586,-0.44765780472218586,-0.20765295462218591,-0.20644576322218589,-0.20644576322218589,-0.20050200462218593,-0.20050200462218593,-0.18082423942218584
2.3386934673366833,-1.0077532286813013,ok,0.300853827,0.3166946854,0.5478229058,0.560241709,0.7994313298,0.8012890002,0.8012890002,0.8076230182,0.8076230182,0.8243778577,8.186649690080653,8.617701406471056,14.9070206841233,15.244953534711412,21.753634692331616,21.804184479103757,21.804184479103757,21.976541889390795,21.976541889390795,22.432464298514834,-0.7068994016813013,-0.6910585432813013,-0.4599303228813013,-0.4475115196813013,-0.20832189888130137,-0.2064642284813013,-0.2064642284813013,-0.2001302104813013,-0.2001302104813013,-0.1833753709813013
2.357788944723618,-1.007314123666742,ok,0.3013600404,0.3164006848,0.5478329046,0.5599169169,0.7983472661,0.8008376678,0.8008376678,0.8075258979,0.8075258979,0.8214266202,8.200424458430946,8.609701242587905,14.907292765332096,15.236115491428665,21.72413581627566,21.791903098842027,21.791903098842027,21.973899111395166,21.973899111395166,22.352157034998687,-0.705954083266742,-0.690913438866742,-0.459481219066742,-0.447397206766742,-0.20896685756674205,-0.20647645586674201,-0.20647645586674201,-0.19978822576674204,-0.19978822576674204,-0.185887503466742
2.3768844221105527,-1.0068972544682193,ok,0.3018919104,0.3161709966,0.5478527746,0.5595828287,0.7973101066,0.8004143253,0.8004143253,0.8074225978,0.8074225978,0.818558238,8.214897378433601,8.603451108261558,14.907833455576805,15.227024488378238,21.695913268522464,21.780383362560183,21.780383362560183,21.971088172474822,21.971088172474822,22.274104379053373,-0.7050053440682194,-0.6907262578682194,-0.4590444798682193,-0.44731442576821934,-0.2095871478682193,-0.2064829291682193,-0.2064829291682193,-0.19947465666821929,-0.19947465666821929,-0.18833901646821927
2.3959798994974872,-1.0065016403759564,ok,0.3024481049,0.316002577,0.5478794983,0.5592390379,0.7963194076,0.8000175512,0.8000175512,0.8073135319,0.8073135319,0.8157852284,8.230032201800995,8.598868177474564,14.908560644499426,15.21766946413162,21.66895497537995,21.769586589272677,21.769586589272677,21.968120338143653,21.968120338143653,22.19864694376394,-0.7040535354759563,-0.6904990633759563,-0.4586221420759563,-0.4472626024759564,-0.21018223277595638,-0.2064840891759564,-0.2064840891759564,-0.19918810847595636,-0.19918810847595636,-0.19071641197595635
2.415075376884422,-1.0061263304237777,ok,0.3030273375,0.3158924875,0.5479102638,0.5588852934,0.7953746289,0.7996459917,0.7996459917,0.8071991363,0.8071991363,0.8131150175,8.245793923805863,8.595872489568436,14.909397816402976,15.208043585909728,21.64324623725727,21.759475940204812,21.759475940204812,21.965007475287212,21.965007475287212,22.12598680360579,-0.7030989929237778,-0.6902338429237778,-0.4582160666237778,-0.4472410370237777,-0.21075170152377776,-0.2064803387237778,-0.2064803387237778,-0.1989271941237778,-0.1989271941237778,-0.1930113129237777
2.4341708542713567,-1.0057704036973818,ok,0.3036283679,0.3158378949,0.5479424709,0.5585214884,0.7944751544,0.7992983575,0.7992983575,0.8070798629,0.8070798629,0.8105517563,8.262148794165844,8.594386949243663,14.910274216240941,15.198143947536506,21.618770289219352,21.7500163317163,21.7500163317163,21.96176188073094,21.96176188073094,22.056236913043236,-0.7021420357973818,-0.6899325087973818,-0.45782793279738176,-0.44724891529738175,-0.21129524929738175,-0.2064720461973818,-0.2064720461973818,-0.1986905407973818,-0.1986905407973818,-0.19521864739738182
2.453266331658291,-1.0054329695144475,ok,0.3042500015,0.31583607,0.5479737362,0.5581476488,0.7936203109,0.7989734204,0.7989734204,0.8069561728,0.8069561728,0.8080974444,8.279064306158928,8.594337291184903,14.911124988395336,15.187971253786861,21.59550881256098,21.741174342782546,21.741174342782546,21.958396101645036,21.958396101645036,21.989451683964212,-0.7011829680144475,-0.6895968995144475,-0.4574592333144475,-0.4472853207144475,-0.21181265861444754,-0.20645954911444753,-0.20645954911444753,-0.1984767967144475,-0.1984767967144475,-0.19733552511444752
2.472361809045226,-1.005113167486631,ok,0.3048910885,0.3158843858,0.5480018945,0.5577639202,0.7928093859,0.7986700099,0.7986700099,0.8057526415,0.8068285306,0.8068285306,8.29650917213321,8.595652031080487,14.911891214772668,15.177529466638628,21.573442419169453,21.73291812247596,21.73291812247596,21.9256463465816,21.95492278043955,21.95492278043955,-0.7002220789866309,-0.6892287816866309,-0.4571112729866309,-0.44734924728663095,-0.21230378158663088,-0.2064431575866309,-0.2064431575866309,-0.1993605259866309,-0.1982846368866309,-0.1982846368866309
2.4914572864321607,-1.004810167470695,ok,0.3055505235,0.3159803163,0.5480249984,0.5573705545,0.7920416434,0.7983870101,0.7983870101,0.8035169297,0.8066974001,0.8066974001,8.314453312622334,8.598262432968758,14.912519903919355,15.166825440640004,21.552551081464493,21.725217305610624,21.725217305610624,21.864809529257087,21.951354537755417,21.951354537755417,-0.6992596439706951,-0.6888298511706951,-0.4567851690706951,-0.4474396129706951,-0.21276852407069502,-0.20642315737069505,-0.20642315737069505,-0.20129323777069508,-0.19811276737069505,-0.19811276737069505
2.510552763819095,-1.004523169420228,ok,0.3062272446,0.3161214345,0.548041315,0.5569678963,0.7913163363,0.798123357,0.798123357,0.801389221,0.8065632394,0.8065632394,8.332867831855243,8.602102454815297,14.912963901224176,15.15586855283469,21.532814469819435,21.71804293927157,21.71804293927157,21.806911626002435,21.947703839128685,21.947703839128685,-0.6982959248202278,-0.6884017349202278,-0.45648185442022793,-0.4475552731202279,-0.21320683312022792,-0.20639981242022787,-0.20639981242022787,-0.20313394842022792,-0.19795993002022794,-0.19795993002022794
2.52964824120603,-1.0042514031423122,ok,0.3069202326,0.3163054105,0.548049321,0.5565563696,0.7906327167,0.797878036,0.797878036,0.7993679651,0.8064264974,0.8064264974,8.351724995987079,8.607108696811288,14.913181755582462,15.144670340850453,21.514212232838506,21.711367414786316,21.711367414786316,21.751910451005553,21.943982899750637,21.943982899750637,-0.6973311705423122,-0.6879459926423122,-0.45620208214231217,-0.4476950335423122,-0.2136186864423122,-0.20637336714231225,-0.20637336714231225,-0.20488343804231224,-0.19782490574231215,-0.19782490574231215
2.5487437185929647,-1.0039941279718143,ok,0.3076285095,0.3165300087,0.5480476962,0.5561364648,0.7899900445,0.7974512936,0.797650079,0.797650079,0.8062876106,0.8062876106,8.370998192282087,8.613220325181642,14.91313754252209,15.133244149151109,21.496724231374746,21.69975516251238,21.70516438881184,21.70516438881184,21.940203597391367,21.940203597391367,-0.6963656184718143,-0.6874641192718143,-0.45594643177181426,-0.4478576631718143,-0.21400408347181432,-0.2065428343718143,-0.20634404897181435,-0.20634404897181435,-0.19770651737181433,-0.19770651737181433
2.5678391959798996,-1.0037506323677223,ok,0.3083511377,0.3167930861,0.5480353148,0.5557087263,0.7893875926,0.7956371202,0.7974385624,0.7974385624,0.8061470004,0.8061470004,8.390661907344532,8.620379025925633,14.912800627464424,15.12160479161533,21.48033068002922,21.65038898940778,21.699408728911802,21.699408728911802,21.936377398929043,21.936377398929043,-0.6953994946677223,-0.6869575462677223,-0.4557153175677223,-0.4480419060677223,-0.2143630397677223,-0.20811351216772234,-0.20631206996772233,-0.20631206996772233,-0.19760363196772235,-0.19760363196772235
2.586934673366834,-1.0035202334425748,ok,0.3090872185,0.3170925895,0.5480112363,0.5552737408,0.7888246509,0.7939232128,0.7972426047,0.7972426047,0.8060050712,0.8060050712,8.410691686301586,8.62852892862502,14.9121454181007,15.109768233163425,21.465012255996545,21.603751193156523,21.694076448249227,21.694076448249227,21.932515308648256,21.932515308648256,-0.6944330149425748,-0.6864276439425747,-0.45550899714257476,-0.44824649264257477,-0.21469558254257481,-0.2095970206425748,-0.20627762874257483,-0.20627762874257483,-0.19751516224257482,-0.19751516224257482
2.6060301507537686,-1.0033022764304849,ok,0.3098358911,0.3174265528,0.5479746947,0.5548321267,0.7883005282,0.7923072436,0.7970613649,0.7970613649,0.8058622084,0.8058622084,8.431064105591975,8.637616532973302,14.911151070509053,15.097751301316652,21.450750150766552,21.559778431093704,21.68914466204828,21.68914466204828,21.928627813817275,21.928627813817275,-0.6934663853304849,-0.6858757236304849,-0.4553275817304848,-0.4484701497304848,-0.2150017482304849,-0.21099503283048482,-0.20624091153048485,-0.20624091153048485,-0.19744006803048486,-0.19744006803048486
2.6251256281407036,-1.0030961341021871,ok,0.3105963311,0.3177930946,0.5479250878,0.5543845245,0.7878145525,0.7907868263,0.7968940402,0.7968940402,0.8057187771,0.8057187771,8.451756732148874,8.647590643468403,14.909801197992689,15.085571424967895,21.43752607828769,21.51840576868832,21.684591525008088,21.684591525008088,21.924724849313208,21.924724849313208,-0.6924998030021872,-0.6853030395021871,-0.4551710463021871,-0.44871160960218714,-0.21528158160218713,-0.21230930780218715,-0.20620209390218713,-0.20620209390218713,-0.19737735700218717,-0.19737735700218717
2.644221105527638,-1.0029012061344171,ok,0.3113677492,0.3181904151,0.5478619654,0.5539315878,0.7873660698,0.7893595411,0.7967398644,0.7967398644,0.8055751212,0.8055751212,8.47274808802512,8.658402285057353,14.908083549985513,15.073246389479213,21.425322242313346,21.479567359827936,21.680396187764504,21.680396187764504,21.920815773131796,21.920815773131796,-0.6915334569344171,-0.6847107910344171,-0.45503924073441715,-0.4489696183344172,-0.21553513633441712,-0.21354166503441718,-0.20616134173441714,-0.20616134173441714,-0.19732608493441717,-0.19732608493441717
2.6633165829145726,-1.0027169184297444,ok,0.3121493902,0.3186167936,0.5477850173,0.5534739756,0.7869544428,0.7880229543,0.7965981063,0.7965981063,0.8054315629,0.8054315629,8.49401762318182,8.670004635107837,14.905989685515516,15.060794127154137,21.41412130102707,21.44319698016185,21.676538753351906,21.676538753351906,21.916909352781676,21.916909352781676,-0.6905675282297444,-0.6841001248297445,-0.45493190112974446,-0.4492429428297444,-0.21576247562974438,-0.2146939641297444,-0.20611881212974437,-0.20611881212974437,-0.19728535552974447,-0.19728535552974447
2.6824120603015076,-1.0025427224535544,ok,0.3129405309,0.3190705858,0.5476940616,0.5530123457,0.7865790472,0.7867746297,0.7964680682,0.7964680682,0.8052884023,0.8052884023,8.515545658344443,8.682352949937453,14.903514654831543,15.04823253764254,21.403906266360426,21.409228337310882,21.673000236386113,21.673000236386113,21.91301375439987,21.91301375439987,-0.6896021915535544,-0.6834721366535543,-0.45484866085355435,-0.44953037675355434,-0.2159636752535543,-0.21576809275355435,-0.2060746542535543,-0.2060746542535543,-0.19725432015355437,-0.19725432015355437
2.701507537688442,-1.0023780944430558,ok,0.3137404798,0.3195502207,0.547589033,0.5525473484,0.7856121382,0.7862392687,0.7963490844,0.7963490844,0.8051459171,0.8051459171,8.537313376839396,8.695404480458409,14.900656681030068,15.035579316508898,21.377595332096703,21.394660422358843,21.669762522247296,21.669762522247296,21.909136534588335,21.909136534588335,-0.6886376146430557,-0.6828278737430558,-0.45478906144305586,-0.44983074604305584,-0.21676595624305584,-0.21613882574305576,-0.20602901004305585,-0.20602901004305585,-0.19723217734305576,-0.19723217734305576
2.7206030150753766,-1.0022225346981168,ok,0.3145485752,0.3200541979,0.5474699711,0.5520796223,0.7845330629,0.7859344983,0.7962405201,0.7962405201,0.805004363,0.805004363,8.559302772892401,8.709118398706782,14.897416841681986,15.022851840944469,21.3482321973199,21.3863671972881,21.666808337147472,21.666808337147472,21.90528465129853,21.90528465129853,-0.6876739594981168,-0.6821683367981168,-0.4547525635981169,-0.4501429123981169,-0.21768947179811682,-0.2162880363981169,-0.20598201459811682,-0.20598201459811682,-0.19721817169811684,-0.19721817169811684
2.7396984924623116,-1.0020755668034924,ok,0.315364184,0.320581085,0.5473370095,0.5516097892,0.7835350018,0.7856641287,0.7961417696,0.7961417696,0.804863974,0.804863974,8.581496618974828,8.72345572709291,14.893798772228502,15.010067030989221,21.321073571230702,21.379010065673327,21.66412119914999,21.66412119914999,21.901464471994842,21.901464471994842,-0.6867113828034924,-0.6814944818034925,-0.45473855730349244,-0.4504657776034924,-0.2185405650034924,-0.2164114381034924,-0.20593379720349236,-0.20593379720349236,-0.19721159280349243,-0.19721159280349243
2.758793969849246,-1.0019367368511598,ok,0.3161867006,0.3211295149,0.5471903648,0.5511384515,0.7826155699,0.7854275489,0.7960522557,0.7960522557,0.8047249627,0.8047249627,8.603878435871165,8.738379264930659,14.889808366655878,14.997241278782223,21.29605455467292,21.372572401357527,21.661685401842703,21.661685401842703,21.897681781817987,21.897681781817987,-0.6857500362511598,-0.6808072219511598,-0.45474637205115975,-0.45079828535115984,-0.21932116695115977,-0.2165091879511598,-0.20588448115115976,-0.20588448115115976,-0.19721177415115976,-0.19721177415115976
2.777889447236181,-1.0018056126556047,ok,0.3170155459,0.3216981827,0.5470303268,0.5506661893,0.7817723987,0.7852241403,0.7959714283,0.7959714283,0.8045875211,0.8045875211,8.626432465467637,8.753853504082114,14.88545351082384,14.984390369648644,21.273110697478227,21.36703737137717,21.659485976242042,21.659485976242042,21.893941805354117,21.893941805354117,-0.6847900667556048,-0.6801074299556047,-0.4547752858556048,-0.45113942335560475,-0.2200332139556047,-0.21658147235560476,-0.20583418435560474,-0.20583418435560474,-0.19721809155560477,-0.19721809155560477
2.7969849246231155,-1.0016817829671507,ok,0.3178501657,0.322285844,0.5468572487,0.5501935581,0.7810031356,0.7850532716,0.7958987636,0.7958987636,0.8044518213,0.8044518213,8.649143627213986,8.769844582698234,14.880743815794018,14.97152941951354,21.25217798213934,21.362387797184123,21.657508669023894,21.657508669023894,21.890249225682815,21.890249225682815,-0.6838316172671507,-0.6793959389671507,-0.45482453426715075,-0.4514882248671507,-0.2206786473671507,-0.21662851136715067,-0.2057830193671507,-0.2057830193671507,-0.19722996166715068,-0.19722996166715068
2.81608040201005,-1.001564856685864,ok,0.3186900301,0.3228913107,0.5466715383,0.5497210873,0.7803054425,0.7849142942,0.7958337622,0.7958337622,0.8043180161,0.8043180161,8.671997501796643,8.786320170931017,14.875690378369722,14.958672834084789,21.233192785714078,21.358606029473258,21.655739890821966,21.655739890821966,21.886608200703893,21.886608200703893,-0.682874826585864,-0.6786735459858639,-0.4548933183858639,-0.4518437693858639,-0.22125941418586392,-0.2166505624858639,-0.2057310944858639,-0.2057310944858639,-0.19724684058586395,-0.19724684058586395
2.835175879396985,-1.001454462080553,ok,0.3195346317,0.3235134503,0.5464736496,0.5492492797,0.779676994,0.7848065387,0.7957759494,0.7957759494,0.8041862402,0.8041862402,8.694980282158221,8.803249451885542,14.870305552520305,14.945834295247396,21.216091830844867,21.355673852942626,21.6541667243912,21.6541667243912,21.88302239579108,21.88302239579108,-0.6819198303805529,-0.677941011780553,-0.454980812480553,-0.45220518238055296,-0.221777468080553,-0.21664792338055305,-0.20567851268055304,-0.20567851268055304,-0.19726822188055304,-0.19726822188055304
2.8542713567839195,-1.0013502460148822,ok,0.3203834856,0.3241511828,0.5462640758,0.5487786106,0.7791154761,0.7847293108,0.7957248737,0.7957248737,0.8040566112,0.8040566112,8.718078773497535,8.82060303726466,14.864602758901466,14.933026736573243,21.200812150383932,21.35357237472676,21.652776883790718,21.652776883790718,21.879495011003403,21.879495011003403,-0.6809667604148821,-0.6771990632148822,-0.4550861702148822,-0.4525716354148822,-0.22223476991488222,-0.21662093521488224,-0.2056253723148822,-0.2056253723148822,-0.19729363481488216,-0.19729363481488216
2.873366834170854,-1.0012518731837259,ok,0.3212361277,0.3248034779,0.5460433412,0.5483095272,0.7786185831,0.7846818875,0.7956801056,0.7956801056,0.8039292299,0.8039292299,8.741280347010225,8.838352891177127,14.858596264443012,14.920262326994264,21.187291003038002,21.352281920993402,21.65155868173012,21.65155868173012,21.876028789248586,21.876028789248586,-0.6800157454837259,-0.6764483952837259,-0.4552085319837259,-0.45294234598372585,-0.2226332900837259,-0.21656998568372587,-0.20557176758372586,-0.20557176758372586,-0.19732264328372584,-0.19732264328372584
2.892462311557789,-1.0011590253620797,ok,0.3220921136,0.3254693532,0.5458119956,0.5478424492,0.7781840168,0.7846635145,0.7956412373,0.7956412373,0.8038041819,0.8038041819,8.764572909956245,8.856472281157089,14.852301029965103,14.90755248712926,21.175465851599213,21.351781966193904,21.650501021406093,21.650501021406093,21.872626059821297,21.872626059821297,-0.6790669117620797,-0.6756896721620798,-0.45534702976207964,-0.45331657616207965,-0.22297500856207964,-0.21649551086207963,-0.20551778806207965,-0.20551778806207965,-0.19735484346207965,-0.19735484346207965
2.9115577889447235,-1.001071400668169,ok,0.3229510183,0.3261478718,0.5455706085,0.5473777689,0.7778094842,0.7846734033,0.7956078813,0.7956078813,0.8036815384,0.8036815384,8.78794489749644,8.874935712856777,14.845732552352205,14.894907892005058,21.1652743003589,21.352051054150216,21.649593358406474,21.649593358406474,21.869288760172235,21.869288760172235,-0.678120382368169,-0.674923528868169,-0.45550079216816886,-0.4536936317681689,-0.22326191646816895,-0.2163979973681689,-0.20546351936816887,-0.20546351936816887,-0.1973898622681689,-0.1973898622681689
2.930653266331658,-1.0009887128430255,ok,0.3238124351,0.3268381404,0.5453197637,0.5469158519,0.7774926967,0.7847107298,0.7955796703,0.7955796703,0.8035613573,0.8035613573,8.811385242760021,8.893718878344854,14.838906717611605,14.88233849010447,21.156654073338498,21.353066759958924,21.648825697989086,21.648825697989086,21.866018465840668,21.866018465840668,-0.6771762777430255,-0.6741505724430255,-0.45566894914302547,-0.45407286094302546,-0.2234960161430255,-0.21627798304302548,-0.2054090425430255,-0.2054090425430255,-0.19742735554302548,-0.19742735554302548
2.949748743718593,-1.000910690547372,ok,0.3246759743,0.3275393073,0.5450600547,0.5464570379,0.7772313688,0.7847746322,0.7955562558,0.7955562558,0.8034436839,0.8034436839,8.834883341469773,8.912798601683658,14.831839675701046,14.869853525135403,21.149542978914745,21.35480563284737,21.64818855698583,21.64818855698583,21.86281640950239,21.86281640950239,-0.6762347162473719,-0.6733713832473719,-0.45585063584737195,-0.4544536526473719,-0.22367932174737193,-0.21613605834737193,-0.20535443474737192,-0.20535443474737192,-0.19746700664737193,-0.19746700664737193
2.9688442211055275,-1.0008370766774934,ok,0.3255412631,0.3282505596,0.5447920803,0.5460016409,0.7770232173,0.78486421,0.7955373075,0.7955373075,0.8033285517,0.8033285517,8.8584290492209,8.932152762737303,14.824547720798611,14.857461541473139,21.143878888050565,21.357243168962235,21.647672947475826,21.647672947475826,21.85968350273884,21.85968350273884,-0.6752958135774935,-0.6725865170774934,-0.4560449963774934,-0.4548354357774934,-0.22381385937749343,-0.2159728666774935,-0.20529976917749349,-0.20529976917749349,-0.1975085249774935,-0.1975085249774935
2.987939698492462,-1.000767627700998,ok,0.3264079445,0.3289711231,0.5445164418,0.5455499517,0.7768659621,0.7849785247,0.7955225131,0.7955225131,0.8032159842,0.8032159842,8.882012651548514,8.951760294450564,14.817047215110845,14.845170452188796,21.139599756064175,21.36035383041753,21.647270371343147,21.647270371343147,21.856620385017592,21.856620385017592,-0.674359683200998,-0.671796504600998,-0.456251185900998,-0.45521767600099805,-0.223901665600998,-0.21578910300099807,-0.20524511460099804,-0.20524511460099804,-0.19755164350099808,-0.19755164350099808
3.007035175879397,-1.0007021130128577,ok,0.3272756766,0.3297002587,0.5442337387,0.5451022374,0.7767573255,0.7851165988,0.7955115769,0.7955115769,0.8031059948,0.8031059948,8.905624844879657,8.971601084887865,14.809354471863807,14.832987525443643,21.136643603581124,21.364111018083197,21.64697278218088,21.64697278218088,21.85362742097123,21.85362742097123,-0.6734264364128577,-0.6710018543128577,-0.4564683743128577,-0.45559987561285775,-0.22394478751285773,-0.21558551421285777,-0.20519053611285776,-0.20519053611285776,-0.19759611821285772,-0.19759611821285772
3.0261306532663315,-1.0006403143132012,ok,0.3281441318,0.3304372619,0.5439445666,0.5446587433,0.7766950332,0.7852774173,0.7955042194,0.7955042194,0.8029985882,0.8029985882,8.929256714764193,8.991655963627593,14.801485698159144,14.820919436190728,21.134948543745672,21.3684871124022,21.64677257440658,21.64677257440658,21.850704738493263,21.850704738493263,-0.6724961825132012,-0.6702030524132012,-0.4566957477132012,-0.45598157101320125,-0.22394528111320122,-0.21536289701320122,-0.20513609491320117,-0.20513609491320117,-0.1976417261132012,-0.1976417261132012
3.0452261306532664,-1.0005820250068556,ok,0.3290129964,0.3311814604,0.5436495144,0.5442196942,0.7766768161,0.7854599285,0.7955001765,0.7955001765,0.8028937609,0.8028937609,8.952899724990258,9.01190663645478,14.793456918782214,14.808972301549677,21.13445283120129,21.373453495159616,21.646662561493127,21.646662561493127,21.847852242343837,21.847852242343837,-0.6715690286068556,-0.6694005646068555,-0.4569325106068556,-0.4563623308068555,-0.2239052089068556,-0.21512209650685554,-0.2050818485068555,-0.2050818485068555,-0.19768826410685558,-0.19768826410685558
3.064321608040201,-1.000527049619647,ok,0.3298819698,0.3319322131,0.5433491622,0.543785295,0.776700411,0.7856630465,0.7954991992,0.7954991992,0.8027915025,0.8027915025,8.97654569581515,9.032335658149696,14.78528391905818,14.797151697133526,21.135094881138624,21.37898061751113,21.64663596780535,21.64663596780535,21.84506964952454,21.84506964952454,-0.670645079819647,-0.668594836519647,-0.45717788741964704,-0.45674175461964706,-0.22382663861964702,-0.21486400311964704,-0.205027850419647,-0.205027850419647,-0.19773554711964703,-0.19773554711964703
3.0834170854271354,-1.0004752032527255,ok,0.3307507639,0.3326889081,0.5430440795,0.5433557323,0.7767635633,0.7858856525,0.7955010525,0.7955010525,0.8026917957,0.8026917957,9.000186787638485,9.052926378065106,14.776982195871513,14.785462700586958,21.136813342766246,21.385038035357802,21.646686398667477,21.646686398667477,21.84235648927839,21.84235648927839,-0.6697244393527255,-0.6677862951527256,-0.45743112375272554,-0.45711947095272554,-0.22371163995272558,-0.21458955075272557,-0.20497415075272551,-0.20497415075272551,-0.1977834075527255,-0.1977834075527255
3.1025125628140704,-1.0004263110318752,ok,0.3316191026,0.333450962,0.5427348237,0.5429311757,0.7768640294,0.7861265986,0.7955055152,0.7955055152,0.8025946176,0.8025946176,9.023815487396522,9.073662921078267,14.768566916848902,14.773909926961075,21.139547164617976,21.391594512749368,21.646807834920878,21.646807834920878,21.839712138464638,21.839712138464638,-0.6688072084318752,-0.6669753490318752,-0.45769148733187515,-0.45749513533187514,-0.2235622816318752,-0.21429971243187518,-0.20492079583187517,-0.20492079583187517,-0.19783169343187523,-0.19783169343187523
3.121608040201005,-1.0003802076096098,ok,0.3324867214,0.3342178181,0.5424219389,0.5425117785,0.7769995796,0.7863847104,0.7955123789,0.7955123789,0.8024999402,0.8024999402,9.047424597677605,9.094530138610459,14.760052887705603,14.762497547761388,21.1432356734659,21.398618092633818,21.646994605712656,21.646994605712656,21.837135835164474,21.837135835164474,-0.6678934862096098,-0.6661623895096098,-0.45795826870960976,-0.4578684291096098,-0.22338062800960978,-0.21399549720960975,-0.20486782870960973,-0.20486782870960973,-0.19788026740960973,-0.19788026740960973
3.1407035175879394,-1.0003367366586666,ok,0.3333533664,0.3349889449,0.5420976789,0.5421059541,0.7771680006,0.7866587905,0.7955214476,0.7955214476,0.8024077308,0.8024077308,9.071007209510759,9.115513567809892,14.75122932360148,14.75145450326494,21.147818642348835,21.406076192097256,21.647241377611103,21.647241377611103,21.834626689565564,21.834626689565564,-0.6669833702586666,-0.6653477917586667,-0.4582390577586666,-0.45823078255866667,-0.2231687360586666,-0.21367794615866664,-0.20481528905866664,-0.20481528905866664,-0.19792900585866657,-0.19792900585866657
3.1597989949748744,-1.0002957504163243,ok,0.3342187945,0.3357638353,0.5416890012,0.5417873834,0.7773670997,0.7869476228,0.7955325372,0.7955325372,0.8023179528,0.8023179528,9.09455670780799,9.1365994097826,14.740108636856656,14.742785752900586,21.15323640486016,21.41393571937287,21.647543141000014,21.647543141000014,21.83218370573117,21.83218370573117,-0.6660769559163243,-0.6645319151163244,-0.4586067492163244,-0.45850836701632436,-0.2229286507163244,-0.21334812761632438,-0.2047632132163244,-0.2047632132163244,-0.1979777976163244,-0.1979777976163244
3.178894472361809,-1.0002571092243444,ok,0.3350827724,0.3365420056,0.541285857,0.5414667241,0.7775947081,0.7872499762,0.7955454749,0.7955454749,0.8022305661,0.8022305661,9.118066744152888,9.157774502381058,14.729138524317626,14.734060168834917,21.15942994494539,21.42216317452306,21.647895193751854,21.647895193751854,21.829805792484706,21.829805792484706,-0.6651743368243443,-0.6637151036243444,-0.45897125222434443,-0.45879038512434445,-0.22266240112434443,-0.21300713302434438,-0.20471163432434436,-0.20471163432434436,-0.19802654312434442,-0.19802654312434442
3.1979899497487434,-1.0002206811055134,ok,0.3359450766,0.3373229939,0.5408883456,0.5411444571,0.7778486847,0.7875646094,0.7955600986,0.7955600986,0.802145528,0.802145528,9.141531236800624,9.179026276665953,14.718321688075044,14.725290837023584,21.166341000305437,21.43072478005407,21.648293124900896,21.648293124900896,21.827491787899984,21.827491787899984,-0.6642756045055134,-0.6628976872055135,-0.45933233550551344,-0.4590762240055134,-0.22237199640551342,-0.21265607170551348,-0.20466058250551344,-0.20466058250551344,-0.19807515310551338,-0.19807515310551338
3.2170854271356784,-1.0001863413555943,ok,0.3368054927,0.3381063593,0.5404965552,0.5408210458,0.7781269204,0.7878902753,0.7955762562,0.7955762562,0.8020627928,0.8020627928,9.164944351629991,9.200342735137097,14.707660528173172,14.716490367222965,21.17391217940556,21.439586600646116,21.648732795595304,21.648732795595304,21.825240448416643,21.825240448416643,-0.6633808486555943,-0.6620799820555943,-0.4596897861555943,-0.45936529555559424,-0.22205942095559428,-0.21229606605559426,-0.2046100851555942,-0.2046100851555942,-0.19812354855559422,-0.19812354855559422
3.236180904522613,-1.0001539721461086,ok,0.3376638149,0.3388916814,0.5401105637,0.540496936,0.7784273416,0.7882257261,0.7955938057,0.7955938057,0.8019823132,0.8019823132,9.188300488537699,9.221712438127707,14.697157164379005,14.707670890269057,21.182087056715243,21.448714681931442,21.64921034181823,21.64921034181823,21.82305048693612,21.82305048693612,-0.6624901572461086,-0.6612622907461085,-0.4600434084461086,-0.45965703614610853,-0.22172663054610853,-0.2119282460461086,-0.20456016644610853,-0.20456016644610853,-0.19817165894610855,-0.19817165894610855
3.255276381909548,-1.0001234621673192,ok,0.3385198462,0.3396785583,0.5397304397,0.5401725555,0.7787479151,0.7885697175,0.7956126139,0.7956126139,0.8019040397,0.8019040397,9.211594286880652,9.243124449381652,14.686813463393635,14.698844047192889,21.190810306043968,21.458075164782144,21.649722139013022,21.649722139013022,21.820920556494794,21.820920556494794,-0.6616036159673192,-0.6604449038673192,-0.46039302246731917,-0.4599509066673192,-0.2213755470673192,-0.21155374466731913,-0.20451084826731913,-0.20451084826731913,-0.19821942246731916,-0.19821942246731916
3.2743718592964823,-1.0000947062674457,ok,0.3393733975,0.3404666069,0.5393562426,0.5398483142,0.7790866514,0.7889210143,0.7956325565,0.7956325565,0.8018279221,0.8018279221,9.234820600985719,9.264568344216864,14.676631041573408,14.690020991941688,21.200027790338808,21.46763443769392,21.65026480480437,21.65026480480437,21.818849291081076,21.818849291081076,-0.6607213087674457,-0.6596280993674457,-0.46073846366744564,-0.46024639206744566,-0.22100805486744568,-0.21117369196744573,-0.2044621497674457,-0.2044621497674457,-0.1982667841674457,-0.1982667841674457
3.293467336683417,-1.0000676051223116,ok,0.3402242875,0.3412554615,0.5389880239,0.5395246038,0.7794416095,0.789278395,0.7956535175,0.7956535175,0.8017539087,0.8017539087,9.257974497428567,9.286034171429387,14.66661130030471,14.681212383215444,21.209686692299048,21.477359261958483,21.65083518267147,21.65083518267147,21.816835283866297,21.816835283866297,-0.6598433176223116,-0.6588121436223116,-0.46107958122231163,-0.46054300132231163,-0.22062599562231167,-0.21078921012231167,-0.2044140876223116,-0.2044140876223116,-0.19831369642231167,-0.19831369642231167
3.312562814070352,-1.0000420649133634,ok,0.3410723425,0.3420447727,0.5386258275,0.5392017981,0.7798109001,0.7896406565,0.7956753886,0.7956753886,0.8016819472,0.8016819472,9.281051249591409,9.30751242336087,14.656755434167405,14.672428392630339,21.219735601452662,21.487216899557033,21.651430325621195,21.651430325621195,21.814877111694955,21.814877111694955,-0.6589697224133635,-0.6579972922133634,-0.46141623741336346,-0.46084026681336343,-0.22023116481336347,-0.2104014084133634,-0.20436667631336347,-0.20436667631336347,-0.19836011771336348,-0.19836011771336348
3.3316582914572863,-1.0000179970346672,ok,0.341917396,0.3428342075,0.53826969,0.5388802529,0.7801926903,0.7900066192,0.795698069,0.795698069,0.8016119849,0.8016119849,9.304046326778431,9.328994038619696,14.647064439098225,14.663678701997593,21.230124642049795,21.49717525193836,21.652047490745808,21.652047490745808,21.812973340526998,21.812973340526998,-0.6581006010346673,-0.6571837895346673,-0.4617483070346672,-0.46113774413466724,-0.21982530673466716,-0.21001137783466717,-0.20431992803466725,-0.20431992803466725,-0.19840601213466724,-0.19840601213466724
3.350753768844221,-0.9999953178027177,ok,0.3427592885,0.3436234477,0.5379196417,0.5385603056,0.7805852064,0.7903751311,0.7957214658,0.7957214658,0.8015439688,0.8015439688,9.326955388773532,9.350470358542756,14.637539139602172,14.654972492438933,21.240805549254663,21.507202971585503,21.65268415010753,21.65268415010753,21.811122528158954,21.811122528158954,-0.6572360293027177,-0.6563718701027177,-0.4620756761027177,-0.46143501220271765,-0.2194101114027177,-0.20962018670271765,-0.20427385200271764,-0.20427385200271764,-0.19845134900271766,-0.19845134900271766
3.369849246231156,-0.9999739481890003,ok,0.343597867,0.3444121904,0.5375757068,0.5382422768,0.780986738,0.7907450728,0.7957454885,0.7957454885,0.8014778462,0.8014778462,9.349774272234614,9.37193314080116,14.628180194194798,14.646318487924786,21.25173178071223,21.517269598072698,21.653337841075903,21.653337841075903,21.809323240550764,21.809323240550764,-0.6563760811890003,-0.6555617577890003,-0.4623982413890003,-0.4617316713890003,-0.21898721018900036,-0.20922887538900037,-0.20422845968900027,-0.20422845968900027,-0.19849610198900036,-0.19849610198900036
3.3889447236180903,-0.9999538135731707,ok,0.3444329853,0.345200146,0.5372379035,0.5379264687,0.7813956404,0.7911153612,0.7957700594,0.7957700594,0.801413564,0.801413564,9.372498998857006,9.393374504977448,14.618988098123328,14.637724911736075,21.262858581855543,21.52734565874751,21.654006449326214,21.654006449326214,21.807574032777822,21.807574032777822,-0.6555208282731707,-0.6547536675731707,-0.4627159100731707,-0.46202734487317065,-0.21855817317317072,-0.20883845237317067,-0.2041837541731707,-0.2041837541731707,-0.19854024957317074,-0.19854024957317074
3.408040201005025,-0.9999348434530091,ok,0.3452645032,0.3459870383,0.5369062448,0.5376131668,0.7818103381,0.7914849534,0.7957951021,0.7957951021,0.8013510698,0.8013510698,9.39512575360436,9.414786935286743,14.609963205135786,14.629199532723574,21.274143081145567,21.537402774855213,21.654687895908555,21.654687895908555,21.80587347896349,21.80587347896349,-0.6546703402530091,-0.6539478051530091,-0.46302859865300905,-0.46232167665300905,-0.2181245053530091,-0.20844989005300907,-0.20413974135300905,-0.20413974135300905,-0.19858377365300905,-0.19858377365300905
3.4271356783919598,-0.9999169713176652,ok,0.3460922869,0.3467726044,0.5365807387,0.5373026395,0.7822293273,0.7918528508,0.795820547,0.795820547,0.8012903116,0.8012903116,9.417650895593193,9.436163277855599,14.60110573292326,14.62074965442335,21.285544358099667,21.547413773105507,21.655380286910447,21.655380286910447,21.804220164115677,21.804220164115677,-0.6538246844176652,-0.6531443669176652,-0.4633362326176652,-0.4626143318176652,-0.21768764401766516,-0.2080641205176652,-0.20409642431766517,-0.20409642431766517,-0.19862665971766524,-0.19862665971766524
3.4462311557788943,-0.9999001343270406,ok,0.3469162081,0.3475565933,0.5362613882,0.5369951386,0.7826511775,0.7922181017,0.7958463295,0.7958463295,0.8012312382,0.8012312382,9.440070933602652,9.457496702626065,14.592415763119911,14.61238212866246,21.29702348682981,21.5573527564221,21.656081864476334,21.656081864476334,21.802612695011412,21.802612695011412,-0.6529839262270406,-0.6523435410270406,-0.4636387461270406,-0.4629049957270406,-0.2172489568270406,-0.20768203262704066,-0.2040538048270406,-0.2040538048270406,-0.19866889612704064,-0.19866889612704064
3.465326633165829,-0.9998842731356091,ok,0.3477361446,0.348338766,0.5359481919,0.5366908995,0.783074534,0.7925798046,0.79587239,0.79587239,0.8011737988,0.8011737988,9.462382542401334,9.478780706076833,14.583893257629796,14.60410336100123,21.308543604071062,21.567195193740297,21.656791006807595,21.656791006807595,21.801049689312276,21.801049689312276,-0.6521481285356091,-0.6515455071356091,-0.46393608123560914,-0.4631933736356091,-0.21680973913560908,-0.20730446853560913,-0.20401188313560914,-0.20401188313560914,-0.19871047433560918,-0.19871047433560918
3.4844221105527637,-0.9998693318004997,ok,0.3485519793,0.3491188949,0.5356411439,0.5363901417,0.7834981191,0.7929371109,0.7958986733,0.7958986733,0.8011179437,0.8011179437,9.484582535535914,9.50000909489639,14.575538055905737,14.595919324338933,21.320069941835207,21.57691799347772,21.657506211835717,21.657506211835717,21.79952979461237,21.79952979461237,-0.6513173525004998,-0.6507504369004997,-0.4642281879004998,-0.46347919010049976,-0.21637121270049975,-0.20693222090049979,-0.20397065850049978,-0.20397065850049978,-0.19875138810049975,-0.19875138810049975
3.5035175879396983,-0.9998552573942249,ok,0.3493636009,0.349896763,0.5353402343,0.5360930692,0.7839207332,0.7932892263,0.7959251288,0.7959251288,0.8010636238,0.8010636238,9.506667884379102,9.521175964213922,14.567349888555013,14.587835569798372,21.331569857343307,21.586499541630282,21.658226102664546,21.658226102664546,21.798051674832625,21.798051674832625,-0.6504916564942249,-0.6499584943942249,-0.4645150230942249,-0.4637621881942249,-0.21593452419422487,-0.2065660310942249,-0.20393012859422488,-0.20393012859422488,-0.19879163359422491,-0.19879163359422491
3.522613065326633,-0.9998420000564894,ok,0.3501709031,0.3506721641,0.5350454493,0.5357998708,0.7843412553,0.7936354136,0.7959517095,0.7959517095,0.8010107915,0.8010107915,9.528635696360537,9.542275703041588,14.559328380060489,14.579857234889268,21.34301284663138,21.59591977796404,21.658949400358935,21.658949400358935,21.79661403471106,21.79661403471106,-0.6496710969564894,-0.6491698359564894,-0.4647965507564894,-0.46404212925648936,-0.2155007447564894,-0.20620658645648937,-0.20389029055648933,-0.20389029055648933,-0.1988312085564894,-0.1988312085564894
3.5417085427135677,-0.9998295126253685,ok,0.3509737851,0.3514449027,0.5347567714,0.5355107211,0.7847586441,0.7939749935,0.7959783732,0.7959783732,0.8009594002,0.8009594002,9.550483228572487,9.563302991553371,14.551473054222908,14.571989070719654,21.354370574482928,21.60516021778431,21.659674956598383,21.659674956598383,21.79521560619708,21.79521560619708,-0.6488557275253685,-0.6483846099253685,-0.46507274122536846,-0.4643187915253685,-0.2150708685253685,-0.20585451912536845,-0.20385113942536848,-0.20385113942536848,-0.19887011242536845,-0.19887011242536845
3.5608040201005022,-0.9998177506634007,ok,0.3517721497,0.3522147891,0.5344741773,0.5352257777,0.7851719347,0.7943073429,0.7960050781,0.7960050781,0.8009094021,0.8009094021,9.57220783606821,9.584252667749304,14.543783277016972,14.564235365804011,21.365616784631367,21.614203905676334,21.660401633946943,21.660401633946943,21.79385508858641,21.79385508858641,-0.6480456009634008,-0.6476029615634007,-0.4653435733634007,-0.4645919729634007,-0.2146458159634007,-0.20551040776340068,-0.20381267256340074,-0.20381267256340074,-0.19890834856340078,-0.19890834856340078
3.579899497487437,-0.9998066722390772,ok,0.3525659066,0.3529816494,0.5341976439,0.5349451885,0.7855802448,0.7946319023,0.7960317903,0.7960317903,0.8008607548,0.8008607548,9.593807061659529,9.605119999569318,14.536258419859655,14.556600144706357,21.376727468470605,21.6230356168695,21.661128509938624,21.661128509938624,21.792531328116286,21.792531328116286,-0.6472407656390772,-0.6468250228390772,-0.46560902833907714,-0.4648614837390772,-0.21422642743907716,-0.20517476993907713,-0.2037748819390771,-0.2037748819390771,-0.1989459174390772,-0.1989459174390772
3.5989949748743717,-0.999796237690522,ok,0.3533549688,0.3537453142,0.5339271419,0.534669085,0.7859827667,0.7949481681,0.7960584758,0.7960584758,0.8008134137,0.8008134137,9.615278537955838,9.625900377404584,14.528897685457343,14.549086985723989,21.387680647363975,21.631641647709696,21.66185465938629,21.66185465938629,21.791243111158877,21.791243111158877,-0.6464412688905219,-0.646050923490522,-0.46586909579052194,-0.46512715269052196,-0.21381347099052195,-0.20484806959052193,-0.20373776189052195,-0.20373776189052195,-0.19898282399052192,-0.19898282399052192
3.618090452261306,-0.9997864097248906,ok,0.3541392543,0.3545056237,0.5336626393,0.5343975864,0.7863787699,0.7952556965,0.7960851043,0.7960851043,0.8007673366,0.8007673366,9.636620033623466,9.646589452875578,14.521700203045675,14.541699132454143,21.398456443393822,21.640009921783708,21.66257925778494,21.66257925778494,21.78998928939368,21.78998928939368,-0.6456471554248906,-0.6452807860248906,-0.4661237704248906,-0.4653888233248906,-0.21340763982489064,-0.20453071322489058,-0.20370130542489062,-0.20370130542489062,-0.19901907312489064,-0.19901907312489064
3.637185929648241,-0.9997771530367059,ok,0.3549186857,0.3552624268,0.5334041009,0.5341307992,0.7867675988,0.7955541022,0.7961116482,0.7961116482,0.8007224823,0.8007224823,9.657829442501118,9.667183114341837,14.514665014783855,14.534439482909457,21.409037016775326,21.648129954544412,21.663301554100318,21.663301554100318,21.78876874171159,21.78876874171159,-0.6448584673367059,-0.6445147262367059,-0.4663730521367059,-0.46564635383670594,-0.21300955423670587,-0.2042230508367059,-0.20366550483670587,-0.20366550483670587,-0.1990546707367059,-0.1990546707367059
3.6562814070351757,-0.9997684343878547,ok,0.3556931897,0.3560155804,0.5331514881,0.533868818,0.7871486706,0.7958430565,0.7961380824,0.7961380824,0.8006788107,0.8006788107,9.678904769994181,9.687677467853995,14.507791070312376,14.527310611287069,21.41940650871258,21.65599280160915,21.66402086532662,21.66402086532662,21.78758037693601,21.78758037693601,-0.6440752446878546,-0.6437528539878548,-0.46661694628785466,-0.4658996163878547,-0.21261976378785463,-0.2039253778878547,-0.20363035198785473,-0.20363035198785473,-0.19908962368785466,-0.19908962368785466
3.67537688442211,-0.9997602223758872,ok,0.3564626976,0.3567649488,0.5329047593,0.5336117254,0.7875214733,0.7961222864,0.7961643839,0.7961643839,0.800636283,0.800636283,9.69984414668042,9.708068820826933,14.501077237637565,14.520314765247486,21.429550986975826,21.66359103426948,21.66473656560197,21.66473656560197,21.786423139265157,21.786423139265157,-0.6432975247758872,-0.6429952735758873,-0.4668554630758872,-0.4661484969758872,-0.21223874907588725,-0.2036379359758872,-0.20359583847588725,-0.20359583847588725,-0.19912393937588724,-0.19912393937588724
3.694472361809045,-0.9997524875145858,ok,0.357227145,0.3575104043,0.5326638698,0.5333595928,0.7878855634,0.7961905322,0.7961905322,0.7963915733,0.8005948614,0.8005948614,9.720645820146562,9.728353698366629,14.494522300410463,14.51345388768368,21.439458383315266,21.665448097092945,21.665448097092945,21.670918704116364,21.78529600010863,21.78529600010863,-0.6425253425145858,-0.6422420832145859,-0.46708861771458576,-0.4663928947145858,-0.21186692411458574,-0.20356195531458576,-0.20356195531458576,-0.2033609142145858,-0.19915762611458576,-0.19915762611458576
3.7135678391959797,-0.9997452018031218,ok,0.3579864713,0.3582518264,0.5324287721,0.5331124808,0.7882405628,0.7962165085,0.7962165085,0.7966507501,0.8005545096,0.8005545096,9.741308141382598,9.74852882150104,14.488124966090217,14.50672962760566,21.449118409105758,21.666154948225486,21.666154948225486,21.677971264127162,21.784197971693107,21.784197971693107,-0.6417587305031218,-0.6414933754031218,-0.4673164297031218,-0.4666327210031218,-0.21150463900312177,-0.20352869330312173,-0.20352869330312173,-0.2030944517031218,-0.1991906922031218,-0.1991906922031218
3.732663316582914,-0.9997383389576838,ok,0.35874062,0.3589891011,0.5321994155,0.5328704396,0.7885861565,0.7962422961,0.7962422961,0.7968996996,0.8005151922,0.8005151922,9.761829572945208,9.768591088132135,14.481883855059554,14.50014335102502,21.45852249276064,21.666856664569444,21.666856664569444,21.684745525127408,21.78312809073552,21.78312809073552,-0.6409977189576839,-0.6407492378576838,-0.4675389234576838,-0.4668678993576838,-0.21115218245768386,-0.20349604285768386,-0.20349604285768386,-0.20283863935768387,-0.19922314675768382,-0.19922314675768382
3.751758793969849,-0.9997318742106028,ok,0.3594895388,0.3597221219,0.5319757467,0.5326335094,0.7889220891,0.7962678797,0.7962678797,0.7971383517,0.8004768751,0.8004768751,9.782208691678889,9.78853760024728,14.475797516951577,14.49369615183948,21.467663684491857,21.66755282979061,21.66755282979061,21.691239579598925,21.782085429327594,21.782085429327594,-0.6402423354106028,-0.6400097523106028,-0.4677561275106028,-0.46709836481060285,-0.2108097851106029,-0.20346399451060282,-0.20346399451060282,-0.2025935225106028,-0.19925499911060285,-0.19925499911060285
3.7708542713567836,-0.9997257841491063,ok,0.360233179,0.3604507884,0.5317577096,0.532401721,0.7892481618,0.7962932459,0.7962932459,0.7973666811,0.8004395252,0.8004395252,9.802444172389134,9.80836562582329,14.46986442520752,14.48738886815974,21.47653657467583,21.6682430792564,21.6682430792564,21.697452739093638,21.781069086772444,21.781069086772444,-0.6394926051491063,-0.6392749957491063,-0.46796807454910627,-0.46732406314910624,-0.21047762234910627,-0.20343253824910634,-0.20343253824910634,-0.20235910304910631,-0.19928625894910634,-0.19928625894910634
3.7899497487437186,-0.9997200467510745,ok,0.3609714958,0.3611750066,0.5315452457,0.532175096,0.789564229,0.7963183827,0.7963183827,0.7975847041,0.8004031106,0.8004031106,9.822534796005835,9.828072606989865,14.46408298796129,14.481222087751743,21.48513720133472,21.668927086430188,21.668927086430188,21.70338544715715,21.780078195026853,21.780078195026853,-0.6387485509510745,-0.6385450401510745,-0.46817480105107456,-0.4675449507510745,-0.2101558177510745,-0.20340166405107452,-0.20340166405107452,-0.20213534265107447,-0.1993169361510745,-0.1993169361510745
3.809045226130653,-0.9997146412529304,ok,0.3617044482,0.361894689,0.5313382936,0.5319536474,0.789870195,0.7963432795,0.7963432795,0.7977924762,0.8003676007,0.8003676007,9.842479446862157,9.847656162750704,14.458451534433772,14.475196164363508,21.49346296033886,21.669604562871275,21.669604562871275,21.709039214021388,21.779111921422395,21.779111921422395,-0.6380101930529305,-0.6378199522529304,-0.46837634765293046,-0.46776099385293046,-0.20984444625293042,-0.20337136175293047,-0.20337136175293047,-0.20192216505293037,-0.1993470405529304,-0.1993470405529304
3.8281407035175876,-0.9997095480915168,ok,0.3624319985,0.3626097535,0.5311367896,0.53173738,0.7901660106,0.7963679268,0.7963679268,0.7979900884,0.8003329655,0.8003329655,9.862277099088844,9.867114059051,14.452968331259662,14.469311228609696,21.50151251288805,21.670275250071498,21.670275250071498,21.714416515922505,21.778169449617486,21.778169449617486,-0.6372775495915168,-0.6370997945915168,-0.4685727584915168,-0.46797216809151676,-0.20954353749151677,-0.20334162129151678,-0.20334162129151678,-0.20171945969151683,-0.1993765825915168,-0.1993765825915168
3.8472361809045226,-0.999704748843128,ok,0.363154113,0.3633201242,0.5309406678,0.5315262908,0.7904516695,0.7963923164,0.7963923164,0.7981776652,0.8002991765,0.8002991765,9.881926835662172,9.88644423054653,14.447631585208605,14.463567198856138,21.509285687550552,21.67093892489748,21.67093892489748,21.719520740678092,21.777250004087623,21.777250004087623,-0.636550635843128,-0.636384624643128,-0.46876408104312794,-0.46817845804312797,-0.20925307934312798,-0.20331243244312802,-0.20331243244312802,-0.201527083643128,-0.19940557234312795,-0.19940557234312795
3.866331658291457,-0.9997002261375874,ok,0.3638707611,0.3640257306,0.5307498598,0.5313203692,0.790727205,0.7964164413,0.7964164413,0.7983553606,0.800266206,0.800266206,9.901427823913725,9.905644758834573,14.442439435021779,14.457963786662146,21.516783390465534,21.671595396869527,21.671595396869527,21.72435607884163,21.776352831077396,21.776352831077396,-0.6358294650375873,-0.6356744955375874,-0.46895036633758735,-0.4683798569375873,-0.2089730211375873,-0.20328378483758736,-0.20328378483758736,-0.20134486553758735,-0.19943402013758738,-0.19943402013758738
3.8854271356783916,-0.9996959636293365,ok,0.3645819159,0.3647265076,0.5305642953,0.5311195979,0.7909926866,0.7964402953,0.7964402953,0.7985233559,0.8002340274,0.8002340274,9.920779331857213,9.924713872453879,14.437389967738737,14.452500521270736,21.524007512824337,21.672244497277042,21.672244497277042,21.72892746383744,21.775477206763945,21.775477206763945,-0.6351140477293366,-0.6349694560293365,-0.4691316683293365,-0.4685763657293366,-0.20870327702933655,-0.2032556683293365,-0.2032556683293365,-0.20117260772933654,-0.1994619362293365,-0.1994619362293365
3.9045226130653266,-0.9996919459330038,ok,0.3652875537,0.3654223957,0.5303839018,0.530923953,0.7912482164,0.7964638733,0.7964638733,0.7986818561,0.8002026152,0.8002026152,9.939980714582783,9.943649952326965,14.432481210533968,14.447176752329778,21.530960832909496,21.672886087341947,21.672886087341947,21.733240473999704,21.77462243725691,21.77462243725691,-0.6344043922330038,-0.6342695502330038,-0.46930804413300387,-0.46876799293300386,-0.20844372953300383,-0.2032280726330038,-0.2032280726330038,-0.20101008983300384,-0.1994893307330038,-0.1994893307330038
3.923618090452261,-0.9996881585417625,ok,0.3659876537,0.3661133389,0.5302086043,0.5307334034,0.7914939255,0.7964871704,0.7964871704,0.7988310868,0.8001719438,0.8001719438,9.9590314060936,9.962451474616202,14.427711122553514,14.44199163356516,21.53764691813375,21.67352003372846,21.67352003372846,21.737301248217165,21.7737878259448,21.7737878259448,-0.6337005048417625,-0.6335748196417625,-0.46947955424176246,-0.46895475514176255,-0.20819423304176254,-0.20320098814176246,-0.20320098814176246,-0.20085707174176248,-0.1995162147417625,-0.1995162147417625
3.9427135678391956,-0.9996845878544734,ok,0.3666821993,0.3667992892,0.5300383276,0.5305479141,0.7917299728,0.796510184,0.796510184,0.7989712933,0.8001419907,0.8001419907,9.97793095468065,9.981117133175054,14.423077657501121,14.436944212578362,21.544070092386374,21.674146265686968,21.674146265686968,21.741116461442864,21.772972760571438,21.772972760571438,-0.6330023885544734,-0.6328852986544735,-0.4696462602544734,-0.46913667375447343,-0.20795461505447344,-0.2031744038544735,-0.2031744038544735,-0.2007132945544734,-0.19954259715447342,-0.19954259715447342
3.9618090452261305,-0.9996812209857044,ok,0.3673711756,0.3674801996,0.5298729926,0.5303674424,0.7919565384,0.7965329102,0.7965329102,0.7991027344,0.8001127318,0.8001127318,9.996678954894282,9.999645649068365,14.41857866295614,14.432033327443193,21.55023525643803,21.674764677093076,21.674764677093076,21.744693155983562,21.772176585342404,21.772176585342404,-0.6323100453857045,-0.6322010213857044,-0.46980822838570446,-0.46931377858570444,-0.20772468258570442,-0.2031483107857044,-0.2031483107857044,-0.20057848658570443,-0.19956848918570447,-0.19956848918570447
3.980904522613065,-0.99967804585545,ok,0.3680545717,0.3681560298,0.52971252,0.5301919416,0.7921738238,0.7965553468,0.7965553468,0.7992256832,0.800084145,0.800084145,10.015275110130384,10.018035925677268,14.414211981055644,14.427257707387914,21.55614789338304,21.675375208081718,21.675375208081718,21.74803876326884,21.771398698886067,21.771398698886067,-0.63162347415545,-0.63152201605545,-0.46996552585544993,-0.4694861042554499,-0.20750422205544994,-0.20312269905545,-0.20312269905545,-0.20045236265544997,-0.19959390085544992,-0.19959390085544992
4.0,-0.9996750511356157,ok,0.3687323797,0.3688267452,0.5295568296,0.5300213612,0.7923820487,0.7965774933,0.7965774933,0.799340424,0.8000562101,0.8000562101,10.033719205419004,10.0362870214878,14.40997542944645,14.422615978237516,21.56181398156297,21.675977845047218,21.675977845047218,21.751161019495818,21.770638551532425,21.770638551532425,-0.6309426714356157,-0.6308483059356158,-0.4701182215356158,-0.46965368993561574,-0.20729300243561577,-0.20309755783561567,-0.20309755783561567,-0.20033462713561567,-0.19961884103561567,-0.19961884103561567
